timestamp,middleware_hsf_provider_rt,middleware_metaq_send_success_rate,middleware_hsf_provider_biz_pool_usage,middleware_tair_read_hit_rate,pod_nginx_rt,pod_nginx_qps,middleware_tair_write_success_rate,pod_event_oom,middleware_hsf_consumer_rt,middleware_hsf_consumer_success_rate,middleware_hsf_online,middleware_tair_write_qps,jvm_gc_fgc_time,middleware_hsf_consumer_qps,middleware_hsf_provider_success_rate,pod_cpu_load_average_1m_util_limit_v2,middleware_tair_read_qps,middleware_tair_write_rt,middleware_metaq_send_rt,middleware_tair_read_rt,middleware_hsf_provider_qps,middleware_tair_read_success_rate,pod_network_retran_util,jvm_gc_fgc_count,pod_cpu_limit_usage
1754538420000,143.5545,1.0,0.0694,0.716,0.0,0.2659,1.0,0.0,76.0384,0.9965,1.0,0.2543,0.0,0.1959,0.9996,0.4601,0.4506,0.9929,4.74,0.7372,0.0076,1.0,0.0473,0.0,0.4289
1754538480000,143.1372,1.0,0.0694,0.7158,0.0,0.2636,1.0,0.0,76.9821,0.9965,1.0,0.2556,0.0,0.1672,0.9996,0.4674,0.452,0.9884,4.4931,0.7329,0.0078,1.0,0.0805,0.0,0.4392
1754538540000,139.6115,1.0,0.0694,0.7149,0.0,0.2682,1.0,0.0,75.7091,0.9963,1.0,0.2548,3.4091,0.1695,0.9997,0.4839,0.4494,0.983,4.6655,0.7295,0.0079,1.0,0.0653,0.0,0.4373
1754538600000,140.5479,1.0,0.0732,0.7137,0.0,0.2642,1.0,0.0,77.2534,0.9964,1.0,0.253,55.5,0.17,0.9996,0.4532,0.4456,0.9997,4.5147,0.746,0.0079,1.0,0.063,0.0455,0.413
1754538660000,134.1538,1.0,0.0732,0.7131,0.0,0.2568,1.0,0.0,74.6206,0.9964,1.0,0.2569,0.0,0.1647,0.9998,0.4531,0.4509,0.9998,4.3989,0.7355,0.0077,1.0,0.067,0.0,0.4355
1754538720000,136.4315,1.0,0.0732,0.7148,0.0,0.2591,1.0,0.0,73.6861,0.9963,1.0,0.2543,0.0,0.168,0.9997,0.4624,0.4486,0.9829,4.2829,0.7292,0.0077,1.0,0.1259,0.0,0.4242
1754538780000,138.8972,1.0,0.0732,0.7149,0.0,0.2545,1.0,0.0,76.3507,0.9965,1.0,0.2542,0.0,0.1664,0.9997,0.4633,0.4492,0.9823,4.3486,0.7295,0.0078,1.0,0.0996,0.0,0.4212
1754538840000,136.422,1.0,0.0732,0.7137,0.0,0.2472,1.0,0.0,74.8089,0.9966,1.0,0.2601,0.0,0.168,0.9997,0.4395,0.457,0.984,4.3028,0.7309,0.0079,1.0,0.0701,0.0,0.4249
1754538900000,134.486,1.0,0.0694,0.7138,0.0,0.2472,1.0,0.0,74.0588,0.9966,1.0,0.2622,0.0,0.1592,0.9997,0.4316,0.4608,0.9993,4.2653,0.7408,0.0081,1.0,0.0488,0.0,0.4215
1754538960000,132.9095,1.0,0.0694,0.7136,0.0,0.25,1.0,0.0,73.1217,0.9967,1.0,0.2593,0.0,0.1657,0.9998,0.4285,0.4558,0.9711,4.1756,0.7236,0.0086,1.0,0.0515,0.0,0.422
1754539020000,133.3091,1.0,0.073,0.7139,0.0,0.2563,1.0,0.0,73.5215,0.9968,1.0,0.259,48.3636,0.1757,0.9998,0.4499,0.4551,0.9785,4.2728,0.7284,0.0079,1.0,0.071,0.0455,0.4209
1754539080000,137.562,1.0,0.073,0.7148,0.0,0.2568,1.0,0.0,74.8808,0.9967,1.0,0.2558,0.0,0.1662,0.9996,0.4576,0.4508,0.9666,4.1751,0.7163,0.0079,1.0,0.0531,0.0,0.4245
1754539140000,139.7144,1.0,0.073,0.7156,0.0,0.25,1.0,0.0,75.9198,0.9966,1.0,0.2486,3.8182,0.1635,0.9997,0.4474,0.4402,0.9604,4.2091,0.7164,0.0081,1.0,0.1582,0.0,0.4245
1754539200000,138.5326,1.0,0.0774,0.7129,0.0,0.2507,1.0,0.0,76.9176,0.9968,1.0,0.2669,50.9091,0.1843,0.9997,0.4565,0.4669,1.0362,4.4289,0.7837,0.0079,1.0,0.0746,0.0455,0.4315
1754539260000,135.526,1.0,0.0827,0.7126,0.0,0.2517,1.0,0.0,73.1297,0.9965,1.0,0.2384,62.4545,0.1709,0.9998,0.4705,0.423,1.0158,4.4883,0.8441,0.008,1.0,0.2468,0.0455,0.4388
1754539320000,137.8123,1.0,0.0792,0.7124,0.0,0.2495,1.0,0.0,74.8093,0.9964,1.0,0.2308,0.0,0.163,0.9997,0.4747,0.4092,0.9949,4.423,0.8148,0.0077,1.0,0.0436,0.0,0.4472
1754539380000,133.4221,1.0,0.0848,0.7099,0.0,0.2517,1.0,0.0,74.1174,0.9964,1.0,0.2351,62.8636,0.1623,0.9999,0.473,0.4143,0.9815,4.2986,0.8126,0.0078,1.0,0.0633,0.0455,0.4322
1754539440000,132.8287,1.0,0.0889,0.7124,0.0,0.2568,1.0,0.0,72.862,0.9966,1.0,0.241,47.6364,0.1719,0.9998,0.4719,0.4246,0.9888,4.2213,0.7795,0.0078,1.0,0.0556,0.0455,0.4226
1754539500000,132.8059,1.0,0.0845,0.715,0.0,0.2642,1.0,0.0,71.9586,0.9965,1.0,0.2577,0.0,0.1719,0.9999,0.4473,0.4543,0.9891,4.3043,0.7361,0.0083,1.0,0.0574,0.0,0.423
1754539560000,137.434,1.0,0.0792,0.7153,0.0,0.2614,1.0,0.0,73.6303,0.9963,1.0,0.2521,0.0,0.1671,0.9998,0.4403,0.4447,0.9767,3.971,0.7265,0.0079,1.0,0.0793,0.0,0.443
1754539620000,136.5685,1.0,0.0812,0.7161,0.0,0.2636,1.0,0.0,72.7839,0.9965,1.0,0.2519,46.0455,0.1658,0.9998,0.4463,0.4465,0.9832,4.1215,0.737,0.0078,1.0,0.0565,0.0455,0.4304
1754539680000,132.4879,1.0,0.0756,0.7143,0.0,0.2659,1.0,0.0,72.7691,0.9967,1.0,0.2591,0.0,0.1658,0.9998,0.4663,0.4555,0.9771,4.1643,0.7256,0.0079,1.0,0.0575,0.0,0.4309
1754539740000,142.1427,1.0,0.0738,0.713,0.0,0.2698,1.0,0.0,78.3914,0.9962,1.0,0.2572,45.6818,0.166,0.9996,0.4644,0.4497,0.9778,4.1877,0.728,0.0075,1.0,0.0478,0.0455,0.4341
1754539800000,136.9225,1.0,0.0738,0.7144,0.0,0.2705,1.0,0.0,75.1673,0.9964,1.0,0.2525,0.0,0.1593,0.9998,0.4552,0.4436,0.9817,4.1459,0.732,0.0075,1.0,0.0534,0.0,0.4144
1754539860000,132.2014,1.0,0.0766,0.7134,0.0,0.2614,1.0,0.0,72.4071,0.9966,1.0,0.2551,46.4545,0.1711,0.9998,0.4545,0.4477,1.0029,3.9391,0.7396,0.0082,1.0,0.0464,0.0455,0.4235
1754539920000,132.2987,1.0,0.0746,0.7141,0.0,0.2597,1.0,0.0,72.5592,0.9967,1.0,0.2603,0.0,0.1686,0.9997,0.4397,0.4574,0.9914,4.0826,0.7345,0.0083,1.0,0.0861,0.0,0.4314
1754539980000,129.3213,1.0,0.0746,0.7125,0.0,0.2523,1.0,0.0,72.3795,0.9966,1.0,0.2642,0.0,0.1779,0.9998,0.4411,0.4611,0.9848,4.0231,0.735,0.0081,1.0,0.069,0.0,0.4282
1754540040000,134.5679,1.0,0.0723,0.7145,0.0,0.2598,1.0,0.0,73.5292,0.9967,1.0,0.2542,0.0,0.1569,0.9997,0.411,0.4465,0.9858,4.0116,0.7326,0.0076,1.0,0.0589,0.0,0.4219
1754540100000,131.6388,1.0,0.0723,0.713,0.0,0.2523,1.0,0.0,73.7367,0.9966,1.0,0.2597,0.0,0.1678,0.9999,0.4232,0.4549,0.9998,4.1019,0.7428,0.008,1.0,0.068,0.0,0.4141
1754540160000,134.4413,1.0,0.0694,0.7138,0.0,0.2568,1.0,0.0,73.6647,0.9966,1.0,0.2597,0.0,0.1691,0.9998,0.4162,0.4561,0.9787,4.028,0.7257,0.008,1.0,0.0524,0.0,0.4314
1754540220000,127.1751,1.0,0.0694,0.7137,0.0,0.2545,1.0,0.0,69.7268,0.9966,1.0,0.255,0.0,0.1688,0.9999,0.423,0.4469,0.9818,3.9548,0.7243,0.0079,1.0,0.0603,0.0,0.4235
1754540280000,132.5567,1.0,0.0739,0.7136,0.0,0.2574,1.0,0.0,71.3632,0.9967,1.0,0.2487,50.8182,0.1709,0.9998,0.4284,0.4381,0.9904,3.8462,0.7588,0.008,1.0,0.0457,0.0455,0.4197
1754540340000,132.0071,1.0,0.0739,0.7137,0.0,0.2636,1.0,0.0,71.1706,0.9966,1.0,0.2565,0.0,0.1705,0.9998,0.4411,0.4505,0.9778,3.9701,0.7241,0.0077,1.0,0.0654,0.0,0.4253
1754540400000,129.629,1.0,0.0739,0.7134,0.0,0.262,1.0,0.0,71.9075,0.9967,1.0,0.2611,0.0,0.1709,0.9997,0.4382,0.4569,0.9846,3.9842,0.7312,0.0078,1.0,0.049,0.0,0.4213
1754540460000,134.2102,1.0,0.0739,0.7151,0.0,0.2705,1.0,0.0,72.7215,0.9966,1.0,0.2608,0.0,0.1628,0.9997,0.4273,0.4586,0.9929,3.9065,0.7373,0.0079,1.0,0.0875,0.0,0.4117
1754540520000,133.9748,1.0,0.0769,0.7135,0.0,0.2591,1.0,0.0,74.0967,0.9967,1.0,0.2618,49.0455,0.1649,0.9996,0.451,0.4577,0.9906,4.0033,0.733,0.0076,1.0,0.0632,0.0455,0.4273
1754540580000,133.6433,1.0,0.0725,0.7142,0.0,0.2563,1.0,0.0,72.7401,0.9967,1.0,0.2594,0.0,0.1766,0.9997,0.4487,0.4564,0.9696,3.802,0.7218,0.0078,1.0,0.06,0.0,0.4246
1754540640000,127.5922,1.0,0.0725,0.7141,0.0,0.2568,1.0,0.0,69.744,0.9966,1.0,0.2573,0.0,0.1647,0.9999,0.4682,0.4517,0.9662,3.7165,0.7188,0.0079,1.0,0.078,0.0,0.4258
1754540700000,132.1319,1.0,0.0725,0.7124,0.0,0.2529,1.0,0.0,72.1159,0.9966,1.0,0.267,0.0,0.1738,0.9998,0.4543,0.4671,1.0081,3.8273,0.7472,0.0082,1.0,0.0591,0.0,0.4248
1754540760000,131.1335,1.0,0.0725,0.7133,0.0,0.25,1.0,0.0,71.5133,0.9964,1.0,0.2636,0.0,0.1788,0.9998,0.4357,0.4624,0.9897,3.8492,0.7269,0.0078,1.0,0.0897,0.0,0.4244
1754540820000,136.0853,1.0,0.0694,0.7144,0.0,0.2523,1.0,0.0,73.8878,0.9966,1.0,0.262,0.0,0.1679,0.9997,0.4585,0.4602,0.9825,3.712,0.7242,0.0079,1.0,0.0607,0.0,0.4385
1754540880000,134.2351,1.0,0.0694,0.7149,0.0,0.2568,1.0,0.0,72.247,0.9966,1.0,0.262,0.0,0.1698,0.9998,0.4245,0.4621,0.9901,3.8346,0.725,0.0079,1.0,0.0523,0.0,0.4352
1754540940000,136.8208,1.0,0.0694,0.7137,0.0,0.2614,1.0,0.0,74.9629,0.9967,1.0,0.2719,0.0,0.1703,0.9998,0.4509,0.4769,1.024,3.8181,0.7586,0.0078,1.0,0.0494,0.0,0.4316
1754541000000,137.4235,1.0,0.0694,0.7128,0.0,0.25,1.0,0.0,74.8016,0.9965,1.0,0.2506,0.0,0.1779,0.9998,0.4616,0.4419,1.0413,3.9125,0.8318,0.0081,1.0,0.1005,0.0,0.4538
1754541060000,134.9,1.0,0.0694,0.7123,0.0,0.2545,1.0,0.0,73.2707,0.9966,1.0,0.2493,0.0,0.176,0.9998,0.4576,0.4399,1.0427,3.9435,0.8301,0.008,1.0,0.1641,0.0,0.4592
1754541120000,135.2173,1.0,0.0715,0.7146,0.0,0.2636,1.0,0.0,73.3407,0.9965,1.0,0.2641,50.2727,0.1727,0.9998,0.4586,0.4651,1.0534,4.0663,0.7722,0.008,1.0,0.0707,0.0455,0.4623
1754541180000,131.1948,1.0,0.0715,0.7123,0.0,0.2636,1.0,0.0,72.9784,0.9966,1.0,0.2693,0.0,0.1671,0.9998,0.4573,0.4708,1.0362,3.9335,0.7652,0.0078,1.0,0.0503,0.0,0.4597
1754541240000,130.184,1.0,0.0749,0.712,0.0,0.2545,1.0,0.0,72.5755,0.9967,1.0,0.2749,50.1818,0.1787,0.9998,0.4763,0.4801,1.03,3.9496,0.7597,0.008,1.0,0.0598,0.0455,0.4459
1754541300000,133.623,1.0,0.0749,0.7151,0.0,0.2568,1.0,0.0,72.1139,0.9966,1.0,0.2657,0.0,0.1762,0.9998,0.4781,0.4693,1.0521,3.9465,0.7754,0.0083,1.0,0.0874,0.0,0.4503
1754541360000,133.7049,1.0,0.0749,0.7142,0.0,0.2568,1.0,0.0,73.0173,0.9966,1.0,0.2678,0.0,0.1726,0.9997,0.493,0.4706,1.0499,3.9427,0.7816,0.0084,1.0,0.0879,0.0,0.4636
1754541420000,138.3711,1.0,0.0729,0.7133,0.0,0.2614,1.0,0.0,75.1062,0.9966,1.0,0.2675,0.0,0.1763,0.9997,0.47,0.4701,1.0667,3.9524,0.7904,0.0082,1.0,0.0797,0.0,0.4568
1754541480000,130.6528,1.0,0.0729,0.7121,0.0,0.2591,1.0,0.0,72.8632,0.9967,1.0,0.2685,0.0,0.1546,0.9998,0.4786,0.4692,1.068,4.0668,0.7887,0.008,1.0,0.0607,0.0,0.4524
1754541540000,133.9665,1.0,0.0745,0.7148,0.0,0.2659,1.0,0.0,72.1644,0.9966,1.0,0.2677,63.8636,0.1808,0.9998,0.4843,0.4724,1.0508,3.7505,0.7765,0.0084,1.0,0.0552,0.0455,0.451
1754541600000,134.4751,1.0,0.0821,0.7129,0.0,0.2614,1.0,0.0,74.692,0.9968,1.0,0.2672,104.7273,0.1773,0.9997,0.4836,0.4684,1.0485,3.9761,0.7797,0.0081,1.0,0.0872,0.0455,0.4592
1754541660000,135.8508,1.0,0.0821,0.7145,0.0,0.2682,1.0,0.0,74.3899,0.9967,1.0,0.2653,0.0,0.1861,0.9997,0.4878,0.467,1.0462,3.7689,0.7642,0.0083,1.0,0.0544,0.0455,0.4621
1754541720000,138.0797,1.0,0.0821,0.7128,0.0,0.2727,1.0,0.0,74.4141,0.9965,1.0,0.2514,0.0,0.1667,0.9997,0.4856,0.445,1.0423,3.6842,0.7696,0.0079,1.0,0.0566,0.0,0.4531
1754541780000,132.3191,1.0,0.0821,0.7138,0.0,0.2659,1.0,0.0,73.1189,0.9968,1.0,0.2678,0.0,0.171,0.9998,0.4706,0.4698,1.0413,3.7031,0.7717,0.008,1.0,0.057,0.0,0.4766
1754541840000,134.3938,1.0,0.0771,0.7138,0.0,0.2636,1.0,0.0,73.7003,0.9969,1.0,0.2652,0.0,0.1771,0.9998,0.4777,0.4656,1.0559,3.7756,0.782,0.0081,1.0,0.1058,0.0,0.4593
1754541900000,132.0896,1.0,0.0694,0.7136,0.0,0.2568,1.0,0.0,72.188,0.9966,1.0,0.2675,0.0,0.1721,0.9998,0.5061,0.4697,1.047,3.7353,0.7728,0.0087,1.0,0.0519,0.0,0.4609
1754541960000,134.1754,1.0,0.0694,0.716,0.0,0.2591,1.0,0.0,72.0675,0.9968,1.0,0.265,0.0,0.1614,0.9998,0.5015,0.4679,1.0409,3.7451,0.7607,0.0081,1.0,0.0703,0.0,0.457
1754542020000,134.4777,1.0,0.0694,0.7148,0.0,0.2568,1.0,0.0,72.7238,0.9968,1.0,0.2686,0.0,0.1748,0.9998,0.5042,0.4733,1.0379,3.6936,0.764,0.0085,1.0,0.0571,0.0,0.4583
1754542080000,132.8988,1.0,0.0694,0.7144,0.0,0.2636,1.0,0.0,72.2956,0.9968,1.0,0.2653,0.0,0.175,0.9998,0.4826,0.4667,1.0562,3.7527,0.7787,0.008,1.0,0.0877,0.0,0.4615
1754542140000,134.4857,1.0,0.0694,0.7143,0.0,0.2636,1.0,0.0,73.0416,0.9967,1.0,0.2652,0.0,0.18,0.9998,0.4684,0.4666,1.0518,3.6887,0.7714,0.0085,1.0,0.0606,0.0,0.458
1754542200000,134.5155,1.0,0.0694,0.7139,0.0,0.2614,1.0,0.0,73.4397,0.9967,1.0,0.2701,0.0,0.1793,0.9998,0.4782,0.4744,1.0716,3.7603,0.7827,0.0082,1.0,0.0804,0.0,0.4523
1754542260000,137.0079,1.0,0.0694,0.7137,0.0,0.2591,1.0,0.0,73.7122,0.9966,1.0,0.2545,0.0,0.1767,0.9998,0.4772,0.4495,1.0602,3.6915,0.7792,0.008,1.0,0.0704,0.0,0.4676
1754542320000,132.9477,1.0,0.0694,0.7103,0.0,0.2568,1.0,0.0,72.4152,0.9968,1.0,0.2507,0.0,0.1737,0.9998,0.4643,0.4422,1.0416,3.748,0.7638,0.0079,1.0,0.0804,0.0,0.4562
1754542380000,129.9357,1.0,0.0694,0.712,0.0,0.2614,1.0,0.0,71.0852,0.9969,1.0,0.2565,0.0,0.1758,0.9999,0.4688,0.4526,1.0356,3.8048,0.7599,0.0084,1.0,0.0705,0.0,0.4571
1754542440000,134.4995,1.0,0.0694,0.7109,0.0,0.2614,1.0,0.0,72.7802,0.9966,1.0,0.2407,0.0,0.1712,0.9998,0.4481,0.4254,1.0289,3.7088,0.8177,0.0082,1.0,0.062,0.0,0.4552
1754542500000,130.2439,1.0,0.0694,0.7135,0.0,0.25,1.0,0.0,70.4218,0.9969,1.0,0.253,0.0,0.1737,0.9999,0.4291,0.4468,1.0427,3.6404,0.8041,0.0079,1.0,0.0571,0.0,0.4445
1754542560000,131.4775,1.0,0.0694,0.7107,0.0,0.2482,1.0,0.0,71.6807,0.9966,1.0,0.2369,0.0,0.1769,0.9998,0.4674,0.4196,1.0598,3.6879,0.8529,0.0079,1.0,0.0633,0.0,0.4619
1754542620000,130.6267,1.0,0.0694,0.7107,0.0,0.2545,1.0,0.0,71.9608,0.9968,1.0,0.2459,0.0,0.1749,0.9999,0.4511,0.4342,1.0211,3.6703,0.7922,0.0082,1.0,0.0631,0.0,0.4446
1754542680000,134.3627,1.0,0.0694,0.7125,0.0,0.2568,1.0,0.0,72.823,0.9967,1.0,0.2385,0.0,0.1698,0.9998,0.4528,0.4232,1.0216,3.5541,0.8242,0.0077,1.0,0.0674,0.0,0.4456
1754542740000,137.1155,1.0,0.0694,0.7122,0.0,0.2614,1.0,0.0,74.2278,0.9967,1.0,0.2365,0.0,0.1719,0.9999,0.4427,0.4191,1.0225,3.6188,0.82,0.0082,1.0,0.0657,0.0,0.4569
1754542800000,140.1499,1.0,0.0694,0.712,0.0,0.2642,1.0,0.0,75.3975,0.9963,1.0,0.2369,0.0,0.1666,0.9998,0.4547,0.419,1.04,3.9354,0.8254,0.0078,1.0,0.061,0.0,0.4416
1754542860000,136.9795,1.0,0.0694,0.7142,0.0,0.2636,1.0,0.0,73.1942,0.9967,1.0,0.2427,0.0,0.1702,0.9997,0.4693,0.4301,1.0438,3.7867,0.8098,0.0077,1.0,0.0831,0.0,0.4595
1754542920000,136.6061,1.0,0.0694,0.7165,0.0,0.2614,1.0,0.0,73.1688,0.9967,1.0,0.2557,0.0,0.1683,0.9997,0.4983,0.452,1.033,3.6822,0.7641,0.0081,1.0,0.0912,0.0,0.4586
1754542980000,137.1384,1.0,0.0694,0.7154,0.0,0.2568,1.0,0.0,73.0244,0.9964,1.0,0.253,0.0,0.1769,0.9997,0.4895,0.4468,1.0378,3.8585,0.7697,0.0082,1.0,0.0641,0.0,0.4487
1754543040000,137.2129,1.0,0.0694,0.7151,0.0,0.263,1.0,0.0,74.2323,0.9966,1.0,0.2565,0.0,0.1662,0.9997,0.4898,0.4518,1.0401,3.6032,0.7737,0.0079,1.0,0.0726,0.0,0.4647
1754543100000,138.8693,1.0,0.0694,0.7168,0.0,0.2659,1.0,0.0,73.3079,0.9964,1.0,0.2521,3.4545,0.169,0.9998,0.5159,0.4471,1.0244,3.6469,0.7682,0.008,1.0,0.1103,0.0,0.4524
1754543160000,135.1315,1.0,0.0717,0.7158,0.0,0.2659,1.0,0.0,72.6564,0.9966,1.0,0.2577,43.5909,0.1631,0.9998,0.5169,0.4546,1.0184,3.6717,0.7584,0.0077,1.0,0.0661,0.0455,0.4571
1754543220000,133.2804,1.0,0.0717,0.714,0.0,0.2689,1.0,0.0,72.4818,0.9967,1.0,0.2545,0.0,0.1615,0.9998,0.4994,0.447,1.0483,3.5986,0.7705,0.0076,1.0,0.0671,0.0,0.4491
1754543280000,132.9186,1.0,0.0744,0.7115,0.0,0.2568,1.0,0.0,72.6913,0.9966,1.0,0.2493,52.5,0.1595,0.9999,0.4918,0.4392,1.0229,3.7885,0.7607,0.0077,1.0,0.0741,0.0455,0.4382
1754543340000,136.9277,1.0,0.0744,0.713,0.0,0.2591,1.0,0.0,74.447,0.9967,1.0,0.2447,0.0,0.1635,0.9997,0.4964,0.4323,1.0298,3.3939,0.7594,0.0077,1.0,0.0613,0.0,0.4507
1754543400000,138.9241,1.0,0.0744,0.7137,0.0,0.2568,1.0,0.0,75.2492,0.9966,1.0,0.2473,0.0,0.1778,0.9996,0.4935,0.4378,1.0356,3.5692,0.7666,0.0079,1.0,0.0726,0.0,0.4503
1754543460000,139.9656,1.0,0.0722,0.7168,0.0,0.2568,1.0,0.0,75.0744,0.9964,1.0,0.25,0.0,0.1563,0.9997,0.4792,0.4431,1.032,3.6032,0.7689,0.0074,1.0,0.0663,0.0,0.4548
1754543520000,138.0673,1.0,0.0722,0.715,0.0,0.2551,1.0,0.0,75.2514,0.9965,1.0,0.2549,0.0,0.165,0.9997,0.4636,0.4487,1.0177,3.5373,0.7683,0.0075,1.0,0.0652,0.0,0.4511
1754543580000,142.9026,1.0,0.0694,0.7154,0.0,0.25,1.0,0.0,76.92,0.9965,1.0,0.2454,0.0,0.1698,0.9996,0.4666,0.4333,1.0276,3.6381,0.7648,0.0076,1.0,0.0478,0.0,0.4633
1754543640000,139.2279,1.0,0.0694,0.7145,0.0,0.2461,1.0,0.0,75.8991,0.9964,1.0,0.2491,3.3636,0.1543,0.9996,0.4597,0.4389,1.0343,3.6266,0.7697,0.0076,1.0,0.0525,0.0,0.4601
1754543700000,132.7535,1.0,0.0722,0.7123,0.0,0.255,1.0,0.0,72.3118,0.9967,1.0,0.2446,44.3182,0.1713,0.9998,0.4782,0.4308,1.0646,3.4625,0.8237,0.0077,1.0,0.2399,0.0455,0.4352
1754543760000,135.5409,1.0,0.0722,0.7153,0.0,0.2523,1.0,0.0,72.6311,0.9969,1.0,0.2526,0.0,0.1624,0.9998,0.4795,0.4464,1.051,3.6533,0.7898,0.0076,1.0,0.0666,0.0,0.4535
1754543820000,134.1367,1.0,0.0722,0.7151,0.0,0.2574,1.0,0.0,72.7243,0.9966,1.0,0.2534,0.0,0.1625,0.9998,0.461,0.4469,1.0286,3.5178,0.7636,0.0075,1.0,0.0725,0.0,0.4443
1754543880000,137.6267,1.0,0.0722,0.7157,0.0,0.2585,1.0,0.0,73.8737,0.9964,1.0,0.2481,0.0,0.1627,0.9998,0.4623,0.4396,1.0415,3.5202,0.7756,0.0074,1.0,0.0771,0.0,0.4464
1754543940000,138.0664,1.0,0.0722,0.7157,0.0,0.2529,1.0,0.0,71.9094,0.9966,1.0,0.2316,0.0,0.1561,0.9998,0.4516,0.4126,1.0341,3.4712,0.8109,0.0072,1.0,0.0713,0.0,0.446
1754544000000,134.404,1.0,0.0694,0.7126,0.0,0.2523,1.0,0.0,72.3927,0.9966,1.0,0.2314,0.0,0.1653,0.9998,0.4339,0.4098,1.01,3.5665,0.8159,0.0075,1.0,0.0628,0.0,0.4438
1754544060000,132.8314,1.0,0.0694,0.7114,0.0,0.2523,1.0,0.0,72.0913,0.9966,1.0,0.229,0.0,0.1728,0.9999,0.4309,0.4042,1.0202,3.3026,0.8166,0.0079,1.0,0.0738,0.0,0.4414
1754544120000,137.7741,1.0,0.0694,0.7126,0.0,0.2545,1.0,0.0,74.3536,0.9965,1.0,0.2263,0.0,0.1653,0.9998,0.43,0.4011,1.0272,3.4985,0.8146,0.0076,1.0,0.0872,0.0,0.4327
1754544180000,137.4008,1.0,0.0694,0.7145,0.0,0.2597,1.0,0.0,73.3513,0.9966,1.0,0.2354,0.0,0.1701,0.9997,0.4361,0.4162,1.0112,3.5441,0.7746,0.0077,1.0,0.0817,0.0,0.4411
1754544240000,136.209,1.0,0.0694,0.715,0.0,0.2665,1.0,0.0,73.9201,0.9966,1.0,0.2503,0.0,0.1668,0.9997,0.447,0.4413,1.0135,3.4207,0.7546,0.0075,1.0,0.0634,0.0,0.4339
1754544300000,138.9514,1.0,0.0694,0.7153,0.0,0.275,1.0,0.0,75.0914,0.9965,1.0,0.2475,0.0,0.1706,0.9997,0.4328,0.4372,1.0192,3.659,0.7645,0.0074,1.0,0.0668,0.0,0.4436
1754544360000,140.7107,1.0,0.0694,0.7166,0.0,0.2671,1.0,0.0,75.7035,0.9965,1.0,0.2451,0.0,0.1643,0.9997,0.4238,0.4349,1.0122,3.5296,0.7537,0.0077,1.0,0.0654,0.0,0.4498
1754544420000,136.4163,1.0,0.0694,0.7139,0.0,0.2659,1.0,0.0,73.6079,0.9966,1.0,0.2375,0.0,0.16,0.9997,0.4415,0.4217,1.0136,3.7081,0.7541,0.0078,1.0,0.0964,0.0,0.4488
1754544480000,131.9946,1.0,0.0694,0.7116,0.0,0.2705,1.0,0.0,73.6564,0.9969,1.0,0.2381,0.0,0.1703,0.9998,0.4511,0.4177,1.0189,3.5087,0.7508,0.0076,1.0,0.068,0.0,0.4441
1754544540000,136.0871,1.0,0.0694,0.7132,0.0,0.2614,1.0,0.0,74.7018,0.9967,1.0,0.2396,0.0,0.169,0.9998,0.4516,0.4221,1.0147,3.6525,0.752,0.0077,1.0,0.0513,0.0,0.4244
1754544600000,139.193,1.0,0.0694,0.7149,0.0,0.2636,1.0,0.0,75.0801,0.9965,1.0,0.2425,0.0,0.1589,0.9998,0.4573,0.4276,1.0235,3.731,0.7664,0.0073,1.0,0.0844,0.0,0.4297
1754544660000,139.9878,1.0,0.0694,0.7153,0.0,0.2614,1.0,0.0,73.3812,0.9963,1.0,0.2306,0.0,0.1601,0.9998,0.4539,0.4105,1.0021,3.5412,0.7493,0.0074,1.0,0.0495,0.0,0.4283
1754544720000,134.7897,1.0,0.0694,0.7123,0.0,0.2551,1.0,0.0,73.6563,0.9963,1.0,0.2421,0.0,0.1665,0.9998,0.4328,0.4259,1.0288,3.7482,0.7763,0.0077,1.0,0.0531,0.0,0.4451
1754544780000,137.6023,1.0,0.0694,0.7115,0.0,0.2545,1.0,0.0,74.5483,0.9962,1.0,0.2308,0.0,0.166,0.9998,0.4307,0.4103,1.028,3.552,0.7632,0.0077,1.0,0.0842,0.0,0.447
1754544840000,136.5098,1.0,0.0695,0.7139,0.0,0.25,1.0,0.0,73.8607,0.9965,1.0,0.238,0.0,0.1502,0.9997,0.4422,0.4198,1.0104,3.5421,0.7587,0.0073,1.0,0.0895,0.0,0.4539
1754544900000,136.0274,1.0,0.0695,0.713,0.0,0.2523,1.0,0.0,74.1332,0.9965,1.0,0.237,0.0,0.1666,0.9998,0.4301,0.418,1.0364,3.5896,0.7707,0.0079,1.0,0.13,0.0,0.4334
1754544960000,140.6858,1.0,0.0695,0.7118,0.0,0.2568,1.0,0.0,76.5894,0.9963,1.0,0.2346,0.0,0.1551,0.9998,0.4217,0.4147,1.0323,3.6624,0.7692,0.0076,1.0,0.0871,0.0,0.4344
1754545020000,132.3189,1.0,0.0695,0.7148,0.0,0.2614,1.0,0.0,71.0473,0.9966,1.0,0.2389,0.0,0.1638,0.9999,0.4678,0.4228,1.022,3.762,0.7619,0.0074,1.0,0.1281,0.0,0.4366
1754545080000,137.5329,1.0,0.0695,0.7146,0.0,0.2585,1.0,0.0,73.7087,0.9966,1.0,0.2475,0.0,0.1626,0.9998,0.4501,0.436,1.0224,3.5208,0.7619,0.0075,1.0,0.0563,0.0,0.4211
1754545140000,132.6504,1.0,0.0695,0.7133,0.0,0.2585,1.0,0.0,72.3043,0.9966,1.0,0.2451,0.0,0.1618,0.9998,0.4802,0.4301,1.0208,3.4868,0.758,0.0076,1.0,0.0579,0.0,0.4381
1754545200000,136.6484,1.0,0.0694,0.7134,0.0,0.2608,1.0,0.0,75.51,0.9965,1.0,0.246,0.0,0.1562,0.9997,0.4518,0.4312,1.0317,3.642,0.7619,0.0076,1.0,0.1165,0.0,0.4117
1754545260000,130.3781,1.0,0.0694,0.7139,0.0,0.2665,1.0,0.0,71.7852,0.9964,1.0,0.2466,0.0,0.1606,0.9999,0.472,0.4333,1.0173,3.706,0.7498,0.0079,1.0,0.05,0.0,0.4349
1754545320000,131.6109,1.0,0.0694,0.7133,0.0,0.2608,1.0,0.0,73.0813,0.9967,1.0,0.2505,0.0,0.1502,0.9998,0.4536,0.4386,1.0419,3.4945,0.7607,0.0077,1.0,0.0637,0.0,0.4214
1754545380000,137.2026,1.0,0.0694,0.7152,0.0,0.259,1.0,0.0,74.0543,0.9968,1.0,0.2452,0.0,0.1684,0.9997,0.4657,0.4323,1.0264,3.4826,0.7566,0.0073,1.0,0.0797,0.0,0.418
1754545440000,138.842,1.0,0.0694,0.7154,0.0,0.2568,1.0,0.0,74.4089,0.9965,1.0,0.2424,0.0,0.2178,0.9996,0.4474,0.4282,1.0114,3.4999,0.7513,0.0075,1.0,0.0595,0.0,0.4312
1754545500000,132.4095,1.0,0.0694,0.713,0.0,0.2591,1.0,0.0,72.8785,0.9966,1.0,0.2449,0.0,0.218,0.9998,0.454,0.4294,1.0181,3.5894,0.7567,0.0078,1.0,0.0719,0.0,0.4385
1754545560000,134.6055,1.0,0.0694,0.7139,0.0,0.2574,1.0,0.0,73.4184,0.9965,1.0,0.2434,0.0,0.1718,0.9998,0.4357,0.4277,1.0179,3.6546,0.7544,0.0077,1.0,0.0693,0.0,0.424
1754545620000,133.7924,1.0,0.0694,0.7145,0.0,0.2551,1.0,0.0,72.312,0.9967,1.0,0.2422,0.0,0.1797,0.9998,0.4482,0.4266,1.0095,3.6059,0.7561,0.0075,1.0,0.0473,0.0,0.4281
1754545680000,138.849,1.0,0.0694,0.7124,0.0,0.2631,1.0,0.0,76.5868,0.9968,1.0,0.2424,0.0,0.1595,0.9997,0.4181,0.4238,1.0191,3.4866,0.7551,0.0077,1.0,0.0737,0.0,0.4255
1754545740000,133.6053,1.0,0.0694,0.714,0.0,0.2636,1.0,0.0,72.2929,0.9968,1.0,0.2475,0.0,0.1554,0.9998,0.4269,0.4341,1.0103,3.626,0.75,0.0078,1.0,0.0502,0.0,0.4102
1754545800000,137.3266,1.0,0.0694,0.7147,0.0,0.2636,1.0,0.0,73.3064,0.9964,1.0,0.2404,0.0,0.1528,0.9998,0.4155,0.4238,1.0213,3.6243,0.7581,0.0076,1.0,0.0575,0.0,0.4191
1754545860000,131.2164,1.0,0.0694,0.7141,0.0,0.2614,1.0,0.0,71.7239,0.9966,1.0,0.244,0.0,0.1555,0.9999,0.4544,0.4276,1.0281,3.4109,0.7551,0.008,1.0,0.0806,0.0,0.4283
1754545920000,129.3326,1.0,0.0694,0.7126,0.0,0.2642,1.0,0.0,71.3714,0.9969,1.0,0.253,0.0,0.1533,0.9998,0.438,0.4421,1.0116,3.5366,0.7516,0.0073,1.0,0.0594,0.0,0.4276
1754545980000,133.3267,1.0,0.0694,0.7138,0.0,0.262,1.0,0.0,72.6657,0.9967,1.0,0.2472,0.0,0.1602,0.9998,0.443,0.4333,1.0225,3.6734,0.7579,0.0076,1.0,0.0561,0.0,0.4295
1754546040000,133.4148,1.0,0.0694,0.7128,0.0,0.2545,1.0,0.0,73.9616,0.9968,1.0,0.2513,0.0,0.1581,0.9998,0.4365,0.4383,1.0178,3.4189,0.7573,0.0073,1.0,0.0442,0.0,0.4075
1754546100000,136.4427,1.0,0.0694,0.7125,0.0,0.2568,1.0,0.0,76.5473,0.9969,1.0,0.257,0.0,0.1615,0.9998,0.4385,0.4484,1.0128,3.6322,0.756,0.0076,1.0,0.0571,0.0,0.4237
1754546160000,137.8889,1.0,0.0694,0.7134,0.0,0.2568,1.0,0.0,75.5427,0.9967,1.0,0.2492,0.0,0.1651,0.9998,0.4297,0.4359,1.026,3.3933,0.7577,0.0076,1.0,0.0589,0.0,0.428
1754546220000,131.96,1.0,0.0694,0.7137,0.0,0.2523,1.0,0.0,72.1032,0.997,1.0,0.2511,0.0,0.1553,0.9998,0.4191,0.4401,1.0212,3.4983,0.7574,0.0078,1.0,0.0555,0.0,0.4312
1754546280000,137.2932,1.0,0.0694,0.7141,0.0,0.2597,1.0,0.0,73.9128,0.9968,1.0,0.2463,0.0,0.1546,0.9998,0.4132,0.4327,1.0124,3.5972,0.7539,0.0074,1.0,0.139,0.0,0.4146
1754546340000,138.7003,1.0,0.0694,0.7163,0.0,0.2568,1.0,0.0,74.6861,0.9967,1.0,0.2427,0.0,0.149,0.9999,0.415,0.4286,0.9714,3.3921,0.7193,0.0073,1.0,0.0734,0.0,0.4275
1754546400000,138.2108,1.0,0.0694,0.7132,0.0,0.2591,1.0,0.0,75.1701,0.9967,1.0,0.252,0.0,0.1587,0.9998,0.4183,0.4414,0.9777,3.6271,0.727,0.0078,1.0,0.0888,0.0,0.3952
1754546460000,138.0218,1.0,0.0694,0.7159,0.0,0.2614,1.0,0.0,73.3996,0.9966,1.0,0.2454,0.0,0.1649,0.9997,0.4275,0.4338,0.9753,3.5337,0.7235,0.008,1.0,0.0675,0.0,0.4168
1754546520000,131.1058,1.0,0.0694,0.7133,0.0,0.2568,1.0,0.0,70.9602,0.9968,1.0,0.2442,0.0,0.1675,0.9999,0.4424,0.4296,0.9757,3.7091,0.7219,0.0078,1.0,0.0597,0.0,0.428
1754546580000,137.2608,1.0,0.0694,0.7131,0.0,0.2506,1.0,0.0,73.4851,0.9965,1.0,0.23,0.0,0.1567,0.9998,0.4384,0.4062,0.9969,3.6441,0.7255,0.0074,1.0,0.0798,0.0,0.4183
1754546640000,140.3156,1.0,0.0694,0.7149,0.0,0.25,1.0,0.0,74.7996,0.9965,1.0,0.2412,0.0,0.154,0.9997,0.4245,0.425,0.9828,3.4435,0.7246,0.0075,1.0,0.0676,0.0,0.3918
1754546700000,132.9841,1.0,0.0694,0.7132,0.0,0.2477,1.0,0.0,73.0299,0.9969,1.0,0.2507,0.0,0.1636,0.9998,0.3994,0.439,0.9829,3.6892,0.7205,0.0077,1.0,0.0519,0.0,0.4005
1754546760000,133.8209,1.0,0.0694,0.7149,0.0,0.2568,1.0,0.0,71.6308,0.9968,1.0,0.2508,0.0,0.1633,0.9998,0.4249,0.4414,0.9817,3.5454,0.7195,0.0077,1.0,0.0578,0.0,0.4096
1754546820000,133.6312,1.0,0.0694,0.7138,0.0,0.2568,1.0,0.0,73.0796,0.9967,1.0,0.2452,0.0,0.1657,0.9998,0.4039,0.4311,0.985,3.6343,0.7176,0.0077,1.0,0.0775,0.0,0.415
1754546880000,132.8558,1.0,0.0694,0.7128,0.0,0.2585,1.0,0.0,73.2203,0.9969,1.0,0.2441,0.0,0.1551,0.9998,0.427,0.428,0.9732,3.5944,0.7132,0.0078,1.0,0.0644,0.0,0.4084
1754546940000,128.7361,1.0,0.0694,0.7115,0.0,0.2614,1.0,0.0,72.478,0.9969,1.0,0.2558,0.0,0.164,0.9998,0.4265,0.445,0.9741,3.7484,0.7151,0.0074,1.0,0.0493,0.0,0.3868
1754547000000,136.7314,1.0,0.0694,0.7133,0.0,0.2591,1.0,0.0,75.0292,0.9966,1.0,0.2468,0.0,0.1532,0.9997,0.4328,0.433,0.9919,3.6399,0.7314,0.0077,1.0,0.0509,0.0,0.3796
1754547060000,133.5399,1.0,0.0694,0.714,0.0,0.2614,1.0,0.0,72.8364,0.9968,1.0,0.2504,0.0,0.1601,0.9999,0.4406,0.4395,1.0346,3.6404,0.7441,0.0077,1.0,0.0759,0.0,0.401
1754547120000,131.2706,1.0,0.0694,0.7127,0.0,0.25,1.0,0.0,73.0953,0.9968,1.0,0.2539,0.0,0.1515,0.9998,0.4149,0.4439,1.0117,3.504,0.7356,0.0071,1.0,0.0519,0.0,0.4019
1754547180000,133.2177,1.0,0.0694,0.7143,0.0,0.2597,1.0,0.0,71.832,0.9966,1.0,0.2489,0.0,0.1627,0.9998,0.4452,0.4368,0.9925,3.4793,0.7296,0.0076,1.0,0.0533,0.0,0.3987
1754547240000,133.3876,1.0,0.0694,0.7136,0.0,0.2574,1.0,0.0,72.1515,0.9967,1.0,0.246,0.0,0.1524,0.9998,0.45,0.431,1.0041,3.626,0.7394,0.0074,1.0,0.0836,0.0,0.399
1754547300000,134.9007,1.0,0.0694,0.7141,0.0,0.2545,1.0,0.0,72.6035,0.9965,1.0,0.2456,0.0,0.1646,0.9999,0.4282,0.4318,0.9989,3.5339,0.7347,0.0074,1.0,0.0505,0.0,0.4151
1754547360000,137.2126,1.0,0.0694,0.7117,0.0,0.2597,1.0,0.0,75.1238,0.9966,1.0,0.2345,0.0,0.1591,0.9997,0.4278,0.4115,0.9791,3.6543,0.7877,0.0075,1.0,0.0804,0.0,0.41
1754547420000,134.8914,1.0,0.0694,0.7071,0.0,0.2568,1.0,0.0,75.3865,0.9969,1.0,0.2319,0.0,0.1552,0.9997,0.4169,0.4068,0.9866,3.728,0.8494,0.0075,1.0,0.0448,0.0,0.417
1754547480000,134.7338,1.0,0.0694,0.714,0.0,0.2568,1.0,0.0,73.1145,0.9966,1.0,0.2426,0.0,0.1526,0.9998,0.4328,0.4258,0.9799,3.4913,0.7241,0.0074,1.0,0.1568,0.0,0.3864
1754547540000,139.1437,1.0,0.0694,0.7139,0.0,0.2591,1.0,0.0,73.6501,0.9965,1.0,0.2282,0.0,0.1535,0.9996,0.4174,0.4043,0.9745,3.5012,0.7537,0.0073,1.0,0.0547,0.0,0.3889
1754547600000,171.923,1.0,0.0694,0.7134,0.0,0.2614,1.0,0.0,96.1876,0.9965,1.0,0.2285,0.0,0.1591,0.9996,0.4218,0.4052,0.9873,3.6039,0.7779,0.0075,1.0,0.0967,0.0,0.3951
1754547660000,197.4491,1.0,0.0694,0.7139,0.0,0.254,1.0,0.0,113.0199,0.9962,1.0,0.2384,0.0,0.1578,0.9994,0.4106,0.4185,0.994,3.5741,0.7345,0.0072,1.0,0.1191,0.0,0.3867
1754547720000,196.7733,1.0,0.0694,0.7159,0.0,0.2506,1.0,0.0,109.7574,0.9964,1.0,0.2396,0.0,0.1603,0.9994,0.4123,0.4243,0.9847,3.4939,0.7239,0.0074,1.0,0.0448,0.0,0.3875
1754547780000,149.3507,1.0,0.0694,0.7131,0.0,0.2523,1.0,0.0,84.9448,0.9966,1.0,0.2569,0.0,0.2369,0.9997,0.4094,0.449,0.9983,3.6375,0.7364,0.0075,1.0,0.0527,0.0,0.3855
1754547840000,127.359,1.0,0.0694,0.7092,0.0,0.254,1.0,0.0,72.9052,0.997,1.0,0.2482,0.0,0.2423,0.9998,0.4143,0.4321,0.9743,3.4944,0.7657,0.0081,1.0,0.0475,0.0,0.4144
1754547900000,131.2872,1.0,0.0694,0.7099,0.0,0.254,1.0,0.0,72.1241,0.9969,1.0,0.2374,0.0,0.1662,0.9999,0.4256,0.4183,0.9936,3.6435,0.7981,0.0074,1.0,0.0993,0.0,0.4116
1754547960000,137.3359,1.0,0.0694,0.7122,0.0,0.2607,1.0,0.0,74.5779,0.9966,1.0,0.2339,0.0,0.1538,0.9998,0.4408,0.4121,0.9965,3.642,0.7807,0.0075,1.0,0.0577,0.0,0.4138
1754548020000,135.4873,1.0,0.0694,0.7132,0.0,0.2665,1.0,0.0,72.8606,0.9966,1.0,0.2327,0.0,0.1554,0.9998,0.4415,0.4108,1.0104,3.7514,0.7962,0.0076,1.0,0.0652,0.0,0.3909
1754548080000,133.0676,1.0,0.0694,0.712,0.0,0.2523,1.0,0.0,73.9637,0.9967,1.0,0.2599,0.0,0.1622,0.9998,0.4518,0.4535,0.9757,3.5271,0.7168,0.0075,1.0,0.0705,0.0,0.4091
1754548140000,134.3517,1.0,0.0694,0.714,0.0,0.2591,1.0,0.0,73.1265,0.9966,1.0,0.245,0.0,0.1629,0.9998,0.4405,0.4301,0.9879,3.5492,0.7358,0.0075,1.0,0.0591,0.0,0.4026
1754548200000,137.9431,1.0,0.0694,0.7128,0.0,0.2597,1.0,0.0,76.1596,0.9966,1.0,0.2564,0.0,0.1734,0.9997,0.4482,0.4483,0.98,3.5994,0.7266,0.0078,1.0,0.1025,0.0,0.3924
1754548260000,137.7722,1.0,0.0694,0.714,0.0,0.2545,1.0,0.0,75.1662,0.9966,1.0,0.2484,0.0,0.148,0.9997,0.4533,0.436,1.0044,3.5667,0.7348,0.0078,1.0,0.0799,0.0,0.4122
1754548320000,133.523,1.0,0.0694,0.7132,0.0,0.2597,1.0,0.0,73.7859,0.9964,1.0,0.2502,0.0,0.156,0.9998,0.4494,0.4381,1.0284,3.6154,0.7392,0.0078,1.0,0.0576,0.0,0.4059
1754548380000,137.6257,1.0,0.0694,0.7162,0.0,0.2591,1.0,0.0,72.4462,0.9962,1.0,0.2424,0.0,0.1677,0.9998,0.4472,0.4299,0.988,3.5872,0.723,0.0076,1.0,0.0498,0.0,0.3977
1754548440000,139.5669,1.0,0.0694,0.7159,0.0,0.2597,1.0,0.0,74.4942,0.9963,1.0,0.2491,0.0,0.1609,0.9998,0.4611,0.441,0.9848,3.6485,0.7254,0.0077,1.0,0.0489,0.0,0.4065
1754548500000,135.2467,1.0,0.0694,0.7148,0.0,0.2568,1.0,0.0,73.2845,0.9963,1.0,0.2472,0.0,0.1495,0.9998,0.455,0.4349,0.9835,3.6515,0.7219,0.008,1.0,0.0448,0.0,0.4093
1754548560000,131.903,1.0,0.0694,0.714,0.0,0.2591,1.0,0.0,71.8894,0.9965,1.0,0.2488,0.0,0.1586,0.9999,0.4585,0.4372,0.9843,3.7054,0.722,0.0074,1.0,0.056,0.0,0.3971
1754548620000,132.5761,1.0,0.0694,0.7138,0.0,0.2529,1.0,0.0,72.4561,0.9964,1.0,0.252,0.0,0.1544,0.9999,0.4368,0.4425,0.9838,3.5565,0.7152,0.0076,1.0,0.0519,0.0,0.3995
1754548680000,139.2042,1.0,0.0694,0.7157,0.0,0.2569,1.0,0.0,73.9992,0.9964,1.0,0.2442,0.0,0.1551,0.9997,0.4234,0.4313,0.9856,3.5469,0.7194,0.0074,1.0,0.073,0.0,0.3858
1754548740000,137.3595,1.0,0.0694,0.7132,0.0,0.254,1.0,0.0,75.1387,0.9967,1.0,0.247,0.0,0.162,0.9998,0.4241,0.4335,0.9772,3.6516,0.7208,0.0075,1.0,0.0723,0.0,0.4075
1754548800000,135.6124,1.0,0.0694,0.7131,0.0,0.2659,1.0,0.0,73.4301,0.9966,1.0,0.2476,0.0,0.1681,0.9998,0.4176,0.4342,0.9847,3.7456,0.7343,0.0078,1.0,0.0481,0.0,0.4048
1754548860000,134.1982,1.0,0.0694,0.7132,0.0,0.2614,1.0,0.0,72.6591,0.9964,1.0,0.2511,0.0,0.1715,0.9998,0.4297,0.441,0.9968,3.6914,0.7353,0.0075,1.0,0.0548,0.0,0.3988
1754548920000,137.1123,1.0,0.0694,0.7144,0.0,0.2591,1.0,0.0,74.9017,0.9963,1.0,0.2484,0.0,0.1632,0.9998,0.4123,0.4358,0.9898,3.6936,0.7401,0.0074,1.0,0.0855,0.0,0.413
1754548980000,143.07,1.0,0.0694,0.7134,0.0,0.2636,0.9999,0.0,76.3908,0.9966,1.0,0.2563,0.0,0.1645,0.9998,0.3983,0.4486,1.0061,3.6202,0.7487,0.007,1.0,0.0752,0.0,0.4111
1754549040000,138.3308,1.0,0.0694,0.7132,0.0,0.2614,1.0,0.0,75.172,0.9967,1.0,0.2596,0.0,0.1618,0.9998,0.417,0.4535,0.9666,3.4735,0.7163,0.0074,1.0,0.0683,0.0,0.4238
1754549100000,142.2769,1.0,0.0694,0.7142,0.0,0.2545,1.0,0.0,76.141,0.9966,1.0,0.2601,0.0,0.1624,0.9998,0.4248,0.4563,0.9743,3.5663,0.722,0.0074,1.0,0.0491,0.0,0.4266
1754549160000,144.2406,1.0,0.0694,0.7134,0.0,0.2506,1.0,0.0,77.4884,0.9965,1.0,0.2581,0.0,0.1587,0.9998,0.4369,0.4524,0.972,3.4965,0.7174,0.0074,1.0,0.0422,0.0,0.4227
1754549220000,144.1376,1.0,0.0694,0.7147,0.0,0.2591,1.0,0.0,75.838,0.9964,1.0,0.257,0.0,0.1621,0.9997,0.4582,0.453,0.9703,3.5965,0.7149,0.0075,1.0,0.0668,0.0,0.4258
1754549280000,141.8782,1.0,0.0694,0.7131,0.0,0.2585,1.0,0.0,77.6709,0.9968,1.0,0.2613,0.0,0.1658,0.9997,0.4489,0.4571,0.9691,3.4407,0.7183,0.0074,1.0,0.0541,0.0,0.4248
1754549340000,137.2396,1.0,0.0694,0.7134,0.0,0.2545,1.0,0.0,74.3171,0.9966,1.0,0.2625,0.0,0.1678,0.9998,0.4423,0.4589,0.9727,3.6545,0.7146,0.0077,1.0,0.0628,0.0,0.3999
1754549400000,141.9081,1.0,0.0694,0.7132,0.0,0.2523,1.0,0.0,75.9758,0.9968,1.0,0.2651,0.0,0.1654,0.9998,0.4563,0.463,0.9756,3.6172,0.7188,0.0078,1.0,0.0732,0.0,0.4083
1754549460000,139.2553,1.0,0.0694,0.7134,0.0,0.2682,1.0,0.0,75.1071,0.9967,1.0,0.254,0.0,0.1699,0.9999,0.428,0.4451,0.9686,3.6849,0.7151,0.0077,1.0,0.0696,0.0,0.4148
1754549520000,140.0106,1.0,0.0694,0.7136,0.0,0.2591,1.0,0.0,75.6301,0.9965,1.0,0.2554,0.0,0.1702,0.9998,0.422,0.4473,0.9581,3.5722,0.7096,0.0076,1.0,0.0453,0.0,0.4093
1754549580000,140.2877,1.0,0.0694,0.7142,0.0,0.2591,1.0,0.0,74.6915,0.9964,1.0,0.2576,0.0,0.1578,0.9998,0.4239,0.4526,0.96,3.582,0.7103,0.0078,1.0,0.0663,0.0,0.4004
1754549640000,144.8332,1.0,0.0694,0.7126,0.0,0.2636,1.0,0.0,77.7207,0.9964,1.0,0.2587,0.0,0.1617,0.9998,0.4158,0.4519,0.9499,3.5318,0.7101,0.0077,1.0,0.0425,0.0,0.422
1754549700000,139.0111,1.0,0.0694,0.7127,0.0,0.2614,1.0,0.0,75.2427,0.9965,1.0,0.2616,0.0,0.1643,0.9998,0.4192,0.457,0.959,3.6625,0.7149,0.008,1.0,0.0481,0.0,0.415
1754549760000,146.3098,1.0,0.0694,0.7147,0.0,0.2568,1.0,0.0,78.6776,0.9967,1.0,0.2617,0.0,0.165,0.9996,0.4095,0.4608,0.9686,3.5549,0.7184,0.0075,1.0,0.0799,0.0,0.427
1754549820000,140.7097,1.0,0.0694,0.7131,0.0,0.2591,1.0,0.0,76.6559,0.9964,1.0,0.2581,0.0,0.1695,0.9998,0.4195,0.4521,0.9608,3.398,0.7155,0.0073,1.0,0.0684,0.0,0.4198
1754549880000,140.2613,1.0,0.0694,0.7125,0.0,0.25,1.0,0.0,77.7015,0.9967,1.0,0.2608,0.0,0.1672,0.9996,0.413,0.4544,0.9457,3.5789,0.7082,0.0074,1.0,0.0615,0.0,0.4104
1754549940000,143.8594,1.0,0.0694,0.7144,0.0,0.2591,1.0,0.0,77.7796,0.9966,1.0,0.2598,0.0,0.1681,0.9997,0.4078,0.4553,0.9614,3.5217,0.7107,0.0078,1.0,0.0559,0.0,0.398
1754550000000,148.3645,1.0,0.0694,0.7123,0.0,0.2545,1.0,0.0,81.2045,0.9965,1.0,0.2744,0.0,0.1749,0.9996,0.4236,0.4776,0.9851,3.7285,0.7281,0.0078,1.0,0.0735,0.0,0.4136
1754550060000,143.4207,1.0,0.0694,0.7143,0.0,0.255,1.0,0.0,76.5306,0.9965,1.0,0.2648,0.0,0.1642,0.9997,0.4509,0.4654,0.9877,3.7122,0.7216,0.0077,1.0,0.0458,0.0,0.4391
1754550120000,139.6532,1.0,0.0694,0.7132,0.0,0.2585,1.0,0.0,75.6832,0.9963,1.0,0.2615,0.0,0.1711,0.9998,0.4413,0.4578,0.9834,3.5124,0.7205,0.0076,1.0,0.0536,0.0,0.442
1754550180000,139.4154,1.0,0.0694,0.7138,0.0,0.2568,1.0,0.0,75.181,0.9966,1.0,0.2662,0.0,0.1667,0.9998,0.4418,0.4664,0.9768,3.5941,0.7222,0.0076,1.0,0.0884,0.0,0.4375
1754550240000,137.9513,1.0,0.0694,0.7121,0.0,0.2591,1.0,0.0,75.1394,0.9968,1.0,0.2651,0.0,0.1759,0.9998,0.4397,0.4617,0.9768,3.5196,0.7214,0.0078,1.0,0.0891,0.0,0.4187
1754550300000,136.447,1.0,0.0694,0.7131,0.0,0.2591,1.0,0.0,73.9433,0.9967,1.0,0.2644,0.0,0.1653,0.9998,0.4457,0.4618,0.9806,3.7444,0.7236,0.008,1.0,0.0719,0.0,0.4238
1754550360000,140.7489,1.0,0.0694,0.7128,0.0,0.2597,1.0,0.0,75.3209,0.9967,1.0,0.2636,0.0,0.1821,0.9998,0.457,0.4609,0.9839,3.5606,0.719,0.008,1.0,0.0548,0.0,0.4128
1754550420000,136.2795,1.0,0.0694,0.7131,0.0,0.2545,1.0,0.0,73.6887,0.9966,1.0,0.266,0.0,0.1837,0.9998,0.4599,0.4651,0.9799,3.5925,0.7217,0.0078,1.0,0.0508,0.0,0.4306
1754550480000,136.7615,1.0,0.0694,0.7123,0.0,0.2545,1.0,0.0,74.6355,0.9968,1.0,0.2658,0.0,0.1731,0.9998,0.4314,0.4633,0.9756,3.6773,0.7153,0.0078,1.0,0.0404,0.0,0.4239
1754550540000,138.5766,1.0,0.0694,0.7126,0.0,0.2591,1.0,0.0,75.8962,0.9969,1.0,0.2734,0.0,0.1754,0.9998,0.4299,0.4763,0.9631,3.4507,0.7078,0.0079,1.0,0.0405,0.0,0.4186
1754550600000,137.4779,1.0,0.0694,0.7115,0.0,0.2545,1.0,0.0,76.3101,0.9968,1.0,0.2735,0.0,0.1792,0.9997,0.4231,0.4761,0.972,3.631,0.7203,0.0085,1.0,0.0584,0.0,0.4249
1754550660000,140.3352,1.0,0.0694,0.7133,0.0,0.2545,1.0,0.0,75.7498,0.9968,1.0,0.2564,0.0,0.1724,0.9999,0.4384,0.449,0.9655,3.6439,0.712,0.0078,1.0,0.1066,0.0,0.4266
1754550720000,142.9552,1.0,0.0694,0.7129,0.0,0.2591,1.0,0.0,77.3811,0.9968,1.0,0.2663,0.0,0.1681,0.9997,0.4153,0.4653,0.982,3.6074,0.718,0.0078,1.0,0.0437,0.0,0.4173
1754550780000,141.6475,1.0,0.0694,0.7136,0.0,0.2568,1.0,0.0,75.9548,0.9968,1.0,0.266,0.0,0.1709,0.9997,0.4298,0.4661,0.9876,3.5506,0.7218,0.008,1.0,0.1034,0.0,0.4214
1754550840000,133.5734,1.0,0.0694,0.7132,0.0,0.25,1.0,0.0,73.0984,0.997,1.0,0.2697,0.0,0.1655,0.9998,0.4075,0.4703,0.9922,3.6017,0.7243,0.0076,1.0,0.053,0.0,0.4287
1754550900000,139.8736,1.0,0.0694,0.7122,0.0,0.2574,1.0,0.0,75.3929,0.9968,1.0,0.2581,0.0,0.1712,0.9998,0.4009,0.4509,0.974,3.5551,0.7493,0.0078,1.0,0.1641,0.0,0.4245
1754550960000,142.1585,1.0,0.0694,0.7096,0.0,0.2659,1.0,0.0,77.2289,0.9967,1.0,0.2443,0.0,0.169,0.9997,0.4159,0.4294,0.9817,3.6741,0.8227,0.0072,1.0,0.0639,0.0,0.4177
1754551020000,140.9634,1.0,0.0694,0.7113,0.0,0.2614,1.0,0.0,77.2026,0.9967,1.0,0.2571,0.0,0.1778,0.9996,0.4247,0.45,0.9694,3.5205,0.7567,0.0076,1.0,0.0767,0.0,0.4205
1754551080000,140.3783,1.0,0.0694,0.7125,0.0,0.2636,1.0,0.0,77.2077,0.9969,1.0,0.269,0.0,0.1791,0.9996,0.4264,0.4683,0.9836,3.4926,0.7247,0.0076,1.0,0.152,0.0,0.4243
1754551140000,141.3769,1.0,0.0694,0.7136,0.0,0.2636,1.0,0.0,76.378,0.9967,1.0,0.2653,0.0,0.1738,0.9997,0.4278,0.4643,0.9826,3.4008,0.7214,0.0077,1.0,0.0805,0.0,0.4378
1754551200000,142.084,1.0,0.0694,0.7136,0.0,0.2636,1.0,0.0,76.8388,0.9964,1.0,0.2637,0.0,0.1659,0.9997,0.4308,0.4617,1.0023,3.5986,0.7396,0.0076,1.0,0.0666,0.0,0.4274
1754551260000,141.9267,1.0,0.0694,0.7138,0.0,0.2659,1.0,0.0,76.747,0.9966,1.0,0.2648,0.0,0.1721,0.9998,0.4392,0.4643,0.9986,3.4131,0.7402,0.0077,1.0,0.0723,0.0,0.4076
1754551320000,140.5459,1.0,0.0694,0.7143,0.0,0.2545,1.0,0.0,75.8386,0.9967,1.0,0.2669,0.0,0.1534,0.9998,0.437,0.468,0.9957,3.4408,0.73,0.007,1.0,0.0355,0.0,0.4199
1754551380000,139.3993,1.0,0.0694,0.7141,0.0,0.2568,1.0,0.0,74.1443,0.9968,1.0,0.268,0.0,0.1724,0.9998,0.4463,0.4699,0.9707,3.4713,0.7197,0.0078,1.0,0.0854,0.0,0.4217
1754551440000,136.9119,1.0,0.0694,0.7132,0.0,0.2591,1.0,0.0,74.6455,0.9966,1.0,0.2668,0.0,0.1703,0.9998,0.4265,0.4671,0.9722,3.7938,0.7162,0.008,1.0,0.0653,0.0,0.4208
1754551500000,140.2348,1.0,0.0694,0.7127,0.0,0.2568,1.0,0.0,76.9969,0.9967,1.0,0.262,0.0,0.157,0.9998,0.4276,0.4577,0.99,3.5999,0.7263,0.008,1.0,0.0728,0.0,0.4259
1754551560000,140.1454,1.0,0.0694,0.7146,0.0,0.2495,1.0,0.0,75.3235,0.9966,1.0,0.2562,0.0,0.1659,0.9998,0.444,0.4504,0.9719,3.6226,0.7176,0.0075,1.0,0.0464,0.0,0.4292
1754551620000,137.5402,1.0,0.0694,0.7143,0.0,0.2523,1.0,0.0,74.0265,0.9966,1.0,0.2685,0.0,0.1761,0.9998,0.4564,0.47,0.9797,3.4193,0.7206,0.0081,1.0,0.0496,0.0,0.413
1754551680000,141.1129,1.0,0.0694,0.7132,0.0,0.25,1.0,0.0,77.0423,0.9965,1.0,0.2621,0.0,0.169,0.9997,0.4566,0.4577,0.9769,3.6272,0.7211,0.008,1.0,0.0624,0.0,0.4292
1754551740000,139.4903,1.0,0.0694,0.7144,0.0,0.2523,1.0,0.0,75.1565,0.9966,1.0,0.257,0.0,0.161,0.9999,0.448,0.4508,0.9799,3.5764,0.7207,0.0073,1.0,0.0784,0.0,0.4123
1754551800000,141.3127,1.0,0.0694,0.7121,0.0,0.2523,1.0,0.0,76.697,0.9966,1.0,0.2722,0.0,0.1676,0.9998,0.4415,0.4738,0.9783,3.5048,0.7241,0.0075,1.0,0.0448,0.0,0.4253
1754551860000,136.3537,1.0,0.0694,0.7144,0.0,0.2636,1.0,0.0,73.0307,0.9967,1.0,0.2645,0.0,0.1646,0.9999,0.4463,0.4633,0.9766,3.4028,0.7182,0.0078,1.0,0.0569,0.0,0.4442
1754551920000,138.7782,1.0,0.0694,0.7135,0.0,0.2591,1.0,0.0,75.121,0.9965,1.0,0.2634,0.0,0.1729,0.9997,0.4566,0.4608,0.973,3.5378,0.7179,0.008,1.0,0.0707,0.0,0.4182
1754551980000,135.3289,1.0,0.0694,0.7133,0.0,0.2591,1.0,0.0,73.2249,0.9966,1.0,0.2683,0.0,0.1679,0.9999,0.4402,0.4693,0.9949,3.5152,0.7322,0.0078,1.0,0.0676,0.0,0.425
1754552040000,136.9559,1.0,0.0694,0.713,0.0,0.2545,1.0,0.0,74.4577,0.9966,1.0,0.2695,0.0,0.1772,0.9997,0.4411,0.4706,0.9801,3.2693,0.7181,0.0082,1.0,0.0486,0.0,0.4362
1754552100000,135.5169,1.0,0.0694,0.7133,0.0,0.25,1.0,0.0,73.9342,0.9966,1.0,0.268,0.0,0.1692,0.9999,0.4506,0.4677,0.9664,3.7345,0.7137,0.0079,1.0,0.0442,0.0,0.4337
1754552160000,139.162,1.0,0.0694,0.7138,0.0,0.2568,1.0,0.0,74.7628,0.9966,1.0,0.2689,0.0,0.1701,0.9997,0.4337,0.4707,0.9738,3.4389,0.7142,0.0078,1.0,0.0618,0.0,0.403
1754552220000,140.1426,1.0,0.0694,0.7135,0.0,0.2545,1.0,0.0,75.5815,0.9963,1.0,0.2657,0.0,0.1771,0.9998,0.427,0.4647,0.9754,3.4558,0.7129,0.0076,1.0,0.0512,0.0,0.4174
1754552280000,137.2113,1.0,0.0694,0.7134,0.0,0.2568,1.0,0.0,74.0487,0.9967,1.0,0.265,0.0,0.1685,0.9998,0.4249,0.4635,0.9668,3.4688,0.7096,0.0076,1.0,0.0543,0.0,0.4309
1754552340000,136.1526,1.0,0.0694,0.7141,0.0,0.2614,1.0,0.0,72.591,0.9967,1.0,0.2665,0.0,0.1693,0.9999,0.4338,0.4673,0.9531,3.4193,0.7025,0.0073,1.0,0.0439,0.0,0.4217
1754552400000,138.58,1.0,0.0694,0.7124,0.0,0.2636,1.0,0.0,75.3742,0.9968,1.0,0.2694,0.0,0.1706,0.9997,0.4477,0.4693,0.9667,3.4454,0.7104,0.0077,1.0,0.078,0.0,0.4256
1754552460000,133.5804,1.0,0.0694,0.7138,0.0,0.2608,1.0,0.0,72.1286,0.9969,1.0,0.2659,0.0,0.1664,0.9999,0.4235,0.4654,0.9474,3.5155,0.705,0.0078,1.0,0.0588,0.0,0.4176
1754552520000,136.0973,1.0,0.0694,0.7137,0.0,0.2654,1.0,0.0,74.5115,0.9966,1.0,0.267,0.0,0.157,0.9998,0.4186,0.4672,0.9571,3.3941,0.7072,0.0075,1.0,0.0713,0.0,0.4173
1754552580000,137.2556,1.0,0.0694,0.7146,0.0,0.2659,1.0,0.0,73.7431,0.9968,1.0,0.2677,0.0,0.1607,0.9999,0.4442,0.4692,0.9594,3.3541,0.7123,0.0073,1.0,0.0555,0.0,0.4209
1754552640000,140.2418,1.0,0.0694,0.7142,0.0,0.2614,1.0,0.0,75.3639,0.9967,1.0,0.2662,0.0,0.1576,0.9998,0.4572,0.4673,0.9523,3.3764,0.7048,0.0074,1.0,0.0396,0.0,0.4382
1754552700000,139.932,1.0,0.0694,0.7121,0.0,0.2568,1.0,0.0,77.0703,0.9969,1.0,0.2703,0.0,0.1606,0.9999,0.4442,0.4707,0.9594,3.7404,0.7119,0.0076,1.0,0.045,0.0,0.424
1754552760000,140.4105,1.0,0.0694,0.7152,0.0,0.2568,1.0,0.0,74.9856,0.9968,1.0,0.2621,0.0,0.1624,0.9998,0.4398,0.4605,0.9789,3.444,0.7284,0.0077,1.0,0.0557,0.0,0.4173
1754552820000,137.8721,1.0,0.0694,0.7149,0.0,0.2545,1.0,0.0,74.5406,0.9967,1.0,0.2668,0.0,0.1626,0.9999,0.4145,0.4685,0.9664,3.4675,0.7146,0.0077,1.0,0.0801,0.0,0.4281
1754552880000,138.3712,1.0,0.0694,0.7138,0.0,0.2523,1.0,0.0,75.1661,0.9968,1.0,0.2695,0.0,0.164,0.9998,0.4381,0.4724,0.9644,3.441,0.714,0.0078,1.0,0.0521,0.0,0.4393
1754552940000,141.879,1.0,0.0694,0.7146,0.0,0.2563,1.0,0.0,76.6942,0.9967,1.0,0.2592,0.0,0.1567,0.9997,0.4395,0.4559,0.9908,3.7129,0.7245,0.008,1.0,0.0529,0.0,0.4309
1754553000000,143.1612,1.0,0.0694,0.7136,0.0,0.258,1.0,0.0,77.8815,0.9967,1.0,0.2616,0.0,0.1662,0.9996,0.4252,0.458,0.9799,3.4532,0.7215,0.0075,1.0,0.0653,0.0,0.4216
1754553060000,142.9837,1.0,0.0694,0.7159,0.0,0.2547,1.0,0.0,76.6392,0.9968,1.0,0.2691,0.0,0.1635,0.9997,0.4532,0.4735,0.9629,3.4675,0.7105,0.0072,1.0,0.0968,0.0,0.4139
1754553120000,164.5785,1.0,0.0694,0.7146,0.0,0.2551,1.0,0.0,91.7629,0.9966,1.0,0.263,0.0,0.1599,0.9996,0.4463,0.4611,0.9627,3.4349,0.7168,0.0075,1.0,0.0551,0.0,0.4305
1754553180000,135.8824,1.0,0.0694,0.7141,0.0,0.2563,1.0,0.0,74.1814,0.9966,1.0,0.2625,0.0,0.168,0.9998,0.4616,0.4598,0.9573,3.5398,0.7118,0.0072,1.0,0.14,0.0,0.4284
1754553240000,136.8693,1.0,0.0694,0.7138,0.0,0.2608,1.0,0.0,74.2959,0.9967,1.0,0.2647,0.0,0.1659,0.9998,0.4558,0.463,0.9602,3.5153,0.71,0.0075,1.0,0.0818,0.0,0.4425
1754553300000,133.9908,1.0,0.0694,0.7147,0.0,0.2568,1.0,0.0,70.9583,0.9969,1.0,0.2598,0.0,0.1722,0.9999,0.4233,0.4559,0.9555,3.6674,0.706,0.0076,1.0,0.0766,0.0,0.4254
1754553360000,136.4272,1.0,0.0694,0.713,0.0,0.2512,1.0,0.0,73.7981,0.9968,1.0,0.2685,0.0,0.1752,0.9998,0.4274,0.4693,0.952,3.5353,0.7051,0.0077,1.0,0.0666,0.0,0.4111
1754553420000,135.9407,1.0,0.0694,0.7135,0.0,0.2563,1.0,0.0,73.6511,0.9968,1.0,0.2642,0.0,0.173,0.9998,0.4395,0.4616,0.9453,3.5334,0.7021,0.0078,1.0,0.0839,0.0,0.429
1754553480000,137.9988,1.0,0.0694,0.7146,0.0,0.2585,1.0,0.0,73.8734,0.9966,1.0,0.2635,0.0,0.1787,0.9999,0.4392,0.4626,0.9513,3.531,0.7099,0.0076,1.0,0.0996,0.0,0.4294
1754553540000,138.5369,1.0,0.0694,0.7131,0.0,0.2563,1.0,0.0,75.3442,0.9967,1.0,0.2643,0.0,0.1618,0.9999,0.4518,0.4614,0.9809,3.5067,0.7413,0.0076,1.0,0.0597,0.0,0.4221
1754553600000,142.4959,1.0,0.0694,0.7136,0.0,0.2636,1.0,0.0,76.1895,0.9967,1.0,0.274,0.0,0.1806,0.9998,0.4582,0.4788,1.0282,3.6127,0.7628,0.0079,1.0,0.0523,0.0,0.4323
1754553660000,136.63,1.0,0.0694,0.7143,0.0,0.2682,1.0,0.0,73.3369,0.9969,1.0,0.268,0.0,0.164,0.9998,0.4692,0.4687,1.0242,3.6706,0.761,0.0077,1.0,0.0489,0.0,0.4675
1754553720000,142.4579,1.0,0.0698,0.7151,0.0,0.2659,1.0,0.0,75.8197,0.9966,1.0,0.2693,0.0,0.1669,0.9998,0.4594,0.4718,1.0387,3.7682,0.7636,0.0076,1.0,0.1634,0.0,0.4572
1754553780000,136.3604,1.0,0.0698,0.7138,0.0,0.2614,1.0,0.0,73.7261,0.9969,1.0,0.2674,0.0,0.1719,0.9998,0.4799,0.4675,1.0363,3.5366,0.768,0.0073,1.0,0.0598,0.0,0.4554
1754553840000,140.2079,1.0,0.0698,0.7139,0.0,0.2659,1.0,0.0,76.0503,0.9967,1.0,0.2652,0.0,0.1766,0.9998,0.4684,0.4634,1.0338,3.7495,0.7671,0.0076,1.0,0.0737,0.0,0.4452
1754553900000,139.7073,1.0,0.0698,0.7139,0.0,0.2636,1.0,0.0,75.4208,0.9965,1.0,0.2668,0.0,0.175,0.9998,0.4681,0.4664,1.0338,3.927,0.7669,0.0077,1.0,0.0725,0.0,0.452
1754553960000,142.4853,1.0,0.0698,0.7137,0.0,0.2591,1.0,0.0,76.3789,0.9964,1.0,0.271,0.0,0.1711,0.9996,0.487,0.4739,1.0251,3.8289,0.7611,0.0081,1.0,0.1033,0.0,0.4456
1754554020000,139.2899,1.0,0.0694,0.7137,0.0,0.2545,1.0,0.0,75.1902,0.9965,1.0,0.2631,0.0,0.1704,0.9997,0.4886,0.4607,1.0178,3.803,0.7654,0.0078,1.0,0.0792,0.0,0.4588
1754554080000,141.9092,1.0,0.07,0.7124,0.0,0.2591,1.0,0.0,77.4866,0.9968,1.0,0.2715,0.0,0.1748,0.9996,0.4717,0.4722,1.0337,3.7921,0.7741,0.0079,1.0,0.0507,0.0,0.4504
1754554140000,137.8169,1.0,0.07,0.7145,0.0,0.2545,1.0,0.0,73.0527,0.9967,1.0,0.2613,0.0,0.1686,0.9999,0.4814,0.4583,1.0222,3.7959,0.7672,0.008,1.0,0.0932,0.0,0.4737
1754554200000,142.8118,1.0,0.07,0.7135,0.0,0.2574,1.0,0.0,77.8864,0.9966,1.0,0.2591,0.0,0.1559,0.9997,0.4867,0.4532,1.0467,4.0434,0.7882,0.0078,1.0,0.0679,0.0,0.4579
1754554260000,143.996,1.0,0.07,0.7142,0.0,0.2614,1.0,0.0,77.242,0.9966,1.0,0.2601,0.0,0.1589,0.9996,0.503,0.4573,1.0602,3.8419,0.7955,0.0075,1.0,0.0619,0.0,0.4553
1754554320000,136.9013,1.0,0.07,0.7143,0.0,0.2608,1.0,0.0,74.045,0.9968,1.0,0.2624,0.0,0.1687,0.9998,0.4991,0.4612,1.0437,3.9491,0.7818,0.0078,1.0,0.1477,0.0,0.4781
1754554380000,135.5773,1.0,0.0699,0.7156,0.0,0.2568,1.0,0.0,72.2629,0.9966,1.0,0.2571,0.0,0.1606,0.9998,0.4842,0.4536,1.0296,3.7022,0.7694,0.008,1.0,0.0848,0.0,0.4644
1754554440000,132.7208,1.0,0.0699,0.7139,0.0,0.2585,1.0,0.0,71.778,0.9967,1.0,0.2646,0.0,0.1606,0.9998,0.4893,0.4631,1.0249,3.742,0.7632,0.0077,1.0,0.0544,0.0,0.458
1754554500000,135.2765,1.0,0.0699,0.714,0.0,0.2562,1.0,0.0,74.0355,0.9968,1.0,0.2606,0.0,0.1635,0.9998,0.4805,0.4561,1.033,3.7335,0.7697,0.008,1.0,0.0619,0.0,0.4516
1754554560000,140.0261,1.0,0.0698,0.7148,0.0,0.2607,1.0,0.0,74.5413,0.9964,1.0,0.2548,0.0,0.1692,0.9997,0.4716,0.4481,1.0275,3.8585,0.7587,0.0076,1.0,0.1261,0.0,0.4419
1754554620000,133.0089,1.0,0.0698,0.7143,0.0,0.2636,1.0,0.0,71.998,0.9964,1.0,0.2609,0.0,0.1572,0.9998,0.4525,0.4582,1.0195,3.6337,0.7553,0.0075,1.0,0.0727,0.0,0.4519
1754554680000,136.3056,1.0,0.0698,0.7148,0.0,0.2636,1.0,0.0,73.7684,0.9966,1.0,0.2573,0.0,0.1533,0.9998,0.4759,0.4523,1.0486,3.7914,0.7774,0.0075,1.0,0.0605,0.0,0.4482
1754554740000,134.0121,1.0,0.0694,0.716,0.0,0.2591,1.0,0.0,72.3468,0.9967,1.0,0.2577,0.0,0.1518,0.9998,0.4532,0.4542,1.0383,3.871,0.7773,0.008,1.0,0.0879,0.0,0.439
1754554800000,130.919,1.0,0.0694,0.7158,0.0,0.25,1.0,0.0,70.1987,0.9966,1.0,0.2522,0.0,0.1704,0.9998,0.4707,0.4444,1.0211,3.7539,0.7624,0.0077,1.0,0.0512,0.0,0.4377
1754554860000,129.5966,1.0,0.0694,0.7152,0.0,0.2591,1.0,0.0,70.2748,0.9968,1.0,0.2537,0.0,0.1569,0.9998,0.4701,0.4463,1.0452,3.9072,0.7715,0.0077,1.0,0.0643,0.0,0.4416
1754554920000,136.1009,1.0,0.0694,0.7152,0.0,0.2614,1.0,0.0,73.17,0.9965,1.0,0.2535,0.0,0.1554,0.9997,0.4745,0.4477,1.0463,3.9138,0.7748,0.0076,1.0,0.1114,0.0,0.4339
1754554980000,135.3469,1.0,0.0694,0.7155,0.0,0.2636,1.0,0.0,72.6644,0.9965,1.0,0.2496,0.0,0.1612,0.9998,0.4585,0.4402,1.0394,3.819,0.7703,0.0075,1.0,0.0763,0.0,0.4489
1754555040000,133.9537,1.0,0.0694,0.7152,0.0,0.2636,1.0,0.0,72.4839,0.9965,1.0,0.2535,0.0,0.1571,0.9998,0.4644,0.4452,1.0235,3.6725,0.7571,0.0079,1.0,0.0654,0.0,0.4432
1754555100000,133.6897,1.0,0.0694,0.7138,0.0,0.2642,1.0,0.0,73.3755,0.9964,1.0,0.2598,0.0,0.1584,0.9998,0.4741,0.4555,1.0349,3.7002,0.7616,0.0078,1.0,0.0622,0.0,0.4282
1754555160000,131.7902,1.0,0.0694,0.7142,0.0,0.2659,1.0,0.0,72.6715,0.9964,1.0,0.2546,0.0,0.1549,0.9998,0.4857,0.4459,1.015,3.8727,0.7485,0.0077,1.0,0.0697,0.0,0.4297
1754555220000,125.3808,1.0,0.0694,0.7132,0.0,0.2642,1.0,0.0,69.1267,0.9967,1.0,0.2537,0.0,0.1605,0.9999,0.442,0.4434,1.0079,3.7358,0.7451,0.0076,1.0,0.073,0.0,0.4288
1754555280000,126.6915,1.0,0.0694,0.7138,0.0,0.2573,1.0,0.0,69.4776,0.9969,1.0,0.2564,0.0,0.17,0.9998,0.4532,0.449,0.9986,3.5354,0.7422,0.0077,1.0,0.0581,0.0,0.4207
1754555340000,129.38,1.0,0.0694,0.7141,0.0,0.2591,1.0,0.0,70.6678,0.9968,1.0,0.2564,0.0,0.16,0.9998,0.4364,0.4494,1.0063,3.6744,0.7543,0.0077,1.0,0.056,0.0,0.4349
1754555400000,136.4853,1.0,0.0694,0.7144,0.0,0.2608,1.0,0.0,74.3939,0.9965,1.0,0.256,0.0,0.1695,0.9998,0.4208,0.4503,1.0179,3.8312,0.7601,0.0079,1.0,0.0685,0.0,0.4326
1754555460000,133.19,1.0,0.0694,0.7156,0.0,0.2608,1.0,0.0,70.5843,0.9964,1.0,0.2531,0.0,0.1658,0.9998,0.402,0.4474,1.0119,3.7229,0.7493,0.008,1.0,0.0553,0.0,0.4468
1754555520000,130.2914,1.0,0.0694,0.7134,0.0,0.2636,1.0,0.0,69.8433,0.9962,1.0,0.239,0.0,0.1625,0.9998,0.4211,0.4216,1.0121,3.7258,0.7513,0.0078,1.0,0.0657,0.0,0.4449
1754555580000,124.4963,1.0,0.0694,0.7114,0.0,0.2636,1.0,0.0,68.5481,0.9966,1.0,0.2482,0.0,0.1678,0.9999,0.453,0.4336,1.0096,3.6985,0.7494,0.0079,1.0,0.0708,0.0,0.4387
1754555640000,125.4698,1.0,0.0694,0.7122,0.0,0.2636,1.0,0.0,70.6779,0.9965,1.0,0.2472,0.0,0.1562,0.9999,0.4413,0.4327,1.0238,3.7648,0.7558,0.0078,1.0,0.1416,0.0,0.4328
1754555700000,126.6496,1.0,0.0694,0.7117,0.0,0.2607,1.0,0.0,70.5015,0.9967,1.0,0.2472,0.0,0.1661,0.9999,0.4355,0.4336,1.0089,3.6604,0.7513,0.0077,1.0,0.0498,0.0,0.4092
1754555760000,128.677,1.0,0.0694,0.713,0.0,0.2575,1.0,0.0,70.5656,0.9968,1.0,0.254,0.0,0.1676,0.9999,0.4355,0.4457,1.0159,3.698,0.7557,0.0077,1.0,0.08,0.0,0.4232
1754555820000,129.7632,1.0,0.0694,0.7145,0.0,0.2614,1.0,0.0,70.156,0.9967,1.0,0.2616,0.0,0.1677,0.9999,0.424,0.4606,1.0228,3.6261,0.7565,0.008,1.0,0.0685,0.0,0.4384
1754555880000,131.8937,1.0,0.0694,0.7139,0.0,0.262,1.0,0.0,72.7215,0.9968,1.0,0.2579,0.0,0.1695,0.9998,0.4292,0.4524,1.0421,3.7032,0.7652,0.0078,1.0,0.0647,0.0,0.4442
1754555940000,130.8992,1.0,0.0694,0.7144,0.0,0.2614,1.0,0.0,70.6847,0.9966,1.0,0.251,0.0,0.1685,0.9998,0.4415,0.442,1.0169,3.7161,0.7581,0.0076,1.0,0.0684,0.0,0.4282
1754556000000,132.8041,1.0,0.0694,0.7147,0.0,0.2591,1.0,0.0,71.4763,0.9967,1.0,0.2569,0.0,0.1767,0.9999,0.457,0.4525,1.0287,3.623,0.7677,0.0075,1.0,0.0691,0.0,0.4351
1754556060000,131.0358,1.0,0.0694,0.714,0.0,0.2614,1.0,0.0,71.8709,0.9967,1.0,0.2508,0.0,0.1622,0.9998,0.4648,0.4406,1.0217,3.706,0.7666,0.0075,1.0,0.0503,0.0,0.4553
1754556120000,128.5268,1.0,0.0694,0.714,0.0,0.2585,1.0,0.0,70.719,0.9965,1.0,0.2538,0.0,0.1578,0.9999,0.4513,0.4456,0.9962,3.5675,0.7457,0.0077,1.0,0.064,0.0,0.431
1754556180000,128.0281,1.0,0.0694,0.7142,0.0,0.2614,1.0,0.0,70.1313,0.9971,1.0,0.2594,0.0,0.1571,0.9998,0.4893,0.4547,1.0104,3.7048,0.7539,0.0073,1.0,0.0596,0.0,0.4389
1754556240000,131.6202,1.0,0.0694,0.7132,0.0,0.2591,1.0,0.0,72.9712,0.9968,1.0,0.2604,0.0,0.1567,0.9998,0.463,0.4544,1.0119,3.7209,0.7507,0.0075,1.0,0.0621,0.0,0.4244
1754556300000,129.7059,1.0,0.0694,0.7142,0.0,0.2523,1.0,0.0,70.2631,0.9964,1.0,0.2501,0.0,0.1631,0.9999,0.4405,0.4391,1.0077,3.6434,0.7524,0.0076,1.0,0.0596,0.0,0.4337
1754556360000,134.8419,1.0,0.0694,0.7144,0.0,0.255,1.0,0.0,72.7746,0.9965,1.0,0.2521,0.0,0.1704,0.9997,0.4618,0.4436,1.0104,3.7036,0.7507,0.0077,1.0,0.0606,0.0,0.4436
1754556420000,130.8043,1.0,0.0694,0.7151,0.0,0.2545,1.0,0.0,71.0578,0.9966,1.0,0.2503,0.0,0.1562,0.9999,0.4572,0.4414,0.999,3.5209,0.7419,0.0073,1.0,0.0533,0.0,0.4419
1754556480000,135.1755,1.0,0.0694,0.7144,0.0,0.2506,1.0,0.0,71.2315,0.9963,1.0,0.2358,0.0,0.1509,0.9999,0.4683,0.4192,1.009,3.5583,0.7471,0.0078,1.0,0.0525,0.0,0.4289
1754556540000,129.3061,1.0,0.0694,0.713,0.0,0.2477,1.0,0.0,69.2316,0.9967,1.0,0.2434,0.0,0.1604,0.9999,0.4628,0.4311,1.0058,3.8264,0.7525,0.0074,1.0,0.0582,0.0,0.4485
1754556600000,133.9125,1.0,0.0694,0.7149,0.0,0.2477,1.0,0.0,71.114,0.9965,1.0,0.2444,0.0,0.1676,0.9998,0.4464,0.4318,1.0267,3.6399,0.7565,0.0077,1.0,0.064,0.0,0.44
1754556660000,131.2872,1.0,0.0694,0.7147,0.0,0.2591,1.0,0.0,70.6313,0.9968,1.0,0.2495,0.0,0.1632,0.9998,0.4326,0.4397,1.0105,3.7987,0.7539,0.008,1.0,0.0572,0.0,0.4428
1754556720000,128.6506,1.0,0.0694,0.7138,0.0,0.2591,1.0,0.0,71.3736,0.9969,1.0,0.2575,0.0,0.1625,0.9997,0.4243,0.4506,1.0027,3.6779,0.7498,0.0074,1.0,0.0801,0.0,0.4278
1754556780000,134.155,1.0,0.0694,0.7153,0.0,0.2529,1.0,0.0,72.272,0.9966,1.0,0.2504,0.0,0.1704,0.9998,0.4073,0.4417,1.0091,3.6793,0.7556,0.0079,1.0,0.0666,0.0,0.4241
1754556840000,131.6437,1.0,0.0694,0.7158,0.0,0.2585,1.0,0.0,70.1582,0.9967,1.0,0.2482,0.0,0.1557,0.9998,0.4259,0.4383,0.9948,3.5935,0.7469,0.0075,1.0,0.0596,0.0,0.4439
1754556900000,131.9765,1.0,0.0694,0.7146,0.0,0.263,1.0,0.0,72.3186,0.9965,1.0,0.2451,0.0,0.1699,0.9998,0.4455,0.4313,1.009,3.8564,0.757,0.0077,1.0,0.0862,0.0,0.4298
1754556960000,131.5066,1.0,0.0694,0.7154,0.0,0.2607,1.0,0.0,70.5349,0.9964,1.0,0.2497,0.0,0.1621,0.9998,0.4393,0.4398,0.9895,3.5342,0.7435,0.0077,1.0,0.0624,0.0,0.4234
1754557020000,132.7759,1.0,0.0694,0.7145,0.0,0.2614,1.0,0.0,72.2822,0.9967,1.0,0.2472,0.0,0.157,0.9999,0.4303,0.4343,0.9977,3.4781,0.7443,0.0075,1.0,0.0522,0.0,0.4307
1754557080000,137.0137,1.0,0.0694,0.7117,0.0,0.2631,1.0,0.0,75.4956,0.9966,1.0,0.2489,0.0,0.1597,0.9996,0.452,0.4372,1.0166,3.5626,0.7528,0.0078,1.0,0.0574,0.0,0.4167
1754557140000,135.2147,1.0,0.0694,0.7153,0.0,0.2529,1.0,0.0,72.1628,0.9966,1.0,0.2477,0.0,0.158,0.9998,0.4447,0.437,1.0036,3.7132,0.7474,0.0075,1.0,0.0789,0.0,0.4362
1754557200000,141.8194,1.0,0.0694,0.7144,0.0,0.262,1.0,0.0,76.1765,0.9963,1.0,0.2452,0.0,0.1677,0.9997,0.4484,0.4314,1.0486,3.8147,0.7869,0.0076,1.0,0.0592,0.0,0.4303
1754557260000,137.6935,1.0,0.0694,0.7161,0.0,0.2659,1.0,0.0,72.1177,0.9965,1.0,0.2374,0.0,0.1572,0.9997,0.4183,0.4193,1.038,3.8467,0.7689,0.0071,1.0,0.085,0.0,0.4413
1754557320000,132.842,1.0,0.0694,0.7132,0.0,0.2563,1.0,0.0,72.7549,0.9967,1.0,0.2399,0.0,0.1538,0.9998,0.4435,0.4217,1.0409,3.8224,0.773,0.0072,1.0,0.1488,0.0,0.4252
1754557380000,134.2239,1.0,0.0694,0.7132,0.0,0.245,1.0,0.0,71.8476,0.9966,1.0,0.2355,0.0,0.1642,0.9998,0.4447,0.4156,1.0228,3.7695,0.7707,0.0074,1.0,0.0733,0.0,0.4289
1754557440000,134.5771,1.0,0.0694,0.7123,0.0,0.2529,1.0,0.0,72.9267,0.9966,1.0,0.2396,0.0,0.1627,0.9997,0.4419,0.4218,1.0408,3.9769,0.7744,0.0076,1.0,0.0588,0.0,0.438
1754557500000,134.6662,1.0,0.0694,0.713,0.0,0.2568,1.0,0.0,71.8121,0.9965,1.0,0.2267,0.0,0.1492,0.9999,0.4445,0.4007,1.0358,3.8306,0.7687,0.0075,1.0,0.0532,0.0,0.4388
1754557560000,130.3809,1.0,0.0694,0.7121,0.0,0.2591,1.0,0.0,70.7459,0.9965,1.0,0.2366,0.0,0.1637,0.9998,0.4553,0.4167,1.0128,3.8398,0.7496,0.0077,1.0,0.0753,0.0,0.4344
1754557620000,132.8569,1.0,0.0694,0.7142,0.0,0.2614,1.0,0.0,69.238,0.9966,1.0,0.2334,0.0,0.1655,0.9998,0.4439,0.4144,1.0202,3.6565,0.7572,0.0076,1.0,0.0783,0.0,0.4461
1754557680000,130.3288,1.0,0.0694,0.7126,0.0,0.2574,1.0,0.0,69.7431,0.9967,1.0,0.2419,0.0,0.1671,0.9998,0.4345,0.4271,1.0288,3.7791,0.7705,0.0076,1.0,0.0838,0.0,0.4416
1754557740000,127.8925,1.0,0.0694,0.7132,0.0,0.2597,1.0,0.0,68.9714,0.9965,1.0,0.2364,0.0,0.1594,0.9999,0.4294,0.4176,1.0131,3.6815,0.7516,0.0074,1.0,0.0675,0.0,0.4427
1754557800000,127.5495,1.0,0.0694,0.7122,0.0,0.2523,1.0,0.0,69.4868,0.9967,1.0,0.2374,0.0,0.152,0.9998,0.422,0.4175,1.0082,3.7189,0.7526,0.0076,1.0,0.0519,0.0,0.4322
1754557860000,127.9958,1.0,0.0694,0.7114,0.0,0.2523,1.0,0.0,69.5478,0.9967,1.0,0.2362,0.0,0.1576,0.9998,0.423,0.418,1.0077,3.8165,0.7453,0.0074,1.0,0.0577,0.0,0.4158
1754557920000,130.9496,1.0,0.0694,0.7126,0.0,0.2614,1.0,0.0,70.9966,0.9966,1.0,0.2331,0.0,0.1555,0.9998,0.4244,0.4122,1.0024,3.8278,0.7464,0.0077,1.0,0.0771,0.0,0.4411
1754557980000,130.7618,1.0,0.0694,0.7119,0.0,0.2574,1.0,0.0,70.1784,0.9965,1.0,0.2342,0.0,0.1667,0.9998,0.4236,0.4146,1.0137,3.6557,0.7432,0.0076,1.0,0.0468,0.0,0.4429
1754558040000,130.2378,1.0,0.0694,0.7136,0.0,0.2578,1.0,0.0,69.8318,0.9966,1.0,0.2389,0.0,0.1729,0.9998,0.4232,0.4227,1.0076,3.7534,0.7485,0.0077,1.0,0.0616,0.0,0.4394
1754558100000,127.7448,1.0,0.0694,0.714,0.0,0.2682,1.0,0.0,67.8566,0.9965,1.0,0.233,0.0,0.1586,0.9999,0.4375,0.4129,1.0122,3.7448,0.7511,0.008,1.0,0.0697,0.0,0.4384
1754558160000,129.1731,1.0,0.0694,0.7113,0.0,0.2645,1.0,0.0,70.8156,0.9967,1.0,0.2431,0.0,0.1672,0.9998,0.4327,0.4271,1.0146,3.8261,0.7438,0.0079,1.0,0.1138,0.0,0.4362
1754558220000,133.1184,1.0,0.0694,0.712,0.0,0.2591,1.0,0.0,72.0228,0.9966,1.0,0.2389,0.0,0.166,0.9998,0.4402,0.4209,1.0102,3.8721,0.7492,0.0079,1.0,0.0486,0.0,0.4271
1754558280000,130.2305,1.0,0.0694,0.7118,0.0,0.2562,1.0,0.0,71.2909,0.9966,1.0,0.2397,0.0,0.1646,0.9997,0.4561,0.4218,1.0131,3.7861,0.7475,0.0075,1.0,0.0548,0.0,0.4358
1754558340000,127.1076,1.0,0.0694,0.7114,0.0,0.2653,1.0,0.0,69.1778,0.9969,1.0,0.2439,0.0,0.1672,0.9999,0.436,0.4295,1.0287,3.8766,0.7566,0.0078,1.0,0.0507,0.0,0.4269
1754558400000,130.3307,1.0,0.0694,0.7109,0.0,0.2636,1.0,0.0,72.1003,0.9967,1.0,0.243,0.0,0.161,0.9997,0.445,0.4251,1.0163,3.8755,0.7534,0.0074,1.0,0.0775,0.0,0.43
1754558460000,131.7326,1.0,0.0694,0.7137,0.0,0.2545,1.0,0.0,70.5431,0.9966,1.0,0.2341,0.0,0.1664,0.9999,0.4539,0.4135,1.0108,3.7435,0.7543,0.0077,1.0,0.0618,0.0,0.4233
1754558520000,130.6843,1.0,0.0694,0.7134,0.0,0.2568,1.0,0.0,72.0257,0.9968,1.0,0.2542,0.0,0.1681,0.9997,0.4406,0.4455,1.0103,3.6624,0.7493,0.0078,1.0,0.0582,0.0,0.439
1754558580000,129.9216,1.0,0.0694,0.7147,0.0,0.2545,1.0,0.0,69.9908,0.9967,1.0,0.2501,0.0,0.1643,0.9998,0.4489,0.4402,1.0083,3.9023,0.7475,0.0077,1.0,0.2555,0.0,0.4286
1754558640000,132.2313,1.0,0.0694,0.7142,0.0,0.2523,1.0,0.0,71.9684,0.9964,1.0,0.2457,0.0,0.1621,0.9998,0.4238,0.432,1.0063,3.7325,0.7472,0.0076,1.0,0.066,0.0,0.4188
1754558700000,128.4933,1.0,0.0694,0.7127,0.0,0.2545,1.0,0.0,71.1445,0.9965,1.0,0.2578,0.0,0.1649,0.9998,0.4249,0.4509,1.0198,3.8384,0.7589,0.0074,1.0,0.0653,0.0,0.43
1754558760000,135.1215,1.0,0.0694,0.714,0.0,0.2545,1.0,0.0,73.1033,0.9964,1.0,0.2553,0.0,0.1677,0.9998,0.4443,0.4489,1.0173,3.79,0.7502,0.0071,1.0,0.0611,0.0,0.4361
1754558820000,133.9957,1.0,0.0694,0.7154,0.0,0.2614,1.0,0.0,71.5621,0.9966,1.0,0.2484,0.0,0.162,0.9999,0.4485,0.4383,1.0143,3.5647,0.7554,0.0074,1.0,0.069,0.0,0.4405
1754558880000,128.0714,1.0,0.0694,0.7138,0.0,0.2545,1.0,0.0,69.5997,0.9966,1.0,0.2478,0.0,0.1584,0.9998,0.473,0.4342,1.0185,3.8935,0.7513,0.0076,1.0,0.0629,0.0,0.4487
1754558940000,135.0205,1.0,0.0694,0.7159,0.0,0.2636,1.0,0.0,72.1012,0.9969,1.0,0.2398,0.0,0.1604,0.9998,0.4319,0.4236,1.0124,3.9414,0.7494,0.0072,1.0,0.0565,0.0,0.4242
1754559000000,135.4322,1.0,0.0694,0.7137,0.0,0.2568,1.0,0.0,74.7857,0.9967,1.0,0.2493,0.0,0.1667,0.9998,0.4493,0.4368,1.0179,3.8026,0.7623,0.0075,1.0,0.0744,0.0,0.4317
1754559060000,132.4033,1.0,0.0735,0.7152,0.0,0.2529,1.0,0.0,70.1335,0.9967,1.0,0.2407,51.6364,0.1531,0.9998,0.4575,0.4243,0.9984,3.7701,0.7497,0.0074,1.0,0.0839,0.0455,0.4336
1754559120000,135.9567,1.0,0.0735,0.7157,0.0,0.2523,1.0,0.0,72.991,0.9969,1.0,0.2422,0.0,0.1545,0.9998,0.44,0.4264,1.0101,3.7511,0.7512,0.0073,1.0,0.0877,0.0,0.4166
1754559180000,131.8093,1.0,0.0735,0.7139,0.0,0.2614,1.0,0.0,72.1958,0.9968,1.0,0.2431,0.0,0.1574,0.9998,0.441,0.4272,1.0096,3.5125,0.7491,0.0073,1.0,0.0673,0.0,0.4365
1754559240000,129.6521,1.0,0.0735,0.713,0.0,0.2579,1.0,0.0,71.1905,0.9969,1.0,0.2467,0.0,0.1584,0.9998,0.4381,0.4321,1.0107,3.6647,0.7512,0.0075,1.0,0.0591,0.0,0.4238
1754559300000,128.6293,1.0,0.0735,0.7132,0.0,0.2591,1.0,0.0,70.7316,0.9967,1.0,0.2471,0.0,0.1593,0.9999,0.4533,0.4324,1.01,3.7585,0.7528,0.0076,1.0,0.0586,0.0,0.4154
1754559360000,131.7982,1.0,0.0694,0.7134,0.0,0.2568,1.0,0.0,71.5479,0.9966,1.0,0.2452,0.0,0.1656,0.9998,0.4335,0.4295,1.0001,3.8676,0.7481,0.0072,1.0,0.0942,0.0,0.4231
1754559420000,130.5272,1.0,0.0694,0.7148,0.0,0.2591,1.0,0.0,70.0306,0.9966,1.0,0.2431,0.0,0.1602,0.9998,0.4239,0.4282,1.0061,3.688,0.7495,0.0077,1.0,0.0454,0.0,0.4137
1754559480000,131.2989,1.0,0.0694,0.7162,0.0,0.2608,1.0,0.0,70.172,0.9967,1.0,0.2464,0.0,0.1572,0.9998,0.4347,0.4357,1.0118,3.6723,0.753,0.0075,1.0,0.0679,0.0,0.4205
1754559540000,126.9659,1.0,0.0694,0.715,0.0,0.2568,1.0,0.0,68.082,0.9967,1.0,0.2445,0.0,0.1625,0.9999,0.4178,0.4311,1.0071,3.6037,0.7484,0.0074,1.0,0.0587,0.0,0.4351
1754559600000,129.9333,1.0,0.0694,0.7143,0.0,0.2694,1.0,0.0,69.396,0.9963,1.0,0.2407,0.0,0.1686,0.9998,0.4222,0.4243,1.0191,3.836,0.7572,0.0077,1.0,0.0666,0.0,0.4314
1754559660000,129.6683,1.0,0.0694,0.7141,0.0,0.2659,1.0,0.0,70.108,0.9965,1.0,0.2359,0.0,0.1571,0.9999,0.4185,0.4152,1.0147,3.8152,0.7602,0.0076,1.0,0.0678,0.0,0.4239
1754559720000,131.8277,1.0,0.0694,0.7156,0.0,0.2699,1.0,0.0,70.4867,0.9964,1.0,0.2466,0.0,0.1559,0.9997,0.44,0.4359,1.0041,3.6911,0.7502,0.0074,1.0,0.0539,0.0,0.425
1754559780000,127.084,1.0,0.0694,0.7136,0.0,0.2665,1.0,0.0,70.5785,0.9966,1.0,0.2502,0.0,0.1604,0.9998,0.4397,0.4382,0.9939,3.7111,0.7447,0.0074,1.0,0.0572,0.0,0.4474
1754559840000,133.1806,1.0,0.0694,0.7114,0.0,0.2614,1.0,0.0,72.3691,0.9964,1.0,0.232,0.0,0.1621,0.9997,0.4148,0.4081,1.0018,3.7821,0.8134,0.0072,1.0,0.075,0.0,0.4339
1754559900000,130.9876,1.0,0.0694,0.7136,0.0,0.2622,1.0,0.0,70.6222,0.9965,1.0,0.2398,0.0,0.1575,0.9999,0.4197,0.423,1.0029,3.81,0.7911,0.0073,1.0,0.0844,0.0,0.4263
1754559960000,130.526,1.0,0.0694,0.713,0.0,0.2636,1.0,0.0,70.8473,0.9966,1.0,0.2405,0.0,0.1685,0.9998,0.4066,0.4238,0.9998,3.8054,0.7806,0.0075,1.0,0.0516,0.0,0.4363
1754560020000,130.5606,1.0,0.0694,0.7116,0.0,0.2575,1.0,0.0,71.549,0.9967,1.0,0.2346,0.0,0.1733,0.9997,0.4284,0.4121,1.0111,3.7222,0.8031,0.0077,1.0,0.0805,0.0,0.4353
1754560080000,130.2495,1.0,0.0694,0.7119,0.0,0.2568,1.0,0.0,70.5598,0.9965,1.0,0.2367,0.0,0.1622,0.9998,0.4292,0.4167,0.9945,3.9325,0.7826,0.0074,1.0,0.0565,0.0,0.406
1754560140000,129.5589,1.0,0.0694,0.7127,0.0,0.2614,1.0,0.0,70.4088,0.9968,1.0,0.2372,0.0,0.159,0.9998,0.4343,0.4171,0.9973,3.7359,0.7673,0.0073,1.0,0.0722,0.0,0.4195
1754560200000,129.8883,1.0,0.0694,0.7137,0.0,0.2627,1.0,0.0,70.055,0.9963,1.0,0.2356,0.0,0.1526,0.9998,0.4201,0.4154,0.9972,3.8414,0.7642,0.0075,1.0,0.0618,0.0,0.4245
1754560260000,129.8651,1.0,0.0694,0.7133,0.0,0.2644,1.0,0.0,70.6994,0.9965,1.0,0.2417,0.0,0.1566,0.9998,0.413,0.4237,1.0051,3.7282,0.7491,0.0071,1.0,0.0558,0.0,0.4233
1754560320000,128.7852,1.0,0.0694,0.7135,0.0,0.261,1.0,0.0,71.2661,0.9968,1.0,0.2475,0.0,0.162,0.9997,0.4102,0.4335,0.9948,3.7238,0.7458,0.0072,1.0,0.0635,0.0,0.4185
1754560380000,130.7309,1.0,0.0694,0.7149,0.0,0.2591,1.0,0.0,70.6318,0.9966,1.0,0.2416,0.0,0.1622,0.9998,0.408,0.4249,0.9917,3.6347,0.742,0.0077,1.0,0.0557,0.0,0.427
1754560440000,130.2886,1.0,0.0694,0.7162,0.0,0.2541,1.0,0.0,69.0065,0.9966,1.0,0.2388,0.0,0.1546,0.9999,0.3936,0.4221,0.9811,3.7207,0.7443,0.0075,1.0,0.0732,0.0,0.4096
1754560500000,129.0468,1.0,0.0694,0.7142,0.0,0.2591,1.0,0.0,69.1278,0.9965,1.0,0.24,0.0,0.1556,0.9998,0.3823,0.4224,0.988,3.6423,0.7446,0.0073,1.0,0.0523,0.0,0.4119
1754560560000,128.6287,1.0,0.0694,0.7135,0.0,0.2574,1.0,0.0,70.0715,0.9968,1.0,0.2444,0.0,0.1582,0.9998,0.4206,0.4287,0.978,3.6758,0.7425,0.0077,1.0,0.0539,0.0,0.4223
1754560620000,128.0443,1.0,0.0694,0.7155,0.0,0.2614,1.0,0.0,68.0367,0.9965,1.0,0.2364,0.0,0.1645,0.9999,0.4005,0.4174,0.9854,3.7473,0.7391,0.0076,1.0,0.0877,0.0,0.4125
1754560680000,127.6976,1.0,0.0694,0.7132,0.0,0.2545,1.0,0.0,70.7769,0.9964,1.0,0.2455,0.0,0.1587,0.9998,0.4186,0.4301,0.9791,3.6113,0.7396,0.0074,1.0,0.0643,0.0,0.4018
1754560740000,129.8641,1.0,0.0694,0.7145,0.0,0.2597,1.0,0.0,70.5751,0.9965,1.0,0.2419,0.0,0.1637,0.9999,0.4218,0.4254,0.969,3.5574,0.7348,0.0074,1.0,0.0787,0.0,0.4205
1754560800000,138.618,1.0,0.0694,0.7136,0.0,0.2614,1.0,0.0,75.5848,0.9963,1.0,0.2361,0.0,0.1489,0.9998,0.4357,0.4146,1.0259,3.9714,0.7711,0.0072,1.0,0.0439,0.0,0.4138
1754560860000,132.3439,1.0,0.0694,0.7155,0.0,0.2659,1.0,0.0,70.9153,0.9966,1.0,0.2341,0.0,0.1517,0.9998,0.4639,0.4131,1.0017,4.0006,0.7507,0.0074,1.0,0.0854,0.0,0.4114
1754560920000,135.5187,1.0,0.0694,0.7157,0.0,0.2654,1.0,0.0,71.9859,0.9965,1.0,0.2363,0.0,0.1554,0.9997,0.4294,0.4167,1.0058,3.6798,0.756,0.0076,1.0,0.1361,0.0,0.4105
1754560980000,131.0098,1.0,0.0694,0.7156,0.0,0.2579,1.0,0.0,71.0473,0.9966,1.0,0.236,0.0,0.162,0.9999,0.409,0.4164,1.0028,3.8179,0.7517,0.0075,1.0,0.0704,0.0,0.417
1754561040000,134.6703,1.0,0.0694,0.7143,0.0,0.2585,1.0,0.0,73.6649,0.9965,1.0,0.2403,0.0,0.1565,0.9997,0.4262,0.4228,1.0149,3.7701,0.7514,0.0072,1.0,0.093,0.0,0.4086
1754561100000,131.9958,1.0,0.0694,0.7154,0.0,0.2568,1.0,0.0,71.4359,0.9966,1.0,0.2369,0.0,0.1609,0.9998,0.4223,0.4173,1.013,3.6734,0.7562,0.0075,1.0,0.0513,0.0,0.4067
1754561160000,131.4604,1.0,0.0694,0.7145,0.0,0.2545,1.0,0.0,71.8557,0.9968,1.0,0.2378,0.0,0.1564,0.9998,0.4243,0.418,0.9946,3.5664,0.7446,0.0075,1.0,0.1756,0.0,0.4027
1754561220000,127.679,1.0,0.0694,0.7132,0.0,0.2591,1.0,0.0,69.862,0.9969,1.0,0.2366,0.0,0.1615,0.9998,0.4165,0.4147,0.9826,3.6988,0.7362,0.0076,1.0,0.0511,0.0,0.4138
1754561280000,134.3454,1.0,0.0694,0.7158,0.0,0.2636,1.0,0.0,71.4273,0.9966,1.0,0.2293,0.0,0.1511,0.9997,0.4126,0.4063,0.999,3.6398,0.7413,0.0073,1.0,0.0602,0.0,0.3913
1754561340000,129.9423,1.0,0.0694,0.7153,0.0,0.2614,1.0,0.0,69.0132,0.9968,1.0,0.2287,0.0,0.1573,0.9998,0.4166,0.4059,0.9911,3.632,0.7416,0.0072,1.0,0.0526,0.0,0.4022
1754561400000,131.2128,1.0,0.0694,0.7129,0.0,0.2591,1.0,0.0,70.5263,0.9965,1.0,0.2286,0.0,0.1403,0.9998,0.4288,0.405,1.0012,3.6948,0.7466,0.0076,1.0,0.0601,0.0,0.3994
1754561460000,130.8519,1.0,0.0694,0.7118,0.0,0.2568,1.0,0.0,70.2618,0.9967,1.0,0.2233,0.0,0.1461,0.9997,0.4132,0.3948,1.0004,3.6599,0.7774,0.0075,1.0,0.0441,0.0,0.4073
1754561520000,133.9387,1.0,0.0694,0.7122,0.0,0.2545,1.0,0.0,73.7172,0.9966,1.0,0.2307,0.0,0.1465,0.9996,0.418,0.4051,1.0048,3.6901,0.7503,0.0069,1.0,0.0605,0.0,0.4006
1754561580000,134.0408,1.0,0.0694,0.7131,0.0,0.2568,1.0,0.0,71.6406,0.9966,1.0,0.2284,0.0,0.1538,0.9997,0.4224,0.403,1.0006,3.5394,0.7494,0.0076,1.0,0.0524,0.0,0.3975
1754561640000,129.4632,1.0,0.0694,0.7117,0.0,0.2568,1.0,0.0,70.7618,0.9968,1.0,0.2321,0.0,0.1516,0.9998,0.4385,0.408,1.0212,3.6894,0.7482,0.0071,1.0,0.0666,0.0,0.415
1754561700000,135.0685,1.0,0.0694,0.7133,0.0,0.2568,1.0,0.0,72.0116,0.9964,1.0,0.2244,0.0,0.1542,0.9998,0.4335,0.3968,1.0257,3.5233,0.7547,0.0071,1.0,0.045,0.0,0.4183
1754561760000,130.6931,1.0,0.0694,0.7137,0.0,0.2523,1.0,0.0,69.6334,0.9965,1.0,0.2209,0.0,0.1398,0.9997,0.4207,0.3908,1.0036,3.5412,0.7451,0.0073,1.0,0.0727,0.0,0.4157
1754561820000,132.339,1.0,0.0694,0.7123,0.0,0.2591,1.0,0.0,71.3488,0.9966,1.0,0.226,0.0,0.1398,0.9998,0.3927,0.398,1.0053,3.5937,0.7505,0.0069,1.0,0.0647,0.0,0.3967
1754561880000,131.5011,1.0,0.0694,0.713,0.0,0.2614,1.0,0.0,70.0884,0.9965,1.0,0.2259,0.0,0.1572,0.9999,0.408,0.3989,1.0052,3.7322,0.7437,0.0073,1.0,0.0584,0.0,0.4187
1754561940000,131.1549,1.0,0.0694,0.7142,0.0,0.2545,1.0,0.0,71.3906,0.9966,1.0,0.2376,0.0,0.1552,0.9998,0.413,0.4189,1.0136,3.522,0.754,0.0068,1.0,0.1133,0.0,0.411
1754562000000,134.4188,1.0,0.0694,0.7148,0.0,0.2523,1.0,0.0,71.5763,0.9967,1.0,0.2292,0.0,0.1594,0.9998,0.4131,0.4036,1.0166,3.5793,0.7599,0.007,1.0,0.0522,0.0,0.4109
1754562060000,127.838,1.0,0.0694,0.7144,0.0,0.2539,1.0,0.0,69.228,0.9967,1.0,0.2419,0.0,0.1595,0.9998,0.4031,0.4257,1.0218,3.5505,0.7542,0.0073,1.0,0.0578,0.0,0.4116
1754562120000,128.7396,1.0,0.0694,0.7144,0.0,0.2539,1.0,0.0,69.7656,0.9966,1.0,0.2351,0.0,0.156,0.9999,0.3992,0.4136,1.01,3.6177,0.748,0.0072,1.0,0.0578,0.0,0.4078
1754562180000,126.9536,1.0,0.0694,0.7152,0.0,0.2545,1.0,0.0,68.3058,0.9967,1.0,0.2329,0.0,0.1496,0.9999,0.404,0.4101,1.0071,3.4975,0.7444,0.0069,1.0,0.0759,0.0,0.4097
1754562240000,128.6954,1.0,0.0694,0.7152,0.0,0.2614,1.0,0.0,70.0759,0.9967,1.0,0.2347,0.0,0.1441,0.9998,0.3802,0.4127,1.0005,3.6458,0.7419,0.0067,1.0,0.0522,0.0,0.3891
1754562300000,124.9384,1.0,0.0694,0.7131,0.0,0.2523,1.0,0.0,69.1412,0.9969,1.0,0.243,0.0,0.1528,0.9999,0.3711,0.425,1.0011,3.5705,0.7414,0.007,1.0,0.0565,0.0,0.3984
1754562360000,130.1505,1.0,0.0694,0.7161,0.0,0.2591,1.0,0.0,68.9084,0.9965,1.0,0.2311,0.0,0.1549,0.9998,0.4085,0.4088,1.0076,3.5382,0.7387,0.0075,1.0,0.0688,0.0,0.3962
1754562420000,128.0266,1.0,0.0694,0.7136,0.0,0.2614,1.0,0.0,69.6947,0.9967,1.0,0.2373,0.0,0.1522,0.9998,0.3957,0.4171,1.0061,3.4744,0.7455,0.0073,1.0,0.0451,0.0,0.3952
1754562480000,130.256,1.0,0.0694,0.7141,0.0,0.2591,1.0,0.0,70.589,0.9967,1.0,0.2357,0.0,0.1501,0.9998,0.3814,0.4147,1.004,3.7715,0.7439,0.007,1.0,0.158,0.0,0.4025
1754562540000,130.5568,1.0,0.0694,0.7134,0.0,0.2591,1.0,0.0,71.3335,0.9968,1.0,0.2369,0.0,0.155,0.9999,0.3893,0.4153,1.009,3.5065,0.7479,0.0071,1.0,0.0691,0.0,0.4084
1754562600000,133.947,1.0,0.0694,0.7141,0.0,0.2568,1.0,0.0,73.1078,0.9968,1.0,0.2373,0.0,0.1522,0.9998,0.386,0.4171,1.0189,3.5984,0.7533,0.0074,1.0,0.0536,0.0,0.3922
1754562660000,125.1762,1.0,0.0694,0.7142,0.0,0.2654,1.0,0.0,68.2851,0.9971,1.0,0.2342,0.0,0.153,0.9999,0.4027,0.4113,0.9966,3.6407,0.7415,0.0072,1.0,0.0604,0.0,0.4101
1754562720000,124.6273,1.0,0.0694,0.7126,0.0,0.2563,1.0,0.0,68.3861,0.997,1.0,0.2338,0.0,0.1554,0.9999,0.4074,0.4097,1.0228,3.5811,0.76,0.0072,1.0,0.0707,0.0,0.4031
1754562780000,126.8172,1.0,0.0694,0.7138,0.0,0.263,1.0,0.0,68.9773,0.9967,1.0,0.2341,0.0,0.152,0.9999,0.4184,0.4114,1.0002,3.4314,0.7449,0.0074,1.0,0.0834,0.0,0.4017
1754562840000,129.2332,1.0,0.0694,0.7136,0.0,0.2574,1.0,0.0,70.6865,0.9966,1.0,0.2342,0.0,0.1603,0.9998,0.4316,0.4113,0.9982,3.4356,0.7431,0.0076,1.0,0.0491,0.0,0.3912
1754562900000,127.7842,1.0,0.0694,0.7142,0.0,0.2568,1.0,0.0,69.7491,0.9965,1.0,0.2344,0.0,0.1536,0.9999,0.4244,0.4125,1.0094,3.6403,0.7487,0.0073,1.0,0.0497,0.0,0.3852
1754562960000,128.1341,1.0,0.0694,0.7146,0.0,0.2523,1.0,0.0,68.3473,0.9968,1.0,0.2352,0.0,0.157,0.9999,0.4136,0.4144,1.026,3.5357,0.7564,0.0075,1.0,0.0528,0.0,0.3855
1754563020000,126.8928,1.0,0.0694,0.7151,0.0,0.2545,1.0,0.0,67.9683,0.9969,1.0,0.2334,0.0,0.151,0.9999,0.4049,0.4112,0.997,3.4565,0.7367,0.0074,1.0,0.0609,0.0,0.4053
1754563080000,128.9541,1.0,0.0694,0.713,0.0,0.2568,1.0,0.0,71.2636,0.9972,1.0,0.241,0.0,0.1506,0.9998,0.4002,0.4218,0.9929,3.5283,0.7394,0.0074,1.0,0.0719,0.0,0.3958
1754563140000,127.381,1.0,0.0694,0.713,0.0,0.2614,1.0,0.0,70.0296,0.9971,1.0,0.2377,0.0,0.1576,0.9998,0.4278,0.4166,1.0013,3.5539,0.745,0.0072,1.0,0.1911,0.0,0.4037
1754563200000,128.2041,1.0,0.0694,0.7117,0.0,0.2636,1.0,0.0,69.7567,0.997,1.0,0.2322,0.0,0.1677,0.9998,0.4448,0.4082,1.0035,3.4409,0.7503,0.0078,1.0,0.0798,0.0,0.399
1754563260000,134.5916,1.0,0.0694,0.7114,0.0,0.2614,1.0,0.0,73.7577,0.9968,1.0,0.2302,0.0,0.1536,0.9997,0.4499,0.4044,1.0098,3.4226,0.7554,0.007,1.0,0.075,0.0,0.4261
1754563320000,128.6062,1.0,0.0694,0.7126,0.0,0.2682,1.0,0.0,69.8117,0.9969,1.0,0.2282,0.0,0.1542,0.9998,0.4395,0.401,1.0141,3.4587,0.7518,0.0073,1.0,0.0754,0.0,0.407
1754563380000,124.3511,1.0,0.0694,0.7121,0.0,0.2568,1.0,0.0,70.1377,0.9969,1.0,0.2414,0.0,0.1547,0.9999,0.429,0.421,1.0012,3.4257,0.7473,0.0072,1.0,0.0514,0.0,0.4003
1754563440000,132.714,1.0,0.0694,0.7136,0.0,0.2659,1.0,0.0,72.854,0.9969,1.0,0.2382,0.0,0.1572,0.9997,0.4275,0.4178,1.0048,3.5237,0.7512,0.0073,1.0,0.0572,0.0,0.4036
1754563500000,133.4185,1.0,0.0694,0.7157,0.0,0.2568,1.0,0.0,70.3948,0.9968,1.0,0.2341,0.0,0.139,0.9998,0.4144,0.4145,1.0107,3.4377,0.7627,0.0073,1.0,0.0681,0.0,0.4088
1754563560000,133.7404,1.0,0.0694,0.7148,0.0,0.2591,1.0,0.0,72.5251,0.997,1.0,0.2411,0.0,0.1498,0.9997,0.4062,0.4251,1.0123,3.4805,0.7582,0.0075,1.0,0.0646,0.0,0.4189
1754563620000,137.1281,1.0,0.0694,0.7165,0.0,0.25,1.0,0.0,71.8217,0.997,1.0,0.2348,0.0,0.1534,0.9996,0.4055,0.4159,1.022,3.5252,0.7646,0.0074,1.0,0.0916,0.0,0.413
1754563680000,129.5169,1.0,0.0694,0.7155,0.0,0.2574,1.0,0.0,69.1309,0.9968,1.0,0.2381,0.0,0.1548,0.9998,0.4149,0.4204,0.9981,3.5647,0.742,0.0074,1.0,0.0815,0.0,0.4082
1754563740000,131.4293,1.0,0.0694,0.7174,0.0,0.2682,1.0,0.0,67.9614,0.9967,1.0,0.2358,0.0,0.1598,0.9999,0.427,0.4189,1.001,3.4026,0.7461,0.0074,1.0,0.0492,0.0,0.4134
1754563800000,130.08,1.0,0.0694,0.7139,0.0,0.2614,1.0,0.0,70.1053,0.9966,1.0,0.2385,0.0,0.1527,0.9998,0.4205,0.4194,1.0022,3.5615,0.7479,0.0072,1.0,0.0473,0.0,0.4132
1754563860000,133.2075,1.0,0.0694,0.7148,0.0,0.2636,1.0,0.0,71.1863,0.9967,1.0,0.237,0.0,0.1501,0.9998,0.4207,0.4182,1.0006,3.5231,0.7448,0.007,1.0,0.0649,0.0,0.4058
1754563920000,128.6814,1.0,0.0694,0.7143,0.0,0.2584,1.0,0.0,69.4161,0.9967,1.0,0.2373,0.0,0.1508,0.9998,0.4159,0.4175,0.9924,3.5223,0.738,0.0075,1.0,0.0604,0.0,0.4208
1754563980000,130.4468,1.0,0.0694,0.7146,0.0,0.2545,1.0,0.0,69.1377,0.9968,1.0,0.2399,0.0,0.1475,0.9998,0.4208,0.4225,1.0333,3.437,0.7704,0.0076,1.0,0.0812,0.0,0.4215
1754564040000,124.8885,1.0,0.0694,0.7139,0.0,0.2562,1.0,0.0,67.423,0.9967,1.0,0.2406,0.0,0.1485,0.9999,0.4018,0.4227,1.0101,3.3887,0.7493,0.0073,1.0,0.0544,0.0,0.4194
1754564100000,128.8372,1.0,0.0694,0.7133,0.0,0.2545,1.0,0.0,68.1304,0.9966,1.0,0.2243,0.0,0.1395,0.9999,0.3997,0.3967,1.0212,3.5978,0.7586,0.0071,1.0,0.1966,0.0,0.3892
1754564160000,132.6851,1.0,0.0694,0.7137,0.0,0.2591,1.0,0.0,70.1247,0.9966,1.0,0.2234,0.0,0.152,0.9998,0.4175,0.3967,1.014,3.5841,0.7618,0.0072,1.0,0.0578,0.0,0.4046
1754564220000,129.6421,1.0,0.0694,0.7144,0.0,0.2659,1.0,0.0,69.7784,0.9967,1.0,0.2364,0.0,0.1488,0.9999,0.4157,0.4164,1.0049,3.3777,0.7493,0.0073,1.0,0.0644,0.0,0.4271
1754564280000,128.4844,1.0,0.0694,0.7156,0.0,0.2636,1.0,0.0,69.2257,0.9967,1.0,0.2387,0.0,0.1579,0.9999,0.406,0.4211,0.9796,3.5797,0.7381,0.0074,1.0,0.0763,0.0,0.4116
1754564340000,132.3767,1.0,0.0694,0.716,0.0,0.2545,1.0,0.0,69.5281,0.9969,1.0,0.2331,0.0,0.1549,0.9999,0.4136,0.4125,0.9724,3.4053,0.7315,0.0075,1.0,0.0535,0.0,0.4095
1754564400000,140.2079,1.0,0.0694,0.7152,0.0,0.2506,1.0,0.0,74.3475,0.9966,1.0,0.2348,0.0,0.1503,0.9997,0.4055,0.4145,1.0109,3.6869,0.7579,0.0069,1.0,0.1478,0.0,0.4026
1754564460000,130.4425,1.0,0.0694,0.7143,0.0,0.2477,1.0,0.0,70.3307,0.9964,1.0,0.2377,0.0,0.1531,0.9998,0.3968,0.4186,0.991,3.6878,0.7406,0.0073,1.0,0.0756,0.0,0.4133
1754564520000,130.9597,1.0,0.0694,0.7146,0.0,0.2522,1.0,0.0,71.0623,0.9966,1.0,0.2394,0.0,0.1454,0.9998,0.4011,0.4207,0.9806,3.5499,0.732,0.0072,1.0,0.0643,0.0,0.4106
1754564580000,127.1395,1.0,0.0694,0.7143,0.0,0.2545,1.0,0.0,68.3514,0.9968,1.0,0.244,0.0,0.1556,0.9998,0.4,0.4288,0.9803,3.637,0.7324,0.0074,1.0,0.0673,0.0,0.3963
1754564640000,135.3124,1.0,0.0694,0.716,0.0,0.2494,1.0,0.0,71.475,0.9968,1.0,0.2365,0.0,0.1517,0.9997,0.3756,0.419,0.9847,3.5343,0.7442,0.0074,1.0,0.0645,0.0,0.4108
1754564700000,132.1375,1.0,0.0694,0.7133,0.0,0.2568,1.0,0.0,71.9139,0.9967,1.0,0.2385,0.0,0.1618,0.9996,0.383,0.4184,0.9945,3.7479,0.7372,0.0073,1.0,0.2584,0.0,0.4153
1754564760000,130.4397,1.0,0.0694,0.7137,0.0,0.2614,1.0,0.0,70.2518,0.9968,1.0,0.2387,0.0,0.1531,0.9997,0.395,0.4199,0.9853,3.6491,0.7368,0.007,1.0,0.062,0.0,0.4127
1754564820000,129.728,1.0,0.0694,0.7147,0.0,0.2591,1.0,0.0,69.2338,0.9968,1.0,0.2407,0.0,0.1551,0.9998,0.4097,0.4243,0.9843,3.4533,0.7309,0.0073,1.0,0.0509,0.0,0.4154
1754564880000,133.3365,1.0,0.0694,0.7154,0.0,0.2676,1.0,0.0,71.6734,0.9968,1.0,0.233,0.0,0.1604,0.9997,0.4467,0.4109,0.9774,3.5629,0.7334,0.0072,1.0,0.1093,0.0,0.4061
1754564940000,129.2328,1.0,0.0694,0.7153,0.0,0.2665,1.0,0.0,69.6805,0.9968,1.0,0.2349,0.0,0.1462,0.9998,0.4415,0.4139,0.9677,3.5123,0.722,0.0071,1.0,0.0525,0.0,0.4129
1754565000000,130.2785,1.0,0.0694,0.714,0.0,0.2614,1.0,0.0,71.3917,0.9969,1.0,0.2416,0.0,0.1613,0.9998,0.43,0.4232,0.977,3.4121,0.7321,0.007,1.0,0.0641,0.0,0.3925
1754565060000,125.0529,1.0,0.0694,0.715,0.0,0.2636,1.0,0.0,67.2936,0.9968,1.0,0.24,0.0,0.1586,0.9999,0.4324,0.4234,0.9712,3.6699,0.7227,0.0073,1.0,0.08,0.0,0.4022
1754565120000,130.5294,1.0,0.0694,0.7159,0.0,0.2568,1.0,0.0,68.9368,0.9967,1.0,0.237,0.0,0.1605,0.9998,0.4326,0.4204,0.983,3.507,0.7322,0.0075,1.0,0.0872,0.0,0.4045
1754565180000,128.8729,1.0,0.0694,0.7152,0.0,0.2523,1.0,0.0,69.117,0.9968,1.0,0.2379,0.0,0.1619,0.9998,0.4458,0.4203,0.971,3.412,0.7264,0.0074,1.0,0.0745,0.0,0.4206
1754565240000,130.3229,1.0,0.0694,0.7131,0.0,0.2568,1.0,0.0,71.8459,0.9968,1.0,0.2419,0.0,0.1632,0.9997,0.4369,0.4247,1.0005,3.5325,0.7445,0.0073,1.0,0.0552,0.0,0.4101
1754565300000,130.3701,1.0,0.0694,0.7134,0.0,0.2574,1.0,0.0,71.0294,0.9967,1.0,0.2458,0.0,0.1556,0.9997,0.4224,0.4319,1.0057,3.572,0.7538,0.0075,1.0,0.1627,0.0,0.4153
1754565360000,126.7545,1.0,0.0694,0.7133,0.0,0.2529,1.0,0.0,69.1261,0.9967,1.0,0.2385,0.0,0.1521,0.9999,0.4306,0.4195,0.9973,3.5196,0.75,0.0074,1.0,0.0548,0.0,0.4298
1754565420000,125.9971,1.0,0.0694,0.7146,0.0,0.2455,1.0,0.0,67.8253,0.9966,1.0,0.2471,0.0,0.1627,0.9999,0.4403,0.4367,1.0172,3.5599,0.7575,0.0076,1.0,0.0884,0.0,0.4244
1754565480000,130.2114,1.0,0.0694,0.7133,0.0,0.2566,1.0,0.0,71.3213,0.9967,1.0,0.2485,0.0,0.1617,0.9998,0.4524,0.4377,1.0231,3.4111,0.7641,0.0075,1.0,0.0673,0.0,0.4221
1754565540000,131.848,1.0,0.0694,0.7146,0.0,0.2595,1.0,0.0,70.4614,0.9965,1.0,0.2452,0.0,0.1579,0.9998,0.4493,0.4329,1.0147,3.5355,0.7576,0.0073,1.0,0.1155,0.0,0.4258
1754565600000,133.4,1.0,0.0694,0.7157,0.0,0.2524,1.0,0.0,70.4424,0.9964,0.9545,0.2381,0.0,0.1598,0.9998,0.4695,0.4226,1.0168,3.6141,0.7689,0.0074,1.0,0.0738,0.0,0.4244
1754565660000,133.1524,1.0,0.0663,0.7122,0.0,0.2524,1.0,0.0,71.5638,0.9965,0.9545,0.2313,0.0,0.1567,0.9998,0.4373,0.4092,1.0163,3.6495,0.7627,0.0074,1.0,0.0899,0.0,0.418
1754565720000,129.9117,1.0,0.0663,0.7124,0.0,0.2571,1.0,0.0,69.7533,0.9967,0.9545,0.2334,0.0,0.1577,0.9998,0.4692,0.4136,1.0016,3.4458,0.7468,0.0074,1.0,0.0593,0.0,0.4353
1754565780000,132.8023,1.0,0.0682,0.7128,0.0,0.2506,1.0,0.0,70.3798,0.9966,0.9545,0.2283,53.7273,0.1527,0.9998,0.4632,0.4051,1.0051,3.6245,0.7596,0.0073,1.0,0.0542,0.0455,0.4184
1754565840000,130.2423,1.0,0.0699,0.7153,0.0,0.25,1.0,0.0,69.1477,0.9968,1.0,0.1573,0.0,0.1558,0.9998,0.4634,0.2849,1.0522,3.3728,0.7977,0.0073,1.0,0.0454,0.0,0.4364
1754565900000,127.829,1.0,0.0714,0.7118,0.0,0.2548,1.0,0.0,69.3664,0.9969,1.0,0.2278,0.0,0.1682,0.9998,0.4482,0.3963,1.0084,3.3767,0.759,0.0068,1.0,0.0651,0.0,0.4328
1754565960000,130.4916,1.0,0.0714,0.7122,0.0,0.2523,1.0,0.0,71.5388,0.9969,1.0,0.2349,0.0,0.1676,0.9997,0.4469,0.4135,1.028,3.3152,0.7669,0.0076,1.0,0.0742,0.0,0.439
1754566020000,130.648,1.0,0.0714,0.7123,0.0,0.2523,1.0,0.0,71.2071,0.9968,1.0,0.23,0.0,0.1669,0.9998,0.4568,0.4043,1.0388,3.3313,0.7772,0.0078,1.0,0.0534,0.0,0.4325
1754566080000,137.9777,1.0,0.0694,0.7124,0.0,0.2545,1.0,0.0,75.2039,0.9968,1.0,0.2331,0.0,0.1604,0.9994,0.4259,0.4091,1.0443,3.4747,0.7852,0.0072,1.0,0.0622,0.0,0.4229
1754566140000,139.3241,1.0,0.0694,0.7137,0.0,0.2506,1.0,0.0,76.2294,0.9969,1.0,0.2372,0.0,0.1564,0.9995,0.4248,0.416,1.0669,3.5355,0.8016,0.0073,1.0,0.0522,0.0,0.4077
1754566200000,139.313,1.0,0.0694,0.7138,0.0,0.2545,1.0,0.0,76.2115,0.9967,1.0,0.2367,0.0,0.1594,0.9997,0.4197,0.4157,1.0285,3.5005,0.7787,0.0072,1.0,0.0787,0.0,0.4188
1754566260000,138.8972,1.0,0.0694,0.7153,0.0,0.2614,1.0,0.0,74.9599,0.9968,1.0,0.242,0.0,0.1556,0.9997,0.3985,0.4278,1.0645,3.6968,0.796,0.0074,1.0,0.0597,0.0,0.4133
1754566320000,131.0973,1.0,0.0694,0.7149,0.0,0.2608,1.0,0.0,71.8197,0.9969,1.0,0.2452,0.0,0.1512,0.9996,0.4116,0.4314,1.0016,3.6273,0.7477,0.0074,1.0,0.0513,0.0,0.4179
1754566380000,134.9627,1.0,0.0694,0.7147,0.0,0.275,1.0,0.0,73.3692,0.9964,1.0,0.2407,0.0,0.1578,0.9996,0.4233,0.4244,1.0282,3.6057,0.7731,0.0077,1.0,0.0565,0.0,0.419
1754566440000,132.0686,1.0,0.0694,0.7136,0.0,0.2659,1.0,0.0,72.2521,0.9969,1.0,0.2339,0.0,0.1546,0.9997,0.4433,0.4098,1.0124,3.6025,0.7503,0.0073,1.0,0.0707,0.0,0.4067
1754566500000,133.4863,1.0,0.0694,0.7141,0.0,0.2644,1.0,0.0,71.8784,0.997,1.0,0.234,0.0,0.1591,0.9996,0.4203,0.4096,0.9952,3.5308,0.7428,0.0075,1.0,0.0752,0.0,0.3938
1754566560000,133.5014,1.0,0.0694,0.7135,0.0,0.2591,1.0,0.0,73.0537,0.9969,1.0,0.2429,0.0,0.1549,0.9996,0.4277,0.4257,0.9842,3.4375,0.7417,0.0073,1.0,0.0609,0.0,0.3908
1754566620000,131.2344,1.0,0.0694,0.7132,0.0,0.2614,1.0,0.0,72.6929,0.9969,1.0,0.2408,0.0,0.1535,0.9997,0.4485,0.4222,0.9875,3.7181,0.7394,0.0076,1.0,0.0694,0.0,0.4014
1754566680000,134.458,1.0,0.0694,0.711,0.0,0.2545,1.0,0.0,76.085,0.9968,1.0,0.2439,0.0,0.1451,0.9995,0.4185,0.4246,0.9894,3.4628,0.7433,0.0069,1.0,0.0589,0.0,0.4064
1754566740000,128.2896,1.0,0.0694,0.7148,0.0,0.2598,1.0,0.0,69.2017,0.9968,1.0,0.2375,0.0,0.157,0.9999,0.4051,0.419,0.987,3.4509,0.7301,0.0073,1.0,0.0556,0.0,0.4071
1754566800000,133.1659,1.0,0.0694,0.7139,0.0,0.2568,1.0,0.0,72.8863,0.9969,1.0,0.2356,0.0,0.1678,0.9998,0.4127,0.4125,0.9872,3.3927,0.7402,0.0073,1.0,0.0763,0.0,0.3943
1754566860000,134.5267,1.0,0.0694,0.7161,0.0,0.2591,1.0,0.0,72.039,0.9966,1.0,0.2326,0.0,0.1557,0.9998,0.3873,0.4137,1.0238,3.567,0.7646,0.0075,1.0,0.0509,0.0,0.3935
1754566920000,131.2519,1.0,0.0694,0.7144,0.0,0.2483,1.0,0.0,72.1622,0.9967,1.0,0.2373,0.0,0.1532,0.9996,0.415,0.4153,1.0179,3.3487,0.7576,0.0072,1.0,0.0723,0.0,0.412
1754566980000,125.5543,1.0,0.0694,0.7144,0.0,0.25,1.0,0.0,68.7659,0.9969,1.0,0.2308,0.0,0.1546,0.9998,0.4158,0.4081,1.0003,3.5194,0.7492,0.0072,1.0,0.0803,0.0,0.4071
1754567040000,126.7176,1.0,0.0694,0.714,0.0,0.2551,1.0,0.0,69.9278,0.9969,1.0,0.2396,0.0,0.1638,0.9997,0.4045,0.4199,1.0109,3.5494,0.7543,0.0076,1.0,0.2005,0.0,0.3981
1754567100000,127.7198,1.0,0.0694,0.7135,0.0,0.2568,1.0,0.0,70.6387,0.9969,1.0,0.236,0.0,0.1525,0.9998,0.4,0.4139,0.9952,3.6079,0.7418,0.0073,1.0,0.0557,0.0,0.3991
1754567160000,127.776,1.0,0.0694,0.7129,0.0,0.2659,1.0,0.0,71.3768,0.9971,1.0,0.2414,0.0,0.1563,0.9998,0.4172,0.4215,0.9924,3.6243,0.7396,0.0073,1.0,0.0773,0.0,0.4031
1754567220000,125.1162,1.0,0.0694,0.7117,0.0,0.2591,1.0,0.0,69.8865,0.997,1.0,0.2469,0.0,0.1523,0.9998,0.4009,0.4308,0.9873,3.2994,0.7389,0.0075,1.0,0.0822,0.0,0.3992
1754567280000,131.4524,1.0,0.0694,0.7132,0.0,0.2568,1.0,0.0,71.3757,0.9967,0.9524,0.2251,0.0,0.1489,0.9997,0.4059,0.3971,0.9925,3.5794,0.7389,0.0072,1.0,0.0768,0.0,0.4014
1754567340000,128.6182,1.0,0.0694,0.7116,0.0,0.2585,1.0,0.0,72.2379,0.997,1.0,0.2589,0.0,0.1688,0.9998,0.4063,0.4511,1.0032,3.3708,0.7505,0.0078,1.0,0.0529,0.0,0.4135
1754567400000,130.4365,1.0,0.0694,0.7129,0.0,0.2637,1.0,0.0,71.6828,0.9965,0.9091,0.2522,0.0,0.1605,0.9998,0.4118,0.4415,0.9861,3.4716,0.7383,0.0077,1.0,0.0618,0.0,0.4105
1754567460000,133.5076,1.0,0.0631,0.7149,0.0,0.2588,1.0,0.0,72.2309,0.9965,0.9091,0.249,0.0,0.1687,0.9997,0.411,0.4387,0.9918,3.4409,0.7445,0.0081,1.0,0.1239,0.0,0.4082
1754567520000,132.6005,1.0,0.0631,0.7136,0.0,0.265,1.0,0.0,72.7937,0.997,0.9091,0.2517,0.0,0.1624,0.9997,0.4247,0.4424,1.0001,3.4035,0.7494,0.0077,1.0,0.0576,0.0,0.4495
1754567580000,128.8593,1.0,0.0631,0.7139,0.0,0.2625,1.0,0.0,71.7129,0.997,0.9091,0.2575,0.0,0.1598,0.9997,0.437,0.4504,0.9978,3.4792,0.7452,0.0075,1.0,0.0455,0.0,0.4294
1754567640000,126.9539,1.0,0.0663,0.7123,0.0,0.2624,1.0,0.0,71.154,0.9969,0.9545,0.1819,0.0,0.1415,0.9999,0.4155,0.3151,0.9849,3.388,0.7435,0.0064,1.0,0.0474,0.0,0.4313
1754567700000,130.6694,1.0,0.0694,0.7136,0.0,0.2683,1.0,0.0,72.0094,0.9969,1.0,0.201,0.0,0.1525,0.9999,0.4244,0.3474,1.0088,3.5781,0.7559,0.0065,1.0,0.0434,0.0,0.4143
1754567760000,135.4178,1.0,0.0694,0.7123,0.0,0.265,1.0,0.0,73.9234,0.9966,1.0,0.2214,0.0,0.1522,0.9996,0.4526,0.389,0.982,3.5668,0.8127,0.0073,1.0,0.0637,0.0,0.4448
1754567820000,133.629,1.0,0.0694,0.7105,0.0,0.2636,1.0,0.0,73.3221,0.9965,1.0,0.2145,0.0,0.1615,0.9997,0.4441,0.3802,0.996,3.5136,0.8687,0.0076,1.0,0.0562,0.0,0.436
1754567880000,129.8135,1.0,0.0694,0.7146,0.0,0.2642,1.0,0.0,70.4698,0.9966,1.0,0.2332,0.0,0.1692,0.9999,0.4225,0.4131,0.9876,3.4483,0.7424,0.0078,1.0,0.1578,0.0,0.4178
1754567940000,135.4327,1.0,0.0694,0.7134,0.0,0.2607,1.0,0.0,73.3782,0.9965,1.0,0.228,0.0,0.167,0.9998,0.426,0.4022,0.995,3.4465,0.7467,0.0073,1.0,0.0654,0.0,0.413
1754568000000,136.8165,1.0,0.0694,0.7142,0.0,0.2614,1.0,0.0,74.1965,0.9967,1.0,0.24,0.0,0.1731,0.9997,0.4088,0.4226,1.0209,3.7656,0.7553,0.0079,1.0,0.0507,0.0,0.4044
1754568060000,125.4308,1.0,0.0694,0.714,0.0,0.2614,1.0,0.0,67.4843,0.9967,1.0,0.2417,0.0,0.1773,0.9999,0.4178,0.4247,1.0088,3.7443,0.7502,0.008,1.0,0.0923,0.0,0.4168
1754568120000,125.0894,1.0,0.0694,0.7119,0.0,0.262,1.0,0.0,69.8461,0.9969,1.0,0.2421,0.0,0.1641,0.9998,0.4208,0.4236,1.0007,3.7524,0.742,0.0077,1.0,0.091,0.0,0.4109
1754568180000,131.0825,1.0,0.0694,0.7144,0.0,0.2618,1.0,0.0,71.2211,0.9968,1.0,0.2406,0.0,0.1797,0.9998,0.4366,0.4227,0.9946,3.6605,0.7397,0.0079,1.0,0.0898,0.0,0.4081
1754568240000,130.0054,1.0,0.0694,0.7133,0.0,0.2614,1.0,0.0,70.4971,0.9968,1.0,0.2394,0.0,0.1799,0.9998,0.4143,0.4209,0.9877,3.7512,0.7354,0.0076,1.0,0.0595,0.0,0.4033
1754568300000,133.6901,1.0,0.0694,0.7156,0.0,0.2591,1.0,0.0,71.9981,0.9967,1.0,0.2323,0.0,0.1574,0.9998,0.4089,0.4093,1.004,3.5565,0.7456,0.0076,1.0,0.0528,0.0,0.4036
1754568360000,129.9305,1.0,0.0694,0.7154,0.0,0.2568,1.0,0.0,69.6262,0.9969,1.0,0.2302,0.0,0.1696,0.9999,0.4022,0.4061,1.0198,3.4661,0.7592,0.0077,1.0,0.0522,0.0,0.4107
1754568420000,135.1393,1.0,0.0694,0.7148,0.0,0.2591,1.0,0.0,71.9624,0.9967,1.0,0.2317,0.0,0.1759,0.9999,0.4219,0.4092,1.0288,3.5695,0.7628,0.0074,1.0,0.081,0.0,0.3939
1754568480000,131.2902,1.0,0.0694,0.7169,0.0,0.2558,1.0,0.0,70.8741,0.9968,1.0,0.2284,0.0,0.1628,0.9998,0.4165,0.4057,1.0035,3.3838,0.7423,0.0075,1.0,0.0787,0.0,0.4047
1754568540000,130.8648,1.0,0.0694,0.7158,0.0,0.2545,1.0,0.0,69.4183,0.9966,1.0,0.2292,0.0,0.1567,0.9999,0.4174,0.4068,0.987,3.4936,0.7296,0.0076,1.0,0.0411,0.0,0.405
1754568600000,131.6438,1.0,0.0694,0.7136,0.0,0.2597,1.0,0.0,72.3492,0.9965,1.0,0.2422,0.0,0.1575,0.9998,0.4349,0.4243,1.0056,3.4507,0.749,0.0075,1.0,0.0696,0.0,0.4071
1754568660000,129.0398,1.0,0.0694,0.7135,0.0,0.262,1.0,0.0,70.4548,0.9969,1.0,0.238,0.0,0.169,0.9998,0.4184,0.419,0.9907,3.4304,0.7393,0.0078,1.0,0.1428,0.0,0.4056
1754568720000,138.5357,1.0,0.0694,0.7149,0.0,0.2631,1.0,0.0,76.1628,0.9969,1.0,0.2423,0.0,0.1634,0.9996,0.4167,0.4274,1.0231,3.5217,0.7583,0.0074,1.0,0.1234,0.0,0.4002
1754568780000,127.9328,1.0,0.0694,0.7145,0.0,0.2636,1.0,0.0,70.5669,0.9968,1.0,0.246,0.0,0.1627,0.9999,0.4176,0.432,0.9937,3.5399,0.7336,0.0077,1.0,0.0416,0.0,0.4278
1754568840000,133.8438,1.0,0.0694,0.7166,0.0,0.255,1.0,0.0,71.3435,0.997,1.0,0.2365,0.0,0.1611,0.9997,0.4139,0.4188,0.9949,3.5638,0.7369,0.0079,1.0,0.0731,0.0,0.4034
1754568900000,130.3209,1.0,0.0694,0.7155,0.0,0.2545,1.0,0.0,70.3849,0.9967,1.0,0.237,0.0,0.1593,0.9998,0.419,0.4173,1.0109,3.3008,0.7539,0.0079,1.0,0.0457,0.0,0.406
1754568960000,130.8088,1.0,0.0694,0.7137,0.0,0.2591,1.0,0.0,72.3861,0.9969,1.0,0.2452,0.0,0.1695,0.9997,0.4256,0.4302,1.0224,3.4682,0.759,0.0078,1.0,0.0582,0.0,0.4003
1754569020000,130.2015,1.0,0.0694,0.7143,0.0,0.2614,1.0,0.0,71.6521,0.9968,1.0,0.2416,0.0,0.1706,0.9996,0.4202,0.4243,1.0117,3.4863,0.7447,0.0077,1.0,0.0508,0.0,0.4143
1754569080000,134.913,1.0,0.0694,0.7138,0.0,0.2545,1.0,0.0,74.3344,0.9969,1.0,0.2405,0.0,0.1709,0.9997,0.4153,0.4208,1.0116,3.4364,0.7514,0.0076,1.0,0.0649,0.0,0.404
1754569140000,131.4384,1.0,0.0694,0.7144,0.0,0.2636,1.0,0.0,72.9907,0.9966,1.0,0.2366,0.0,0.1526,0.9997,0.43,0.4161,0.9941,3.7802,0.7379,0.0074,1.0,0.0524,0.0,0.4007
1754569200000,135.2569,1.0,0.0694,0.7133,0.0,0.2711,1.0,0.0,74.3299,0.9967,1.0,0.2438,0.0,0.1712,0.9996,0.4281,0.4236,1.0275,3.6049,0.7614,0.0073,1.0,0.0607,0.0,0.3984
1754569260000,134.3929,1.0,0.0694,0.7148,0.0,0.2659,1.0,0.0,73.3036,0.9968,1.0,0.2361,0.0,0.1681,0.9997,0.4132,0.4153,1.0215,3.5858,0.7548,0.0072,1.0,0.0473,0.0,0.4042
1754569320000,133.4979,1.0,0.0694,0.7143,0.0,0.2636,1.0,0.0,73.2957,0.9969,1.0,0.2494,0.0,0.1665,0.9996,0.3966,0.4365,1.0141,3.5368,0.7525,0.0078,1.0,0.0605,0.0,0.4155
1754569380000,132.2204,1.0,0.0694,0.7139,0.0,0.2591,1.0,0.0,72.4625,0.997,1.0,0.2353,0.0,0.1614,0.9997,0.3723,0.4137,1.0057,3.4214,0.7635,0.008,1.0,0.0473,0.0,0.4234
1754569440000,131.0056,1.0,0.0694,0.7139,0.0,0.2568,1.0,0.0,72.1433,0.997,1.0,0.2391,0.0,0.162,0.9998,0.3902,0.4206,1.0173,3.5869,0.7535,0.0081,1.0,0.0695,0.0,0.4219
1754569500000,134.1885,1.0,0.0694,0.7139,0.0,0.2545,1.0,0.0,73.4285,0.9967,1.0,0.2433,0.0,0.1741,0.9997,0.3915,0.4266,1.0262,3.7037,0.7669,0.0077,1.0,0.0627,0.0,0.4095
1754569560000,131.5598,1.0,0.0694,0.7138,0.0,0.2585,1.0,0.0,72.1765,0.9968,1.0,0.2528,0.0,0.165,0.9998,0.3902,0.4393,1.0133,3.5911,0.7466,0.0077,1.0,0.0975,0.0,0.4145
1754569620000,129.2898,1.0,0.0694,0.7146,0.0,0.2563,1.0,0.0,71.1947,0.9966,1.0,0.24,0.0,0.1585,0.9998,0.4108,0.4224,1.0308,3.4871,0.7548,0.0074,1.0,0.0822,0.0,0.4113
1754569680000,131.9431,1.0,0.0694,0.7155,0.0,0.2523,1.0,0.0,72.5802,0.9968,1.0,0.2413,0.0,0.1746,0.9998,0.4239,0.4258,1.0191,3.5019,0.7541,0.0077,1.0,0.0676,0.0,0.4146
1754569740000,136.9372,1.0,0.0694,0.7153,0.0,0.2591,1.0,0.0,74.113,0.9968,1.0,0.2405,0.0,0.1546,0.9998,0.4311,0.4235,1.0207,3.672,0.7575,0.0076,1.0,0.0844,0.0,0.4167
1754569800000,139.8286,1.0,0.0694,0.7135,0.0,0.2591,1.0,0.0,77.1513,0.9967,0.9545,0.2428,0.0,0.1637,0.9996,0.4143,0.4251,1.0369,3.8763,0.7668,0.0074,1.0,0.081,0.0,0.4227
1754569860000,140.3964,1.0,0.0694,0.7135,0.0,0.2607,1.0,0.0,76.0627,0.9966,0.9524,0.2412,0.0,0.1582,0.9995,0.4387,0.4249,1.0247,3.7215,0.7577,0.0079,1.0,0.0651,0.0,0.4181
1754569920000,135.0743,1.0,0.0694,0.7127,0.0,0.2591,1.0,0.0,74.6606,0.9966,1.0,0.2521,0.0,0.1722,0.9997,0.4511,0.4405,1.0175,3.712,0.7556,0.0077,1.0,0.061,0.0,0.4194
1754569980000,131.3818,1.0,0.0694,0.7127,0.0,0.2595,1.0,0.0,72.4945,0.9965,0.9,0.2564,0.0,0.1684,0.9998,0.471,0.4483,1.0213,3.6282,0.7511,0.0082,1.0,0.0706,0.0,0.4121
1754570040000,135.2708,1.0,0.0694,0.7146,0.0,0.255,1.0,0.0,74.1843,0.9965,1.0,0.2685,0.0,0.1907,0.9997,0.456,0.4729,1.0252,3.7304,0.7512,0.0086,1.0,0.0524,0.0,0.3941
1754570100000,137.8465,1.0,0.0694,0.714,0.0,0.26,1.0,0.0,76.0175,0.9969,1.0,0.2788,0.0,0.192,0.9996,0.4773,0.4894,1.039,3.6884,0.7652,0.0092,1.0,0.0445,0.0,0.4544
1754570160000,137.4716,1.0,0.0694,0.7135,0.0,0.2444,1.0,0.0,75.8036,0.9969,1.0,0.2731,0.0,0.1995,0.9997,0.4858,0.4789,1.0256,3.8878,0.7582,0.0086,1.0,0.0551,0.0,0.4596
1754570220000,134.9003,1.0,0.0694,0.7146,0.0,0.2556,1.0,0.0,72.3398,0.9966,1.0,0.2702,0.0,0.1918,0.9998,0.5044,0.4771,1.0111,3.8531,0.75,0.0087,1.0,0.062,0.0,0.4837
1754570280000,134.3264,1.0,0.0694,0.7148,0.0,0.2556,1.0,0.0,72.4068,0.9966,1.0,0.2703,0.0,0.2001,0.9997,0.4965,0.4792,1.0189,3.645,0.7513,0.0085,1.0,0.0775,0.0,0.4806
1754570340000,133.505,1.0,0.0694,0.7127,0.0,0.2528,1.0,0.0,74.7184,0.9968,1.0,0.2714,0.0,0.1834,0.9997,0.5347,0.476,1.0265,3.7172,0.7654,0.0086,1.0,0.0978,0.0,0.4853
1754570400000,128.9045,1.0,0.0694,0.7125,0.0,0.2528,1.0,0.0,71.9919,0.9967,1.0,0.2795,0.0,0.2015,0.9999,0.5151,0.4902,1.0119,3.6402,0.7459,0.0089,1.0,0.0719,0.0,0.48
1754570460000,129.1624,1.0,0.0694,0.7111,0.0,0.2618,1.0,0.0,72.0402,0.9968,1.0,0.2692,0.0,0.1914,0.9998,0.5167,0.4712,1.0139,3.6409,0.7579,0.0088,1.0,0.0937,0.0,0.4862
1754570520000,136.7267,1.0,0.0694,0.7148,0.0,0.2611,1.0,0.0,74.0658,0.9966,1.0,0.2722,0.0,0.1893,0.9998,0.5353,0.4794,1.0544,3.7264,0.7687,0.0088,1.0,0.0745,0.0,0.4658
1754570580000,128.9952,1.0,0.0694,0.7124,0.0,0.2583,1.0,0.0,71.9085,0.9968,0.9444,0.2862,0.0,0.1912,0.9997,0.514,0.5007,1.0395,3.5492,0.7634,0.0087,1.0,0.0759,0.0,0.504
1754570640000,127.0583,1.0,0.0694,0.7122,0.0,0.2583,1.0,0.0,70.5982,0.9968,0.9333,0.2924,0.0,0.192,0.9998,0.4969,0.5101,1.03,3.6752,0.7529,0.0088,1.0,0.0561,0.0,0.4746
1754570700000,131.5544,1.0,0.0694,0.7125,0.0,0.2611,1.0,0.0,73.1912,0.9967,1.0,0.3209,0.0,0.2148,0.9999,0.5183,0.5621,1.0342,3.6801,0.7567,0.0102,1.0,0.0621,0.0,0.4832
1754570760000,134.6023,1.0,0.0608,0.7141,0.0,0.2607,1.0,0.0,73.6242,0.9967,0.7778,0.3301,0.0,0.2275,0.9998,0.5349,0.5791,1.0435,3.7166,0.7573,0.0102,1.0,0.0515,0.0,0.486
1754570820000,134.4571,1.0,0.054,0.714,0.0,0.2536,1.0,0.0,72.9749,0.9965,0.7778,0.3241,0.0,0.2264,0.9998,0.5393,0.5706,1.032,3.7595,0.7577,0.0104,1.0,0.2323,0.0,0.4593
1754570880000,134.4403,1.0,0.054,0.7126,0.0,0.25,1.0,0.0,75.1874,0.9966,0.7778,0.3334,0.0,0.2349,0.9998,0.5775,0.5834,1.0837,3.7528,0.7986,0.0104,1.0,0.0469,0.0,0.5662
1754570940000,131.2979,1.0,0.054,0.7144,0.0,0.2509,1.0,0.0,71.6567,0.9965,0.7778,0.3317,0.0,0.2282,0.9998,0.5493,0.5837,1.0108,3.6148,0.748,0.0097,1.0,0.0528,0.0,0.5335
1754571000000,138.4347,1.0,0.0734,0.714,0.0,0.2607,1.0,0.0,75.0889,0.9967,0.7778,0.2964,0.0,0.1943,0.9997,0.5689,0.5165,1.0429,3.8577,0.7714,0.0096,1.0,0.0505,0.0,0.5583
1754571060000,133.2973,1.0,0.0885,0.7143,0.0,0.25,1.0,0.0,70.8708,0.9971,0.9333,0.3205,0.0,0.2079,0.9998,0.5721,0.5611,1.0451,3.6452,0.77,0.0095,1.0,0.0529,0.0,0.5123
1754571120000,132.9683,1.0,0.0899,0.7132,0.0,0.25,1.0,0.0,73.3015,0.9969,0.8235,0.3328,0.0,0.2199,0.9997,0.5892,0.5837,1.0488,3.7239,0.7783,0.0099,1.0,0.0393,0.0,0.5724
1754571180000,132.1584,1.0,0.074,0.7141,0.0,0.25,1.0,0.0,73.2743,0.9966,0.7778,0.3217,0.0,0.2114,0.9998,0.6124,0.567,1.0229,3.6442,0.7578,0.0102,1.0,0.1214,0.0,0.5691
1754571240000,135.6894,1.0,0.0699,0.7135,0.0,0.2571,1.0,0.0,74.1439,0.9966,0.7778,0.32,0.0,0.2072,0.9997,0.6276,0.5632,1.0218,3.611,0.7504,0.0097,1.0,0.1616,0.0,0.5841
1754571300000,132.1849,1.0,0.063,0.7138,0.0,0.2536,1.0,0.0,72.6082,0.9968,0.7778,0.3305,0.0,0.2218,0.9998,0.5889,0.5806,1.0345,3.856,0.7642,0.0102,1.0,0.0542,0.0,0.5381
1754571360000,130.4691,1.0,0.0614,0.714,0.0,0.2571,1.0,0.0,71.6194,0.9968,0.8235,0.3215,0.0,0.2113,0.9998,0.5938,0.5652,1.0375,3.6283,0.7635,0.0102,1.0,0.0933,0.0,0.5318
1754571420000,131.9748,1.0,0.0629,0.7142,0.0,0.2617,1.0,0.0,71.9397,0.9971,0.8125,0.3374,0.0,0.2128,0.9997,0.5529,0.592,1.0364,3.6054,0.7697,0.0101,1.0,0.1048,0.0,0.516
1754571480000,137.2588,1.0,0.0739,0.7134,0.0,0.2533,1.0,0.0,74.8328,0.9967,0.875,0.3093,0.0,0.2088,0.9998,0.5538,0.5437,1.1027,3.6834,0.8174,0.0095,1.0,0.0606,0.0,0.5413
1754571540000,134.3596,1.0,0.0647,0.7145,0.0625,0.2594,1.0,0.0,74.227,0.9968,0.875,0.3256,0.0,0.2293,0.9998,0.5775,0.5739,1.1281,3.7799,0.8424,0.0105,1.0,0.0951,0.0,0.5758
1754571600000,139.9482,1.0,0.061,0.7133,0.0,0.2571,1.0,0.0,77.1506,0.9967,0.7778,0.3416,0.0,0.2336,0.9997,0.5956,0.6003,1.075,3.8253,0.8064,0.0105,1.0,0.0652,0.0,0.5693
1754571660000,132.8371,1.0,0.0576,0.7148,0.0,0.2643,1.0,0.0,71.9967,0.9968,0.7778,0.3348,0.0,0.2155,0.9998,0.5764,0.591,1.0393,3.7176,0.7739,0.0104,1.0,0.1334,0.0,0.5325
1754571720000,135.4836,1.0,0.0596,0.7138,0.0,0.2643,1.0,0.0,74.1799,0.9967,0.7778,0.3334,0.0,0.227,0.9997,0.5826,0.5873,1.0375,3.7643,0.7734,0.0103,1.0,0.0537,0.0,0.5373
1754571780000,126.6147,1.0,0.0661,0.7115,0.0,0.2668,1.0,0.0,69.9651,0.9971,0.8235,0.3097,0.0,0.2193,0.9998,0.5468,0.5408,1.0182,3.7709,0.7646,0.0101,1.0,0.1869,0.0,0.5191
1754571840000,127.3099,1.0,0.0667,0.7121,0.0,0.2509,1.0,0.0,70.2995,0.9966,1.0,0.3189,0.0,0.214,0.9997,0.5544,0.5572,1.0206,3.7462,0.7601,0.0099,1.0,0.1063,0.0,0.521
1754571900000,135.6205,1.0,0.0687,0.7149,0.0,0.2572,1.0,0.0,72.7633,0.9967,0.8235,0.2829,0.0,0.1954,0.9997,0.5632,0.5022,1.0196,3.6611,0.7521,0.0092,1.0,0.1129,0.0,0.5289
1754571960000,133.7897,1.0,0.0609,0.7151,0.0,0.26,1.0,0.0,72.1748,0.9968,0.8235,0.323,0.0,0.2077,0.9998,0.5483,0.5693,1.025,3.7378,0.7597,0.0095,1.0,0.1347,0.0,0.5369
1754572020000,131.6919,1.0,0.0576,0.7139,0.0,0.2599,1.0,0.0,72.1483,0.9968,0.7778,0.3193,0.0,0.2015,0.9998,0.531,0.5616,1.011,3.5979,0.7508,0.009,1.0,0.0677,0.0,0.5602
1754572080000,134.6561,1.0,0.0569,0.7158,0.0,0.2607,1.0,0.0,73.4964,0.9969,0.7778,0.3281,0.0,0.2201,0.9996,0.525,0.579,1.0234,3.6717,0.7575,0.0098,1.0,0.1179,0.0,0.4912
1754572140000,130.357,1.0,0.0592,0.7147,0.0,0.2597,1.0,0.0,73.0805,0.9969,0.8333,0.3248,0.0,0.2078,0.9998,0.5472,0.5714,1.0404,3.7196,0.7617,0.0098,1.0,0.0749,0.0,0.5269
1754572200000,141.5877,1.0,0.0702,0.7153,0.0,0.2526,1.0,0.0,76.2164,0.9966,0.9444,0.3052,0.0,0.1957,0.9996,0.5088,0.538,1.0867,3.9236,0.7954,0.0092,1.0,0.0608,0.0,0.4997
1754572260000,131.5512,1.0,0.0761,0.7146,0.0,0.256,1.0,0.0,72.1939,0.9968,1.0,0.2814,0.0,0.1783,0.9998,0.5081,0.4956,1.05,3.7548,0.7768,0.0091,1.0,0.0783,0.0,0.5336
1754572320000,133.9738,1.0,0.0761,0.7139,0.0,0.2583,1.0,0.0,74.5268,0.9969,1.0,0.2827,0.0,0.1822,0.9997,0.5074,0.4968,1.0175,3.8934,0.757,0.0088,1.0,0.082,0.0,0.5208
1754572380000,131.0022,1.0,0.0761,0.7177,0.0,0.2507,1.0,0.0,71.1384,0.9968,1.0,0.2701,0.0,0.1725,0.9998,0.5621,0.4803,0.997,3.4862,0.745,0.0085,1.0,0.0466,0.0,0.475
1754572440000,129.9306,1.0,0.0761,0.7157,0.0,0.2577,1.0,0.0,70.8928,0.9969,1.0,0.2797,0.0,0.1824,0.9997,0.521,0.4932,1.0036,3.6756,0.7508,0.0088,1.0,0.0757,0.0,0.4715
1754572500000,129.934,1.0,0.0705,0.7157,0.0,0.2618,1.0,0.0,70.8675,0.9967,1.0,0.2709,0.0,0.1766,0.9999,0.4903,0.4786,1.0216,3.4736,0.7557,0.0086,1.0,0.0684,0.0,0.4569
1754572560000,133.7582,1.0,0.0694,0.7161,0.0,0.2576,1.0,0.0,72.2459,0.9965,1.0,0.2713,0.0,0.1755,0.9997,0.4621,0.48,1.0221,3.7026,0.7544,0.0082,1.0,0.1826,0.0,0.4444
1754572620000,132.6802,1.0,0.0694,0.7145,0.0,0.2583,1.0,0.0,73.5043,0.9968,1.0,0.2717,0.0,0.1736,0.9998,0.4888,0.478,1.0155,3.7142,0.754,0.0082,1.0,0.0533,0.0,0.4637
1754572680000,138.461,1.0,0.0694,0.7145,0.0,0.2591,1.0,0.0,76.547,0.9967,1.0,0.2779,0.0,0.1699,0.9996,0.4746,0.4885,1.0422,3.6219,0.7773,0.0082,1.0,0.0785,0.0,0.4387
1754572740000,130.4959,1.0,0.0694,0.7159,0.0,0.2591,1.0,0.0,71.0609,0.9966,1.0,0.2733,0.0,0.1771,0.9998,0.4994,0.4832,1.0063,3.6905,0.75,0.0084,1.0,0.0666,0.0,0.4551
1754572800000,129.2181,1.0,0.0694,0.7116,0.0,0.2694,1.0,0.0,72.7069,0.9967,1.0,0.2617,0.0,0.1747,0.9999,0.4801,0.4599,1.0082,3.5661,0.7912,0.0085,1.0,0.053,0.0,0.4438
1754572860000,134.6126,1.0,0.0694,0.7133,0.0,0.2639,1.0,0.0,73.4638,0.9965,1.0,0.2631,0.0,0.1752,0.9997,0.4674,0.4641,1.0147,3.5322,0.7801,0.0086,1.0,0.0881,0.0,0.4326
1754572920000,136.5381,1.0,0.0695,0.7139,0.0,0.2639,1.0,0.0,75.3325,0.9965,1.0,0.2658,0.0,0.1664,0.9997,0.4657,0.4682,1.024,3.4404,0.7599,0.0079,1.0,0.0929,0.0,0.45
1754572980000,134.4351,1.0,0.0695,0.7162,0.0,0.2667,1.0,0.0,72.2155,0.9963,1.0,0.266,0.0,0.1732,0.9998,0.46,0.4721,1.0262,3.5192,0.7614,0.0082,1.0,0.0747,0.0,0.431
1754573040000,133.6279,1.0,0.0695,0.7142,0.0,0.2667,1.0,0.0,74.1331,0.9965,1.0,0.2762,0.0,0.1831,0.9998,0.4386,0.4858,1.013,3.4744,0.7492,0.0086,1.0,0.0753,0.0,0.4449
1754573100000,135.4078,1.0,0.0695,0.7158,0.0,0.2611,1.0,0.0,74.0892,0.9967,1.0,0.2669,0.0,0.1676,0.9998,0.4588,0.4728,1.0245,3.5184,0.7544,0.0085,1.0,0.0703,0.0,0.4475
1754573160000,138.4059,1.0,0.0695,0.7148,0.0,0.2556,1.0,0.0,75.8135,0.9966,1.0,0.2705,0.0,0.1762,0.9996,0.434,0.4771,1.0089,3.3707,0.7555,0.0084,1.0,0.0684,0.0,0.4434
1754573220000,134.0937,1.0,0.0694,0.7138,0.0,0.2507,1.0,0.0,75.1479,0.9967,1.0,0.2685,0.0,0.1678,0.9997,0.4558,0.4717,1.0205,3.5968,0.7596,0.0082,1.0,0.0815,0.0,0.4401
1754573280000,136.4405,1.0,0.0694,0.7165,0.0,0.25,1.0,0.0,73.9362,0.9966,1.0,0.2695,0.0,0.1689,0.9997,0.4681,0.4766,1.0248,3.5584,0.7603,0.0083,1.0,0.0514,0.0,0.4229
1754573340000,134.221,1.0,0.0694,0.7143,0.0,0.2528,1.0,0.0,74.0796,0.9967,1.0,0.267,0.0,0.1637,0.9998,0.4951,0.4714,1.0053,3.5588,0.7442,0.0088,1.0,0.058,0.0,0.435
1754573400000,142.4623,1.0,0.0694,0.7155,0.0,0.2556,1.0,0.0,77.8235,0.9966,1.0,0.2662,0.0,0.1785,0.9996,0.4878,0.4708,1.0361,3.5568,0.7669,0.0084,1.0,0.0888,0.0,0.4442
1754573460000,135.9258,1.0,0.0694,0.7176,0.0,0.2583,1.0,0.0,73.0901,0.9966,1.0,0.2673,0.0,0.1664,0.9997,0.4885,0.475,1.019,3.5587,0.7495,0.0082,1.0,0.073,0.0,0.4424
1754573520000,134.9629,1.0,0.0694,0.7175,0.0,0.2667,1.0,0.0,73.0735,0.9967,1.0,0.2672,0.0,0.1774,0.9998,0.4679,0.4748,1.0188,3.7176,0.7492,0.0088,1.0,0.0646,0.0,0.4459
1754573580000,136.2576,1.0,0.0694,0.7148,0.0,0.2611,1.0,0.0,75.0517,0.9968,1.0,0.262,0.0,0.178,0.9997,0.4742,0.4622,1.0247,3.6235,0.7588,0.0085,1.0,0.0622,0.0,0.4345
1754573640000,136.7671,1.0,0.0694,0.7139,0.0,0.2639,1.0,0.0,76.8233,0.9968,1.0,0.2694,0.0,0.1637,0.9997,0.4606,0.473,1.029,3.5269,0.7575,0.0086,1.0,0.0691,0.0,0.4301
1754573700000,138.9247,1.0,0.0694,0.7174,0.0,0.2667,1.0,0.0,74.4648,0.9965,1.0,0.267,0.0,0.174,0.9996,0.4383,0.4744,1.0152,3.5396,0.7565,0.0088,1.0,0.1379,0.0,0.4425
1754573760000,138.3363,1.0,0.0694,0.7174,0.0,0.2694,1.0,0.0,74.3657,0.9963,1.0,0.2626,0.0,0.1687,0.9997,0.4639,0.467,1.0239,3.5125,0.754,0.0089,1.0,0.1522,0.0,0.433
1754573820000,139.0337,1.0,0.0694,0.717,0.0,0.2639,1.0,0.0,75.1955,0.9966,1.0,0.2628,0.0,0.174,0.9997,0.4432,0.4668,1.0202,3.541,0.7547,0.0085,1.0,0.1357,0.0,0.4328
1754573880000,138.6317,1.0,0.0694,0.7184,0.0,0.2583,1.0,0.0,74.8214,0.9967,1.0,0.2693,0.0,0.1701,0.9997,0.4908,0.4789,1.0175,3.4505,0.753,0.0087,1.0,0.0664,0.0,0.4356
1754573940000,130.5457,1.0,0.0694,0.716,0.0,0.2591,1.0,0.0,72.1918,0.9968,1.0,0.2697,0.0,0.1717,0.9997,0.4775,0.4758,1.0128,3.4213,0.7508,0.0084,1.0,0.0887,0.0,0.4469
1754574000000,134.7087,1.0,0.0694,0.7176,0.0,0.2556,1.0,0.0,73.4626,0.9966,1.0,0.2685,0.0,0.1677,0.9998,0.4692,0.4767,1.0309,3.455,0.7572,0.0087,1.0,0.066,0.0,0.4281
1754574060000,135.3855,1.0,0.0694,0.7188,0.0,0.2556,1.0,0.0,72.1009,0.9966,1.0,0.2623,0.0,0.1685,0.9999,0.4608,0.4684,1.0305,3.4842,0.7551,0.0084,1.0,0.0784,0.0,0.4422
1754574120000,137.3319,1.0,0.0694,0.7167,0.0,0.25,1.0,0.0,74.0255,0.9964,1.0,0.2622,0.0,0.1653,0.9997,0.4654,0.4652,1.0252,3.3185,0.761,0.0084,1.0,0.0709,0.0,0.4501
1754574180000,136.014,1.0,0.0694,0.7159,0.0,0.2556,1.0,0.0,74.8196,0.9966,1.0,0.2653,0.0,0.1767,0.9997,0.4825,0.4688,1.014,3.4506,0.7488,0.0086,1.0,0.069,0.0,0.4465
1754574240000,135.3642,1.0,0.0694,0.7165,0.0,0.2528,1.0,0.0,75.0361,0.9968,1.0,0.2712,0.0,0.1662,0.9997,0.4617,0.4807,1.0497,3.4431,0.7624,0.0087,1.0,0.0952,0.0,0.4335
1754574300000,133.2852,1.0,0.0694,0.7148,0.0,0.2556,1.0,0.0,74.1837,0.9967,1.0,0.2525,0.0,0.1724,0.9998,0.4447,0.4466,1.0462,3.5025,0.8018,0.0085,1.0,0.0711,0.0,0.4446
1754574360000,134.0452,1.0,0.0694,0.715,0.0,0.2466,1.0,0.0,72.8093,0.9968,1.0,0.2419,0.0,0.1672,0.9998,0.4744,0.4308,1.0355,3.5519,0.817,0.0085,1.0,0.0667,0.0,0.4272
1754574420000,135.4582,1.0,0.0694,0.7162,0.0,0.2521,1.0,0.0,74.6811,0.9965,1.0,0.2533,0.0,0.1693,0.9998,0.4374,0.45,1.0062,3.5163,0.7651,0.0085,1.0,0.3273,0.0,0.4223
1754574480000,130.409,1.0,0.0694,0.7156,0.0,0.2528,1.0,0.0,72.677,0.9966,1.0,0.2684,0.0,0.1797,0.9997,0.4374,0.4736,1.0209,3.3313,0.7479,0.009,1.0,0.0776,0.0,0.4356
1754574540000,134.1515,1.0,0.0694,0.7161,0.0,0.2577,1.0,0.0,73.7248,0.9966,1.0,0.2601,0.0,0.1834,0.9997,0.4035,0.4602,1.0196,3.473,0.7541,0.0089,1.0,0.0482,0.0,0.433
1754574600000,138.9891,1.0,0.0694,0.7149,0.0,0.2556,1.0,0.0,76.9358,0.9967,1.0,0.2592,0.0,0.174,0.9995,0.4149,0.4569,1.0244,3.4152,0.7568,0.0087,1.0,0.0679,0.0,0.4377
1754574660000,136.4992,1.0,0.0694,0.7165,0.0,0.2583,1.0,0.0,75.5704,0.9968,1.0,0.2558,0.0,0.1689,0.9998,0.4483,0.4539,1.027,3.4326,0.7508,0.0086,1.0,0.0809,0.0,0.429
1754574720000,138.2006,1.0,0.0694,0.7165,0.0,0.2528,1.0,0.0,76.2992,0.9968,1.0,0.2634,0.0,0.1711,0.9997,0.4454,0.4672,1.0288,3.2093,0.7502,0.0086,1.0,0.083,0.0,0.4326
1754574780000,138.6166,1.0,0.0694,0.7162,0.0,0.2528,1.0,0.0,74.0276,0.9966,1.0,0.243,0.0,0.1712,0.9997,0.4285,0.4345,1.0255,3.3129,0.7966,0.0086,1.0,0.3112,0.0,0.4501
1754574840000,137.5487,1.0,0.0694,0.7111,0.0,0.2556,1.0,0.0,75.0296,0.9966,1.0,0.2381,0.0,0.1736,0.9997,0.4215,0.4266,1.0245,3.4752,0.8802,0.009,1.0,0.0916,0.0,0.4451
1754574900000,134.3582,1.0,0.0694,0.7123,0.0,0.2444,1.0,0.0,75.0441,0.9968,1.0,0.2462,0.0,0.1699,0.9998,0.4361,0.4384,1.0229,3.4613,0.8221,0.0085,1.0,0.073,0.0,0.436
1754574960000,137.7172,1.0,0.0694,0.717,0.0,0.25,1.0,0.0,75.7166,0.9968,1.0,0.2622,0.0,0.1678,0.9996,0.4304,0.4655,1.0247,3.348,0.7549,0.0089,1.0,0.0713,0.0,0.4346
1754575020000,133.1361,1.0,0.0694,0.7169,0.0,0.2472,1.0,0.0,74.1213,0.9967,1.0,0.2587,0.0,0.1701,0.9998,0.4486,0.4581,1.0374,3.4294,0.7575,0.0086,1.0,0.0671,0.0,0.4491
1754575080000,130.9636,1.0,0.0694,0.717,0.0,0.2583,1.0,0.0,72.4147,0.9967,1.0,0.2573,0.0,0.1729,0.9998,0.4438,0.4552,1.0072,3.3159,0.754,0.0087,1.0,0.0857,0.0,0.4243
1754575140000,139.6891,1.0,0.0694,0.7188,0.0,0.2583,1.0,0.0,75.5582,0.9966,1.0,0.2547,0.0,0.1725,0.9997,0.4565,0.4542,1.0008,3.3293,0.7473,0.0086,1.0,0.0899,0.0,0.4207
1754575200000,148.8661,1.0,0.0694,0.7182,0.0,0.2611,1.0,0.0,81.2476,0.9966,1.0,0.2548,0.0,0.1662,0.9996,0.4451,0.454,1.0391,3.3513,0.773,0.0088,1.0,0.105,0.0,0.465
1754575260000,139.3109,1.0,0.0694,0.7192,0.0,0.2611,1.0,0.0,74.6238,0.9967,1.0,0.2582,0.0,0.1693,0.9998,0.4606,0.462,1.0197,3.4713,0.7552,0.0087,1.0,0.0704,0.0,0.4546
1754575320000,143.9444,1.0,0.0694,0.7189,0.0,0.2639,1.0,0.0,78.3194,0.9965,1.0,0.2552,0.0,0.1672,0.9997,0.4422,0.4557,1.0326,3.4549,0.7602,0.0086,1.0,0.0998,0.0,0.4628
1754575380000,140.479,1.0,0.0694,0.718,0.0,0.2611,1.0,0.0,77.1178,0.9967,1.0,0.2594,0.0,0.1795,0.9997,0.4503,0.462,1.0251,3.3021,0.7592,0.0092,1.0,0.0734,0.0,0.4414
1754575440000,140.773,1.0,0.0694,0.7185,0.0,0.2583,1.0,0.0,76.92,0.9966,1.0,0.2543,0.0,0.1583,0.9996,0.4806,0.4541,1.0466,3.3413,0.7623,0.0086,1.0,0.0704,0.0,0.4439
1754575500000,138.7062,1.0,0.0694,0.7171,0.0,0.2549,1.0,0.0,76.584,0.9968,1.0,0.2491,0.0,0.1583,0.9997,0.4636,0.4428,1.0305,3.2211,0.752,0.0084,1.0,0.0898,0.0,0.4381
1754575560000,141.3982,1.0,0.0694,0.7184,0.0,0.2549,1.0,0.0,76.601,0.9964,1.0,0.2494,0.0,0.1647,0.9997,0.4536,0.445,1.034,3.2904,0.7532,0.009,1.0,0.0513,0.0,0.4167
1754575620000,139.5923,1.0,0.0694,0.7186,0.0,0.2542,1.0,0.0,76.5717,0.9965,1.0,0.2539,0.0,0.1587,0.9997,0.4354,0.4534,1.0249,3.199,0.7444,0.0083,1.0,0.0643,0.0,0.4308
1754575680000,138.5408,1.0,0.0694,0.7182,0.0,0.2528,1.0,0.0,75.6206,0.9965,1.0,0.2581,0.0,0.1751,0.9997,0.4408,0.4604,1.0226,3.0724,0.7394,0.0091,1.0,0.0509,0.0,0.4209
1754575740000,139.3324,1.0,0.0694,0.7192,0.0,0.2493,1.0,0.0,75.6292,0.9967,1.0,0.256,0.0,0.1639,0.9998,0.4514,0.4575,1.0285,3.0635,0.7462,0.0092,1.0,0.0647,0.0,0.4552
1754575800000,137.0366,1.0,0.0694,0.7183,0.0,0.2472,1.0,0.0,75.6775,0.9968,1.0,0.2546,0.0,0.1557,0.9998,0.4561,0.4534,1.0259,3.2555,0.7404,0.0089,1.0,0.0581,0.0,0.4213
1754575860000,140.1634,1.0,0.0694,0.7181,0.0,0.2556,1.0,0.0,76.8121,0.9969,1.0,0.2584,0.0,0.1694,0.9998,0.4222,0.4597,1.0182,3.1571,0.7435,0.009,1.0,0.0516,0.0,0.4273
1754575920000,136.0773,1.0,0.0694,0.7177,0.0,0.2521,1.0,0.0,75.3991,0.997,1.0,0.2551,0.0,0.1704,0.9997,0.4268,0.453,1.0347,3.1966,0.7517,0.0089,1.0,0.0738,0.0,0.434
1754575980000,138.1596,1.0,0.0694,0.7187,0.0,0.25,1.0,0.0,76.2677,0.9968,1.0,0.2569,0.0,0.1606,0.9998,0.4258,0.4584,1.0038,3.2574,0.7321,0.0086,1.0,0.0747,0.0,0.4196
1754576040000,136.3086,1.0,0.0694,0.7189,0.0,0.2521,1.0,0.0,74.9206,0.9965,1.0,0.2533,0.0,0.1559,0.9999,0.4289,0.4517,0.9823,3.1265,0.7188,0.0089,1.0,0.076,0.0,0.4153
1754576100000,135.5272,1.0,0.0694,0.719,0.0,0.2556,1.0,0.0,74.2123,0.9968,1.0,0.2538,0.0,0.1651,0.9998,0.4138,0.4541,0.9936,3.1495,0.7234,0.009,1.0,0.0804,0.0,0.4146
1754576160000,138.3376,1.0,0.0694,0.7193,0.0,0.2556,1.0,0.0,75.1472,0.9967,1.0,0.2479,0.0,0.1563,0.9998,0.4129,0.4442,0.9911,3.0707,0.7239,0.0087,1.0,0.0961,0.0,0.4125
1754576220000,137.2482,1.0,0.0694,0.7197,0.0,0.2556,1.0,0.0,74.9115,0.9968,1.0,0.2507,0.0,0.1585,0.9998,0.4288,0.4485,0.9907,3.0871,0.7211,0.0088,1.0,0.1474,0.0,0.4145
1754576280000,137.3452,1.0,0.0694,0.7188,0.0,0.2591,1.0,0.0,76.1238,0.9969,1.0,0.2578,0.0,0.1663,0.9998,0.4188,0.4591,1.0059,3.0934,0.7245,0.0093,1.0,0.1807,0.0,0.3983
1754576340000,133.4905,1.0,0.0694,0.7179,0.0,0.2611,1.0,0.0,73.7906,0.9969,1.0,0.2459,0.0,0.1676,0.9999,0.4315,0.438,0.9993,3.2191,0.7276,0.0089,1.0,0.0429,0.0,0.4202
1754576400000,136.4163,1.0,0.0694,0.7196,0.0,0.2556,1.0,0.0,74.1358,0.9968,1.0,0.2445,0.0,0.162,0.9999,0.4231,0.4375,1.0057,3.1007,0.7314,0.0086,1.0,0.0755,0.0,0.4064
1754576460000,134.0771,1.0,0.0694,0.7188,0.0,0.2556,1.0,0.0,72.8279,0.9969,1.0,0.2468,0.0,0.167,0.9998,0.3986,0.4415,1.0178,3.249,0.7373,0.0092,1.0,0.0687,0.0,0.4063
1754576520000,134.2572,1.0,0.0694,0.7189,0.0,0.2611,1.0,0.0,73.3644,0.9968,1.0,0.2539,0.0,0.1725,0.9998,0.4103,0.4534,1.0527,3.0414,0.7607,0.0093,1.0,0.0717,0.0,0.4011
1754576580000,132.9979,1.0,0.0694,0.7188,0.0,0.2611,1.0,0.0,73.2334,0.9967,1.0,0.2447,0.0,0.1507,0.9998,0.4129,0.4368,1.0193,2.9938,0.7408,0.0086,1.0,0.065,0.0,0.4096
1754576640000,133.0187,1.0,0.0694,0.719,0.0,0.2583,1.0,0.0,73.2612,0.9969,1.0,0.2506,0.0,0.1579,0.9998,0.3986,0.4479,0.9939,3.2014,0.7298,0.0088,1.0,0.0519,0.0,0.3856
1754576700000,137.2098,1.0,0.0694,0.719,0.0,0.2611,1.0,0.0,75.489,0.9969,1.0,0.2479,0.0,0.1589,0.9997,0.416,0.4433,1.0011,3.1228,0.7248,0.0089,1.0,0.0545,0.0,0.4001
1754576760000,138.2067,1.0,0.0694,0.7184,0.0,0.2583,1.0,0.0,76.4929,0.9969,1.0,0.2504,0.0,0.1593,0.9996,0.4232,0.446,0.9928,3.0744,0.7257,0.0091,1.0,0.0477,0.0,0.3973
1754576820000,139.9581,1.0,0.0694,0.7189,0.0,0.2556,1.0,0.0,76.3334,0.997,1.0,0.2488,0.0,0.156,0.9997,0.4286,0.4431,0.9898,3.0246,0.7215,0.0088,1.0,0.0719,0.0,0.3978
1754576880000,133.826,1.0,0.0694,0.7198,0.0,0.2528,1.0,0.0,72.5644,0.9969,1.0,0.2462,0.0,0.1696,0.9999,0.42,0.4409,0.9834,3.0319,0.719,0.0093,1.0,0.1129,0.0,0.3923
1754576940000,141.8182,1.0,0.0694,0.7192,0.0,0.2563,1.0,0.0,77.7203,0.9968,1.0,0.2437,0.0,0.1586,0.9997,0.41,0.4352,0.9923,3.1159,0.7295,0.0089,1.0,0.0617,0.0,0.4033
1754577000000,143.7826,1.0,0.0694,0.7161,0.0,0.2583,1.0,0.0,78.9981,0.9969,1.0,0.2272,0.0,0.1577,0.9997,0.4131,0.4076,1.0061,3.157,0.8259,0.0092,1.0,0.074,0.0,0.407
1754577060000,139.5239,1.0,0.0694,0.715,0.0,0.2617,1.0,0.0,76.4391,0.9969,1.0,0.2269,0.0,0.1526,0.9998,0.4389,0.4078,0.9919,3.1277,0.8191,0.0089,1.0,0.0787,0.0,0.4165
1754577120000,142.9556,1.0,0.0694,0.7124,0.0,0.2667,1.0,0.0,78.0967,0.9968,1.0,0.2256,0.0,0.1565,0.9996,0.4056,0.4058,0.9985,3.1881,0.8038,0.0088,1.0,0.0699,0.0,0.4057
1754577180000,140.1262,1.0,0.0694,0.7149,0.0,0.2556,1.0,0.0,75.5573,0.997,1.0,0.2173,0.0,0.1548,0.9998,0.4267,0.3951,1.0203,3.0423,0.816,0.009,1.0,0.0656,0.0,0.4054
1754577240000,139.9659,1.0,0.0694,0.7118,0.0,0.2556,1.0,0.0,77.4086,0.9968,1.0,0.2233,0.0,0.1578,0.9997,0.4296,0.4055,1.0154,3.0756,0.8084,0.0088,1.0,0.0713,0.0,0.3987
1754577300000,142.4229,1.0,0.0694,0.7113,0.0,0.2444,1.0,0.0,76.0428,0.9969,1.0,0.2127,0.0,0.1607,0.9997,0.4053,0.3887,1.0284,3.1251,0.9021,0.009,1.0,0.0784,0.0,0.3958
1754577360000,145.1246,1.0,0.0694,0.7118,0.0,0.2493,1.0,0.0,76.978,0.9967,1.0,0.2108,0.0,0.1595,0.9998,0.4201,0.3848,1.0074,3.3679,0.8701,0.0085,1.0,0.2284,0.0,0.4156
1754577420000,139.0085,1.0,0.0694,0.7133,0.0,0.2444,1.0,0.0,73.9785,0.9969,1.0,0.2085,0.0,0.1624,0.9998,0.4203,0.3805,1.0413,3.1672,0.9088,0.009,1.0,0.0659,0.0,0.4102
1754577480000,140.6254,1.0,0.0694,0.7181,0.0,0.2472,1.0,0.0,75.7459,0.9969,1.0,0.2283,0.0,0.1615,0.9997,0.4204,0.4124,1.0122,3.2436,0.7906,0.0091,1.0,0.0642,0.0,0.4246
1754577540000,143.4249,1.0,0.0694,0.7172,0.0,0.2507,1.0,0.0,74.9895,0.9967,1.0,0.2036,0.0,0.1524,0.9998,0.4528,0.3733,0.982,2.9814,0.8327,0.009,1.0,0.0951,0.0,0.4128
1754577600000,144.4568,1.0,0.0694,0.7111,0.0,0.2472,1.0,0.0,78.7436,0.9969,1.0,0.2072,0.0,0.1556,0.9997,0.4249,0.3779,0.9972,3.1211,0.8456,0.009,1.0,0.0572,0.0,0.4045
1754577660000,145.0756,1.0,0.0694,0.7117,0.0,0.25,1.0,0.0,78.3598,0.9967,1.0,0.2039,0.0,0.1551,0.9997,0.4028,0.3716,1.0178,3.1622,0.8552,0.0088,1.0,0.0703,0.0,0.4048
1754577720000,147.0485,1.0,0.0694,0.7142,0.0,0.2556,1.0,0.0,79.0224,0.9968,1.0,0.2094,0.0,0.1503,0.9996,0.4,0.3798,1.0121,3.1878,0.8084,0.0088,1.0,0.0606,0.0,0.4081
1754577780000,148.8544,1.0,0.0694,0.7182,0.0,0.2556,1.0,0.0,79.4476,0.9968,1.0,0.2173,0.0,0.1527,0.9995,0.4263,0.3939,0.9909,3.0724,0.7577,0.0088,1.0,0.1507,0.0,0.3903
1754577840000,143.8877,1.0,0.0694,0.7186,0.0,0.2667,1.0,0.0,79.4187,0.9968,1.0,0.2384,0.0,0.1576,0.9996,0.4168,0.4262,1.0061,3.1082,0.7397,0.0088,1.0,0.0327,0.0,0.4147
1754577900000,142.8963,1.0,0.0694,0.7198,0.0,0.2583,1.0,0.0,78.9597,0.9967,1.0,0.2301,0.0,0.1617,0.9996,0.4343,0.4137,1.0012,2.9174,0.7584,0.009,1.0,0.0903,0.0,0.3983
1754577960000,154.3976,1.0,0.0694,0.7183,0.0,0.2583,1.0,0.0,80.7499,0.9966,1.0,0.2182,0.0,0.1534,0.9995,0.4567,0.3961,1.0031,3.0942,0.8092,0.0085,1.0,0.0886,0.0,0.4032
1754578020000,147.9902,1.0,0.0694,0.7164,0.0,0.2611,1.0,0.0,80.5409,0.9968,1.0,0.2205,0.0,0.1525,0.9994,0.4272,0.3977,1.0193,3.1643,0.8139,0.0087,1.0,0.0883,0.0,0.4118
1754578080000,149.0028,1.0,0.0694,0.7208,0.0,0.2611,1.0,0.0,80.8019,0.9966,1.0,0.2313,0.0,0.1488,0.9995,0.4258,0.4166,1.0171,2.9701,0.7476,0.0086,1.0,0.082,0.0,0.4021
1754578140000,152.4324,1.0,0.0694,0.7202,0.0,0.2583,1.0,0.0,83.2558,0.9964,1.0,0.2366,0.0,0.1572,0.9994,0.4482,0.4248,1.0081,2.9988,0.7351,0.0083,1.0,0.1714,0.0,0.4093
1754578200000,150.3417,1.0,0.0694,0.7208,0.0,0.2556,1.0,0.0,82.1471,0.997,1.0,0.2331,0.0,0.1597,0.9994,0.4307,0.4182,1.0149,2.891,0.7398,0.0082,1.0,0.07,0.0,0.4044
1754578260000,147.4597,1.0,0.0694,0.7182,0.0,0.2639,1.0,0.0,81.9656,0.9968,1.0,0.241,0.0,0.1561,0.9994,0.4339,0.4288,1.0039,2.9406,0.7359,0.0083,1.0,0.0489,0.0,0.3927
1754578320000,155.2167,1.0,0.0694,0.7185,0.0,0.2611,1.0,0.0,83.8027,0.9967,1.0,0.2257,0.0,0.1528,0.9993,0.4232,0.4067,0.9934,3.0509,0.7281,0.0083,1.0,0.0451,0.0,0.393
1754578380000,145.2119,1.0,0.0694,0.715,0.0,0.2583,1.0,0.0,79.1776,0.9969,1.0,0.2229,0.0,0.1601,0.9995,0.4156,0.4002,0.9773,3.0565,0.718,0.0089,1.0,0.0951,0.0,0.3965
1754578440000,152.7303,1.0,0.0694,0.7187,0.0,0.2611,1.0,0.0,78.5656,0.9966,1.0,0.2152,0.0,0.1523,0.9993,0.4251,0.3914,0.9877,2.9449,0.7222,0.0085,1.0,0.0548,0.0,0.3852
1754578500000,146.3337,1.0,0.0694,0.7208,0.0,0.2556,1.0,0.0,77.6781,0.9967,1.0,0.2239,0.0,0.1525,0.9995,0.4156,0.4045,0.9957,3.0748,0.7293,0.0088,1.0,0.0641,0.0,0.3942
1754578560000,149.2896,1.0,0.0694,0.7207,0.0,0.25,1.0,0.0,79.8395,0.9969,1.0,0.2316,0.0,0.1566,0.9994,0.4121,0.4165,0.9898,2.9529,0.726,0.0089,1.0,0.0656,0.0,0.392
1754578620000,136.8534,1.0,0.0694,0.7203,0.0,0.2556,1.0,0.0,74.1498,0.9966,1.0,0.2296,0.0,0.1467,0.9998,0.4031,0.4123,0.9727,2.8996,0.7167,0.0086,1.0,0.0691,0.0,0.3873
1754578680000,143.9186,1.0,0.0694,0.7209,0.0,0.2556,1.0,0.0,76.7845,0.9967,1.0,0.2336,0.0,0.1617,0.9996,0.3999,0.4211,0.9783,2.7759,0.7234,0.0087,1.0,0.0511,0.0,0.3912
1754578740000,142.3406,1.0,0.0694,0.721,0.0,0.2583,1.0,0.0,76.3447,0.9967,1.0,0.2233,0.0,0.1444,0.9998,0.4074,0.4023,0.9826,2.9487,0.7234,0.0086,1.0,0.0504,0.0,0.4047
1754578800000,154.7987,1.0,0.0694,0.7218,0.0,0.2611,1.0,0.0,81.3114,0.9966,1.0,0.2179,0.0,0.1453,0.9995,0.3988,0.3944,1.0347,3.0175,0.7529,0.0081,1.0,0.083,0.0,0.3804
1754578860000,141.7714,1.0,0.0694,0.72,0.0,0.2639,1.0,0.0,76.1703,0.9967,1.0,0.2292,0.0,0.1624,0.9997,0.4021,0.4115,1.0092,3.0487,0.7356,0.0085,1.0,0.0452,0.0,0.3855
1754578920000,136.73,1.0,0.0694,0.7213,0.0,0.2611,1.0,0.0,72.712,0.9966,1.0,0.2255,0.0,0.1477,0.9998,0.4074,0.4061,0.9985,3.0333,0.7279,0.0085,1.0,0.0796,0.0,0.3847
1754578980000,142.3542,1.0,0.0694,0.7225,0.0,0.2611,1.0,0.0,74.2735,0.9967,1.0,0.2205,0.0,0.1488,0.9998,0.4094,0.3996,0.9913,2.9299,0.7253,0.0086,1.0,0.1662,0.0,0.3811
1754579040000,141.5751,1.0,0.0694,0.7199,0.0,0.2611,1.0,0.0,76.723,0.9968,1.0,0.2313,0.0,0.1488,0.9997,0.4021,0.4155,0.993,3.0127,0.7277,0.0087,1.0,0.0435,0.0,0.3864
1754579100000,136.7394,1.0,0.0694,0.722,0.0,0.2556,1.0,0.0,73.0691,0.9968,1.0,0.2237,0.0,0.1473,0.9999,0.4021,0.4037,0.9934,3.1587,0.7299,0.0087,1.0,0.0468,0.0,0.3953
1754579160000,144.5996,1.0,0.0694,0.7221,0.0,0.2556,1.0,0.0,76.0346,0.9971,1.0,0.2225,0.0,0.1477,0.9997,0.4033,0.4014,0.9924,3.2212,0.728,0.0086,1.0,0.0592,0.0,0.3795
1754579220000,140.9241,1.0,0.0694,0.7184,0.0,0.2556,1.0,0.0,78.0087,0.9971,1.0,0.2275,0.0,0.1483,0.9997,0.3879,0.4059,0.9874,3.0069,0.7232,0.0085,1.0,0.066,0.0,0.3829
1754579280000,139.5079,1.0,0.0694,0.7185,0.0,0.2556,1.0,0.0,76.7725,0.9971,1.0,0.2248,0.0,0.1469,0.9997,0.3881,0.4024,0.9889,2.7659,0.7284,0.0085,1.0,0.0513,0.0,0.3802
1754579340000,137.2055,1.0,0.0694,0.7157,0.0,0.2556,1.0,0.0,75.4487,0.9969,1.0,0.217,0.0,0.1435,0.9997,0.3953,0.3891,1.0124,2.9309,0.83,0.0083,1.0,0.0473,0.0,0.3741
1754579400000,141.3532,1.0,0.0694,0.7169,0.0,0.2528,1.0,0.0,78.2659,0.997,1.0,0.2086,0.0,0.154,0.9996,0.39,0.3754,1.0005,2.9428,0.7982,0.0087,1.0,0.0634,0.0,0.3732
1754579460000,142.7969,1.0,0.0694,0.7181,0.0,0.2694,1.0,0.0,79.461,0.997,1.0,0.2256,0.0,0.141,0.9997,0.4018,0.4017,0.9976,3.0066,0.7359,0.0086,1.0,0.2344,0.0,0.3749
1754579520000,136.8042,1.0,0.0694,0.72,0.0,0.2667,1.0,0.0,74.6066,0.997,1.0,0.2233,0.0,0.1418,0.9997,0.4224,0.4002,0.9948,2.8754,0.7298,0.0084,1.0,0.144,0.0,0.366
1754579580000,142.2764,1.0,0.0694,0.7213,0.0,0.2667,1.0,0.0,75.5504,0.997,1.0,0.2149,0.0,0.144,0.9997,0.4022,0.3871,0.9762,2.9715,0.7207,0.0083,1.0,0.0593,0.0,0.3704
1754579640000,138.1773,1.0,0.0694,0.7208,0.0,0.2598,1.0,0.0,75.8873,0.997,1.0,0.2282,0.0,0.1469,0.9998,0.3847,0.4098,0.9571,2.9069,0.7072,0.0082,1.0,0.4074,0.0,0.3785
1754579700000,133.0947,1.0,0.0694,0.7194,0.0,0.2591,1.0,0.0,74.0059,0.9971,1.0,0.218,0.0,0.1488,0.9998,0.406,0.3901,0.9725,2.8707,0.718,0.0082,1.0,0.0442,0.0,0.364
1754579760000,139.3202,1.0,0.0694,0.7189,0.0,0.2563,1.0,0.0,77.1027,0.9971,1.0,0.226,0.0,0.1394,0.9997,0.3714,0.4034,0.9773,2.9129,0.7206,0.0081,1.0,0.2383,0.0,0.3472
1754579820000,141.1223,1.0,0.0694,0.7201,0.0,0.2556,1.0,0.0,76.3936,0.9968,1.0,0.2151,0.0,0.1435,0.9998,0.3672,0.3858,0.9769,2.8924,0.7229,0.0083,1.0,0.0781,0.0,0.3718
1754579880000,141.5197,1.0,0.0694,0.7195,0.0,0.2549,1.0,0.0,76.1003,0.9969,1.0,0.2136,0.0,0.1379,0.9997,0.3608,0.383,0.9826,2.917,0.7275,0.0081,1.0,0.0784,0.0,0.361
1754579940000,133.7351,1.0,0.0694,0.7209,0.0,0.2528,1.0,0.0,71.7184,0.997,1.0,0.2169,0.0,0.1467,0.9999,0.3906,0.39,0.9566,2.7439,0.7119,0.0086,1.0,0.1212,0.0,0.3556
1754580000000,139.2183,1.0,0.0694,0.7205,0.0,0.2506,1.0,0.0,75.0039,0.9972,1.0,0.2173,0.0,0.1412,0.9999,0.3672,0.3905,0.9897,2.8966,0.7374,0.0078,1.0,0.129,0.0,0.3609
1754580060000,134.5935,1.0,0.0694,0.7188,0.0,0.2583,1.0,0.0,74.4057,0.9971,1.0,0.2173,0.0,0.1457,0.9998,0.3804,0.3877,0.9962,2.8988,0.7361,0.0083,1.0,0.0803,0.0,0.3668
1754580120000,136.5756,1.0,0.0694,0.7205,0.0,0.2577,1.0,0.0,73.6941,0.9972,1.0,0.2152,0.0,0.1499,0.9998,0.3653,0.3858,0.967,2.9773,0.7194,0.0085,1.0,0.0771,0.0,0.3496
1754580180000,133.745,1.0,0.0694,0.7197,0.0,0.2632,1.0,0.0,72.5203,0.9974,1.0,0.2209,0.0,0.1485,0.9999,0.3519,0.3955,0.9532,2.8048,0.7098,0.0086,1.0,0.069,0.0,0.3517
1754580240000,135.7563,1.0,0.0694,0.7207,0.0,0.2604,1.0,0.0,73.1353,0.9973,1.0,0.213,0.0,0.1401,0.9997,0.3583,0.3822,0.9617,3.049,0.7118,0.0081,1.0,0.045,0.0,0.362
1754580300000,136.9243,1.0,0.0694,0.7219,0.0,0.2611,1.0,0.0,73.5168,0.997,1.0,0.2087,0.0,0.1424,0.9999,0.3615,0.3769,0.9597,3.1129,0.712,0.008,1.0,0.0497,0.0,0.3573
1754580360000,139.2019,1.0,0.0694,0.7215,0.0,0.2577,1.0,0.0,74.5808,0.997,1.0,0.2134,0.0,0.1342,0.9997,0.3503,0.3836,0.9516,2.7949,0.7123,0.008,1.0,0.0461,0.0,0.3525
1754580420000,137.6096,1.0,0.0694,0.7198,0.0,0.2611,1.0,0.0,75.4509,0.9969,1.0,0.2089,0.0,0.1325,0.9997,0.3425,0.374,0.9475,2.8509,0.7081,0.0082,1.0,0.0519,0.0,0.3473
1754580480000,131.3381,1.0,0.0694,0.7197,0.0,0.2583,1.0,0.0,73.0528,0.997,1.0,0.2116,0.0,0.1366,0.9998,0.3483,0.378,0.9657,2.9348,0.7213,0.0083,1.0,0.0709,0.0,0.3486
1754580540000,147.4029,1.0,0.0694,0.7216,0.0,0.2639,1.0,0.0,79.073,0.997,1.0,0.2136,0.0,0.1328,0.9997,0.351,0.3846,0.9701,3.0109,0.7273,0.0083,1.0,0.0756,0.0,0.3323
1754580600000,145.9296,1.0,0.0694,0.723,0.0,0.2528,1.0,0.0,76.5622,0.9966,1.0,0.2031,0.0,0.1395,0.9998,0.3643,0.3674,0.9579,2.9468,0.7135,0.0081,1.0,0.0691,0.0,0.3593
1754580660000,137.6883,1.0,0.0694,0.7151,0.0,0.2535,1.0,0.0,75.5177,0.9967,1.0,0.194,0.0,0.1314,0.9997,0.3764,0.3491,0.9629,2.8375,0.8471,0.0077,1.0,0.0382,0.0,0.3515
1754580720000,134.4687,1.0,0.0694,0.714,0.0,0.2591,1.0,0.0,73.8111,0.9971,1.0,0.1899,0.0,0.1319,0.9998,0.3642,0.3428,0.9485,2.826,0.8447,0.0079,1.0,0.0955,0.0,0.34
1754580780000,138.2242,1.0,0.0694,0.714,0.0,0.2584,1.0,0.0,74.6332,0.9968,1.0,0.1912,0.0,0.1364,0.9997,0.3653,0.3457,0.9768,3.0037,0.8522,0.0081,1.0,0.0499,0.0,0.3368
1754580840000,138.1329,1.0,0.0694,0.7138,0.0,0.2639,1.0,0.0,75.4459,0.997,1.0,0.188,0.0,0.1317,0.9998,0.3824,0.3405,0.9537,2.9931,0.8414,0.0081,1.0,0.0579,0.0,0.3485
1754580900000,135.2539,1.0,0.0694,0.7188,0.0,0.2528,1.0,0.0,74.9271,0.9969,1.0,0.2111,0.0,0.1315,0.9999,0.3544,0.3767,0.9458,2.7572,0.7128,0.0078,1.0,0.0527,0.0,0.3418
1754580960000,134.8112,1.0,0.0694,0.7205,0.0,0.2528,1.0,0.0,74.3246,0.997,1.0,0.2067,0.0,0.1327,0.9998,0.3418,0.3711,0.9445,2.9062,0.7095,0.0077,1.0,0.0514,0.0,0.354
1754581020000,134.4106,1.0,0.0694,0.7208,0.0,0.2563,1.0,0.0,73.4185,0.997,1.0,0.2022,0.0,0.1288,0.9998,0.351,0.3629,0.9417,2.74,0.7067,0.0081,1.0,0.0589,0.0,0.3489
1754581080000,135.7799,1.0,0.0694,0.7209,0.0,0.2528,1.0,0.0,72.9139,0.9968,1.0,0.2034,0.0,0.1318,0.9998,0.3536,0.3658,0.9422,2.7956,0.7142,0.0075,1.0,0.1283,0.0,0.338
1754581140000,140.4558,1.0,0.0694,0.7191,0.0,0.2611,1.0,0.0,76.819,0.9966,1.0,0.2024,0.0,0.1342,0.9997,0.3625,0.3622,0.9295,2.8685,0.7072,0.0075,1.0,0.0629,0.0,0.3369
1754581200000,139.6942,1.0,0.0694,0.7202,0.0,0.2549,1.0,0.0,76.5465,0.9971,1.0,0.2069,0.0,0.1331,0.9997,0.3364,0.3705,0.9424,3.018,0.7195,0.0078,1.0,0.0455,0.0,0.3316
1754581260000,139.9806,1.0,0.0694,0.722,0.0,0.2548,1.0,0.0,74.2414,0.9968,1.0,0.199,0.0,0.1286,0.9998,0.3638,0.3594,0.9752,3.008,0.7383,0.008,1.0,0.0738,0.0,0.3455
1754581320000,135.7584,1.0,0.0694,0.7213,0.0,0.2556,1.0,0.0,73.9497,0.9967,1.0,0.1981,0.0,0.1288,0.9997,0.3739,0.3562,0.9412,2.7988,0.7137,0.0077,1.0,0.0488,0.0,0.3364
1754581380000,135.4012,1.0,0.0694,0.7207,0.0,0.2611,1.0,0.0,74.2,0.997,1.0,0.2028,0.0,0.1311,0.9999,0.3956,0.3637,0.9497,3.0176,0.7132,0.0079,1.0,0.0428,0.0,0.3301
1754581440000,131.793,1.0,0.0694,0.72,0.0,0.2556,1.0,0.0,72.665,0.9971,1.0,0.2041,0.0,0.1344,0.9999,0.3643,0.3659,0.9651,2.9522,0.7243,0.0077,1.0,0.1218,0.0,0.3269
1754581500000,136.7424,1.0,0.0694,0.7193,0.0,0.2556,1.0,0.0,76.2155,0.9971,1.0,0.2072,0.0,0.1371,0.9998,0.3543,0.3703,0.937,2.829,0.7085,0.0077,1.0,0.0501,0.0,0.3146
1754581560000,136.9597,1.0,0.0694,0.7207,0.0,0.2556,1.0,0.0,74.2009,0.9967,1.0,0.2023,0.0,0.1292,0.9998,0.3657,0.3633,0.9348,2.8063,0.7042,0.0075,1.0,0.0348,0.0,0.3192
1754581620000,135.0517,1.0,0.0694,0.7205,0.0,0.2611,1.0,0.0,73.8862,0.997,1.0,0.2012,0.0,0.1241,0.9999,0.3906,0.3612,0.9247,2.8258,0.7014,0.0072,1.0,0.0483,0.0,0.3246
1754581680000,142.4443,1.0,0.0694,0.722,0.0,0.2549,1.0,0.0,76.2627,0.997,1.0,0.1997,0.0,0.1285,0.9997,0.3635,0.3604,0.9898,2.8156,0.7463,0.0076,1.0,0.0469,0.0,0.3087
1754581740000,140.0463,1.0,0.0694,0.7227,0.0,0.2528,1.0,0.0,74.2576,0.9967,1.0,0.19,0.0,0.1228,0.9999,0.3688,0.3442,0.9877,2.8133,0.7386,0.0077,1.0,0.0427,0.0,0.33
1754581800000,136.2856,1.0,0.0694,0.721,0.0,0.2528,1.0,0.0,74.4046,0.9969,1.0,0.195,0.0,0.1354,0.9999,0.3585,0.3491,0.9768,2.9058,0.7348,0.0074,1.0,0.0441,0.0,0.3218
1754581860000,136.7586,1.0,0.0694,0.7228,0.0,0.2583,1.0,0.0,73.413,0.9971,1.0,0.1984,0.0,0.1254,0.9998,0.3706,0.3577,0.9664,2.8666,0.7285,0.0076,1.0,0.1478,0.0,0.3155
1754581920000,143.1501,1.0,0.0694,0.724,0.0,0.2556,1.0,0.0,75.1562,0.9968,1.0,0.1953,0.0,0.1244,0.9998,0.3514,0.3539,0.9264,2.9746,0.7044,0.0076,1.0,0.0452,0.0,0.3229
1754581980000,142.0594,1.0,0.0694,0.7225,0.0,0.2583,1.0,0.0,75.6423,0.9968,1.0,0.1971,0.0,0.1326,0.9996,0.3201,0.3553,0.9346,2.8221,0.7109,0.0075,1.0,0.064,0.0,0.322
1754582040000,137.2917,1.0,0.0694,0.7232,0.0,0.2611,1.0,0.0,72.9085,0.997,1.0,0.196,0.0,0.1266,0.9997,0.36,0.3546,0.9226,2.8108,0.7062,0.0079,1.0,0.0382,0.0,0.3323
1754582100000,131.5079,1.0,0.0694,0.7206,0.0,0.2694,1.0,0.0,72.5215,0.9968,1.0,0.1924,0.0,0.1293,0.9999,0.3456,0.3446,0.9511,2.7888,0.7235,0.008,1.0,0.0465,0.0,0.3223
1754582160000,137.5442,1.0,0.0694,0.7215,0.0,0.2694,1.0,0.0,74.4616,0.9968,1.0,0.1945,0.0,0.1249,0.9998,0.3374,0.35,0.9452,2.9161,0.7202,0.0075,1.0,0.0727,0.0,0.3114
1754582220000,139.3287,1.0,0.0694,0.7221,0.0,0.2611,1.0,0.0,74.2817,0.9966,1.0,0.194,0.0,0.123,0.9997,0.3361,0.3509,0.9372,2.9452,0.7093,0.0072,1.0,0.1347,0.0,0.3171
1754582280000,135.3648,1.0,0.0694,0.7215,0.0,0.2694,1.0,0.0,73.0839,0.9967,1.0,0.1946,0.0,0.1263,0.9997,0.3378,0.3511,0.9208,2.8407,0.7052,0.0078,1.0,0.0564,0.0,0.325
1754582340000,140.8231,1.0,0.0694,0.7219,0.0,0.2667,1.0,0.0,75.2446,0.9969,1.0,0.1886,0.0,0.1242,0.9998,0.3188,0.3398,0.9198,3.1946,0.7022,0.0074,1.0,0.0446,0.0,0.3124
1754582400000,148.9212,1.0,0.0694,0.7212,0.0,0.2556,1.0,0.0,80.885,0.9963,1.0,0.1888,0.0,0.1268,0.9998,0.3239,0.3397,0.9431,3.2385,0.7204,0.0071,1.0,0.0299,0.0,0.3107
1754582460000,143.3048,1.0,0.0694,0.7212,0.0,0.2556,1.0,0.0,77.2201,0.9966,1.0,0.1869,0.0,0.1254,0.9998,0.3606,0.3355,0.9439,3.0787,0.713,0.0072,1.0,0.1393,0.0,0.3199
1754582520000,146.9662,1.0,0.0694,0.722,0.0,0.25,1.0,0.0,78.973,0.9969,1.0,0.187,0.0,0.128,0.9999,0.3204,0.3378,0.9371,2.9583,0.7123,0.0073,1.0,0.0737,0.0,0.3002
1754582580000,139.4105,1.0,0.0694,0.7253,0.0,0.2528,1.0,0.0,71.4546,0.9969,1.0,0.1848,0.0,0.1269,0.9999,0.3343,0.3371,0.9198,3.047,0.6969,0.0075,1.0,0.0552,0.0,0.3124
1754582640000,132.7978,1.0,0.0694,0.7228,0.0,0.25,1.0,0.0,70.6833,0.9971,1.0,0.1976,0.0,0.1373,0.9999,0.3189,0.3579,0.9159,2.9577,0.6945,0.0083,1.0,0.0453,0.0,0.3143
1754582700000,134.1115,1.0,0.0694,0.7248,0.0,0.25,1.0,0.0,69.2959,0.9969,1.0,0.1984,0.0,0.1281,0.9999,0.3131,0.3618,0.9217,3.019,0.7018,0.0081,1.0,0.033,0.0,0.3229
1754582760000,135.5762,1.0,0.0694,0.7234,0.0,0.2556,1.0,0.0,71.0012,0.9972,1.0,0.1957,0.0,0.1297,0.9998,0.3329,0.3553,0.9195,2.9767,0.6954,0.008,1.0,0.0577,0.0,0.3272
1754582820000,133.3941,1.0,0.0694,0.7224,0.0,0.2556,1.0,0.0,71.1286,0.9968,1.0,0.1914,0.0,0.1306,0.9999,0.3072,0.3475,0.9175,2.927,0.6944,0.0081,1.0,0.0509,0.0,0.3249
1754582880000,126.2357,1.0,0.0694,0.7228,0.0,0.2528,1.0,0.0,67.7109,0.9973,1.0,0.2023,0.0,0.1357,0.9999,0.3214,0.3654,0.9244,3.0445,0.6966,0.008,1.0,0.0484,0.0,0.3089
1754582940000,125.1826,1.0,0.0694,0.7225,0.0,0.2563,1.0,0.0,67.4291,0.9972,1.0,0.2023,0.0,0.1404,0.9999,0.3162,0.3652,0.9109,2.9856,0.6957,0.0085,1.0,0.0657,0.0,0.3163
1754583000000,130.4728,1.0,0.0694,0.7215,0.0,0.2556,1.0,0.0,70.3014,0.997,1.0,0.1993,0.0,0.1406,0.9999,0.3301,0.3597,0.9205,2.9099,0.6984,0.0082,1.0,0.0877,0.0,0.3034
1754583060000,128.4175,1.0,0.0694,0.7212,0.0,0.2611,1.0,0.0,70.1475,0.9971,1.0,0.2008,0.0,0.1318,0.9999,0.3099,0.3611,0.8998,2.8006,0.6897,0.008,1.0,0.0466,0.0,0.3114
1754583120000,131.9089,1.0,0.0694,0.7223,0.0,0.2591,1.0,0.0,70.5756,0.997,1.0,0.1907,0.0,0.1428,0.9999,0.3126,0.3443,0.907,2.6307,0.6898,0.0081,1.0,0.0597,0.0,0.3078
1754583180000,132.6517,1.0,0.0694,0.7239,0.0,0.2556,1.0,0.0,70.2958,0.9971,1.0,0.1918,0.0,0.1348,0.9998,0.3004,0.3475,0.9181,2.9579,0.6954,0.0078,1.0,0.0603,0.0,0.2968
1754583240000,129.521,1.0,0.0694,0.722,0.0,0.2556,1.0,0.0,71.115,0.9971,1.0,0.1927,0.0,0.1328,0.9997,0.3065,0.3453,0.9045,2.8495,0.6943,0.0078,1.0,0.0691,0.0,0.3012
1754583300000,127.277,1.0,0.0694,0.7216,0.0,0.2583,1.0,0.0,70.8464,0.9972,1.0,0.1932,0.0,0.1334,0.9999,0.3124,0.3467,0.893,2.8998,0.6829,0.0078,1.0,0.0402,0.0,0.2968
1754583360000,133.3156,1.0,0.0694,0.7223,0.0,0.2583,1.0,0.0,73.4255,0.997,1.0,0.1863,0.0,0.1257,0.9998,0.3249,0.3355,0.8811,2.8723,0.6729,0.0076,1.0,0.0915,0.0,0.2924
1754583420000,134.6559,1.0,0.0694,0.7222,0.0,0.2583,1.0,0.0,72.7123,0.9967,1.0,0.1863,0.0,0.1214,0.9999,0.3156,0.3354,0.9251,2.6363,0.7049,0.0075,1.0,0.0789,0.0,0.2871
1754583480000,129.6888,1.0,0.0694,0.7204,0.0,0.2583,1.0,0.0,71.6187,0.997,1.0,0.1875,0.0,0.1208,0.9998,0.3221,0.3358,0.9163,2.8355,0.6995,0.0075,1.0,0.0392,0.0,0.2977
1754583540000,129.2823,1.0,0.0694,0.7211,0.0,0.2583,1.0,0.0,71.5105,0.9969,1.0,0.1871,0.0,0.1246,0.9998,0.3065,0.3349,0.896,2.6743,0.692,0.0077,1.0,0.0524,0.0,0.2925
1754583600000,132.7103,1.0,0.0694,0.7207,0.0,0.2592,1.0,0.0,72.5266,0.9969,1.0,0.1861,0.0,0.125,0.9998,0.289,0.3331,0.9002,2.9209,0.6909,0.0074,1.0,0.0666,0.0,0.2868
1754583660000,139.0857,1.0,0.0694,0.7231,0.0,0.2583,1.0,0.0,74.1334,0.997,1.0,0.1786,0.0,0.1177,0.9996,0.2885,0.3228,0.8934,2.8022,0.6898,0.0071,1.0,0.1053,0.0,0.2927
1754583720000,135.6025,1.0,0.0694,0.7212,0.0,0.2549,1.0,0.0,72.7461,0.9968,1.0,0.1781,0.0,0.1206,0.9998,0.269,0.32,0.9342,2.6708,0.7115,0.0071,1.0,0.0583,0.0,0.296
1754583780000,129.405,0.9999,0.0694,0.7215,0.0,0.2583,1.0,0.0,70.9458,0.9969,1.0,0.1856,0.0,0.1243,0.9999,0.2844,0.332,0.9728,8.2122,0.7604,0.0071,1.0,0.1143,0.0,0.2866
1754583840000,138.9383,0.9999,0.0694,0.7211,0.0,0.2639,1.0,0.0,75.0921,0.9965,1.0,0.1798,0.0,0.1245,0.9997,0.3007,0.3228,0.9715,8.6879,0.7512,0.0075,1.0,0.2587,0.0,0.2879
1754583900000,130.0237,1.0,0.0694,0.7219,0.0,0.2583,1.0,0.0,70.7156,0.9966,1.0,0.1765,0.0,0.1173,0.9998,0.3014,0.3173,0.9548,3.5132,0.7265,0.0073,1.0,0.1462,0.0,0.2807
1754583960000,133.3419,1.0,0.0694,0.724,0.0,0.2528,1.0,0.0,70.5906,0.9965,1.0,0.1707,0.0,0.128,0.9998,0.3072,0.3097,0.9201,2.8303,0.7007,0.0072,1.0,0.0649,0.0,0.2776
1754584020000,132.6229,1.0,0.0694,0.7212,0.0,0.2528,1.0,0.0,73.0715,0.997,1.0,0.1812,0.0,0.1211,0.9998,0.3015,0.3248,0.9153,2.7352,0.7079,0.0072,1.0,0.0697,0.0,0.2738
1754584080000,127.7514,1.0,0.0694,0.7217,0.0,0.2583,1.0,0.0,70.8992,0.9971,1.0,0.178,0.0,0.1141,0.9998,0.2746,0.3199,0.8857,2.8334,0.6844,0.0071,1.0,0.1724,0.0,0.272
1754584140000,130.9846,1.0,0.0694,0.7223,0.0,0.2556,1.0,0.0,70.6029,0.9967,1.0,0.1716,0.0,0.113,0.9999,0.2881,0.3094,0.8888,2.6088,0.6923,0.007,1.0,0.0471,0.0,0.276
1754584200000,130.0256,1.0,0.0694,0.7182,0.0,0.2583,1.0,0.0,74.3236,0.9967,1.0,0.1758,0.0,0.1129,0.9998,0.2792,0.3128,0.885,2.6593,0.6903,0.0069,1.0,0.0553,0.0,0.2743
1754584260000,129.9789,1.0,0.0694,0.7215,0.0,0.257,1.0,0.0,70.5345,0.9968,1.0,0.1722,0.0,0.1164,0.9999,0.2717,0.3099,0.8688,2.6977,0.6857,0.0068,1.0,0.0656,0.0,0.252
1754584320000,132.1056,1.0,0.0694,0.7205,0.0,0.2611,1.0,0.0,72.9514,0.9966,1.0,0.1692,0.0,0.1182,0.9998,0.2707,0.3037,0.8776,2.7601,0.6856,0.0069,1.0,0.0534,0.0,0.2684
1754584380000,129.7546,1.0,0.0694,0.7229,0.0,0.2639,1.0,0.0,69.8499,0.997,1.0,0.172,0.0,0.112,0.9999,0.2746,0.3108,0.8778,2.5863,0.6788,0.0065,1.0,0.0437,0.0,0.2667
1754584440000,127.7829,1.0,0.0694,0.7221,0.0,0.2646,1.0,0.0,69.424,0.9971,1.0,0.1686,0.0,0.1068,0.9999,0.2599,0.3029,0.8644,2.6923,0.6792,0.0064,1.0,0.1508,0.0,0.2764
1754584500000,132.3148,1.0,0.0694,0.7202,0.0,0.2556,1.0,0.0,74.2949,0.9969,1.0,0.1695,0.0,0.1147,0.9998,0.2469,0.303,0.9036,2.9263,0.7058,0.0065,1.0,0.0577,0.0,0.2555
1754584560000,131.014,1.0,0.0694,0.7218,0.0,0.2591,1.0,0.0,71.7584,0.997,1.0,0.1632,0.0,0.1159,0.9999,0.2685,0.2943,0.8768,2.6715,0.6813,0.0065,1.0,0.0613,0.0,0.2515
1754584620000,125.6667,1.0,0.0694,0.7223,0.0,0.264,1.0,0.0,69.5532,0.9971,1.0,0.1621,0.0,0.1094,0.9999,0.2572,0.2911,0.8799,2.7408,0.6847,0.0064,1.0,0.0533,0.0,0.2436
1754584680000,133.6518,1.0,0.0694,0.723,0.0,0.2618,1.0,0.0,71.6779,0.9969,1.0,0.1616,0.0,0.1147,0.9999,0.2631,0.2915,0.8857,2.792,0.6862,0.0068,1.0,0.075,0.0,0.2484
1754584740000,131.2198,1.0,0.0694,0.7242,0.0,0.2563,1.0,0.0,71.2972,0.9971,1.0,0.161,0.0,0.1068,0.9998,0.2375,0.2906,0.8779,2.8351,0.6819,0.0067,1.0,0.0815,0.0,0.2607
1754584800000,129.023,1.0,0.0694,0.7202,0.0,0.2549,1.0,0.0,72.2653,0.9974,1.0,0.1699,0.0,0.1119,0.9997,0.2503,0.3031,0.878,2.6554,0.6795,0.0066,1.0,0.0387,0.0,0.2434
1754584860000,129.7882,1.0,0.0694,0.7214,0.0,0.2612,1.0,0.0,71.8729,0.9969,1.0,0.1636,0.0,0.1066,0.9998,0.246,0.2927,0.8731,2.5025,0.6836,0.0066,1.0,0.042,0.0,0.2454
1754584920000,128.664,1.0,0.0694,0.7221,0.0,0.2591,1.0,0.0,71.775,0.9973,1.0,0.1645,0.0,0.1127,0.9998,0.2372,0.2944,0.8919,2.7707,0.6941,0.0069,1.0,0.0492,0.0,0.2552
1754584980000,125.6839,1.0,0.0694,0.722,0.0,0.2577,1.0,0.0,70.2274,0.9972,1.0,0.1644,0.0,0.1104,0.9999,0.2374,0.2944,0.885,2.7043,0.6924,0.0066,1.0,0.0774,0.0,0.2493
1754585040000,126.109,1.0,0.0694,0.7214,0.0,0.2639,1.0,0.0,69.9537,0.9975,1.0,0.1575,0.0,0.1075,0.9998,0.2611,0.282,0.8705,2.7294,0.6783,0.0064,1.0,0.1795,0.0,0.2427
1754585100000,119.3386,1.0,0.0694,0.7204,0.0,0.262,1.0,0.0,67.5964,0.9973,1.0,0.1649,0.0,0.1054,0.9999,0.2658,0.2939,0.8732,2.7151,0.6805,0.0066,1.0,0.0986,0.0,0.2329
1754585160000,131.705,1.0,0.0694,0.7222,0.0,0.262,1.0,0.0,71.5224,0.9968,1.0,0.1575,0.0,0.1038,0.9998,0.2424,0.2831,0.8642,2.6919,0.6743,0.0062,1.0,0.1014,0.0,0.241
1754585220000,122.479,1.0,0.0694,0.7189,0.0,0.2561,1.0,0.0,69.8888,0.9974,1.0,0.1621,0.0,0.1046,1.0,0.2497,0.2889,0.8585,2.642,0.6678,0.0063,1.0,0.0532,0.0,0.2392
1754585280000,131.6131,1.0,0.0694,0.7225,0.0,0.2583,1.0,0.0,69.975,0.9973,1.0,0.1544,0.0,0.106,0.9999,0.2525,0.2791,0.85,2.609,0.668,0.0064,1.0,0.0417,0.0,0.2291
1754585340000,134.0772,1.0,0.0694,0.718,0.0,0.2604,1.0,0.0,72.8767,0.9973,1.0,0.1399,0.0,0.1015,0.9999,0.2404,0.2533,0.8636,2.5963,0.8169,0.0061,1.0,0.0495,0.0,0.2339
1754585400000,130.4855,1.0,0.0694,0.713,0.0,0.2583,1.0,0.0,70.6603,0.9973,1.0,0.1325,0.0,0.1076,1.0,0.2544,0.242,0.8726,2.9742,0.9254,0.0063,1.0,0.0408,0.0,0.2328
1754585460000,134.6414,1.0,0.0694,0.7155,0.0,0.2611,1.0,0.0,70.1677,0.9969,1.0,0.1303,0.0,0.1029,0.9999,0.2499,0.24,0.858,2.7566,0.8715,0.0062,1.0,0.0388,0.0,0.2388
1754585520000,137.6599,1.0,0.0694,0.7241,0.0,0.2556,1.0,0.0,73.9403,0.9968,1.0,0.1477,0.0,0.0965,0.9997,0.2553,0.2679,0.8618,2.5976,0.6736,0.006,1.0,0.0407,0.0,0.2301
1754585580000,128.3808,1.0,0.0694,0.7209,0.0,0.2583,1.0,0.0,71.2382,0.9974,1.0,0.154,0.0,0.1058,0.9999,0.2489,0.2765,0.8618,2.4859,0.6778,0.0061,1.0,0.044,0.0,0.2277
1754585640000,128.5114,1.0,0.0694,0.7166,0.0,0.2556,1.0,0.0,73.0254,0.9972,1.0,0.1418,0.0,0.1101,0.9998,0.2685,0.2542,0.8591,2.8447,0.7534,0.006,1.0,0.0307,0.0,0.2347
1754585700000,128.9533,1.0,0.0694,0.7212,0.0,0.2528,1.0,0.0,70.4368,0.997,1.0,0.1444,0.0,0.1035,0.9998,0.2471,0.2597,0.8621,2.4639,0.6984,0.0059,1.0,0.0796,0.0,0.2232
1754585760000,127.6955,1.0,0.0694,0.7188,0.0,0.2556,1.0,0.0,72.3927,0.9973,1.0,0.1483,0.0,0.0981,0.9998,0.2378,0.2637,0.8885,2.6512,0.6935,0.006,1.0,0.1234,0.0,0.2221
1754585820000,125.4886,1.0,0.0694,0.7207,0.0,0.2583,1.0,0.0,70.1721,0.9973,1.0,0.1433,0.0,0.0995,0.9999,0.2444,0.2559,0.8805,2.7701,0.693,0.0059,1.0,0.0576,0.0,0.2122
1754585880000,129.3844,1.0,0.0694,0.7204,0.0,0.2528,1.0,0.0,70.7095,0.9967,1.0,0.1416,0.0,0.102,0.9999,0.2393,0.2541,0.848,2.8906,0.6742,0.006,1.0,0.0999,0.0,0.2162
1754585940000,132.4002,1.0,0.0694,0.7197,0.0,0.2556,1.0,0.0,74.2828,0.997,1.0,0.1406,0.0,0.0945,0.9999,0.2193,0.2512,0.8505,2.5123,0.6773,0.0056,1.0,0.0727,0.0,0.2075
1754586000000,149.27,1.0,0.0694,0.7247,0.0,0.2611,1.0,0.0,80.3652,0.9965,1.0,0.1349,0.0,0.0933,0.9998,0.2281,0.2439,1.086,2.7828,0.7518,0.0056,1.0,0.0704,0.0,0.2107
1754586060000,135.8754,1.0,0.0694,0.7253,0.0,0.2694,1.0,0.0,73.7472,0.9968,1.0,0.138,0.0,0.096,0.9998,0.2331,0.2492,1.1903,2.5128,0.7817,0.0059,1.0,0.0547,0.0,0.2114
1754586120000,137.2049,1.0,0.0694,0.7261,0.0,0.2646,1.0,0.0,74.2004,0.997,1.0,0.1384,0.0,0.0872,0.9999,0.2293,0.25,1.2273,2.6499,0.7988,0.0057,1.0,0.0277,0.0,0.2097
1754586180000,134.9734,1.0,0.0694,0.7245,0.0,0.2611,1.0,0.0,73.999,0.9969,1.0,0.138,0.0,0.094,0.9999,0.2421,0.2482,1.2279,2.6393,0.7937,0.0058,1.0,0.0487,0.0,0.2032
1754586240000,133.1115,1.0,0.0694,0.7239,0.0,0.2556,1.0,0.0,72.0974,0.9973,1.0,0.1364,0.0,0.0872,0.9999,0.2204,0.2445,1.2196,2.653,0.7828,0.006,1.0,0.0958,0.0,0.2087
1754586300000,131.195,1.0,0.0694,0.7245,0.0,0.2528,1.0,0.0,73.8929,0.9974,1.0,0.1377,0.0,0.0915,0.9999,0.2108,0.2469,1.2402,2.6764,0.7867,0.0061,1.0,0.05,0.0,0.1991
1754586360000,143.2121,1.0,0.0694,0.729,0.0,0.2528,1.0,0.0,74.7388,0.9969,1.0,0.1314,0.0,0.0923,1.0,0.2172,0.2401,1.265,2.6327,0.8001,0.0059,1.0,0.0335,0.0,0.2002
1754586420000,140.2044,1.0,0.0694,0.7255,0.0,0.2583,1.0,0.0,74.3151,0.9968,1.0,0.1324,0.0,0.0966,0.9999,0.2158,0.24,1.2616,2.5282,0.7991,0.0059,1.0,0.0919,0.0,0.2105
1754586480000,145.7667,1.0,0.0694,0.7259,0.0,0.2611,1.0,0.0,78.7451,0.9971,1.0,0.1373,0.0,0.094,0.9995,0.2104,0.2483,1.2016,2.8365,0.7823,0.0059,1.0,0.1906,0.0,0.2028
1754586540000,137.9763,1.0,0.0694,0.728,0.0,0.2583,1.0,0.0,74.1759,0.9971,1.0,0.1314,0.0,0.0896,0.9998,0.1982,0.2388,1.1529,2.7113,0.763,0.0056,1.0,0.1337,0.0,0.2033
1754586600000,142.6293,1.0,0.0694,0.7266,0.0,0.2722,1.0,0.0,76.3447,0.9969,1.0,0.128,0.0,0.0887,0.9998,0.1924,0.2321,1.1613,2.5994,0.7682,0.0057,1.0,0.0454,0.0,0.1997
1754586660000,143.2075,1.0,0.0694,0.7254,0.0,0.2646,1.0,0.0,76.7001,0.9968,1.0,0.1285,0.0,0.0846,0.9997,0.1899,0.2334,1.0815,2.7866,0.7407,0.0059,1.0,0.0443,0.0,0.2099
1754586720000,142.984,1.0,0.0694,0.7259,0.0,0.2583,1.0,0.0,76.1791,0.9969,1.0,0.1258,0.0,0.0863,0.9998,0.1957,0.2281,1.0623,3.6581,0.7483,0.0055,1.0,0.053,0.0,0.1963
1754586780000,138.3423,1.0,0.0694,0.7273,0.0,0.2639,1.0,0.0,74.4322,0.9972,1.0,0.1234,0.0,0.0839,0.9999,0.1864,0.2237,1.0636,5.0268,0.7612,0.0054,1.0,0.1345,0.0,0.1893
1754586840000,144.2723,1.0,0.0694,0.7287,0.0,0.2639,1.0,0.0,76.2498,0.9976,1.0,0.1209,0.0,0.0795,0.9999,0.1843,0.2197,1.0305,3.0983,0.7331,0.005,1.0,0.0861,0.0,0.1919
1754586900000,131.261,1.0,0.0694,0.7244,0.0,0.2611,1.0,0.0,73.3015,0.9971,1.0,0.1286,0.0,0.0821,0.9999,0.1849,0.2299,1.0469,6.5664,0.7656,0.0057,1.0,0.0611,0.0,0.193
1754586960000,136.19,1.0,0.0694,0.7218,0.0,0.2611,1.0,0.0,78.9713,0.9973,1.0,0.1283,0.0,0.0855,0.9997,0.1833,0.2279,1.0001,5.066,0.738,0.0053,1.0,0.2339,0.0,0.1862
1754587020000,129.5196,1.0,0.0694,0.7186,0.0,0.2583,1.0,0.0,75.74,0.9972,1.0,0.1268,0.0,0.0836,0.9998,0.1851,0.2239,0.9731,2.8794,0.7088,0.0056,1.0,0.0452,0.0,0.1915
1754587080000,130.8245,1.0,0.0694,0.7155,0.0,0.2583,1.0,0.0,75.9858,0.9972,1.0,0.1265,0.0,0.0838,0.9999,0.1671,0.2267,0.9679,2.4014,0.7042,0.0056,1.0,0.0479,0.0,0.1802
1754587140000,132.5364,1.0,0.0694,0.7224,0.0,0.2528,1.0,0.0,75.9225,0.9969,1.0,0.1215,0.0,0.0811,0.9999,0.1737,0.218,0.9662,2.6057,0.7098,0.0054,1.0,0.0488,0.0,0.1753
1754587200000,151.937,1.0,0.0694,0.7258,0.0,0.2556,1.0,0.0,83.5941,0.997,1.0,0.1177,0.0,0.0787,0.9998,0.1735,0.2131,0.9904,2.4936,0.7177,0.0051,1.0,0.0534,0.0,0.175
1754587260000,146.677,1.0,0.0694,0.7286,0.0,0.25,1.0,0.0,77.0992,0.997,1.0,0.118,0.0,0.0811,0.9997,0.1847,0.2164,0.9788,2.4656,0.7086,0.0053,1.0,0.0365,0.0,0.1764
1754587320000,134.3677,1.0,0.0694,0.727,0.0,0.25,1.0,0.0,72.5213,0.9972,1.0,0.1149,0.0,0.0796,0.9996,0.21,0.2089,0.9797,2.457,0.714,0.0056,1.0,0.0686,0.0,0.1939
1754587380000,223.8017,1.0,0.0694,0.7207,0.0,0.2556,1.0,0.0,131.6633,0.9973,1.0,0.1306,0.0,0.0811,0.9965,0.2046,0.2316,0.9953,2.6781,0.7375,0.0054,1.0,0.0684,0.0,0.166
1754587440000,136.8925,1.0,0.0694,0.7261,0.0,0.2556,1.0,0.0,75.7569,0.9975,1.0,0.1184,0.0,0.0755,0.9998,0.1924,0.2138,0.9624,2.5188,0.7077,0.0054,1.0,0.0287,0.0,0.1773
1754587500000,134.4293,1.0,0.0694,0.7235,0.0,0.2556,1.0,0.0,75.7116,0.9977,1.0,0.1198,0.0,0.0766,0.9998,0.1744,0.2141,0.9614,2.7513,0.7093,0.0053,1.0,0.0668,0.0,0.1758
1754587560000,135.3727,1.0,0.0694,0.7262,0.0,0.2509,1.0,0.0,74.686,0.9976,1.0,0.1166,0.0,0.0764,0.9998,0.1797,0.2102,0.9797,2.5846,0.7255,0.0055,1.0,0.0365,0.0,0.1695
1754587620000,141.3598,1.0,0.0694,0.7245,0.0,0.2528,1.0,0.0,76.9783,0.9972,1.0,0.1163,0.0,0.0785,0.9999,0.1792,0.21,0.9762,2.6121,0.7062,0.0053,1.0,0.0436,0.0,0.1707
1754587680000,132.9071,1.0,0.0694,0.7223,0.0,0.2639,1.0,0.0,76.7701,0.9971,1.0,0.1188,0.0,0.0743,0.9998,0.1683,0.2117,0.96,2.5811,0.706,0.0052,1.0,0.0461,0.0,0.1685
1754587740000,140.2568,1.0,0.0694,0.7238,0.0,0.2583,1.0,0.0,78.6751,0.9973,1.0,0.115,0.0,0.0778,0.9997,0.1751,0.2054,0.9303,2.6334,0.6913,0.0052,1.0,0.0312,0.0,0.1658
1754587800000,130.4371,1.0,0.0694,0.7228,0.0,0.2583,1.0,0.0,76.1162,0.9974,1.0,0.1145,0.0,0.0773,0.9997,0.1744,0.2036,0.8832,2.3921,0.6807,0.0052,1.0,0.0727,0.0,0.164
1754587860000,128.4817,1.0,0.0694,0.724,0.0,0.2583,1.0,0.0,71.6185,0.9973,1.0,0.1132,0.0,0.0781,1.0,0.1814,0.2029,0.8725,2.419,0.6813,0.0052,1.0,0.1009,0.0,0.1586
1754587920000,133.5148,1.0,0.0694,0.7151,0.0,0.2611,1.0,0.0,77.0554,0.9973,1.0,0.1083,0.0,0.0714,0.9999,0.1754,0.1949,0.893,2.8443,0.6912,0.005,1.0,0.0512,0.0,0.1611
1754587980000,129.4102,1.0,0.0694,0.7152,0.0,0.2583,1.0,0.0,74.8469,0.9972,1.0,0.1076,0.0,0.0701,0.9997,0.1765,0.1951,0.85,2.6288,0.6624,0.0053,1.0,0.0536,0.0,0.1655
1754588040000,138.1437,1.0,0.0694,0.7172,0.0,0.2556,1.0,0.0,78.7194,0.9969,1.0,0.1048,0.0,0.072,0.9995,0.1746,0.1909,0.8624,2.2692,0.6645,0.0053,1.0,0.0354,0.0,0.1605
1754588100000,142.0396,1.0,0.0694,0.7137,0.0,0.2556,1.0,0.0,78.4763,0.9968,1.0,0.1006,0.0,0.0735,0.9996,0.1685,0.1835,0.8557,2.7684,0.6715,0.0051,1.0,0.0961,0.0,0.1602
1754588160000,142.0788,1.0,0.0694,0.7224,0.0,0.2556,1.0,0.0,81.449,0.9975,1.0,0.1079,0.0,0.0707,0.9996,0.1728,0.194,0.8557,2.6916,0.6694,0.005,1.0,0.0497,0.0,0.1683
1754588220000,139.8783,1.0,0.0694,0.7271,0.0,0.2583,1.0,0.0,76.4075,0.9974,1.0,0.1073,0.0,0.0724,0.9998,0.1756,0.1951,0.8513,2.617,0.6694,0.0051,1.0,0.0865,0.0,0.1562
1754588280000,133.5997,1.0,0.0694,0.7244,0.0,0.2611,1.0,0.0,76.692,0.9976,1.0,0.1113,0.0,0.0724,0.9999,0.1604,0.1995,0.8448,2.3456,0.6709,0.0053,1.0,0.0656,0.0,0.1528
1754588340000,135.7004,1.0,0.0694,0.7183,0.0,0.2556,1.0,0.0,79.787,0.9977,1.0,0.1096,0.0,0.0711,0.9997,0.1531,0.1954,0.8556,2.6102,0.6764,0.0048,1.0,0.0523,0.0,0.1497
1754588400000,137.9804,1.0,0.0694,0.7162,0.0,0.2611,1.0,0.0,80.0668,0.9973,1.0,0.1059,0.0,0.0681,0.9997,0.1576,0.1893,0.8612,2.4797,0.686,0.005,1.0,0.0863,0.0,0.1568
1754588460000,141.746,1.0,0.0694,0.7202,0.0,0.2667,1.0,0.0,78.3399,0.9974,1.0,0.1046,0.0,0.0694,0.9999,0.1463,0.1901,0.8462,2.3998,0.6679,0.0052,1.0,0.0463,0.0,0.1533
1754588520000,137.3945,1.0,0.0694,0.7185,0.0,0.2611,1.0,0.0,76.9023,0.9973,1.0,0.1026,0.0,0.0684,0.9999,0.1526,0.1857,0.831,2.5705,0.6638,0.0047,1.0,0.0926,0.0,0.1583
1754588580000,139.5784,1.0,0.0694,0.7187,0.0,0.2556,1.0,0.0,78.5864,0.9973,1.0,0.104,0.0,0.0697,0.9997,0.1731,0.1873,0.8206,2.5054,0.6585,0.0047,1.0,0.0815,0.0,0.1552
1754588640000,128.6704,1.0,0.0694,0.7178,0.0,0.2583,1.0,0.0,74.4048,0.9973,1.0,0.1063,0.0,0.0691,0.9998,0.1769,0.1895,0.8172,2.54,0.6609,0.005,1.0,0.0768,0.0,0.1561
1754588700000,140.6016,1.0,0.0694,0.7252,0.0,0.2528,1.0,0.0,77.468,0.9971,1.0,0.1032,0.0,0.0714,0.9998,0.1774,0.1864,0.823,2.6669,0.665,0.005,1.0,0.0659,0.0,0.152
1754588760000,146.8303,1.0,0.0694,0.7304,0.0,0.2556,1.0,0.0,74.58,0.9967,1.0,0.0961,0.0,0.0703,0.9997,0.1656,0.1767,0.8282,2.3603,0.6677,0.0049,1.0,0.0528,0.0,0.1512
1754588820000,136.0723,1.0,0.0694,0.7265,0.0,0.2611,1.0,0.0,73.6991,0.9971,1.0,0.0974,0.0,0.0663,1.0,0.1621,0.1764,0.8101,2.5387,0.6644,0.0048,1.0,0.1018,0.0,0.161
1754588880000,138.202,1.0,0.0694,0.7257,0.0,0.2583,1.0,0.0,76.1479,0.9971,1.0,0.1006,0.0,0.0659,1.0,0.165,0.1816,0.8055,2.3312,0.6669,0.0048,1.0,0.0938,0.0,0.1544
1754588940000,136.589,1.0,0.0694,0.7284,0.0,0.2611,1.0,0.0,73.5947,0.9967,1.0,0.095,0.0,0.0678,1.0,0.1578,0.1735,0.8166,2.5407,0.6621,0.0049,1.0,0.0381,0.0,0.1582
1754589000000,134.5021,1.0,0.0694,0.7277,0.0,0.2611,1.0,0.0,72.9664,0.9972,1.0,0.0986,0.0,0.0669,0.9997,0.1574,0.1783,0.8139,2.8844,0.6614,0.0046,1.0,0.1034,0.0,0.1532
1754589060000,133.8617,1.0,0.0694,0.724,0.0,0.2639,1.0,0.0,76.4595,0.9977,1.0,0.1015,0.0,0.0662,0.9998,0.1494,0.1809,0.8159,2.4855,0.6608,0.0047,1.0,0.1201,0.0,0.1479
1754589120000,141.1924,1.0,0.0694,0.7218,0.0,0.2583,1.0,0.0,83.5762,0.9974,1.0,0.1002,0.0,0.0669,0.9996,0.1479,0.1777,0.817,2.8568,0.6618,0.0046,1.0,0.0506,0.0,0.1431
1754589180000,149.7955,1.0,0.0694,0.7249,0.0,0.2583,1.0,0.0,84.2966,0.9973,1.0,0.0939,0.0,0.0648,0.9998,0.1583,0.1688,0.8378,2.8654,0.6812,0.0044,1.0,0.0747,0.0,0.1449
1754589240000,138.4109,1.0,0.0694,0.7242,0.0,0.2556,1.0,0.0,79.0867,0.9974,1.0,0.0954,0.0,0.0612,0.9999,0.1497,0.1707,0.8128,2.4615,0.6695,0.0045,1.0,0.0696,0.0,0.1437
1754589300000,146.5786,1.0,0.0694,0.7213,0.0,0.2611,1.0,0.0,85.4175,0.9978,1.0,0.0981,0.0,0.0648,0.9997,0.1507,0.1743,0.8417,2.5851,0.6798,0.0048,1.0,0.0678,0.0,0.1448
1754589360000,132.4243,1.0,0.0694,0.7218,0.0,0.2549,1.0,0.0,79.5491,0.9976,1.0,0.0976,0.0,0.0579,0.9999,0.1443,0.1724,0.8243,2.979,0.6724,0.0046,1.0,0.0615,0.0,0.1441
1754589420000,143.0694,1.0,0.0694,0.7254,0.0,0.2611,1.0,0.0,80.859,0.9973,1.0,0.0938,0.0,0.0622,0.9999,0.1557,0.1689,0.7977,2.4254,0.6575,0.0044,1.0,0.037,0.0,0.1327
1754589480000,147.1894,1.0,0.0694,0.7291,0.0,0.2583,1.0,0.0,80.3222,0.9968,1.0,0.0895,0.0,0.0626,0.9999,0.1565,0.1629,0.8094,2.5952,0.6607,0.0042,1.0,0.0378,0.0,0.14
1754589540000,153.7397,1.0,0.0694,0.7281,0.0,0.2583,1.0,0.0,82.3482,0.9973,1.0,0.0929,0.0,0.0632,0.9995,0.1593,0.1687,0.803,2.6101,0.6612,0.0044,1.0,0.0984,0.0,0.1432
1754589600000,165.0466,1.0,0.0694,0.7263,0.0,0.2556,1.0,0.0,93.5962,0.9971,1.0,0.0933,0.0,0.0623,0.9994,0.141,0.1686,0.8515,2.5628,0.6979,0.0043,1.0,0.0769,0.0,0.1438
1754589660000,151.2174,1.0,0.0694,0.7247,0.0,0.2611,1.0,0.0,84.6948,0.9966,1.0,0.0962,0.0,0.0655,0.9996,0.1461,0.1728,0.8363,2.7975,0.6846,0.0044,1.0,0.0318,0.0,0.1539
1754589720000,149.2558,1.0,0.0694,0.7282,0.0,0.2639,1.0,0.0,80.4019,0.9969,1.0,0.0891,0.0,0.0622,0.9998,0.1485,0.1612,0.8201,2.6438,0.666,0.0044,1.0,0.0607,0.0,0.1449
1754589780000,140.9131,1.0,0.0694,0.7279,0.0,0.2667,1.0,0.0,76.7589,0.9971,1.0,0.0908,0.0,0.0597,0.9997,0.1554,0.1638,0.8249,2.9204,0.6716,0.0043,1.0,0.0663,0.0,0.1407
1754589840000,141.621,1.0,0.0694,0.7244,0.0,0.2722,1.0,0.0,80.3137,0.9972,1.0,0.0894,0.0,0.0605,0.9997,0.15,0.1593,0.8207,2.5006,0.679,0.0042,1.0,0.0776,0.0,0.1494
1754589900000,151.4654,1.0,0.0694,0.7265,0.0,0.2667,1.0,0.0,85.3926,0.9974,1.0,0.0867,0.0,0.061,0.9995,0.1346,0.1559,0.8175,2.7591,0.6747,0.0042,1.0,0.1419,0.0,0.1368
1754589960000,161.4253,1.0,0.0694,0.7264,0.0,0.2667,1.0,0.0,93.1649,0.9972,1.0,0.0906,0.0,0.0581,0.9993,0.1471,0.1636,0.8212,2.9,0.6767,0.0042,1.0,0.0414,0.0,0.1365
1754590020000,157.5175,1.0,0.0694,0.7246,0.0,0.2694,1.0,0.0,86.44,0.9971,1.0,0.0894,0.0,0.0603,0.9995,0.1454,0.1612,0.813,2.4221,0.6666,0.0042,1.0,0.0906,0.0,0.1506
1754590080000,143.3415,1.0,0.0694,0.729,0.0,0.2611,1.0,0.0,76.7076,0.9966,1.0,0.0864,0.0,0.0593,0.9999,0.1507,0.1578,0.8073,2.5105,0.6619,0.0042,1.0,0.0604,0.0,0.1458
1754590140000,146.3363,1.0,0.0694,0.7264,0.0,0.2611,1.0,0.0,78.3546,0.9968,1.0,0.0862,0.0,0.0606,0.9999,0.1568,0.1563,0.8076,2.6273,0.6688,0.0042,1.0,0.0702,0.0,0.1431
1754590200000,158.0218,1.0,0.0694,0.7301,0.0,0.2556,1.0,0.0,82.8293,0.9966,1.0,0.0795,0.0,0.0592,0.9999,0.1494,0.1455,0.844,2.636,0.6857,0.004,1.0,0.1216,0.0,0.1349
1754590260000,181.299,1.0,0.0694,0.7273,0.0,0.2556,1.0,0.0,100.3889,0.9974,1.0,0.0865,0.0,0.0603,0.999,0.1443,0.1568,0.8066,2.804,0.6698,0.004,1.0,0.0786,0.0,0.1377
1754590320000,151.1451,1.0,0.0694,0.7294,0.0,0.25,1.0,0.0,81.9307,0.9969,1.0,0.0819,0.0,0.0573,0.9998,0.1585,0.1488,0.8011,2.4879,0.6622,0.0039,1.0,0.0467,0.0,0.1526
1754590380000,148.4023,1.0,0.0694,0.7253,0.0,0.25,1.0,0.0,79.0352,0.9973,1.0,0.079,0.0,0.0583,0.9997,0.1421,0.1443,0.8234,2.5464,0.7459,0.004,1.0,0.1366,0.0,0.1322
1754590440000,176.3086,1.0,0.0694,0.7137,0.0,0.25,1.0,0.0,93.7572,0.9967,1.0,0.0727,0.0,0.0607,0.9989,0.1397,0.1352,0.8195,2.3787,1.1025,0.0039,1.0,0.047,0.0,0.1328
1754590500000,193.1039,1.0,0.0694,0.7095,0.0,0.2528,1.0,0.0,101.4117,0.9972,1.0,0.0694,0.0,0.0575,0.9983,0.1381,0.128,0.8244,2.7612,1.0617,0.0037,1.0,0.0947,0.0,0.1403
1754590560000,165.2326,1.0,0.0694,0.7236,0.0,0.25,1.0,0.0,91.23,0.9969,1.0,0.0809,0.0,0.0605,0.9989,0.136,0.146,0.8151,2.431,0.7249,0.0041,1.0,0.0314,0.0,0.1357
1754590620000,156.9725,1.0,0.0694,0.7168,0.0,0.2583,1.0,0.0,88.6737,0.997,1.0,0.077,0.0,0.0549,0.9991,0.13,0.1388,0.8442,2.5505,0.8714,0.0041,1.0,0.0651,0.0,0.1327
1754590680000,151.2156,1.0,0.0694,0.7293,0.0,0.2549,1.0,0.0,78.59,0.997,1.0,0.0794,0.0,0.0584,0.9996,0.115,0.1459,0.8334,2.7751,0.7442,0.004,1.0,0.0603,0.0,0.1292
1754590740000,137.2257,1.0,0.0694,0.7226,0.0,0.2583,1.0,0.0,79.9683,0.9975,1.0,0.0818,0.0,0.0587,0.9998,0.1419,0.1462,0.8467,2.5381,0.7196,0.0041,1.0,0.0283,0.0,0.1342
1754590800000,142.6911,1.0,0.0694,0.7205,0.0,0.2556,1.0,0.0,85.2074,0.9971,1.0,0.0817,0.0,0.0552,0.9999,0.125,0.1444,0.8038,2.7799,0.66,0.0039,1.0,0.101,0.0,0.1241
1754590860000,149.2543,1.0,0.0694,0.7222,0.0,0.25,1.0,0.0,83.2218,0.9966,1.0,0.0774,0.0,0.0568,0.9996,0.1256,0.138,0.7898,2.5161,0.6542,0.004,1.0,0.0463,0.0,0.1218
1754590920000,147.0055,1.0,0.0694,0.7248,0.0,0.2521,1.0,0.0,84.2566,0.9974,1.0,0.0781,0.0,0.0535,0.9996,0.1254,0.1397,0.7956,2.9773,0.6593,0.0037,1.0,0.0213,0.0,0.1225
1754590980000,145.5481,1.0,0.0694,0.727,0.0,0.2577,1.0,0.0,81.9428,0.9972,1.0,0.0772,0.0,0.0567,0.9997,0.1251,0.1394,0.7953,2.3753,0.6559,0.004,1.0,0.0406,0.0,0.1264
1754591040000,143.9799,1.0,0.0694,0.7232,0.0,0.2639,1.0,0.0,81.7096,0.9973,1.0,0.078,0.0,0.0569,0.9997,0.1238,0.1392,0.791,2.6398,0.6541,0.0037,1.0,0.0767,0.0,0.1222
1754591100000,137.3539,1.0,0.0694,0.7214,0.0,0.2611,1.0,0.0,81.9986,0.9974,1.0,0.0827,0.0,0.0556,0.9998,0.1031,0.1458,0.7912,2.5064,0.6558,0.0039,1.0,0.1249,0.0,0.121
1754591160000,147.2364,1.0,0.0694,0.727,0.0,0.2556,1.0,0.0,83.9891,0.9976,1.0,0.0777,0.0,0.0534,0.9999,0.1074,0.1396,0.81,2.4743,0.6616,0.0038,1.0,0.075,0.0,0.1244
1754591220000,137.62,1.0,0.0694,0.7239,0.0,0.2577,1.0,0.0,80.2508,0.9975,1.0,0.0789,0.0,0.055,0.9997,0.1075,0.1399,0.8013,2.3923,0.6511,0.0041,1.0,0.0486,0.0,0.1265
1754591280000,138.3058,1.0,0.0694,0.7238,0.0,0.2536,1.0,0.0,77.042,0.9972,1.0,0.0786,0.0,0.0543,0.9998,0.1069,0.14,0.8015,2.8594,0.661,0.0037,1.0,0.1118,0.0,0.1231
1754591340000,146.7561,1.0,0.0694,0.7246,0.0,0.2521,1.0,0.0,81.064,0.9969,1.0,0.0774,0.0,0.055,0.9999,0.1214,0.1388,0.7934,2.1931,0.6549,0.0037,1.0,0.017,0.0,0.123
1754591400000,152.7451,1.0,0.0694,0.7293,0.0,0.2591,1.0,0.0,80.8927,0.9972,1.0,0.0753,0.0,0.0527,0.9999,0.121,0.137,0.7967,2.6089,0.6586,0.0034,1.0,0.1204,0.0,0.1278
1754591460000,150.637,1.0,0.0694,0.7281,0.0,0.2528,1.0,0.0,82.3698,0.997,1.0,0.0765,0.0,0.056,0.9996,0.124,0.1375,0.7879,2.5452,0.6539,0.0036,1.0,0.0701,0.0,0.1233
1754591520000,145.9054,1.0,0.0694,0.7284,0.0,0.2528,1.0,0.0,76.8116,0.9967,1.0,0.0754,0.0,0.0571,0.9997,0.1161,0.1375,0.7888,2.5005,0.6483,0.0038,1.0,0.0414,0.0,0.1254
1754591580000,136.1532,1.0,0.0694,0.7283,0.0,0.2549,1.0,0.0,75.5385,0.9972,1.0,0.0733,0.0,0.0568,0.9999,0.1119,0.1329,0.7772,2.3373,0.6466,0.0039,1.0,0.0902,0.0,0.123
1754591640000,129.1977,1.0,0.0694,0.723,0.0,0.2639,1.0,0.0,73.5463,0.9971,1.0,0.0786,0.0,0.0554,0.9999,0.1214,0.1405,0.8687,2.7923,0.6964,0.0037,1.0,0.0583,0.0,0.1211
1754591700000,148.5842,1.0,0.0694,0.7237,0.0,0.2667,1.0,0.0,82.3209,0.9966,1.0,0.0746,0.0,0.0537,0.9995,0.119,0.1332,0.8575,3.0343,0.6823,0.0036,1.0,0.09,0.0,0.1177
1754591760000,142.7593,1.0,0.0694,0.72,0.0,0.2556,1.0,0.0,84.9284,0.9978,1.0,0.0777,0.0,0.0537,0.9994,0.1267,0.1372,0.8177,2.2316,0.681,0.0037,1.0,0.0833,0.0,0.1177
1754591820000,134.6532,1.0,0.0694,0.7227,0.0,0.2549,1.0,0.0,79.299,0.997,1.0,0.0733,0.0,0.0505,0.9999,0.1253,0.1304,0.8282,2.2407,0.688,0.0036,1.0,0.0598,0.0,0.1188
1754591880000,145.2708,1.0,0.0694,0.7238,0.0,0.2583,1.0,0.0,85.8102,0.9969,1.0,0.0749,0.0,0.0493,0.9993,0.1307,0.1334,0.7952,2.0974,0.6536,0.0035,1.0,0.1322,0.0,0.1161
1754591940000,137.4807,1.0,0.0694,0.7244,0.0,0.2639,1.0,0.0,78.8016,0.9973,1.0,0.0713,0.0,0.0534,0.9997,0.1199,0.1278,0.7878,2.5704,0.6525,0.0039,1.0,0.0923,0.0,0.116
1754592000000,138.2472,1.0,0.0694,0.7243,0.0,0.2611,1.0,0.0,79.8688,0.9972,1.0,0.0724,0.0,0.0545,0.9998,0.1365,0.1293,0.8043,2.7812,0.6642,0.0038,1.0,0.0359,0.0,0.1152
1754592060000,136.6684,1.0,0.0694,0.7219,0.0,0.2577,1.0,0.0,81.7352,0.9979,1.0,0.0751,0.0,0.0513,0.9996,0.1261,0.1327,0.812,2.7501,0.6723,0.0035,1.0,0.1064,0.0,0.1264
1754592120000,151.8507,1.0,0.0694,0.7262,0.0,0.2639,1.0,0.0,83.9892,0.9974,1.0,0.0689,0.0,0.0512,0.9996,0.1303,0.1239,0.8233,2.4175,0.6767,0.0038,1.0,0.0996,0.0,0.1152
1754592180000,135.9998,1.0,0.0694,0.7217,0.0,0.2583,1.0,0.0,80.448,0.998,1.0,0.0758,0.0,0.0532,0.9997,0.1303,0.1345,0.7961,2.6842,0.6569,0.0036,1.0,0.0606,0.0,0.1134
1754592240000,138.221,1.0,0.0694,0.7299,0.0,0.25,1.0,0.0,74.8979,0.9971,1.0,0.0682,0.0,0.0503,0.9998,0.1369,0.1244,0.7778,2.7459,0.6594,0.0036,1.0,0.0741,0.0,0.114
1754592300000,157.3497,1.0,0.0694,0.7261,0.0,0.2583,1.0,0.0,84.9123,0.997,1.0,0.0705,0.0,0.0528,0.9995,0.1122,0.1277,0.785,2.303,0.6591,0.0037,1.0,0.0393,0.0,0.1192
1754592360000,152.4674,1.0,0.0694,0.731,0.0,0.2528,1.0,0.0,83.3786,0.9972,1.0,0.0695,0.0,0.0504,0.9998,0.1142,0.1276,0.7926,2.7133,0.6652,0.0036,1.0,0.0619,0.0,0.1181
1754592420000,141.0663,1.0,0.0694,0.7214,0.0,0.2528,1.0,0.0,85.6627,0.997,1.0,0.0718,0.0,0.0491,0.9997,0.1111,0.1272,0.7857,2.3706,0.6525,0.0037,1.0,0.0752,0.0,0.1205
1754592480000,152.4362,1.0,0.0694,0.7265,0.0,0.2556,1.0,0.0,81.1474,0.9966,1.0,0.0673,0.0,0.0513,0.9997,0.1132,0.122,0.7942,2.7064,0.664,0.0035,1.0,0.0979,0.0,0.1096
1754592540000,149.9674,1.0,0.0694,0.7257,0.0,0.2583,1.0,0.0,79.7587,0.9969,1.0,0.0695,0.0,0.0536,0.9997,0.1129,0.1256,0.7959,2.6512,0.657,0.0036,1.0,0.0384,0.0,0.116
1754592600000,148.6477,1.0,0.0694,0.7263,0.0,0.2583,1.0,0.0,81.3015,0.9974,1.0,0.0668,0.0,0.0502,0.9998,0.1068,0.1207,0.791,2.4692,0.6584,0.0033,1.0,0.0872,0.0,0.1182
1754592660000,129.9283,1.0,0.0694,0.7193,0.0,0.2639,1.0,0.0,79.9552,0.9975,1.0,0.0712,0.0,0.0503,0.9999,0.1222,0.1256,0.7832,2.4889,0.6639,0.0034,1.0,0.0622,0.0,0.1219
1754592720000,130.7116,1.0,0.0694,0.7232,0.0,0.2556,1.0,0.0,73.7861,0.9979,1.0,0.0691,0.0,0.0509,0.9998,0.1282,0.1225,0.779,2.5627,0.6525,0.0036,1.0,0.1216,0.0,0.1146
1754592780000,149.2402,1.0,0.0694,0.7276,0.0,0.2541,1.0,0.0,81.4338,0.9971,1.0,0.0677,0.0,0.0497,0.9996,0.1253,0.123,0.7788,2.4638,0.6541,0.0036,1.0,0.0687,0.0,0.1149
1754592840000,137.7598,1.0,0.0694,0.7237,0.0,0.2528,1.0,0.0,79.9997,0.997,1.0,0.07,0.0,0.049,0.9999,0.1174,0.1256,0.7899,2.4865,0.6552,0.0036,1.0,0.0222,0.0,0.1153
1754592900000,130.2662,1.0,0.0694,0.7236,0.0,0.2556,1.0,0.0,74.3153,0.9976,1.0,0.0664,0.0,0.0499,0.9998,0.1226,0.1186,0.7956,2.7398,0.6655,0.0036,1.0,0.0515,0.0,0.1114
1754592960000,141.2743,1.0,0.0694,0.7216,0.0,0.2583,1.0,0.0,80.3705,0.997,1.0,0.0668,0.0,0.0507,0.9997,0.1508,0.1195,0.7849,2.6222,0.6523,0.0035,1.0,0.0987,0.0,0.1115
1754593020000,149.2168,1.0,0.0694,0.7187,0.0,0.2589,1.0,0.0,84.6573,0.9966,1.0,0.0645,0.0,0.0453,0.9995,0.1258,0.1136,0.7847,2.4082,0.659,0.0033,1.0,0.054,0.0,0.116
1754593080000,137.1627,1.0,0.0694,0.7194,0.0,0.2667,1.0,0.0,80.6004,0.9972,1.0,0.068,0.0,0.0477,0.9997,0.1293,0.12,0.7995,2.4757,0.6569,0.0033,1.0,0.1177,0.0,0.1133
1754593140000,133.5065,1.0,0.0694,0.7197,0.0,0.2722,1.0,0.0,81.5831,0.9975,1.0,0.0676,0.0,0.0459,0.9997,0.1263,0.1188,0.7884,2.2001,0.6531,0.0033,1.0,0.0959,0.0,0.1105
1754593200000,140.1651,1.0,0.0694,0.7207,0.0,0.2702,1.0,0.0,82.4158,0.9978,1.0,0.0687,0.0,0.0478,0.9998,0.114,0.1211,0.7994,2.4249,0.6644,0.0034,1.0,0.0815,0.0,0.1116
1754593260000,144.018,1.0,0.0694,0.7197,0.0,0.2667,1.0,0.0,84.4012,0.9973,1.0,0.0642,0.0,0.0469,0.9994,0.1085,0.1133,0.8022,2.6815,0.6625,0.0034,1.0,0.0546,0.0,0.1113
1754593320000,153.4973,1.0,0.0694,0.7251,0.0,0.2694,1.0,0.0,83.9756,0.9967,1.0,0.0619,0.0,0.0484,0.9994,0.1158,0.1116,0.8053,2.5343,0.6608,0.0032,1.0,0.1808,0.0,0.1103
1754593380000,137.9691,1.0,0.0694,0.7214,0.0,0.2694,1.0,0.0,79.4804,0.9969,1.0,0.0671,0.0,0.0462,0.9997,0.1131,0.1188,0.7923,2.5934,0.6639,0.0033,1.0,0.0854,0.0,0.1086
1754593440000,137.809,1.0,0.0694,0.7258,0.0,0.2611,1.0,0.0,78.7547,0.9974,1.0,0.0642,0.0,0.0471,0.9999,0.1035,0.1151,0.7976,2.6283,0.6618,0.0034,1.0,0.0795,0.0,0.11
1754593500000,135.4226,1.0,0.0694,0.7262,0.0,0.2639,1.0,0.0,77.9651,0.9976,1.0,0.065,0.0,0.0456,0.9998,0.1113,0.1166,0.7986,2.3317,0.6611,0.0033,1.0,0.1741,0.0,0.1088
1754593560000,145.1408,1.0,0.0694,0.7265,0.0,0.2584,1.0,0.0,82.7585,0.9974,1.0,0.0641,0.0,0.0437,1.0,0.1253,0.1152,0.8064,2.4403,0.6698,0.0032,1.0,0.1797,0.0,0.1093
1754593620000,137.5916,1.0,0.0694,0.7295,0.0,0.2528,1.0,0.0,74.9165,0.9971,1.0,0.0616,0.0,0.0459,0.9999,0.1128,0.1117,0.801,2.1419,0.6713,0.0033,1.0,0.1242,0.0,0.1103
1754593680000,141.6076,1.0,0.0694,0.7297,0.0,0.2611,1.0,0.0,78.0805,0.9976,1.0,0.0649,0.0,0.0483,0.9997,0.1122,0.1172,0.7992,2.6392,0.6554,0.0034,1.0,0.1127,0.0,0.1134
1754593740000,138.1639,1.0,0.0694,0.7318,0.0,0.2611,1.0,0.0,73.5214,0.9975,1.0,0.0604,0.0,0.0473,0.9999,0.1229,0.1107,0.7872,2.563,0.6524,0.0036,1.0,0.0797,0.0,0.1064
1754593800000,145.8312,1.0,0.0694,0.7274,0.0,0.2528,1.0,0.0,80.3342,0.9973,1.0,0.0632,0.0,0.0477,0.9997,0.1226,0.1139,0.8027,2.6134,0.665,0.0033,1.0,0.2232,0.0,0.1076
1754593860000,142.823,1.0,0.0694,0.7234,0.0,0.2528,1.0,0.0,80.458,0.9972,1.0,0.0597,0.0,0.0458,0.9999,0.1169,0.107,0.8202,2.3003,0.676,0.0035,1.0,0.1134,0.0,0.1241
1754593920000,142.4047,1.0,0.0694,0.7241,0.0,0.2556,1.0,0.0,78.9863,0.9972,1.0,0.0605,0.0,0.0474,0.9996,0.1206,0.1083,0.8257,3.0815,0.6879,0.0035,1.0,0.0364,0.0,0.1097
1754593980000,130.5101,1.0,0.0694,0.7289,0.0,0.2583,1.0,0.0,75.1966,0.9973,1.0,0.0624,0.0,0.0461,0.9999,0.1214,0.1135,0.823,2.5284,0.6766,0.0034,1.0,0.1107,0.0,0.1101
1754594040000,147.7897,1.0,0.0694,0.7282,0.0,0.2639,1.0,0.0,76.8532,0.9974,1.0,0.0584,0.0,0.0447,0.9997,0.1171,0.106,0.8335,2.8867,0.6892,0.0034,1.0,0.1834,0.0,0.1122
1754594100000,160.148,1.0,0.0694,0.7301,0.0,0.2506,1.0,0.0,81.5315,0.9968,1.0,0.0567,0.0,0.0462,0.9997,0.1208,0.1035,0.8055,2.1168,0.684,0.0032,1.0,0.0905,0.0,0.1102
1754594160000,155.4273,1.0,0.0694,0.7272,0.0,0.2528,1.0,0.0,83.7432,0.9964,1.0,0.0596,0.0,0.0474,0.9999,0.1154,0.1079,0.8153,2.3833,0.6796,0.0033,1.0,0.0544,0.0,0.1119
1754594220000,157.311,1.0,0.0694,0.7299,0.0,0.2528,1.0,0.0,84.8222,0.9974,1.0,0.0625,0.0,0.0477,0.9997,0.1283,0.1133,0.8172,2.5528,0.6811,0.0034,1.0,0.0376,0.0,0.1098
1754594280000,166.0249,1.0,0.0694,0.7299,0.0,0.25,1.0,0.0,87.195,0.9969,1.0,0.058,0.0,0.0433,0.9997,0.1244,0.106,0.8272,2.3414,0.6779,0.0036,1.0,0.0556,0.0,0.1144
1754594340000,141.4961,1.0,0.0694,0.7267,0.0,0.2556,1.0,0.0,77.7141,0.9966,1.0,0.0586,0.0,0.0449,1.0,0.1274,0.1055,0.8176,2.2198,0.6812,0.0031,1.0,0.0989,0.0,0.1119
1754594400000,139.3869,1.0,0.0694,0.7246,0.0,0.2556,1.0,0.0,79.4882,0.9963,1.0,0.0625,0.0,0.0461,0.9999,0.1144,0.1119,0.8075,2.3473,0.6701,0.0034,1.0,0.0345,0.0,0.1062
1754594460000,150.4438,1.0,0.0694,0.7273,0.0,0.2556,1.0,0.0,81.8901,0.9973,1.0,0.0593,0.0,0.0449,0.9995,0.1146,0.1067,0.8052,2.5427,0.6588,0.0033,1.0,0.075,0.0,0.1107
1754594520000,143.4581,1.0,0.0694,0.7291,0.0,0.2528,1.0,0.0,79.9298,0.9975,1.0,0.0606,0.0,0.0445,0.9997,0.1144,0.1097,0.8093,2.1664,0.6662,0.0033,1.0,0.1055,0.0,0.1107
1754594580000,149.4771,1.0,0.0694,0.7268,0.0,0.25,1.0,0.0,82.3251,0.9963,1.0,0.0577,0.0,0.0457,1.0,0.1047,0.1044,0.7971,2.4093,0.6684,0.0031,1.0,0.1101,0.0,0.1099
1754594640000,142.8943,1.0,0.0694,0.7229,0.0,0.25,1.0,0.0,81.2874,0.9969,1.0,0.0589,0.0,0.0458,0.9999,0.1078,0.105,0.7997,2.6899,0.6694,0.0031,1.0,0.1361,0.0,0.1122
1754594700000,156.8576,1.0,0.0694,0.7311,0.0,0.2556,1.0,0.0,83.5859,0.9967,1.0,0.0568,0.0,0.0435,0.9998,0.1143,0.1033,0.8023,2.5536,0.6721,0.0032,1.0,0.106,0.0,0.1032
1754594760000,152.1249,1.0,0.0694,0.727,0.0,0.2563,1.0,0.0,80.9234,0.996,1.0,0.0571,0.0,0.0469,0.9997,0.109,0.1036,0.7988,2.5536,0.669,0.0034,1.0,0.0416,0.0,0.1097
1754594820000,155.4265,1.0,0.0694,0.7276,0.0,0.2583,1.0,0.0,83.4915,0.9965,1.0,0.0577,0.0,0.045,0.9997,0.1097,0.105,0.8244,2.3233,0.6807,0.0033,1.0,0.0737,0.0,0.1131
1754594880000,160.0976,1.0,0.0694,0.728,0.0,0.2667,1.0,0.0,83.0641,0.9965,1.0,0.0553,0.0,0.0444,0.9997,0.106,0.1004,0.8106,2.6798,0.6757,0.0031,1.0,0.1203,0.0,0.1122
1754594940000,146.6076,1.0,0.0694,0.7236,0.0,0.2632,1.0,0.0,82.7477,0.997,1.0,0.0587,0.0,0.0446,0.9997,0.119,0.105,0.7991,2.8262,0.6727,0.0032,1.0,0.0463,0.0,0.1126
1754595000000,153.2124,1.0,0.0694,0.7241,0.0,0.2618,1.0,0.0,86.4102,0.997,1.0,0.0586,0.0,0.0462,0.9996,0.1068,0.105,0.7962,2.657,0.6714,0.0035,1.0,0.0464,0.0,0.107
1754595060000,136.1206,1.0,0.0694,0.7254,0.0,0.262,1.0,0.0,76.9708,0.997,1.0,0.0558,0.0,0.0427,0.9999,0.1161,0.0997,0.7999,2.3834,0.677,0.0028,1.0,0.06,0.0,0.1106
1754595120000,143.9214,1.0,0.0694,0.724,0.0,0.2577,1.0,0.0,81.1484,0.9973,1.0,0.0585,0.0,0.0457,0.9998,0.1231,0.1038,0.8066,2.3757,0.6698,0.0032,1.0,0.0673,0.0,0.1058
1754595180000,150.9963,1.0,0.0694,0.7267,0.0,0.2611,1.0,0.0,84.0659,0.9964,1.0,0.0578,0.0,0.043,0.9998,0.12,0.1041,0.8046,2.4441,0.6632,0.003,1.0,0.0858,0.0,0.1078
1754595240000,146.3551,1.0,0.0694,0.7263,0.0,0.2528,1.0,0.0,81.7901,0.9966,1.0,0.0578,0.0,0.0457,0.9999,0.1174,0.1049,0.8073,2.5731,0.6651,0.0033,1.0,0.1067,0.0,0.1094
1754595300000,147.66,1.0,0.0694,0.7235,0.0,0.2583,1.0,0.0,86.2284,0.9968,1.0,0.0564,0.0,0.0427,0.9996,0.1106,0.1008,0.7937,2.3751,0.6687,0.0032,1.0,0.0387,0.0,0.1133
1754595360000,157.8516,1.0,0.0694,0.7253,0.0,0.2535,1.0,0.0,87.4337,0.9974,1.0,0.0578,0.0,0.0428,0.9998,0.1215,0.1043,0.7869,2.4631,0.6652,0.0034,1.0,0.0462,0.0,0.1043
1754595420000,151.9652,1.0,0.0694,0.7263,0.0,0.2604,1.0,0.0,85.7061,0.9966,1.0,0.0542,0.0,0.0409,0.9996,0.1114,0.098,0.814,2.578,0.6783,0.0033,1.0,0.1324,0.0,0.1056
1754595480000,157.4694,1.0,0.0694,0.7222,0.0,0.2632,1.0,0.0,88.4424,0.997,1.0,0.0566,0.0,0.0432,0.999,0.1219,0.1006,0.8211,2.6017,0.6828,0.0033,1.0,0.107,0.0,0.1037
1754595540000,144.987,1.0,0.0694,0.7254,0.0,0.2694,1.0,0.0,81.3696,0.9971,1.0,0.0558,0.0,0.042,0.9997,0.1104,0.0998,0.8342,2.4602,0.6961,0.0032,1.0,0.0752,0.0,0.1082
1754595600000,147.3586,1.0,0.0694,0.7246,0.0,0.2703,1.0,0.0,83.5092,0.9963,1.0,0.0548,0.0,0.044,1.0,0.1175,0.0984,0.8028,2.3267,0.6823,0.0033,1.0,0.1212,0.0,0.1068
1754595660000,151.2489,1.0,0.0694,0.7251,0.0,0.2722,1.0,0.0,81.786,0.997,1.0,0.0528,0.0,0.0435,0.9998,0.1224,0.0949,0.7991,2.3571,0.6726,0.0035,1.0,0.1285,0.0,0.1164
1754595720000,161.8978,1.0,0.0694,0.7275,0.0,0.2639,1.0,0.0,86.5229,0.9969,1.0,0.0516,0.0,0.0415,0.9996,0.1069,0.0929,0.8277,2.3848,0.6738,0.0033,1.0,0.037,0.0,0.1061
1754595780000,150.5994,1.0,0.0694,0.7241,0.0,0.2694,1.0,0.0,84.7086,0.9966,1.0,0.0552,0.0,0.043,0.9999,0.1051,0.0985,0.7898,2.7488,0.6775,0.0031,1.0,0.077,0.0,0.1019
1754595840000,150.9395,1.0,0.0694,0.7257,0.0,0.2648,1.0,0.0,82.6266,0.9964,1.0,0.0537,0.0,0.0444,0.9998,0.1099,0.0965,0.8162,2.519,0.6711,0.0032,1.0,0.1524,0.0,0.1066
1754595900000,147.1102,1.0,0.0694,0.7259,0.0,0.2563,1.0,0.0,79.7867,0.9961,1.0,0.0556,0.0,0.0444,1.0,0.1156,0.101,0.796,2.5415,0.6624,0.0031,1.0,0.0715,0.0,0.1003
1754595960000,143.3241,1.0,0.0694,0.7258,0.0,0.2618,1.0,0.0,79.6959,0.9965,1.0,0.0546,0.0,0.0445,0.9994,0.114,0.0986,0.7979,2.6471,0.6606,0.0034,1.0,0.0795,0.0,0.1119
1754596020000,166.1672,1.0,0.0694,0.7278,0.0,0.2549,1.0,0.0,88.4625,0.997,1.0,0.0547,0.0,0.0445,0.9998,0.1039,0.0996,0.7959,2.242,0.6617,0.0033,1.0,0.0672,0.0,0.1008
1754596080000,137.3937,1.0,0.0694,0.7233,0.0,0.2556,1.0,0.0,78.4613,0.9972,1.0,0.0571,0.0,0.0435,0.9997,0.0908,0.1022,0.8008,2.427,0.6766,0.0032,1.0,0.0418,0.0,0.1034
1754596140000,144.1774,1.0,0.0694,0.7207,0.0,0.2556,1.0,0.0,81.6182,0.9966,1.0,0.0564,0.0,0.0453,0.9998,0.0979,0.1011,0.8056,2.409,0.6854,0.0032,1.0,0.0299,0.0,0.1042
1754596200000,157.8156,1.0,0.0694,0.721,0.0,0.2611,1.0,0.0,88.4549,0.996,1.0,0.0517,0.0,0.0426,0.9998,0.1018,0.0925,0.8328,2.3587,0.6914,0.0031,1.0,0.0459,0.0,0.1079
1754596260000,149.453,1.0,0.0694,0.7209,0.0,0.266,1.0,0.0,85.3883,0.9964,1.0,0.053,0.0,0.0419,1.0,0.1094,0.0947,0.8128,2.5602,0.6844,0.003,1.0,0.1245,0.0,0.1038
1754596320000,142.6693,1.0,0.0694,0.7291,0.0,0.2611,1.0,0.0,76.1996,0.9967,1.0,0.052,0.0,0.043,0.9999,0.1174,0.0946,0.85,2.5116,0.6967,0.0031,1.0,0.1278,0.0,0.1027
1754596380000,130.7446,1.0,0.0694,0.722,0.0,0.2556,1.0,0.0,76.0638,0.9971,1.0,0.0532,0.0,0.0436,1.0,0.1114,0.0945,0.8472,2.3513,0.7047,0.003,1.0,0.0845,0.0,0.1037
1754596440000,140.7802,1.0,0.0694,0.7251,0.0,0.2611,1.0,0.0,78.364,0.9966,1.0,0.0574,0.0,0.0469,0.9998,0.1122,0.1035,0.7796,2.3597,0.6716,0.0033,1.0,0.0715,0.0,0.1014
1754596500000,142.8107,1.0,0.0694,0.7263,0.0,0.2563,1.0,0.0,77.8522,0.9972,1.0,0.0545,0.0,0.0456,0.9999,0.1143,0.0994,0.7898,2.3166,0.6644,0.0032,1.0,0.0284,0.0,0.1044
1754596560000,144.117,1.0,0.0694,0.7246,0.0,0.2493,1.0,0.0,77.8625,0.9962,1.0,0.057,0.0,0.0468,0.9997,0.1283,0.1033,0.7911,2.5781,0.6595,0.0034,1.0,0.1018,0.0,0.1043
1754596620000,135.6245,1.0,0.0694,0.726,0.0,0.2577,1.0,0.0,74.6909,0.9971,1.0,0.0517,0.0,0.0431,1.0,0.1226,0.094,0.78,2.6386,0.6585,0.0032,1.0,0.0393,0.0,0.1095
1754596680000,138.1333,1.0,0.0694,0.723,0.0,0.2639,1.0,0.0,77.3503,0.997,1.0,0.0532,0.0,0.0437,1.0,0.1221,0.0953,0.793,2.6494,0.6613,0.003,1.0,0.0644,0.0,0.1006
1754596740000,143.0716,1.0,0.0694,0.7295,0.0,0.2577,1.0,0.0,75.4314,0.9964,1.0,0.0518,0.0,0.0434,1.0,0.1192,0.0946,0.8421,2.5788,0.6919,0.0033,1.0,0.079,0.0,0.1002
1754596800000,141.1237,1.0,0.0694,0.7207,0.0,0.25,1.0,0.0,79.8338,0.9964,1.0,0.0562,0.0,0.0454,1.0,0.1149,0.0999,0.8024,2.4881,0.6702,0.0035,1.0,0.0579,0.0,0.1064
1754596860000,147.2819,1.0,0.0694,0.7284,0.0,0.25,1.0,0.0,79.4737,0.9972,1.0,0.0557,0.0,0.042,0.9999,0.1211,0.1006,0.8049,2.2839,0.68,0.003,1.0,0.0763,0.0,0.1069
1754596920000,141.3737,1.0,0.0694,0.7276,0.0,0.2438,1.0,0.0,74.9743,0.9961,1.0,0.054,0.0,0.043,0.9999,0.1221,0.098,0.8135,2.1274,0.6797,0.0034,1.0,0.144,0.0,0.1077
1754596980000,150.9131,1.0,0.0694,0.7238,0.0,0.25,1.0,0.0,86.6448,0.9962,1.0,0.0551,0.0,0.0412,0.9997,0.131,0.098,0.817,2.5073,0.6809,0.0033,1.0,0.1915,0.0,0.106
1754597040000,154.6163,1.0,0.0694,0.7239,0.0,0.2556,1.0,0.0,86.867,0.996,1.0,0.0543,0.0,0.0427,0.9997,0.1201,0.0972,0.8154,2.6347,0.6775,0.0031,1.0,0.0426,0.0,0.1031
1754597100000,140.5404,1.0,0.0694,0.7234,0.0,0.2556,1.0,0.0,80.8051,0.9969,1.0,0.0537,0.0,0.0428,0.9999,0.1076,0.0955,0.8073,2.2597,0.673,0.0033,1.0,0.0456,0.0,0.1029
1754597160000,148.5112,1.0,0.0694,0.7219,0.0,0.2556,1.0,0.0,85.3494,0.9969,1.0,0.0549,0.0,0.0422,0.9999,0.1087,0.0976,0.7947,2.5915,0.6704,0.0032,1.0,0.069,0.0,0.0989
1754597220000,150.9207,1.0,0.0694,0.7273,0.0,0.2583,1.0,0.0,83.3769,0.9966,1.0,0.0533,0.0,0.0429,1.0,0.1061,0.0965,0.8008,2.5261,0.6635,0.0031,1.0,0.0228,0.0,0.0988
1754597280000,137.6417,1.0,0.0694,0.7191,0.0,0.2556,1.0,0.0,87.2448,0.9972,1.0,0.0553,0.0,0.0424,0.9996,0.0996,0.097,0.7933,2.7328,0.6753,0.0032,1.0,0.0415,0.0,0.1058
1754597340000,140.6742,1.0,0.0694,0.7188,0.0,0.2611,1.0,0.0,82.9657,0.9975,1.0,0.0564,0.0,0.0437,0.9994,0.1017,0.0989,0.7881,2.6913,0.6715,0.0033,1.0,0.1122,0.0,0.0971
1754597400000,135.6079,1.0,0.0694,0.725,0.0,0.2528,1.0,0.0,74.4618,0.9968,1.0,0.0529,0.0,0.0418,0.9999,0.1024,0.0949,0.8152,2.8871,0.6766,0.0031,1.0,0.0556,0.0,0.1042
1754597460000,148.4966,1.0,0.0694,0.7221,0.0,0.2667,1.0,0.0,85.563,0.9968,1.0,0.0559,0.0,0.0441,0.9998,0.1067,0.0996,0.8075,2.44,0.6754,0.0034,1.0,0.0798,0.0,0.1179
1754597520000,157.6027,1.0,0.0694,0.7245,0.0,0.2556,1.0,0.0,85.8317,0.9962,1.0,0.0511,0.0,0.0433,0.9995,0.1051,0.0921,0.8056,2.4694,0.6645,0.0033,1.0,0.0908,0.0,0.0999
1754597580000,148.4233,1.0,0.0694,0.7272,0.0,0.2556,1.0,0.0,79.4265,0.9967,1.0,0.0525,0.0,0.0441,0.9995,0.1054,0.0949,0.8052,3.1927,0.6723,0.0031,1.0,0.0932,0.0,0.1026
1754597640000,147.6213,1.0,0.0694,0.7223,0.0,0.2583,1.0,0.0,84.045,0.9971,1.0,0.0533,0.0,0.044,0.9995,0.1021,0.0949,0.7948,2.5423,0.6578,0.0032,1.0,0.1546,0.0,0.1038
1754597700000,151.8584,1.0,0.0694,0.7201,0.0,0.2611,1.0,0.0,89.5238,0.9969,1.0,0.0545,0.0,0.0425,0.9997,0.1026,0.0967,0.7795,2.52,0.6589,0.0033,1.0,0.1674,0.0,0.0978
1754597760000,149.9644,1.0,0.0694,0.7227,0.0,0.2667,1.0,0.0,83.8329,0.9969,1.0,0.0508,0.0,0.0411,0.9995,0.0836,0.0906,0.7898,2.6726,0.6766,0.0033,1.0,0.099,0.0,0.1002
1754597820000,151.9106,1.0,0.0694,0.7247,0.0,0.2639,1.0,0.0,84.1052,0.9968,1.0,0.0539,0.0,0.0431,0.9997,0.09,0.0966,0.8329,2.6684,0.6859,0.0032,1.0,0.0686,0.0,0.0995
1754597880000,137.2775,1.0,0.0694,0.7242,0.0,0.2639,1.0,0.0,79.5208,0.9979,1.0,0.0541,0.0,0.0423,0.9999,0.0949,0.097,0.8288,2.2429,0.693,0.0034,1.0,0.0471,0.0,0.1023
1754597940000,140.6976,1.0,0.0694,0.7252,0.0,0.2694,1.0,0.0,80.4523,0.9964,1.0,0.0533,0.0,0.0425,0.9999,0.0944,0.0955,0.8268,2.3395,0.6862,0.0033,1.0,0.0406,0.0,0.1012
1754598000000,146.7496,1.0,0.0694,0.7234,0.0,0.2639,1.0,0.0,82.6192,0.9969,1.0,0.0539,0.0,0.042,0.9996,0.0947,0.0962,0.8555,2.4312,0.7018,0.003,1.0,0.0989,0.0,0.1012
1754598060000,138.1732,1.0,0.0694,0.7207,0.0,0.2583,1.0,0.0,82.3183,0.9968,1.0,0.0545,0.0,0.0421,0.9999,0.0918,0.0964,0.8052,2.5961,0.6652,0.003,1.0,0.0457,0.0,0.0995
1754598120000,147.9683,1.0,0.0694,0.724,0.0,0.2611,1.0,0.0,83.191,0.9978,1.0,0.0546,0.0,0.0434,0.9997,0.0951,0.0975,0.8144,2.4272,0.68,0.0033,1.0,0.0559,0.0,0.1
1754598180000,137.8748,1.0,0.0694,0.7263,0.0,0.2583,1.0,0.0,75.2808,0.9977,1.0,0.0542,0.0,0.0421,0.9998,0.1164,0.097,0.8234,2.2689,0.6834,0.0032,1.0,0.0896,0.0,0.1031
1754598240000,139.1162,1.0,0.0694,0.7219,0.0,0.2604,1.0,0.0,79.4746,0.9972,1.0,0.0554,0.0,0.0431,0.9999,0.1121,0.0983,0.7899,2.1459,0.6852,0.0033,1.0,0.1548,0.0,0.1074
1754598300000,135.0005,1.0,0.0694,0.7204,0.0,0.2639,1.0,0.0,77.5047,0.9973,1.0,0.0572,0.0,0.0429,0.9999,0.1176,0.101,0.795,2.2857,0.6754,0.0031,1.0,0.0436,0.0,0.1013
1754598360000,145.9146,1.0,0.0694,0.7209,0.0,0.2639,1.0,0.0,84.6767,0.9966,1.0,0.0563,0.0,0.0434,0.9999,0.1164,0.1,0.8154,2.544,0.6763,0.0031,1.0,0.2162,0.0,0.1017
1754598420000,148.8134,1.0,0.0694,0.7309,0.0,0.2611,1.0,0.0,79.0061,0.9961,1.0,0.0519,0.0,0.0412,0.9999,0.1028,0.095,0.8077,2.5873,0.6717,0.003,1.0,0.0809,0.0,0.1049
1754598480000,152.1503,1.0,0.0694,0.7266,0.0,0.2639,1.0,0.0,83.5363,0.9971,1.0,0.0528,0.0,0.0421,0.9997,0.1092,0.0951,0.8184,2.8219,0.6727,0.003,1.0,0.0624,0.0,0.1064
1754598540000,148.4254,1.0,0.0694,0.7266,0.0,0.2611,1.0,0.0,81.7186,0.9969,1.0,0.0523,0.0,0.0422,0.9999,0.1108,0.0946,0.7904,2.7578,0.6738,0.003,1.0,0.0389,0.0,0.1082
1754598600000,152.7158,1.0,0.0694,0.7255,0.0,0.2611,1.0,0.0,84.7119,0.9965,1.0,0.0554,0.0,0.0439,0.9998,0.1122,0.0992,0.7836,2.3801,0.6565,0.003,1.0,0.0715,0.0,0.1028
1754598660000,139.0624,1.0,0.0694,0.7218,0.0,0.2583,1.0,0.0,78.2324,0.997,1.0,0.0543,0.0,0.0428,0.9999,0.1051,0.0966,0.7895,2.6922,0.654,0.0031,1.0,0.2161,0.0,0.1048
1754598720000,154.0155,1.0,0.0694,0.7259,0.0,0.25,1.0,0.0,81.7742,0.9969,1.0,0.0553,0.0,0.0446,0.9996,0.1121,0.1004,0.7888,2.6288,0.6687,0.0034,1.0,0.1378,0.0,0.0979
1754598780000,140.8686,1.0,0.0694,0.7296,0.0,0.2528,1.0,0.0,74.1908,0.9968,1.0,0.0557,0.0,0.0444,0.9998,0.1342,0.1018,0.8089,2.5145,0.6667,0.0033,1.0,0.1277,0.0,0.1023
1754598840000,160.7367,1.0,0.0694,0.7292,0.0,0.2528,1.0,0.0,81.8482,0.9963,1.0,0.054,0.0,0.0445,0.9997,0.13,0.0994,0.7891,2.6552,0.6667,0.0032,1.0,0.0529,0.0,0.1048
1754598900000,145.169,1.0,0.0694,0.7225,0.0,0.2556,1.0,0.0,81.8971,0.9966,1.0,0.0542,0.0,0.0439,0.9999,0.1276,0.0975,0.7965,2.2822,0.6759,0.0031,1.0,0.0526,0.0,0.1075
1754598960000,158.3361,1.0,0.0694,0.726,0.0,0.2583,1.0,0.0,83.7686,0.9968,1.0,0.0537,0.0,0.0448,0.9996,0.1154,0.0978,0.7842,2.5868,0.663,0.0031,1.0,0.0577,0.0,0.1029
1754599020000,141.055,1.0,0.0694,0.7202,0.0,0.2583,1.0,0.0,84.6052,0.9969,1.0,0.062,0.0,0.045,1.0,0.1158,0.1103,0.7886,2.4893,0.6603,0.0033,1.0,0.0364,0.0,0.1067
1754599080000,148.8466,1.0,0.0694,0.731,0.0,0.2667,1.0,0.0,75.2214,0.9967,1.0,0.053,0.0,0.0438,0.9998,0.1138,0.0977,0.8088,2.2657,0.6751,0.0034,1.0,0.0442,0.0,0.1081
1754599140000,139.8749,1.0,0.0694,0.7248,0.0,0.2611,1.0,0.0,79.9736,0.9971,1.0,0.0544,0.0,0.0435,1.0,0.1186,0.0975,0.8027,2.5027,0.67,0.0034,1.0,0.0736,0.0,0.1072
1754599200000,130.734,1.0,0.0694,0.7247,0.0,0.2528,1.0,0.0,74.9678,0.9968,1.0,0.0563,0.0,0.0435,0.9999,0.1187,0.1011,0.7969,2.7577,0.6714,0.0031,1.0,0.06,0.0,0.1093
1754599260000,145.3401,1.0,0.0694,0.7231,0.0,0.2528,1.0,0.0,84.0683,0.9964,1.0,0.0562,0.0,0.0443,0.9996,0.1124,0.1007,0.8013,2.5557,0.6766,0.0033,1.0,0.0582,0.0,0.1194
1754599320000,138.2717,1.0,0.0694,0.7218,0.0,0.2611,1.0,0.0,80.534,0.9969,1.0,0.0593,0.0,0.045,0.9997,0.1036,0.106,0.7951,2.237,0.6771,0.0033,1.0,0.0876,0.0,0.1049
1754599380000,137.3552,1.0,0.0694,0.7222,0.0,0.2639,1.0,0.0,79.7141,0.9976,1.0,0.0535,0.0,0.0437,0.9998,0.1,0.0958,0.7955,2.6031,0.6812,0.0034,1.0,0.0576,0.0,0.1066
1754599440000,155.4391,1.0,0.0694,0.727,0.0,0.2611,1.0,0.0,79.1221,0.9968,1.0,0.0532,0.0,0.0454,0.9996,0.0989,0.0966,0.7879,2.4848,0.6796,0.0035,1.0,0.0854,0.0,0.1086
1754599500000,148.5747,1.0,0.0694,0.7287,0.0,0.2618,1.0,0.0,79.7851,0.9971,1.0,0.0551,0.0,0.0434,1.0,0.0944,0.0996,0.7995,2.4587,0.6734,0.0032,1.0,0.0752,0.0,0.1088
1754599560000,146.5704,1.0,0.0694,0.7236,0.0,0.2583,1.0,0.0,83.7204,0.9972,1.0,0.0608,0.0,0.0457,0.9997,0.0901,0.1089,0.7899,2.4654,0.6735,0.0033,1.0,0.0898,0.0,0.1062
1754599620000,141.1287,1.0,0.0694,0.7263,0.0,0.2639,1.0,0.0,75.5618,0.9968,1.0,0.0546,0.0,0.0441,0.9998,0.0937,0.0993,0.8008,2.3001,0.667,0.0031,1.0,0.0723,0.0,0.1099
1754599680000,139.2909,1.0,0.0694,0.7267,0.0,0.2632,1.0,0.0,76.7618,0.9969,1.0,0.0549,0.0,0.0437,0.9999,0.1065,0.0992,0.7869,2.8127,0.6672,0.0034,1.0,0.0726,0.0,0.1038
1754599740000,136.7531,1.0,0.0694,0.7164,0.0,0.2694,1.0,0.0,83.9095,0.9975,1.0,0.0576,0.0,0.0445,0.9996,0.1008,0.1003,0.7801,2.2713,0.6581,0.0033,1.0,0.052,0.0,0.104
1754599800000,138.6966,1.0,0.0694,0.7176,0.0,0.2583,1.0,0.0,84.3967,0.9974,1.0,0.0597,0.0,0.0449,0.9999,0.1124,0.1046,0.8017,2.4352,0.6615,0.0032,1.0,0.1663,0.0,0.1013
1754599860000,144.2845,1.0,0.0694,0.7219,0.0,0.2646,1.0,0.0,84.3209,0.9976,1.0,0.0596,0.0,0.0438,0.9997,0.1018,0.1057,0.8013,2.5222,0.6702,0.0033,1.0,0.1884,0.0,0.1006
1754599920000,145.8084,1.0,0.0694,0.7229,0.0,0.2556,1.0,0.0,83.936,0.9979,1.0,0.0557,0.0,0.0435,0.9994,0.1079,0.0997,0.7771,2.3962,0.6637,0.0033,1.0,0.0905,0.0,0.1044
1754599980000,152.4759,1.0,0.0694,0.7221,0.0,0.2611,1.0,0.0,85.9735,0.9966,1.0,0.0558,0.0,0.0451,0.9997,0.1138,0.0998,0.789,2.4459,0.6527,0.0032,1.0,0.1492,0.0,0.0978
1754600040000,145.7778,1.0,0.0694,0.7236,0.0,0.2611,1.0,0.0,80.3711,0.9966,1.0,0.0551,0.0,0.045,1.0,0.0957,0.0995,0.7711,2.7888,0.6485,0.0033,1.0,0.1068,0.0,0.1047
1754600100000,146.8774,1.0,0.0694,0.7231,0.0,0.2639,1.0,0.0,79.2246,0.9964,1.0,0.0531,0.0,0.0419,0.9995,0.12,0.0955,0.7952,2.0319,0.6653,0.0034,1.0,0.0536,0.0,0.1067
1754600160000,146.2095,1.0,0.0694,0.7194,0.0,0.2639,1.0,0.0,84.1668,0.9972,1.0,0.0592,0.0,0.0445,0.9999,0.1085,0.1047,0.7963,2.6287,0.6681,0.0035,1.0,0.0947,0.0,0.1021
1754600220000,148.9666,1.0,0.0694,0.7179,0.0,0.2583,1.0,0.0,85.9245,0.9973,1.0,0.0605,0.0,0.0458,0.9994,0.1144,0.1073,0.7939,2.6268,0.6665,0.0032,1.0,0.0441,0.0,0.1019
1754600280000,149.2704,1.0,0.0694,0.7224,0.0,0.2694,1.0,0.0,82.632,0.9963,1.0,0.057,0.0,0.0431,0.9994,0.1239,0.1021,0.8394,2.4457,0.6708,0.0033,1.0,0.0746,0.0,0.109
1754600340000,148.0788,1.0,0.0694,0.7267,0.0,0.2646,1.0,0.0,80.4025,0.9968,1.0,0.0544,0.0,0.0463,1.0,0.119,0.099,0.7997,2.3721,0.673,0.0034,1.0,0.0584,0.0,0.106
1754600400000,157.5615,1.0,0.0694,0.7269,0.0,0.2638,1.0,0.0,82.4255,0.9954,1.0,0.0624,0.0,0.0539,0.9999,0.1122,0.1142,0.8176,2.2775,0.6754,0.0038,1.0,0.1158,0.0,0.1049
1754600460000,167.2205,1.0,0.0694,0.7367,0.0,0.2667,1.0,0.0,78.4445,0.9961,1.0,0.0573,0.0,0.0534,0.9997,0.1082,0.1083,0.8395,2.5417,0.6893,0.0036,1.0,0.1617,0.0,0.1195
1754600520000,125.5273,1.0,0.0694,0.7143,0.0,0.2632,1.0,0.0,68.0227,0.9968,1.0,0.077,0.0,0.0617,0.9996,0.0957,0.1386,0.8044,2.4023,0.6725,0.0037,1.0,0.0521,0.0,0.1239
1754600580000,115.5834,1.0,0.0694,0.7127,0.0,0.2694,1.0,0.0,62.8137,0.9967,1.0,0.0827,0.0,0.0694,0.9998,0.1046,0.1481,0.806,2.2779,0.6634,0.0036,1.0,0.0596,0.0,0.1355
1754600640000,96.246,1.0,0.0694,0.7008,0.0,0.2667,1.0,0.0,58.8329,0.9972,1.0,0.1011,0.0,0.0747,0.9998,0.1175,0.174,0.8328,2.4468,0.6876,0.0036,1.0,0.0731,0.0,0.1359
1754600700000,84.1358,1.0,0.0694,0.7008,0.0,0.2603,1.0,0.0,49.881,0.9982,1.0,0.1201,0.0,0.083,0.9999,0.125,0.2042,0.8113,2.5273,0.6798,0.0038,1.0,0.0829,0.0,0.1336
1754600760000,104.0208,1.0,0.0694,0.7062,0.0,0.2592,1.0,0.0,58.326,0.9975,1.0,0.0994,0.0,0.0724,0.9999,0.1312,0.1737,0.8188,2.4067,0.6734,0.0039,1.0,0.095,0.0,0.1444
1754600820000,89.4056,1.0,0.0694,0.7067,0.0,0.2611,1.0,0.0,50.5769,0.9976,1.0,0.1156,0.0,0.0798,1.0,0.1254,0.2,0.7895,2.5353,0.6571,0.0038,1.0,0.0524,0.0,0.1445
1754600880000,115.4275,1.0,0.0694,0.7126,0.0,0.2611,1.0,0.0,61.9263,0.9968,1.0,0.0888,0.0,0.0671,0.9999,0.1394,0.1588,0.7869,2.5736,0.6646,0.0034,1.0,0.0846,0.0,0.1554
1754600940000,118.1831,1.0,0.0694,0.7152,0.0,0.2667,1.0,0.0,63.1118,0.9969,1.0,0.0914,0.0,0.0703,0.9998,0.1615,0.1641,0.7924,2.5601,0.6573,0.0035,1.0,0.0392,0.0,0.143
1754601000000,110.3379,1.0,0.0694,0.7115,0.0,0.2639,1.0,0.0,61.3818,0.9968,1.0,0.0934,0.0,0.0712,0.9998,0.1528,0.1659,0.7919,2.6101,0.6581,0.0037,1.0,0.0437,0.0,0.1421
1754601060000,108.8678,1.0,0.0694,0.7099,0.0,0.2639,1.0,0.0,60.7621,0.997,1.0,0.0954,0.0,0.0714,1.0,0.1443,0.1704,0.773,2.404,0.6434,0.0035,1.0,0.1125,0.0,0.1495
1754601120000,114.4583,1.0,0.0694,0.7092,0.0,0.2694,1.0,0.0,63.827,0.997,1.0,0.0909,0.0,0.069,0.9998,0.1522,0.1615,0.7806,2.7788,0.6495,0.0035,1.0,0.0544,0.0,0.153
1754601180000,115.6574,1.0,0.0694,0.7087,0.0,0.2639,1.0,0.0,65.9863,0.9971,1.0,0.0893,0.0,0.0657,0.9999,0.1489,0.1588,0.7744,2.4676,0.6478,0.0035,1.0,0.0467,0.0,0.137
1754601240000,113.66,1.0,0.0694,0.7085,0.0,0.2655,1.0,0.0,64.4763,0.9975,1.0,0.0914,0.0,0.0668,0.9998,0.146,0.1628,0.7823,2.2437,0.6564,0.0036,1.0,0.1495,0.0,0.139
1754601300000,117.6377,1.0,0.0694,0.7177,0.0,0.2583,1.0,0.0,61.1758,0.9967,1.0,0.0901,0.0,0.065,0.9999,0.1432,0.1635,0.7825,2.3127,0.6542,0.0034,1.0,0.2081,0.0,0.1291
1754601360000,116.1318,1.0,0.0694,0.7104,0.0,0.2654,1.0,0.0,65.2012,0.9965,1.0,0.0933,0.0,0.067,0.9997,0.1311,0.1667,0.7938,2.3813,0.6451,0.0036,1.0,0.1253,0.0,0.142
1754601420000,137.9409,1.0,0.0694,0.725,0.0,0.2667,1.0,0.0,69.7359,0.9962,1.0,0.0797,0.0,0.0591,0.9996,0.1372,0.1458,0.7775,2.3969,0.6533,0.0037,1.0,0.0578,0.0,0.1463
1754601480000,140.2191,1.0,0.0694,0.7259,0.0,0.2618,1.0,0.0,71.9181,0.9962,1.0,0.0739,0.0,0.0578,0.9998,0.1379,0.1355,0.7865,2.4966,0.6456,0.0034,1.0,0.0655,0.0,0.1398
1754601540000,161.17,1.0,0.0694,0.728,0.0,0.2604,1.0,0.0,76.5279,0.9952,1.0,0.0704,0.0,0.0579,0.9996,0.1344,0.1311,0.788,2.534,0.6549,0.0035,1.0,0.0698,0.0,0.1318
1754601600000,138.6803,1.0,0.0694,0.7248,0.0,0.2611,1.0,0.0,70.7953,0.9964,1.0,0.0727,0.0,0.0546,1.0,0.1344,0.1331,0.799,2.5556,0.6687,0.0033,1.0,0.1362,0.0,0.1351
1754601660000,136.4275,1.0,0.0694,0.722,0.0,0.2583,1.0,0.0,74.4812,0.9965,1.0,0.0795,0.0,0.0549,0.9998,0.1387,0.1427,0.8102,2.3437,0.6717,0.0036,1.0,0.0641,0.0,0.1268
1754601720000,146.2565,1.0,0.0694,0.7241,0.0,0.2556,1.0,0.0,75.0834,0.996,1.0,0.0761,0.0,0.0556,0.9998,0.1315,0.1387,0.8105,2.5947,0.6694,0.0035,1.0,0.1282,0.0,0.133
1754601780000,143.3457,1.0,0.0694,0.7243,0.0,0.2528,1.0,0.0,76.2158,0.9959,1.0,0.0741,0.0,0.0559,0.9999,0.131,0.1348,0.7887,2.3709,0.6551,0.0034,1.0,0.1218,0.0,0.1358
1754601840000,143.6704,1.0,0.0694,0.7256,0.0,0.2528,1.0,0.0,72.8253,0.9964,1.0,0.0768,0.0,0.0574,0.9999,0.1271,0.1408,0.7966,2.4554,0.6574,0.0037,1.0,0.0686,0.0,0.1333
1754601900000,137.8746,1.0,0.0694,0.7214,0.0,0.2528,1.0,0.0,72.0928,0.9962,1.0,0.0788,0.0,0.061,0.9997,0.1279,0.1423,0.8022,2.5538,0.6615,0.0039,1.0,0.0627,0.0,0.1378
1754601960000,135.122,1.0,0.0694,0.7255,0.0,0.2472,1.0,0.0,72.6097,0.9968,1.0,0.0762,0.0,0.055,0.9999,0.1171,0.1388,0.7927,2.5618,0.6605,0.0035,1.0,0.0527,0.0,0.1311
1754602020000,152.3841,1.0,0.0694,0.725,0.0,0.2472,1.0,0.0,79.7325,0.9967,1.0,0.0758,0.0,0.058,0.9995,0.1222,0.1386,0.8112,2.483,0.6792,0.0036,1.0,0.1294,0.0,0.1295
1754602080000,148.0272,1.0,0.0694,0.7244,0.0,0.2444,1.0,0.0,77.3511,0.9963,1.0,0.0742,0.0,0.056,0.9997,0.1375,0.1359,0.8252,2.6448,0.6783,0.0034,1.0,0.1353,0.0,0.1394
1754602140000,140.6622,1.0,0.0694,0.7222,0.0,0.2583,1.0,0.0,74.1797,0.9965,1.0,0.074,0.0,0.0569,0.9999,0.149,0.1346,0.8038,2.4542,0.6676,0.0038,1.0,0.0674,0.0,0.1286
1754602200000,145.7396,1.0,0.0694,0.7203,0.0,0.2592,1.0,0.0,78.6914,0.9964,1.0,0.077,0.0,0.0589,0.9999,0.1549,0.1393,0.8292,2.5662,0.6675,0.0037,1.0,0.1003,0.0,0.1303
1754602260000,140.6805,1.0,0.0694,0.7231,0.0,0.2639,1.0,0.0,74.6494,0.997,1.0,0.0793,0.0,0.0577,0.9999,0.1532,0.1443,0.814,2.4877,0.6749,0.0036,1.0,0.0778,0.0,0.1325
1754602320000,140.2832,1.0,0.0694,0.7215,0.0,0.2639,1.0,0.0,76.48,0.997,1.0,0.0761,0.0,0.0594,0.9999,0.149,0.1371,0.8362,2.9364,0.6822,0.0039,1.0,0.0802,0.0,0.134
1754602380000,137.6879,1.0,0.0694,0.7222,0.0,0.2694,1.0,0.0,74.3888,0.9964,1.0,0.0763,0.0,0.0597,0.9999,0.1389,0.1381,0.8081,2.5378,0.6734,0.004,1.0,0.1466,0.0,0.1316
1754602440000,136.1092,1.0,0.0694,0.7235,0.0,0.2694,1.0,0.0,71.7903,0.9967,1.0,0.0765,0.0,0.0614,0.9999,0.135,0.1384,0.8016,2.6594,0.6685,0.0038,1.0,0.1441,0.0,0.1294
1754602500000,130.6301,1.0,0.0694,0.7196,0.0,0.2722,1.0,0.0,71.1117,0.9969,1.0,0.0808,0.0,0.0639,0.9998,0.1347,0.1448,0.7948,2.5624,0.659,0.0037,1.0,0.0305,0.0,0.1297
1754602560000,147.1778,1.0,0.0694,0.7241,0.0,0.2694,1.0,0.0,75.3833,0.9972,1.0,0.0784,0.0,0.0649,0.9998,0.1346,0.1431,0.7938,2.577,0.6682,0.0042,1.0,0.0443,0.0,0.1328
1754602620000,132.3443,1.0,0.0694,0.7202,0.0,0.2556,1.0,0.0,71.5537,0.9966,1.0,0.0829,0.0,0.0626,1.0,0.1276,0.1493,0.836,2.2419,0.6882,0.004,1.0,0.0643,0.0,0.1348
1754602680000,135.5238,1.0,0.0694,0.7234,0.0,0.2556,1.0,0.0,73.6359,0.9971,1.0,0.0816,0.0,0.0628,0.9999,0.1239,0.1478,0.8632,2.576,0.7026,0.0041,1.0,0.0647,0.0,0.1376
1754602740000,143.1835,1.0,0.0694,0.726,0.0,0.2556,1.0,0.0,73.7977,0.9973,1.0,0.0839,0.0,0.0626,0.9998,0.125,0.1535,0.8053,2.4739,0.6652,0.0043,1.0,0.0377,0.0,0.1391
1754602800000,131.2904,1.0,0.0694,0.7204,0.0,0.2618,1.0,0.0,73.4229,0.9971,1.0,0.0863,0.0,0.0629,0.9998,0.1274,0.1552,0.8189,2.3277,0.6777,0.0039,1.0,0.146,0.0,0.1453
1754602860000,138.1695,1.0,0.0694,0.7204,0.0,0.2528,1.0,0.0,75.1708,0.9965,1.0,0.0829,0.0,0.0622,0.9999,0.135,0.1494,0.8251,2.4551,0.6721,0.0038,1.0,0.1302,0.0,0.148
1754602920000,137.2751,1.0,0.0694,0.7232,0.0,0.2515,1.0,0.0,72.8455,0.9969,1.0,0.0804,0.0,0.0649,0.9998,0.1549,0.1465,0.8032,2.4535,0.6569,0.0041,1.0,0.0919,0.0,0.139
1754602980000,136.5681,1.0,0.0694,0.7235,0.0,0.2478,1.0,0.0,72.9061,0.9964,1.0,0.0808,0.0,0.0616,0.9997,0.14,0.1474,0.7843,2.7608,0.6519,0.0042,1.0,0.1376,0.0,0.1374
1754603040000,134.4985,1.0,0.0694,0.7209,0.0,0.25,1.0,0.0,76.157,0.9967,1.0,0.0844,0.0,0.0597,0.9999,0.1454,0.1518,0.7963,2.5325,0.6561,0.0039,1.0,0.0678,0.0,0.1355
1754603100000,144.8229,1.0,0.0694,0.7252,0.0,0.2472,1.0,0.0,73.7417,0.9962,1.0,0.0836,0.0,0.0606,0.9998,0.1436,0.1524,0.8052,2.6013,0.6598,0.004,1.0,0.0828,0.0,0.1374
1754603160000,147.5343,1.0,0.0694,0.7219,0.0,0.25,1.0,0.0,78.0318,0.9965,1.0,0.0845,0.0,0.0642,0.9997,0.1524,0.1526,0.7862,2.3528,0.653,0.004,1.0,0.2494,0.0,0.1457
1754603220000,139.4913,1.0,0.0694,0.7199,0.0,0.2528,1.0,0.0,76.0197,0.9963,1.0,0.0851,0.0,0.0652,0.9998,0.1458,0.1523,0.8119,2.5138,0.6643,0.0041,1.0,0.0606,0.0,0.1412
1754603280000,141.6164,1.0,0.0694,0.7238,0.0,0.262,1.0,0.0,73.2661,0.9961,1.0,0.0853,0.0,0.0689,1.0,0.144,0.1555,0.8035,2.3928,0.6596,0.0039,1.0,0.1035,0.0,0.143
1754603340000,145.1207,1.0,0.0694,0.7284,0.0,0.2659,1.0,0.0,71.8828,0.9956,1.0,0.084,0.0,0.0693,0.9998,0.1319,0.1555,0.7859,2.636,0.6558,0.0041,1.0,0.1169,0.0,0.1451
1754603400000,155.5813,1.0,0.0694,0.7245,0.0,0.2639,1.0,0.0,78.1896,0.9958,1.0,0.0888,0.0,0.0753,0.9998,0.1575,0.1629,0.7892,2.3755,0.6568,0.0042,1.0,0.0665,0.0,0.1531
1754603460000,151.6314,1.0,0.0694,0.7226,0.0,0.2611,1.0,0.0,79.3506,0.9961,1.0,0.0884,0.0,0.067,0.9998,0.1428,0.1603,0.7849,2.2887,0.6558,0.0039,1.0,0.1071,0.0,0.1563
1754603520000,138.8265,1.0,0.0694,0.72,0.0,0.2639,1.0,0.0,76.9125,0.9959,1.0,0.0924,0.0,0.0694,0.9999,0.1442,0.1662,0.7907,2.3368,0.6592,0.004,1.0,0.1004,0.0,0.149
1754603580000,132.4596,1.0,0.0694,0.722,0.0,0.2639,1.0,0.0,73.8015,0.9961,1.0,0.09,0.0,0.0656,0.9998,0.1414,0.1622,0.7864,2.3583,0.6491,0.0043,1.0,0.0505,0.0,0.1498
1754603640000,137.9538,1.0,0.0694,0.7183,0.0,0.2528,1.0,0.0,71.5911,0.996,1.0,0.0863,0.0,0.07,0.9998,0.1461,0.158,0.8026,2.9082,0.659,0.0044,1.0,0.1211,0.0,0.1473
1754603700000,136.4299,1.0,0.0694,0.7196,0.0,0.2583,1.0,0.0,75.4591,0.9963,1.0,0.0959,0.0,0.0697,0.9998,0.1493,0.173,0.8097,2.4207,0.6713,0.0046,1.0,0.1661,0.0,0.1483
1754603760000,143.3086,1.0,0.0694,0.7208,0.0,0.2556,1.0,0.0,75.5991,0.9964,1.0,0.088,0.0,0.0706,0.9996,0.1636,0.1605,0.8182,2.3897,0.6708,0.0044,1.0,0.0345,0.0,0.1545
1754603820000,143.8566,1.0,0.0694,0.7203,0.0,0.2556,1.0,0.0,74.2943,0.9965,1.0,0.0912,0.0,0.0699,0.9999,0.1589,0.1661,0.8116,2.5397,0.6731,0.0042,1.0,0.0312,0.0,0.1511
1754603880000,151.5642,1.0,0.0694,0.7218,0.0,0.2528,1.0,0.0,78.501,0.9958,1.0,0.0931,0.0,0.0672,0.9997,0.1747,0.1702,0.7951,2.6421,0.6648,0.0042,1.0,0.0506,0.0,0.1582
1754603940000,150.3742,1.0,0.0694,0.7219,0.0,0.2583,1.0,0.0,78.9008,0.9962,1.0,0.0903,0.0,0.0702,0.9998,0.1725,0.1647,0.7962,2.4835,0.6653,0.0047,1.0,0.0542,0.0,0.1611
1754604000000,140.7878,1.0,0.0694,0.7182,0.0,0.2583,1.0,0.0,77.5478,0.9965,1.0,0.1001,0.0,0.0741,0.9996,0.1811,0.178,0.8125,2.765,0.6738,0.0043,1.0,0.0422,0.0,0.1624
1754604060000,144.5315,1.0,0.0694,0.7268,0.0,0.2556,1.0,0.0,72.1942,0.996,1.0,0.0935,0.0,0.0738,1.0,0.1876,0.1718,0.8226,2.55,0.6706,0.0046,1.0,0.0376,0.0,0.1648
1754604120000,136.837,1.0,0.0694,0.7209,0.0,0.2556,1.0,0.0,73.0466,0.9969,1.0,0.0994,0.0,0.0709,0.9998,0.1731,0.1793,0.8019,2.5916,0.6651,0.0046,1.0,0.0996,0.0,0.1634
1754604180000,136.5291,1.0,0.0694,0.7211,0.0,0.2563,1.0,0.0,71.3172,0.9964,1.0,0.0987,0.0,0.0741,0.9999,0.1593,0.1787,0.8219,2.5766,0.6648,0.0045,1.0,0.0831,0.0,0.1575
1754604240000,151.4808,1.0,0.0694,0.7221,0.0,0.2583,1.0,0.0,80.0864,0.9958,1.0,0.0976,0.0,0.0725,0.9997,0.1639,0.1772,0.8314,2.4612,0.6755,0.0045,1.0,0.0658,0.0,0.1615
1754604300000,136.8498,1.0,0.0694,0.7179,0.0,0.2618,1.0,0.0,75.969,0.9962,1.0,0.1012,0.0,0.0747,0.9998,0.1735,0.1801,0.8312,2.4751,0.6841,0.0045,1.0,0.1287,0.0,0.1643
1754604360000,140.6006,1.0,0.0694,0.7192,0.0,0.2556,1.0,0.0,76.433,0.9958,1.0,0.1018,0.0,0.0711,0.9998,0.1615,0.183,0.8297,2.4878,0.6774,0.0048,1.0,0.0707,0.0,0.156
1754604420000,141.7927,1.0,0.0694,0.7209,0.0,0.2528,1.0,0.0,76.4721,0.9962,1.0,0.0976,0.0,0.069,0.9996,0.17,0.1754,0.8133,2.3963,0.674,0.0047,1.0,0.0645,0.0,0.164
1754604480000,134.7971,1.0,0.0694,0.7175,0.0,0.2611,1.0,0.0,77.2846,0.9965,1.0,0.1001,0.0,0.0719,0.9997,0.1657,0.1783,0.8283,2.5782,0.6742,0.0044,1.0,0.0556,0.0,0.1573
1754604540000,137.423,1.0,0.0694,0.7193,0.0,0.2583,1.0,0.0,75.8542,0.9966,1.0,0.104,0.0,0.0755,0.9998,0.1508,0.1859,0.8343,2.6891,0.671,0.0047,1.0,0.0869,0.0,0.1576
1754604600000,143.0579,1.0,0.0694,0.7216,0.0,0.2556,1.0,0.0,77.2147,0.9963,1.0,0.1046,0.0,0.074,0.9999,0.1614,0.1889,0.825,2.4559,0.6713,0.0047,1.0,0.0374,0.0,0.1615
1754604660000,139.4376,1.0,0.0694,0.7198,0.0,0.2583,1.0,0.0,77.5861,0.9964,1.0,0.1063,0.0,0.0752,0.9998,0.1665,0.191,0.8276,3.0635,0.6829,0.0044,1.0,0.065,0.0,0.1697
1754604720000,144.0555,1.0,0.0694,0.7231,0.0,0.2556,1.0,0.0,76.0215,0.9967,1.0,0.1017,0.0,0.075,0.9996,0.1743,0.1839,0.8557,2.8165,0.6938,0.0044,1.0,0.1122,0.0,0.1741
1754604780000,135.7906,1.0,0.0694,0.7179,0.0,0.2563,1.0,0.0,76.4962,0.9965,1.0,0.107,0.0,0.0759,0.9997,0.1767,0.1908,0.8224,2.3973,0.6832,0.0045,1.0,0.0664,0.0,0.1717
1754604840000,140.4019,1.0,0.0694,0.72,0.0,0.2528,1.0,0.0,77.0835,0.9966,1.0,0.1065,0.0,0.0781,0.9996,0.1642,0.1911,0.8036,2.5799,0.6611,0.0044,1.0,0.0845,0.0,0.1675
1754604900000,139.9806,1.0,0.0694,0.7209,0.0,0.2528,1.0,0.0,74.2347,0.9962,1.0,0.1053,0.0,0.078,0.9998,0.1614,0.1905,0.817,2.6178,0.6666,0.0049,1.0,0.1125,0.0,0.1663
1754604960000,139.4165,1.0,0.0694,0.72,0.0,0.2528,1.0,0.0,74.7771,0.9967,1.0,0.1056,0.0,0.0812,0.9998,0.1731,0.1904,0.8177,2.4264,0.663,0.0049,1.0,0.0596,0.0,0.171
1754605020000,141.9511,1.0,0.0694,0.721,0.0,0.2577,1.0,0.0,75.0126,0.9961,1.0,0.1048,0.0,0.0734,0.9998,0.1704,0.1898,0.8068,2.5582,0.6609,0.0044,1.0,0.0449,0.0,0.1739
1754605080000,142.2768,1.0,0.0694,0.7209,0.0,0.2604,1.0,0.0,75.0129,0.9964,1.0,0.1054,0.0,0.077,0.9997,0.1732,0.191,0.8179,2.6926,0.6788,0.0045,1.0,0.0393,0.0,0.1641
1754605140000,138.0161,1.0,0.0694,0.7186,0.0,0.2611,1.0,0.0,76.6106,0.9965,1.0,0.1103,0.0,0.0778,0.9997,0.1636,0.1969,0.8313,2.7288,0.6764,0.0046,1.0,0.0306,0.0,0.174
1754605200000,129.1668,1.0,0.0694,0.718,0.0,0.2667,1.0,0.0,71.5398,0.9967,1.0,0.113,0.0,0.082,0.9999,0.1557,0.2013,0.8493,2.519,0.6699,0.0046,1.0,0.0664,0.0,0.1739
1754605260000,132.7439,1.0,0.0694,0.7197,0.0,0.2611,1.0,0.0,71.2885,0.9961,1.0,0.1105,0.0,0.0776,0.9999,0.1639,0.1989,0.8247,2.4979,0.6704,0.0046,1.0,0.1068,0.0,0.1718
1754605320000,140.5188,1.0,0.0694,0.7178,0.0,0.2583,1.0,0.0,75.1612,0.9962,1.0,0.1104,0.0,0.0821,0.9997,0.1686,0.2001,0.8315,2.499,0.6656,0.0047,1.0,0.1225,0.0,0.177
1754605380000,145.5099,1.0,0.0694,0.7216,0.0,0.2583,1.0,0.0,76.2311,0.9966,1.0,0.1052,0.0,0.08,0.9997,0.1596,0.191,0.8238,2.482,0.6615,0.0047,1.0,0.0377,0.0,0.1764
1754605440000,142.1453,1.0,0.0694,0.7209,0.0,0.2722,1.0,0.0,76.7496,0.9962,1.0,0.1114,0.0,0.0799,0.9996,0.1742,0.2004,0.8198,2.6438,0.6664,0.005,1.0,0.0548,0.0,0.1745
1754605500000,137.2344,1.0,0.0694,0.7225,0.0,0.2742,1.0,0.0,71.7472,0.9968,1.0,0.1128,0.0,0.0867,0.9998,0.1725,0.2046,0.8308,2.5374,0.6761,0.005,1.0,0.1228,0.0,0.1749
1754605560000,139.1363,1.0,0.0694,0.72,0.0,0.2639,1.0,0.0,74.3788,0.997,1.0,0.1139,0.0,0.0843,0.9997,0.1738,0.2041,0.8292,2.4505,0.6807,0.005,1.0,0.0792,0.0,0.1831
1754605620000,147.5958,1.0,0.0694,0.7261,0.0,0.2639,1.0,0.0,73.9986,0.9963,1.0,0.1073,0.0,0.083,0.9997,0.1701,0.1968,0.843,2.5215,0.6782,0.005,1.0,0.1427,0.0,0.1768
1754605680000,139.6302,1.0,0.0694,0.7218,0.0,0.2611,1.0,0.0,73.8838,0.9967,1.0,0.1124,0.0,0.0825,0.9998,0.184,0.2038,0.8282,2.7164,0.6697,0.0051,1.0,0.0293,0.0,0.1832
1754605740000,140.5687,1.0,0.0694,0.7202,0.0,0.2674,1.0,0.0,74.4939,0.9967,1.0,0.1093,0.0,0.0845,0.9997,0.1735,0.1978,0.8296,2.2891,0.6743,0.0047,1.0,0.0664,0.0,0.1794
1754605800000,150.4862,1.0,0.0694,0.7231,0.0,0.2611,1.0,0.0,77.0216,0.9967,1.0,0.1188,0.0,0.0905,0.9996,0.1776,0.2159,0.8477,2.6266,0.6822,0.0052,1.0,0.0432,0.0,0.1813
1754605860000,144.9475,1.0,0.0694,0.7232,0.0,0.2549,1.0,0.0,77.2384,0.9966,1.0,0.115,0.0,0.0827,0.9997,0.1883,0.209,0.8348,2.6113,0.6718,0.0052,1.0,0.0784,0.0,0.1924
1754605920000,137.9925,1.0,0.0694,0.7217,0.0,0.2583,1.0,0.0,72.1221,0.9965,1.0,0.1201,0.0,0.0885,0.9999,0.1956,0.2176,0.8389,2.4815,0.6754,0.0053,1.0,0.0628,0.0,0.1885
1754605980000,138.4266,1.0,0.0694,0.7201,0.0,0.2583,1.0,0.0,74.9837,0.9966,1.0,0.122,0.0,0.089,0.9997,0.184,0.2195,0.8418,2.6385,0.6752,0.0051,1.0,0.125,0.0,0.1939
1754606040000,134.2131,1.0,0.0694,0.7201,0.0,0.2583,1.0,0.0,72.3177,0.9966,1.0,0.1214,0.0,0.0916,0.9999,0.1885,0.2187,0.8302,2.5488,0.6714,0.0051,1.0,0.0675,0.0,0.1942
1754606100000,136.2852,1.0,0.0694,0.7225,0.0,0.2535,1.0,0.0,71.9916,0.9963,1.0,0.1207,0.0,0.0959,0.9999,0.1799,0.2192,0.8347,2.9134,0.6691,0.0053,1.0,0.0771,0.0,0.1905
1754606160000,143.2723,1.0,0.0694,0.7232,0.0,0.2604,1.0,0.0,73.7512,0.9962,1.0,0.1229,0.0,0.093,0.9998,0.1853,0.2244,0.8489,2.6727,0.6855,0.0054,1.0,0.0766,0.0,0.2008
1754606220000,138.5618,1.0,0.0694,0.7214,0.0,0.2618,1.0,0.0,72.9875,0.9966,1.0,0.1202,0.0,0.087,0.9998,0.2054,0.2177,0.8397,2.6049,0.6791,0.0051,1.0,0.0653,0.0,0.2013
1754606280000,142.8851,1.0,0.0694,0.7224,0.0,0.2563,1.0,0.0,75.0275,0.9966,1.0,0.1202,0.0,0.0865,0.9997,0.2076,0.2183,0.84,2.6459,0.6708,0.0053,1.0,0.063,0.0,0.1969
1754606340000,139.0257,1.0,0.0694,0.7229,0.0,0.2604,1.0,0.0,72.1686,0.9969,1.0,0.1251,0.0,0.0904,0.9998,0.2138,0.2274,0.8411,2.7013,0.6755,0.0053,1.0,0.0448,0.0,0.1906
1754606400000,135.6935,1.0,0.0694,0.7198,0.0,0.2528,1.0,0.0,73.8514,0.9965,1.0,0.127,0.0,0.0946,0.9999,0.214,0.2286,0.8496,2.528,0.6719,0.0057,1.0,0.0478,0.0,0.2024
1754606460000,138.176,1.0,0.0694,0.72,0.0,0.2583,1.0,0.0,73.4844,0.9964,1.0,0.1248,0.0,0.0951,0.9998,0.215,0.2254,0.8332,2.6251,0.6713,0.0055,1.0,0.0553,0.0,0.2057
1754606520000,145.9403,1.0,0.0694,0.7209,0.0,0.2611,1.0,0.0,76.687,0.9963,1.0,0.1289,0.0,0.0986,0.9998,0.2131,0.233,0.8336,2.5788,0.6669,0.0055,1.0,0.0435,0.0,0.2001
1754606580000,141.2643,1.0,0.0694,0.7224,0.0,0.2667,1.0,0.0,73.9191,0.9963,1.0,0.1251,0.0,0.092,0.9999,0.2083,0.2271,0.8384,2.5634,0.6716,0.0055,1.0,0.0795,0.0,0.2097
1754606640000,140.9097,1.0,0.0694,0.7252,0.0,0.2667,1.0,0.0,72.0501,0.9961,1.0,0.1259,0.0,0.094,0.9998,0.1953,0.23,0.8499,2.6976,0.675,0.0053,1.0,0.0458,0.0,0.198
1754606700000,138.7927,1.0,0.0694,0.7233,0.0,0.273,1.0,0.0,71.5325,0.9965,1.0,0.1271,0.0,0.0982,0.9999,0.2008,0.2311,0.836,2.5685,0.6707,0.0057,1.0,0.0493,0.0,0.2076
1754606760000,143.5478,1.0,0.0694,0.7238,0.0,0.2722,1.0,0.0,74.7761,0.9967,1.0,0.1278,0.0,0.0939,0.9996,0.2182,0.2329,0.8502,2.5152,0.6824,0.0055,1.0,0.087,0.0,0.2134
1754606820000,134.8257,1.0,0.0694,0.7228,0.0,0.2722,1.0,0.0,70.4585,0.9965,1.0,0.131,0.0,0.0961,0.9999,0.2281,0.2376,0.8599,2.6673,0.6895,0.0052,1.0,0.0827,0.0,0.2099
1754606880000,142.5102,1.0,0.0694,0.7217,0.0,0.2667,1.0,0.0,75.2903,0.9969,1.0,0.1313,0.0,0.1016,0.9997,0.241,0.2373,0.8856,2.5582,0.7028,0.0057,1.0,0.1185,0.0,0.2034
1754606940000,137.4426,1.0,0.0694,0.7219,0.0,0.2583,1.0,0.0,72.5983,0.9966,1.0,0.1278,0.0,0.095,0.9998,0.2457,0.2303,0.8759,2.8357,0.6984,0.0055,1.0,0.0995,0.0,0.2115
1754607000000,143.542,1.0,0.0694,0.7194,0.0,0.2639,1.0,0.0,77.8887,0.9964,1.0,0.1315,0.0,0.0971,0.9996,0.23,0.2355,0.8495,2.5689,0.6844,0.0056,1.0,0.0378,0.0,0.205
1754607060000,139.4301,1.0,0.0694,0.7219,0.0,0.2611,1.0,0.0,72.6346,0.9966,1.0,0.1294,0.0,0.096,0.9998,0.2156,0.2347,0.8465,2.6596,0.6816,0.0058,1.0,0.0954,0.0,0.2055
1754607120000,141.3521,1.0,0.0694,0.7218,0.0,0.2583,1.0,0.0,74.1641,0.9967,1.0,0.1345,0.0,0.1024,0.9997,0.2218,0.244,0.8295,2.6169,0.6697,0.0055,1.0,0.0483,0.0,0.2148
1754607180000,140.9555,1.0,0.0694,0.7221,0.0,0.2667,1.0,0.0,73.4185,0.9966,1.0,0.1347,0.0,0.096,0.9997,0.2308,0.2441,0.8434,2.562,0.6707,0.0054,1.0,0.045,0.0,0.2142
1754607240000,136.0699,1.0,0.0694,0.7221,0.0,0.2583,1.0,0.0,72.0198,0.9967,1.0,0.1329,0.0,0.0948,0.9999,0.2238,0.2416,0.856,2.7723,0.6842,0.0058,1.0,0.066,0.0,0.2142
1754607300000,141.3669,1.0,0.0694,0.7225,0.0,0.2583,1.0,0.0,73.0731,0.9968,1.0,0.1392,0.0,0.1054,0.9997,0.2193,0.2536,0.8559,2.9108,0.6863,0.0056,1.0,0.1035,0.0,0.2091
1754607360000,143.4649,1.0,0.0694,0.7282,0.0,0.2611,1.0,0.0,69.7957,0.9967,1.0,0.1336,0.0,0.0956,0.9997,0.2144,0.2478,0.8506,2.6967,0.6823,0.006,1.0,0.0913,0.0,0.2229
1754607420000,147.0783,1.0,0.0694,0.7274,0.0,0.2667,1.0,0.0,73.9352,0.9964,1.0,0.1373,0.0,0.1054,0.9997,0.2197,0.253,0.8475,2.641,0.6729,0.0057,1.0,0.0467,0.0,0.2295
1754607480000,143.9143,1.0,0.0694,0.7221,0.0,0.2611,1.0,0.0,74.9549,0.9965,1.0,0.1358,0.0,0.0995,0.9997,0.2193,0.2468,0.8383,2.4287,0.6736,0.0058,1.0,0.0634,0.0,0.2272
1754607540000,139.5277,1.0,0.0694,0.7209,0.0,0.2667,1.0,0.0,75.3276,0.9967,1.0,0.1373,0.0,0.0989,0.9998,0.2232,0.2482,0.8576,2.7404,0.6871,0.0058,1.0,0.0669,0.0,0.2239
1754607600000,157.5092,1.0,0.0694,0.7226,0.0,0.2611,1.0,0.0,81.9184,0.9963,1.0,0.1415,0.0,0.1104,0.9994,0.2178,0.257,0.8791,2.7439,0.6986,0.0058,1.0,0.05,0.0,0.2158
1754607660000,141.3329,1.0,0.0694,0.7226,0.0,0.2521,1.0,0.0,73.8371,0.9963,1.0,0.1398,0.0,0.1007,0.9998,0.2351,0.2544,0.8749,2.8135,0.6884,0.0058,1.0,0.0772,0.0,0.2335
1754607720000,139.3448,1.0,0.0694,0.7234,0.0,0.2535,1.0,0.0,71.4913,0.9966,1.0,0.1392,0.0,0.1007,0.9999,0.2406,0.2525,0.8535,2.6491,0.6769,0.0056,1.0,0.0714,0.0,0.2246
1754607780000,142.9789,1.0,0.0694,0.721,0.0,0.2556,1.0,0.0,75.4849,0.9956,1.0,0.1411,0.0,0.102,0.9999,0.2381,0.2554,0.8546,2.7344,0.6869,0.0057,1.0,0.0573,0.0,0.2291
1754607840000,147.0317,1.0,0.0694,0.7231,0.0,0.2549,1.0,0.0,75.11,0.996,1.0,0.1392,0.0,0.0998,0.9999,0.2294,0.2539,0.8538,2.5213,0.6852,0.0057,1.0,0.1061,0.0,0.232
1754607900000,143.8622,1.0,0.0694,0.7208,0.0,0.2528,1.0,0.0,75.273,0.9961,1.0,0.149,0.0,0.1103,0.9997,0.2433,0.2688,0.8526,2.5843,0.6821,0.0061,1.0,0.0409,0.0,0.2353
1754607960000,135.3011,1.0,0.0694,0.7197,0.0,0.2444,1.0,0.0,71.7061,0.9965,1.0,0.1456,0.0,0.1061,0.9997,0.2463,0.2613,0.8541,2.8841,0.6809,0.006,1.0,0.0351,0.0,0.2379
1754608020000,138.8987,1.0,0.0694,0.7218,0.0,0.2528,1.0,0.0,74.5257,0.9962,1.0,0.1487,0.0,0.1035,0.9998,0.2349,0.268,0.8714,2.5173,0.6868,0.006,1.0,0.0434,0.0,0.2227
1754608080000,147.829,1.0,0.0694,0.7219,0.0,0.2521,1.0,0.0,76.7226,0.9966,1.0,0.1469,0.0,0.1045,0.9996,0.2436,0.2658,0.8731,2.5608,0.6927,0.0061,1.0,0.0613,0.0,0.2382
1754608140000,138.1971,1.0,0.0694,0.7214,0.0,0.2528,1.0,0.0,72.3342,0.9965,1.0,0.1428,0.0,0.1007,0.9998,0.2533,0.2589,0.8582,2.6276,0.6813,0.0055,1.0,0.0663,0.0,0.2336
1754608200000,138.1759,1.0,0.0694,0.7203,0.0,0.2528,1.0,0.0,73.1156,0.9965,1.0,0.147,0.0,0.1098,0.9997,0.2439,0.2643,0.8585,2.7347,0.6852,0.0061,1.0,0.0284,0.0,0.232
1754608260000,138.4884,1.0,0.0694,0.7215,0.0,0.2639,1.0,0.0,72.3239,0.9965,1.0,0.1448,0.0,0.1019,0.9998,0.2451,0.2615,0.8702,2.6874,0.6841,0.0059,1.0,0.044,0.0,0.2418
1754608320000,132.998,1.0,0.0694,0.7202,0.0,0.2618,1.0,0.0,71.9842,0.9964,1.0,0.1476,0.0,0.1109,0.9997,0.2329,0.265,0.8606,2.7157,0.6828,0.0061,1.0,0.0875,0.0,0.2319
1754608380000,137.6202,1.0,0.0694,0.7206,0.0,0.273,1.0,0.0,74.0566,0.9966,1.0,0.1512,0.0,0.1103,0.9998,0.2468,0.2719,0.8691,2.5517,0.6857,0.0062,1.0,0.0711,0.0,0.2268
1754608440000,136.2054,1.0,0.0694,0.7215,0.0,0.2743,1.0,0.0,72.3492,0.9963,1.0,0.1502,0.0,0.1035,0.9998,0.2585,0.2709,0.8759,2.7144,0.6891,0.0063,1.0,0.0582,0.0,0.2395
1754608500000,137.2118,1.0,0.0694,0.7199,0.0,0.2702,1.0,0.0,74.5368,0.9968,1.0,0.1544,0.0,0.1063,0.9998,0.2346,0.2774,0.8703,2.7506,0.6859,0.0058,1.0,0.0354,0.0,0.2391
1754608560000,142.5018,1.0,0.0694,0.7215,0.0,0.2639,1.0,0.0,75.094,0.9964,1.0,0.1502,0.0,0.1155,0.9997,0.2338,0.2717,0.8641,2.7458,0.6781,0.0063,1.0,0.058,0.0,0.2398
1754608620000,138.351,1.0,0.0694,0.7218,0.0,0.2648,1.0,0.0,72.9999,0.9966,1.0,0.1526,0.0,0.1061,0.9998,0.2533,0.2759,0.8683,2.7172,0.6825,0.0062,1.0,0.0742,0.0,0.2499
1754608680000,139.226,1.0,0.0694,0.7202,0.0,0.2611,1.0,0.0,74.2134,0.9965,1.0,0.1508,0.0,0.1059,0.9998,0.2682,0.2718,0.8756,2.6669,0.6898,0.006,1.0,0.0564,0.0,0.257
1754608740000,138.6943,1.0,0.0694,0.7223,0.0,0.2639,1.0,0.0,72.8214,0.9966,1.0,0.1481,0.0,0.1159,0.9997,0.2803,0.2685,0.8938,2.5312,0.6997,0.0063,1.0,0.0625,0.0,0.2436
1754608800000,141.3659,1.0,0.0694,0.7216,0.0,0.2611,1.0,0.0,73.9882,0.9964,1.0,0.1552,0.0,0.1102,0.9997,0.2746,0.2807,0.8895,2.8507,0.7006,0.0067,1.0,0.0754,0.0,0.2423
1754608860000,139.5831,1.0,0.0694,0.7231,0.0,0.2583,1.0,0.0,72.6353,0.9967,1.0,0.157,0.0,0.1105,0.9997,0.2851,0.2845,0.8908,2.836,0.696,0.0062,1.0,0.0577,0.0,0.2585
1754608920000,146.6074,1.0,0.0694,0.721,0.0,0.2611,1.0,0.0,75.6053,0.9965,1.0,0.1504,0.0,0.1078,0.9997,0.2807,0.2737,0.8764,2.6635,0.6856,0.006,1.0,0.1892,0.0,0.2604
1754608980000,139.8819,1.0,0.0694,0.7221,0.0,0.2488,1.0,0.0,72.6487,0.9965,1.0,0.1532,0.0,0.1147,0.9998,0.2688,0.278,0.9032,2.8291,0.7061,0.0066,1.0,0.1113,0.0,0.253
1754609040000,138.6214,1.0,0.0694,0.7213,0.0,0.2549,1.0,0.0,73.5589,0.9964,1.0,0.1549,0.0,0.1153,0.9998,0.276,0.2803,0.8807,2.732,0.6937,0.0065,1.0,0.0885,0.0,0.2586
1754609100000,137.1807,1.0,0.0694,0.7183,0.0,0.2549,1.0,0.0,71.9394,0.9964,1.0,0.145,0.0,0.1166,0.9998,0.2754,0.2644,0.8629,2.7294,0.7925,0.0063,1.0,0.0711,0.0,0.257
1754609160000,141.12,1.0,0.0694,0.7177,0.0,0.2577,1.0,0.0,71.8103,0.9962,1.0,0.137,0.0,0.1101,0.9999,0.2804,0.2526,0.8625,2.806,0.8469,0.0061,1.0,0.0641,0.0,0.2634
1754609220000,143.1197,1.0,0.0694,0.7164,0.0,0.2577,1.0,0.0,75.184,0.9966,1.0,0.1408,0.0,0.1081,0.9998,0.2543,0.2571,0.8617,2.6702,0.8306,0.0062,1.0,0.0507,0.0,0.267
1754609280000,138.5431,1.0,0.0694,0.7172,0.0,0.2632,1.0,0.0,72.0819,0.9967,1.0,0.1404,0.0,0.1122,0.9998,0.2508,0.257,0.8626,2.7206,0.795,0.0063,1.0,0.2561,0.0,0.2514
1754609340000,138.7091,1.0,0.0694,0.72,0.0,0.2604,1.0,0.0,75.8961,0.9967,1.0,0.1598,0.0,0.1075,0.9998,0.2622,0.2869,0.8572,2.6205,0.6708,0.0061,1.0,0.0356,0.0,0.2543
1754609400000,139.6112,1.0,0.0694,0.7198,0.0,0.2556,1.0,0.0,75.5552,0.9966,1.0,0.1655,0.0,0.1218,0.9998,0.265,0.2971,0.8628,2.6792,0.6773,0.0065,1.0,0.0591,0.0,0.2557
1754609460000,142.6349,1.0,0.0694,0.7194,0.0,0.2583,1.0,0.0,75.043,0.9964,1.0,0.1535,0.0,0.1139,0.9997,0.2596,0.2783,0.8695,2.6335,0.737,0.0067,1.0,0.0793,0.0,0.2618
1754609520000,141.3027,1.0,0.0694,0.7219,0.0,0.2583,1.0,0.0,72.457,0.9962,1.0,0.1577,0.0,0.1164,0.9998,0.245,0.2862,0.8636,2.805,0.6948,0.0066,1.0,0.0536,0.0,0.2572
1754609580000,140.7284,1.0,0.0694,0.7222,0.0,0.2611,1.0,0.0,73.3353,0.996,1.0,0.1594,0.0,0.1194,0.9998,0.2493,0.2891,0.8697,2.7273,0.6789,0.0066,1.0,0.0752,0.0,0.2715
1754609640000,143.3865,1.0,0.0694,0.72,0.0,0.25,1.0,0.0,75.4704,0.9962,1.0,0.1596,0.0,0.1259,0.9997,0.2471,0.2875,0.8987,2.5039,0.6981,0.0066,1.0,0.066,0.0,0.2625
1754609700000,137.7937,1.0,0.0694,0.7205,0.0,0.2528,1.0,0.0,72.5749,0.9961,1.0,0.1612,0.0,0.1198,0.9998,0.2689,0.2908,0.8806,2.7268,0.6841,0.0068,1.0,0.0456,0.0,0.2658
1754609760000,141.7764,1.0,0.0694,0.7209,0.0,0.2528,1.0,0.0,74.4887,0.9963,1.0,0.16,0.0,0.1203,0.9998,0.2794,0.2892,0.8771,2.7303,0.6907,0.0067,1.0,0.0533,0.0,0.2664
1754609820000,138.8884,1.0,0.0694,0.7196,0.0,0.2493,1.0,0.0,73.8977,0.9965,1.0,0.164,0.0,0.1213,0.9999,0.2814,0.2952,0.8831,2.7773,0.686,0.0066,1.0,0.0641,0.0,0.2614
1754609880000,141.7702,1.0,0.0694,0.7206,0.0,0.25,1.0,0.0,74.4418,0.9964,1.0,0.1632,0.0,0.1149,0.9999,0.2867,0.295,0.9028,2.7185,0.7018,0.0066,1.0,0.0577,0.0,0.2737
1754609940000,136.0589,1.0,0.0694,0.7199,0.0,0.2556,1.0,0.0,72.3173,0.9966,1.0,0.16,0.0,0.1149,0.9999,0.2828,0.2877,0.8892,2.7588,0.6916,0.0065,1.0,0.0428,0.0,0.2776
1754610000000,137.9749,1.0,0.0694,0.7225,0.0,0.2556,1.0,0.0,71.8146,0.9967,1.0,0.1621,0.0,0.1207,0.9998,0.2882,0.2941,0.8865,2.7895,0.697,0.0066,1.0,0.1496,0.0,0.2615
1754610060000,134.2799,1.0,0.0694,0.7205,0.0,0.2528,1.0,0.0,70.7723,0.9966,1.0,0.1615,0.0,0.1141,0.9998,0.2901,0.291,0.9034,2.8395,0.6999,0.0065,1.0,0.0429,0.0,0.2845
1754610120000,132.2493,1.0,0.0694,0.7187,0.0,0.2528,1.0,0.0,70.6582,0.9965,1.0,0.1682,0.0,0.1206,0.9999,0.3051,0.3014,0.8792,2.8075,0.6857,0.0066,1.0,0.078,0.0,0.266
1754610180000,134.6764,1.0,0.0694,0.7196,0.0,0.2556,1.0,0.0,72.4151,0.9965,1.0,0.1667,0.0,0.1183,0.9998,0.2879,0.2991,0.882,2.6648,0.6872,0.0067,1.0,0.0631,0.0,0.2691
1754610240000,138.8086,1.0,0.0694,0.7212,0.0,0.2556,1.0,0.0,72.4741,0.9966,1.0,0.1657,0.0,0.1202,0.9998,0.2932,0.3005,0.8776,2.8449,0.6832,0.0068,1.0,0.0556,0.0,0.2711
1754610300000,138.6045,1.0,0.0694,0.7207,0.0,0.2611,1.0,0.0,73.5787,0.9965,1.0,0.1701,0.0,0.1166,0.9997,0.2882,0.3069,0.878,2.847,0.6862,0.0067,1.0,0.0766,0.0,0.2663
1754610360000,138.6422,1.0,0.0694,0.7196,0.0,0.2639,1.0,0.0,73.5034,0.9964,1.0,0.1707,0.0,0.1263,0.9998,0.2861,0.3074,0.8742,2.9543,0.6877,0.0067,1.0,0.0823,0.0,0.2739
1754610420000,133.4285,1.0,0.0694,0.7215,0.0,0.2667,1.0,0.0,70.2355,0.9966,1.0,0.1691,0.0,0.1158,0.9999,0.2463,0.3058,0.8722,2.6131,0.6781,0.0069,1.0,0.0337,0.0,0.2787
1754610480000,135.3563,1.0,0.0694,0.7231,0.0,0.2722,1.0,0.0,69.6279,0.9964,1.0,0.1704,0.0,0.1258,0.9999,0.2588,0.3104,0.8678,2.6464,0.6793,0.0069,1.0,0.0517,0.0,0.2812
1754610540000,138.2615,1.0,0.0694,0.7227,0.0,0.2611,1.0,0.0,71.3585,0.9964,1.0,0.1713,0.0,0.121,0.9998,0.2836,0.3114,0.8741,2.7332,0.6787,0.007,1.0,0.0655,0.0,0.2862
1754610600000,135.5732,1.0,0.0694,0.7207,0.0,0.2583,1.0,0.0,71.4312,0.9966,1.0,0.1727,0.0,0.1244,0.9998,0.2935,0.3116,0.8788,2.6308,0.6854,0.0069,1.0,0.067,0.0,0.2863
1754610660000,131.1079,1.0,0.0694,0.7228,0.0,0.2639,1.0,0.0,68.876,0.9965,1.0,0.1737,0.0,0.1289,1.0,0.2808,0.3151,0.8747,2.8519,0.6783,0.0072,1.0,0.1614,0.0,0.2874
1754610720000,138.8806,1.0,0.0694,0.7224,0.0,0.2563,1.0,0.0,71.885,0.9968,1.0,0.1763,0.0,0.1232,0.9998,0.2757,0.3199,0.8819,2.7327,0.684,0.0074,1.0,0.0409,0.0,0.2981
1754610780000,134.1252,1.0,0.0694,0.7206,0.0,0.2639,1.0,0.0,71.4123,0.9967,1.0,0.1757,0.0,0.1266,0.9998,0.2797,0.318,0.8701,2.8,0.68,0.007,1.0,0.0788,0.0,0.2946
1754610840000,137.0149,1.0,0.0694,0.7226,0.0,0.2583,1.0,0.0,69.7671,0.9963,1.0,0.1741,0.0,0.1272,0.9999,0.3062,0.3165,0.9066,2.925,0.7014,0.007,1.0,0.0384,0.0,0.2822
1754610900000,136.2904,1.0,0.0694,0.7216,0.0,0.2583,1.0,0.0,70.0341,0.9965,1.0,0.1746,0.0,0.1268,0.9998,0.2982,0.3167,0.9214,2.6893,0.7121,0.0072,1.0,0.0684,0.0,0.3042
1754610960000,140.2223,1.0,0.0694,0.7201,0.0,0.2528,1.0,0.0,75.0641,0.9964,1.0,0.178,0.0,0.1175,0.9997,0.2989,0.3209,0.9054,2.7834,0.6981,0.007,1.0,0.0739,0.0,0.2949
1754611020000,137.5993,1.0,0.0694,0.7198,0.0,0.2583,1.0,0.0,73.4461,0.9964,1.0,0.1781,0.0,0.1313,0.9998,0.2942,0.3207,0.9106,2.6423,0.7079,0.0072,1.0,0.0378,0.0,0.3004
1754611080000,136.0943,1.0,0.0694,0.7202,0.0,0.2583,1.0,0.0,72.4675,0.9965,1.0,0.1773,0.0,0.1282,0.9999,0.296,0.3198,0.8916,2.6704,0.6919,0.0074,1.0,0.067,0.0,0.2931
1754611140000,143.0958,1.0,0.0694,0.7206,0.0,0.2639,1.0,0.0,74.7038,0.9965,1.0,0.1738,0.0,0.1299,0.9998,0.3026,0.3144,0.8839,2.8028,0.6881,0.0073,1.0,0.0539,0.0,0.2967
1754611200000,112.5344,1.0,0.0694,0.7086,0.0,0.2688,1.0,0.0,66.7873,0.997,1.0,0.2379,0.0,0.1719,0.9999,0.2964,0.4105,0.9009,2.7525,0.6954,0.0081,1.0,0.0637,0.0,0.2873
1754611260000,141.1285,1.0,0.0694,0.7198,0.0,0.2611,1.0,0.0,73.4482,0.9961,1.0,0.1903,0.0,0.1494,0.9997,0.321,0.3444,0.952,2.9447,0.7262,0.0077,1.0,0.0607,0.0,0.3342
1754611320000,162.9138,1.0,0.0694,0.7225,0.0,0.2667,1.0,0.0,77.953,0.995,1.0,0.1826,0.0,0.1472,0.9996,0.3247,0.3358,0.9273,2.8819,0.7158,0.0077,1.0,0.0521,0.0,0.3292
1754611380000,163.244,1.0,0.0694,0.7227,0.0,0.2611,1.0,0.0,79.0645,0.9954,1.0,0.1848,0.0,0.1423,0.9995,0.3289,0.3399,0.9355,2.7788,0.7141,0.0075,1.0,0.0825,0.0,0.3394
1754611440000,161.5314,1.0,0.0694,0.7247,0.0,0.2556,1.0,0.0,78.0913,0.9955,1.0,0.1853,0.0,0.1445,0.9997,0.3433,0.342,0.9764,2.7616,0.7442,0.0076,1.0,0.0437,0.0,0.3641
1754611500000,167.3791,1.0,0.0694,0.7254,0.0,0.2583,1.0,0.0,80.9458,0.9954,1.0,0.1861,0.0,0.1458,0.9995,0.3568,0.3447,0.9747,3.0717,0.7429,0.0075,1.0,0.0797,0.0,0.3603
1754611560000,164.1981,1.0,0.0694,0.7233,0.0,0.2556,1.0,0.0,79.9531,0.9955,1.0,0.1892,0.0,0.137,0.9996,0.3578,0.3479,0.9361,2.9753,0.7106,0.0075,1.0,0.0929,0.0,0.3657
1754611620000,159.7212,1.0,0.0694,0.7225,0.0,0.2639,1.0,0.0,79.6588,0.9956,1.0,0.1889,0.0,0.1418,0.9995,0.3772,0.3464,0.9354,3.0685,0.7091,0.0073,1.0,0.0651,0.0,0.3721
1754611680000,161.1392,1.0,0.0694,0.7233,0.0,0.2617,1.0,0.0,79.6939,0.996,1.0,0.1907,0.0,0.1464,0.9994,0.3851,0.3491,0.9398,2.9976,0.7111,0.0073,1.0,0.0569,0.0,0.3662
1754611740000,149.5366,1.0,0.0694,0.7215,0.0,0.2611,1.0,0.0,76.071,0.9961,1.0,0.1889,0.0,0.1434,0.9996,0.3672,0.3437,0.9194,2.8596,0.7058,0.0076,1.0,0.0723,0.0,0.3632
1754611800000,153.0285,1.0,0.0694,0.7238,0.0,0.2667,1.0,0.0,76.0328,0.9959,1.0,0.1929,0.0,0.1487,0.9995,0.3726,0.3532,0.9285,3.0253,0.711,0.0075,1.0,0.0364,0.0,0.3498
1754611860000,155.7376,1.0,0.0694,0.7232,0.0,0.2667,1.0,0.0,78.6272,0.996,1.0,0.1898,0.0,0.1378,0.9995,0.3797,0.3475,0.9288,2.914,0.7126,0.0077,1.0,0.0708,0.0,0.3595
1754611920000,166.5956,1.0,0.0694,0.7246,0.0,0.2646,1.0,0.0,83.7117,0.9961,1.0,0.1958,0.0,0.1443,0.9993,0.3568,0.3599,0.943,3.0934,0.7276,0.0079,1.0,0.0486,0.0,0.3625
1754611980000,148.6509,1.0,0.0694,0.7224,0.0,0.2661,1.0,0.0,75.5655,0.9964,1.0,0.1992,0.0,0.1411,0.9996,0.3707,0.362,0.9207,2.9007,0.7108,0.0078,1.0,0.1128,0.0,0.369
1754612040000,143.2196,1.0,0.0694,0.7227,0.0,0.2667,1.0,0.0,73.4448,0.9964,1.0,0.1911,0.0,0.1324,0.9999,0.3876,0.3486,0.9165,2.7647,0.7028,0.0074,1.0,0.0673,0.0,0.3613
1754612100000,141.9807,1.0,0.0694,0.7211,0.0,0.2604,1.0,0.0,73.4856,0.9965,1.0,0.196,0.0,0.1419,0.9998,0.3681,0.3558,0.9154,2.8792,0.7028,0.0074,1.0,0.0832,0.0,0.3401
1754612160000,143.0754,1.0,0.0694,0.7218,0.0,0.2583,1.0,0.0,73.0371,0.9962,1.0,0.1933,0.0,0.1482,0.9999,0.3728,0.3512,0.9205,2.9656,0.7044,0.0076,1.0,0.0712,0.0,0.3523
1754612220000,141.9125,1.0,0.0694,0.7217,0.0,0.2583,1.0,0.0,73.5583,0.9965,1.0,0.1934,0.0,0.1406,0.9998,0.3588,0.3503,0.9278,2.8971,0.7072,0.0074,1.0,0.0521,0.0,0.3602
1754612280000,149.0594,1.0,0.0694,0.722,0.0,0.2639,1.0,0.0,76.1087,0.9964,1.0,0.1969,0.0,0.1464,0.9997,0.3742,0.3577,0.9374,2.849,0.7123,0.0075,1.0,0.0535,0.0,0.351
1754612340000,146.1803,1.0,0.0694,0.723,0.0,0.2639,1.0,0.0,73.1249,0.9964,1.0,0.1936,0.0,0.1474,0.9998,0.3829,0.3541,0.939,2.911,0.7113,0.0076,1.0,0.0592,0.0,0.3507
1754612400000,144.1851,1.0,0.0694,0.723,0.0,0.2583,1.0,0.0,73.0258,0.9962,1.0,0.1973,0.0,0.1462,0.9998,0.3796,0.3605,0.9299,2.8757,0.7082,0.0074,1.0,0.0691,0.0,0.3764
1754612460000,142.7082,1.0,0.0694,0.7227,0.0,0.2528,1.0,0.0,71.084,0.9962,1.0,0.1996,0.0,0.1569,0.9999,0.3779,0.3645,0.9261,3.0369,0.6995,0.008,1.0,0.0661,0.0,0.3616
1754612520000,140.0423,1.0,0.0694,0.7235,0.0,0.2556,1.0,0.0,71.0123,0.9962,1.0,0.1953,0.0,0.143,0.9999,0.3611,0.3567,0.9242,2.8816,0.703,0.0077,1.0,0.0662,0.0,0.369
1754612580000,144.7364,1.0,0.0694,0.7236,0.0,0.2611,1.0,0.0,73.5921,0.9961,1.0,0.1996,0.0,0.1422,0.9998,0.3718,0.3649,0.9364,2.8686,0.7178,0.0075,1.0,0.0401,0.0,0.3469
1754612640000,139.5188,1.0,0.0694,0.7212,0.0,0.2583,1.0,0.0,73.0882,0.9964,1.0,0.2041,0.0,0.1455,0.9998,0.3682,0.3694,0.9596,3.1418,0.7231,0.0079,1.0,0.0613,0.0,0.3585
1754612700000,140.244,1.0,0.0694,0.7211,0.0,0.2639,1.0,0.0,72.0865,0.9964,1.0,0.2009,0.0,0.1435,0.9998,0.3911,0.364,0.9539,3.0043,0.7262,0.0078,1.0,0.05,0.0,0.3471
1754612760000,142.053,1.0,0.0694,0.7232,0.0,0.2722,1.0,0.0,71.2023,0.9965,1.0,0.1988,0.0,0.1371,0.9999,0.3629,0.3631,0.9408,3.1002,0.7185,0.0076,1.0,0.1086,0.0,0.3443
1754612820000,139.3585,1.0,0.0694,0.7228,0.0,0.2639,1.0,0.0,71.6993,0.9966,1.0,0.2008,0.0,0.1343,0.9999,0.3632,0.3652,0.9398,2.9457,0.7103,0.0077,1.0,0.0385,0.0,0.3555
1754612880000,138.8046,1.0,0.0694,0.7217,0.0,0.2639,1.0,0.0,69.8585,0.9964,1.0,0.2024,0.0,0.1478,0.9999,0.3418,0.3682,0.9355,3.091,0.7158,0.008,1.0,0.1447,0.0,0.3518
1754612940000,138.2438,1.0,0.0694,0.7209,0.0,0.2674,1.0,0.0,71.0649,0.9966,1.0,0.201,0.0,0.1524,0.9999,0.3425,0.364,0.9277,2.8948,0.7079,0.0081,1.0,0.058,0.0,0.3485
1754613000000,143.4254,1.0,0.0694,0.7201,0.0,0.2639,1.0,0.0,74.5384,0.9964,1.0,0.2099,0.0,0.1531,0.9999,0.3329,0.3788,0.9486,2.9842,0.7188,0.008,1.0,0.1906,0.0,0.3569
1754613060000,146.3985,1.0,0.0694,0.7208,0.0,0.2575,1.0,0.0,73.8497,0.9963,1.0,0.1998,0.0,0.1532,0.9999,0.3404,0.3648,0.9497,2.8611,0.7519,0.0083,1.0,0.0894,0.0,0.3784
1754613120000,145.555,1.0,0.0694,0.7176,0.0,0.2556,1.0,0.0,71.9259,0.9961,1.0,0.181,0.0,0.1418,0.9999,0.3497,0.3356,0.9407,2.9484,0.8392,0.008,1.0,0.0602,0.0,0.3776
1754613180000,147.9256,1.0,0.0694,0.7168,0.0,0.2667,1.0,0.0,75.0215,0.9962,1.0,0.1811,0.0,0.1499,0.9998,0.3738,0.3344,0.94,3.0661,0.8252,0.008,1.0,0.1392,0.0,0.379
1754613240000,145.8428,1.0,0.0694,0.7202,0.0,0.2667,1.0,0.0,73.8627,0.9961,1.0,0.1916,0.0,0.154,0.9998,0.3744,0.3514,0.9351,2.8563,0.7559,0.008,1.0,0.0667,0.0,0.3698
1754613300000,147.3415,1.0,0.0694,0.7243,0.0,0.2632,1.0,0.0,73.8865,0.9961,1.0,0.2042,0.0,0.1496,0.9999,0.3726,0.3728,0.9418,3.072,0.7209,0.0083,1.0,0.0932,0.0,0.3669
1754613360000,148.5942,1.0,0.0694,0.7212,0.0,0.2639,1.0,0.0,75.0952,0.9958,1.0,0.1979,0.0,0.1433,0.9999,0.3515,0.362,0.9341,2.9305,0.7395,0.0075,1.0,0.0508,0.0,0.3751
1754613420000,147.7594,1.0,0.0694,0.7231,0.0,0.2611,1.0,0.0,74.1836,0.9962,1.0,0.2097,0.0,0.1512,0.9999,0.3692,0.3832,0.9315,3.1363,0.7071,0.0078,1.0,0.0604,0.0,0.369
1754613480000,144.3483,1.0,0.0694,0.7232,0.0,0.2639,1.0,0.0,72.8178,0.9962,1.0,0.2062,0.0,0.1432,0.9999,0.3685,0.3766,0.9365,3.132,0.7039,0.0081,1.0,0.0757,0.0,0.3816
1754613540000,146.2123,1.0,0.0694,0.7239,0.0,0.2591,1.0,0.0,72.0566,0.9962,1.0,0.2086,0.0,0.1428,0.9999,0.3685,0.3828,0.9294,2.7938,0.7076,0.0078,1.0,0.0519,0.0,0.3714
1754613600000,143.5603,1.0,0.0694,0.7213,0.0,0.2604,1.0,0.0,74.4381,0.9965,1.0,0.2179,0.0,0.149,0.9998,0.3796,0.3956,0.9439,3.0022,0.7105,0.0085,1.0,0.1594,0.0,0.3838
1754613660000,148.5581,1.0,0.0694,0.723,0.0,0.2583,1.0,0.0,74.6984,0.9962,1.0,0.2102,0.0,0.1497,0.9997,0.3792,0.3836,0.9391,2.9015,0.7028,0.0083,1.0,0.1286,0.0,0.3875
1754613720000,145.5927,1.0,0.0694,0.7235,0.0,0.2549,1.0,0.0,73.2344,0.9961,1.0,0.2138,0.0,0.1532,0.9999,0.3931,0.391,0.927,2.9225,0.702,0.0082,1.0,0.1592,0.0,0.3803
1754613780000,145.4711,1.0,0.0694,0.7232,0.0,0.2577,1.0,0.0,72.5568,0.9961,1.0,0.2107,0.0,0.1448,0.9999,0.3901,0.3851,0.9476,2.8963,0.7085,0.0082,1.0,0.0436,0.0,0.3746
1754613840000,139.1285,1.0,0.0694,0.7228,0.0,0.25,1.0,0.0,71.8321,0.9962,1.0,0.2162,0.0,0.1569,0.9999,0.4013,0.3929,0.9422,2.9584,0.7064,0.0084,1.0,0.0788,0.0,0.3877
1754613900000,136.7215,1.0,0.0694,0.7213,0.0,0.2564,1.0,0.0,72.3006,0.9964,1.0,0.2221,0.0,0.1575,0.9999,0.39,0.4015,0.9472,2.9725,0.709,0.0086,1.0,0.0688,0.0,0.378
1754613960000,147.4028,1.0,0.0694,0.7223,0.0,0.2592,1.0,0.0,76.1177,0.996,1.0,0.2191,0.0,0.1499,0.9997,0.3957,0.3989,0.9482,2.9064,0.7065,0.0084,1.0,0.1217,0.0,0.3803
1754614020000,144.1012,1.0,0.0694,0.723,0.0,0.2583,1.0,0.0,73.1963,0.9963,1.0,0.2155,0.0,0.1518,0.9999,0.4083,0.3942,0.9337,3.0883,0.7017,0.0084,1.0,0.058,0.0,0.3963
1754614080000,145.2456,1.0,0.0694,0.7247,0.0,0.2639,1.0,0.0,74.0471,0.9963,1.0,0.2204,0.0,0.1492,0.9998,0.3953,0.4035,0.9459,3.0136,0.7091,0.0087,1.0,0.116,0.0,0.39
1754614140000,143.8148,1.0,0.0694,0.7234,0.0,0.2639,1.0,0.0,73.125,0.9962,1.0,0.2172,0.0,0.1579,0.9998,0.3985,0.3971,0.9388,2.9333,0.7052,0.0083,1.0,0.0496,0.0,0.4013
1754614200000,142.9887,1.0,0.0694,0.7242,0.0,0.2675,1.0,0.0,72.7088,0.9966,1.0,0.2185,0.0,0.1527,0.9999,0.4236,0.3994,0.9523,2.996,0.7165,0.0082,1.0,0.0694,0.0,0.3846
1754614260000,149.3978,1.0,0.0694,0.7238,0.0,0.2639,1.0,0.0,74.4189,0.9963,1.0,0.2126,0.0,0.1551,0.9999,0.399,0.3901,0.9405,2.9191,0.7087,0.008,1.0,0.0733,0.0,0.392
1754614320000,143.0646,1.0,0.0694,0.7221,0.0,0.2618,1.0,0.0,73.1294,0.9966,1.0,0.2151,0.0,0.1488,0.9999,0.4071,0.3923,0.9364,2.9774,0.7025,0.0076,1.0,0.1492,0.0,0.3851
1754614380000,151.8118,1.0,0.0694,0.724,0.0,0.2639,1.0,0.0,76.7324,0.9961,1.0,0.2189,0.0,0.1535,0.9999,0.4181,0.4009,0.9442,3.1161,0.7082,0.0085,1.0,0.062,0.0,0.3848
1754614440000,140.4266,1.0,0.0694,0.7212,0.0,0.2556,1.0,0.0,73.3692,0.9964,1.0,0.2225,0.0,0.1495,0.9998,0.4475,0.4025,0.9392,2.9362,0.7112,0.0084,1.0,0.0684,0.0,0.3873
1754614500000,150.7841,1.0,0.0694,0.7221,0.0,0.2556,1.0,0.0,75.9539,0.9959,1.0,0.2148,0.0,0.1476,0.9999,0.4474,0.3919,0.9616,3.0958,0.724,0.0077,1.0,0.1155,0.0,0.4036
1754614560000,146.417,1.0,0.0694,0.7215,0.0,0.25,1.0,0.0,75.109,0.996,1.0,0.2207,0.0,0.1612,0.9998,0.4317,0.4004,1.0325,3.1253,0.7612,0.0084,1.0,0.1278,0.0,0.4042
1754614620000,144.9053,1.0,0.0694,0.7214,0.0,0.2556,1.0,0.0,74.4121,0.9962,1.0,0.2213,0.0,0.1561,0.9999,0.4233,0.4009,0.9817,2.9429,0.7435,0.0079,1.0,0.0789,0.0,0.4108
1754614680000,149.1868,1.0,0.0694,0.7243,0.0,0.2528,1.0,0.0,74.4666,0.9962,1.0,0.215,0.0,0.1508,0.9997,0.4217,0.3932,0.9638,2.9259,0.7263,0.008,1.0,0.0662,0.0,0.4085
1754614740000,146.5488,1.0,0.0694,0.7221,0.0,0.2611,1.0,0.0,75.5694,0.9964,1.0,0.2214,0.0,0.1498,0.9999,0.4006,0.4019,0.961,3.1757,0.7213,0.0085,1.0,0.081,0.0,0.4034
1754614800000,149.8406,1.0,0.0694,0.7215,0.0,0.25,1.0,0.0,77.1359,0.996,1.0,0.2233,0.0,0.1566,0.9998,0.3943,0.4047,1.0441,3.2086,0.7749,0.0084,1.0,0.0708,0.0,0.398
1754614860000,147.0121,1.0,0.0694,0.7218,0.0,0.2667,1.0,0.0,76.0753,0.996,1.0,0.2291,0.0,0.1586,0.9997,0.3888,0.4156,1.0067,3.0173,0.7473,0.0089,1.0,0.0604,0.0,0.4134
1754614920000,147.4955,1.0,0.0694,0.7231,0.0,0.2556,1.0,0.0,75.0056,0.9961,1.0,0.2258,0.0,0.1589,0.9998,0.4399,0.4114,0.9981,3.186,0.7425,0.0084,1.0,0.0895,0.0,0.4243
1754614980000,148.7118,1.0,0.0694,0.7232,0.0,0.2583,1.0,0.0,74.942,0.996,1.0,0.2253,0.0,0.1574,0.9999,0.4399,0.4118,0.9711,3.0389,0.7338,0.0085,1.0,0.1091,0.0,0.4326
1754615040000,146.0222,1.0,0.0694,0.7196,0.0,0.2611,1.0,0.0,75.0697,0.9957,1.0,0.2192,0.0,0.164,0.9998,0.4367,0.3995,0.9705,3.1409,0.7269,0.0087,1.0,0.0587,0.0,0.4318
1754615100000,147.5568,1.0,0.0694,0.7234,0.0,0.2556,1.0,0.0,74.8879,0.996,1.0,0.2289,0.0,0.1538,0.9999,0.4324,0.4176,0.9803,3.1306,0.7328,0.009,1.0,0.0814,0.0,0.4298
1754615160000,139.8933,1.0,0.0694,0.7206,0.0,0.2639,1.0,0.0,71.2945,0.9961,1.0,0.2204,0.0,0.1466,0.9999,0.4368,0.4018,0.9625,3.1868,0.7181,0.0087,1.0,0.0575,0.0,0.4344
1754615220000,143.6119,1.0,0.0694,0.7208,0.0,0.2556,1.0,0.0,73.6108,0.9963,1.0,0.2211,0.0,0.1601,0.9999,0.4454,0.4031,0.9801,3.1537,0.7273,0.0083,1.0,0.0561,0.0,0.4224
1754615280000,146.5925,1.0,0.0694,0.7197,0.0,0.2583,1.0,0.0,76.0816,0.9962,1.0,0.2198,0.0,0.1549,0.9998,0.4589,0.3994,0.9746,3.08,0.7282,0.0086,1.0,0.0866,0.0,0.4226
1754615340000,139.5836,1.0,0.0694,0.7192,0.0,0.2611,1.0,0.0,72.8192,0.9963,1.0,0.224,0.0,0.1566,0.9999,0.4557,0.4064,0.9768,3.0679,0.731,0.0089,1.0,0.0602,0.0,0.4228
1754615400000,146.617,1.0,0.0694,0.7202,0.0,0.2667,1.0,0.0,76.4145,0.9964,1.0,0.2233,0.0,0.1675,0.9998,0.4437,0.4041,0.9766,3.0474,0.7263,0.0087,1.0,0.0513,0.0,0.4175
1754615460000,148.7459,1.0,0.0694,0.7219,0.0,0.2611,1.0,0.0,75.6818,0.9964,1.0,0.2283,0.0,0.1642,0.9997,0.4382,0.4169,0.9598,3.2588,0.7189,0.009,1.0,0.0913,0.0,0.4064
1754615520000,144.0552,1.0,0.0694,0.719,0.0,0.25,1.0,0.0,75.0831,0.9964,1.0,0.2297,0.0,0.1568,0.9998,0.4619,0.4165,0.9703,3.1113,0.7263,0.0089,1.0,0.0731,0.0,0.4278
1754615580000,144.2293,1.0,0.0694,0.7219,0.0,0.2577,1.0,0.0,73.7697,0.9963,1.0,0.2266,0.0,0.1601,0.9998,0.4546,0.4134,0.9786,3.1549,0.7254,0.0089,1.0,0.0902,0.0,0.419
1754615640000,147.7886,1.0,0.0694,0.7236,0.0,0.25,1.0,0.0,74.5602,0.9962,1.0,0.2275,0.0,0.1546,0.9999,0.4778,0.4163,0.9938,3.2525,0.7572,0.0085,1.0,0.0668,0.0,0.4212
1754615700000,146.3639,1.0,0.0694,0.7204,0.0,0.2528,1.0,0.0,73.1776,0.9962,1.0,0.2197,0.0,0.1599,0.9999,0.4608,0.403,0.9728,3.1247,0.8026,0.0087,1.0,0.0564,0.0,0.4357
1754615760000,147.2932,1.0,0.0694,0.7191,0.0,0.2583,1.0,0.0,74.505,0.9961,1.0,0.2183,0.0,0.173,0.9999,0.4449,0.4007,0.9736,3.112,0.7973,0.0094,1.0,0.0661,0.0,0.4432
1754615820000,141.6536,1.0,0.0694,0.7215,0.0,0.266,1.0,0.0,72.8784,0.9961,1.0,0.2309,0.0,0.1626,0.9999,0.4556,0.4192,0.9767,3.0739,0.7359,0.0087,1.0,0.0482,0.0,0.4412
1754615880000,146.6228,1.0,0.0694,0.7217,0.0,0.2583,1.0,0.0,75.5936,0.9961,1.0,0.2342,0.0,0.1616,0.9999,0.4493,0.4261,0.9716,3.1211,0.7256,0.0087,1.0,0.0932,0.0,0.4177
1754615940000,144.0899,1.0,0.0694,0.7208,0.0,0.2611,1.0,0.0,74.3251,0.9963,1.0,0.2338,0.0,0.1626,0.9998,0.4547,0.4234,0.9776,3.1701,0.7278,0.0087,1.0,0.0646,0.0,0.4307
1754616000000,150.0959,1.0,0.0694,0.7225,0.0,0.2611,1.0,0.0,76.9256,0.996,1.0,0.2358,0.0,0.1603,0.9998,0.4461,0.4286,0.9975,3.2366,0.7328,0.0085,1.0,0.0474,0.0,0.4166
1754616060000,145.1376,1.0,0.0694,0.7216,0.0,0.2528,1.0,0.0,75.6148,0.996,1.0,0.2352,0.0,0.1704,0.9999,0.4572,0.4266,1.0084,3.1894,0.7434,0.0088,1.0,0.1482,0.0,0.4374
1754616120000,148.644,1.0,0.0694,0.7231,0.0,0.2611,1.0,0.0,74.4835,0.996,1.0,0.23,0.0,0.1653,0.9998,0.4575,0.4201,1.0049,3.1478,0.7452,0.0085,1.0,0.0533,0.0,0.4296
1754616180000,143.9035,1.0,0.0694,0.722,0.0,0.2611,1.0,0.0,74.7921,0.9962,1.0,0.2338,0.0,0.1541,0.9999,0.4631,0.4242,0.9907,3.1055,0.742,0.0087,1.0,0.0974,0.0,0.4449
1754616240000,145.8728,1.0,0.0694,0.7223,0.0,0.2583,1.0,0.0,74.2197,0.9962,1.0,0.2296,0.0,0.1627,0.9998,0.4582,0.4172,0.9743,3.142,0.7319,0.0087,1.0,0.0987,0.0,0.4306
1754616300000,145.2471,1.0,0.0694,0.7231,0.0,0.2556,1.0,0.0,74.4107,0.9961,1.0,0.2325,0.0,0.16,0.9999,0.4293,0.424,0.9824,3.2882,0.7329,0.0093,1.0,0.1126,0.0,0.4183
1754616360000,145.9322,1.0,0.0694,0.7241,0.0,0.25,1.0,0.0,73.6294,0.996,1.0,0.2314,0.0,0.1614,0.9998,0.4612,0.4239,0.9846,3.0466,0.7398,0.0087,1.0,0.0658,0.0,0.4338
1754616420000,143.6335,1.0,0.0694,0.7234,0.0,0.2639,1.0,0.0,73.2441,0.9961,1.0,0.2345,0.0,0.1629,0.9999,0.4901,0.4284,0.9668,3.2313,0.7142,0.009,1.0,0.0678,0.0,0.441
1754616480000,148.3979,1.0,0.0694,0.7238,0.0,0.2618,1.0,0.0,74.8282,0.9962,1.0,0.2371,0.0,0.1689,0.9997,0.469,0.433,0.9744,3.1664,0.7292,0.0091,1.0,0.0922,0.0,0.4352
1754616540000,145.1702,1.0,0.0694,0.7224,0.0,0.2561,1.0,0.0,74.8107,0.9964,1.0,0.2329,0.0,0.1665,0.9998,0.5129,0.4255,0.9637,3.1576,0.7444,0.0093,1.0,0.0661,0.0,0.4363
1754616600000,159.4058,1.0,0.0694,0.7233,0.0,0.25,1.0,0.0,81.2612,0.996,1.0,0.2353,0.0,0.167,0.9996,0.4925,0.4299,0.9971,3.254,0.7402,0.0089,1.0,0.0717,0.0,0.4344
1754616660000,146.7182,1.0,0.0694,0.7225,0.0,0.2639,1.0,0.0,75.1996,0.9961,1.0,0.2344,0.0,0.1626,0.9997,0.4911,0.4264,0.9774,3.3804,0.7298,0.0091,1.0,0.0602,0.0,0.4554
1754616720000,144.4588,1.0,0.0694,0.7241,0.0,0.2549,1.0,0.0,73.1572,0.9962,1.0,0.2325,0.0,0.1648,0.9999,0.4629,0.4247,0.9891,3.2714,0.7311,0.0091,1.0,0.0439,0.0,0.4333
1754616780000,143.3361,1.0,0.0694,0.7211,0.0,0.2639,1.0,0.0,72.778,0.9965,1.0,0.2273,0.0,0.1689,0.9998,0.4713,0.415,0.9831,3.1558,0.7704,0.0092,1.0,0.0618,0.0,0.4361
1754616840000,142.9151,1.0,0.0694,0.7204,0.0,0.2694,1.0,0.0,73.1932,0.9961,1.0,0.2162,0.0,0.1577,0.9998,0.4546,0.3943,0.9785,3.1936,0.7988,0.0087,1.0,0.0559,0.0,0.4436
1754616900000,144.6032,1.0,0.0694,0.7239,0.0,0.2603,1.0,0.0,73.0078,0.9962,1.0,0.2355,0.0,0.1706,0.9999,0.4644,0.4316,0.98,3.1734,0.7321,0.0092,1.0,0.2139,0.0,0.433
1754616960000,140.886,1.0,0.0694,0.7224,0.0,0.2528,1.0,0.0,72.679,0.9964,1.0,0.2399,0.0,0.1664,0.9999,0.4735,0.436,0.9851,3.2038,0.7354,0.009,1.0,0.0803,0.0,0.4411
1754617020000,144.5231,1.0,0.0694,0.7225,0.0,0.2591,1.0,0.0,74.8456,0.9961,1.0,0.2341,0.0,0.1589,0.9998,0.4382,0.4258,1.0363,3.1317,0.7714,0.0089,1.0,0.0534,0.0,0.4352
1754617080000,143.1339,1.0,0.0694,0.7226,0.0,0.2528,1.0,0.0,73.8757,0.9963,1.0,0.2405,0.0,0.16,0.9997,0.4528,0.4368,1.0056,3.2161,0.7478,0.009,1.0,0.0543,0.0,0.4472
1754617140000,142.5054,1.0,0.0694,0.7222,0.0,0.2632,1.0,0.0,73.404,0.9963,1.0,0.2347,0.0,0.1564,0.9998,0.4543,0.4269,0.9639,3.0983,0.7231,0.0086,1.0,0.0713,0.0,0.4335
1754617200000,146.2761,1.0,0.0694,0.7221,0.0,0.2549,1.0,0.0,74.4378,0.9963,1.0,0.2357,0.0,0.1612,0.9997,0.4335,0.4293,0.9801,3.3597,0.7337,0.0089,1.0,0.0547,0.0,0.4243
1754617260000,144.6036,1.0,0.0694,0.7234,0.0,0.2612,1.0,0.0,73.1228,0.9964,1.0,0.2365,0.0,0.1593,0.9998,0.4332,0.4317,0.9852,3.4069,0.73,0.0089,1.0,0.0838,0.0,0.429
1754617320000,142.9792,1.0,0.0694,0.722,0.0,0.2583,1.0,0.0,74.2333,0.9964,1.0,0.2399,0.0,0.1642,0.9998,0.4468,0.4359,0.9858,3.0596,0.7364,0.0089,1.0,0.124,0.0,0.433
1754617380000,147.299,1.0,0.0694,0.7233,0.0,0.2632,1.0,0.0,75.417,0.9962,1.0,0.2424,0.0,0.1688,0.9997,0.4196,0.4414,0.9703,3.1941,0.7248,0.0089,1.0,0.0873,0.0,0.4373
1754617440000,147.5117,1.0,0.0694,0.7235,0.0,0.2618,1.0,0.0,74.489,0.9962,1.0,0.2335,0.0,0.1653,0.9998,0.4211,0.428,0.9777,3.1492,0.722,0.009,1.0,0.0726,0.0,0.4387
1754617500000,146.5208,1.0,0.0694,0.7243,0.0,0.2611,1.0,0.0,73.3129,0.9961,1.0,0.2403,0.0,0.1586,0.9998,0.4361,0.4402,0.9899,3.2154,0.731,0.0086,1.0,0.0701,0.0,0.4452
1754617560000,147.477,1.0,0.0694,0.7204,0.0,0.2646,1.0,0.0,74.9542,0.9961,1.0,0.2223,0.0,0.1767,0.9999,0.4371,0.4069,0.9916,3.2746,0.8043,0.0093,1.0,0.0929,0.0,0.4545
1754617620000,143.6226,1.0,0.0694,0.7228,0.0,0.2674,1.0,0.0,73.3999,0.996,1.0,0.2305,0.0,0.1746,0.9999,0.4329,0.4207,0.9745,3.0606,0.7462,0.009,1.0,0.0647,0.0,0.4495
1754617680000,145.0597,1.0,0.0694,0.7245,0.0,0.262,1.0,0.0,73.1151,0.9963,1.0,0.2401,0.0,0.172,0.9998,0.4356,0.4383,0.994,3.1666,0.7407,0.0089,1.0,0.0744,0.0,0.439
1754617740000,143.1372,1.0,0.0694,0.7235,0.0,0.2611,1.0,0.0,72.9593,0.9963,1.0,0.2396,0.0,0.1683,0.9999,0.4424,0.4369,0.9682,3.1419,0.7203,0.0091,1.0,0.0567,0.0,0.44
1754617800000,146.0232,1.0,0.0694,0.7232,0.0,0.2659,1.0,0.0,74.7756,0.9963,1.0,0.2369,0.0,0.1541,0.9999,0.456,0.4322,0.9682,3.2879,0.7262,0.0088,1.0,0.0742,0.0,0.4414
1754617860000,146.9378,1.0,0.0694,0.7246,0.0,0.25,1.0,0.0,73.7822,0.996,1.0,0.2374,0.0,0.1672,0.9999,0.4407,0.4358,0.9723,3.393,0.7284,0.0094,1.0,0.0646,0.0,0.4332
1754617920000,145.9727,1.0,0.0694,0.7232,0.0,0.2611,1.0,0.0,74.6191,0.9961,1.0,0.2397,0.0,0.1714,0.9998,0.4422,0.4377,0.9743,3.2122,0.7262,0.0087,1.0,0.0752,0.0,0.4544
1754617980000,145.7737,1.0,0.0694,0.7235,0.0,0.2556,1.0,0.0,73.3516,0.9961,1.0,0.2388,0.0,0.1657,0.9999,0.4324,0.4375,0.9969,3.2237,0.7501,0.0089,1.0,0.0783,0.0,0.4433
1754618040000,142.007,1.0,0.0694,0.7234,0.0,0.2583,1.0,0.0,71.6626,0.9963,1.0,0.2437,0.0,0.1616,0.9999,0.4565,0.4449,0.9706,3.1423,0.7304,0.0088,1.0,0.073,0.0,0.4521
1754618100000,148.8285,1.0,0.0694,0.7229,0.0,0.248,1.0,0.0,75.6946,0.9962,1.0,0.2394,0.0,0.1582,0.9999,0.4885,0.4362,0.9796,3.4232,0.7379,0.0089,1.0,0.0577,0.0,0.4562
1754618160000,145.4232,1.0,0.0694,0.7237,0.0,0.2472,1.0,0.0,73.6769,0.9963,1.0,0.2397,0.0,0.1598,0.9999,0.4644,0.4379,0.9703,3.1313,0.7297,0.0091,1.0,0.0806,0.0,0.4469
1754618220000,146.773,1.0,0.0694,0.7219,0.0,0.2472,1.0,0.0,76.3019,0.9961,1.0,0.2407,0.0,0.1666,0.9998,0.4514,0.4368,1.0169,3.2812,0.7561,0.0093,1.0,0.0575,0.0,0.4431
1754618280000,143.0271,1.0,0.0694,0.7238,0.0,0.25,1.0,0.0,72.4602,0.9965,1.0,0.2408,0.0,0.1669,0.9997,0.4768,0.4391,0.9896,3.2396,0.7348,0.0088,1.0,0.1035,0.0,0.4264
1754618340000,147.2991,1.0,0.0694,0.7232,0.0,0.2556,1.0,0.0,74.9018,0.9963,1.0,0.243,0.0,0.1655,0.9998,0.4463,0.4429,0.9869,3.2222,0.7325,0.0092,1.0,0.0775,0.0,0.441
1754618400000,149.9789,1.0,0.0694,0.7207,0.0,0.2583,1.0,0.0,78.9632,0.9963,1.0,0.2503,0.0,0.1743,0.9997,0.4615,0.4511,1.0477,3.7196,0.7719,0.0095,1.0,0.0511,0.0,0.4368
1754618460000,140.9624,1.0,0.0694,0.7228,0.0,0.2611,1.0,0.0,73.0017,0.9965,1.0,0.2541,0.0,0.1738,0.9999,0.4643,0.4614,1.0337,3.4205,0.7562,0.0099,1.0,0.0665,0.0,0.4537
1754618520000,149.2408,1.0,0.0694,0.7227,0.0,0.2472,1.0,0.0,74.3964,0.9959,1.0,0.2456,0.0,0.174,0.9998,0.4739,0.4518,1.0371,3.4458,0.7609,0.0096,1.0,0.1035,0.0,0.4625
1754618580000,148.1878,1.0,0.0694,0.723,0.0,0.2583,1.0,0.0,75.0348,0.9962,1.0,0.2448,0.0,0.1808,0.9998,0.4894,0.4478,1.0322,3.4289,0.7614,0.0096,1.0,0.0701,0.0,0.4714
1754618640000,145.4638,1.0,0.0694,0.7215,0.0,0.2528,1.0,0.0,74.773,0.9963,1.0,0.251,0.0,0.1684,0.9998,0.4778,0.4571,1.0306,3.3298,0.7651,0.0095,1.0,0.1945,0.0,0.4682
1754618700000,147.4709,1.0,0.0694,0.7241,0.0,0.2556,1.0,0.0,74.7577,0.9962,1.0,0.2466,0.0,0.1746,0.9999,0.5124,0.4515,1.0271,3.4678,0.7607,0.0094,1.0,0.0701,0.0,0.4749
1754618760000,147.6585,1.0,0.0694,0.7212,0.0,0.2528,1.0,0.0,76.184,0.9963,1.0,0.2534,0.0,0.178,0.9998,0.5247,0.4605,1.0298,3.3195,0.7572,0.0096,1.0,0.0711,0.0,0.4717
1754618820000,147.5614,1.0,0.0694,0.7225,0.0,0.2667,1.0,0.0,74.8534,0.9962,1.0,0.2471,0.0,0.1749,0.9999,0.5097,0.4511,1.017,3.2854,0.7512,0.0096,1.0,0.1015,0.0,0.4836
1754618880000,146.9476,1.0,0.0694,0.7234,0.0,0.2639,1.0,0.0,74.8029,0.9963,1.0,0.2476,0.0,0.1762,0.9998,0.4881,0.4516,1.0189,3.5198,0.7518,0.0089,1.0,0.0916,0.0,0.4801
1754618940000,147.6598,1.0,0.0694,0.7238,0.0,0.2667,1.0,0.0,75.3927,0.9964,1.0,0.2491,0.0,0.1812,0.9998,0.484,0.4551,1.0235,3.3726,0.7468,0.0095,1.0,0.057,0.0,0.476
1754619000000,144.5178,1.0,0.0694,0.7213,0.0,0.2639,1.0,0.0,75.6051,0.9962,1.0,0.2472,0.0,0.1722,0.9998,0.4778,0.4487,1.0458,3.5095,0.7697,0.0098,1.0,0.0801,0.0,0.4726
1754619060000,149.3702,1.0,0.0694,0.7238,0.0,0.2639,1.0,0.0,76.2731,0.9961,1.0,0.2439,0.0,0.1665,0.9998,0.4757,0.4454,1.027,3.6146,0.7501,0.0094,1.0,0.0817,0.0,0.4662
1754619120000,151.8898,1.0,0.0694,0.7225,0.0,0.2639,1.0,0.0,79.1381,0.9962,1.0,0.2472,0.0,0.1664,0.9997,0.4879,0.4498,1.0322,3.3425,0.7661,0.0093,1.0,0.0786,0.0,0.4602
1754619180000,145.9309,1.0,0.0694,0.7232,0.0,0.2611,1.0,0.0,75.8436,0.9965,1.0,0.2454,0.0,0.173,0.9998,0.4669,0.4467,1.0177,3.4747,0.7467,0.0094,1.0,0.0814,0.0,0.4695
1754619240000,144.6944,1.0,0.0694,0.7218,0.0,0.2556,1.0,0.0,75.6546,0.9966,1.0,0.252,0.0,0.1731,0.9998,0.4694,0.4559,1.0193,3.265,0.7483,0.0092,1.0,0.2806,0.0,0.4626
1754619300000,152.9639,1.0,0.0694,0.7233,0.0,0.2583,1.0,0.0,76.7139,0.996,1.0,0.2474,0.0,0.1822,0.9998,0.4971,0.4526,1.0227,3.3691,0.7493,0.0097,1.0,0.089,0.0,0.4532
1754619360000,150.0297,1.0,0.0694,0.7225,0.0,0.2528,1.0,0.0,77.2532,0.9961,1.0,0.2524,0.0,0.1664,0.9998,0.4724,0.4594,1.0262,3.3803,0.7505,0.0096,1.0,0.128,0.0,0.486
1754619420000,148.0011,1.0,0.0694,0.7227,0.0,0.2528,1.0,0.0,75.4155,0.9962,1.0,0.2495,0.0,0.173,0.9999,0.4824,0.4547,1.037,3.5113,0.7532,0.0095,1.0,0.1076,0.0,0.4679
1754619480000,143.5665,1.0,0.0694,0.721,0.0,0.2583,1.0,0.0,76.0305,0.9963,1.0,0.2569,0.0,0.1755,0.9998,0.4538,0.4648,1.0461,3.4105,0.7609,0.0091,1.0,0.1805,0.0,0.4773
1754619540000,149.0064,1.0,0.0694,0.722,0.0,0.2611,1.0,0.0,76.7584,0.9963,1.0,0.2453,0.0,0.1653,0.9998,0.4839,0.4466,1.0594,3.4299,0.7742,0.009,1.0,0.0538,0.0,0.4573
1754619600000,152.5698,1.0,0.0694,0.7232,0.0,0.25,1.0,0.0,79.2312,0.9961,1.0,0.2452,0.0,0.1652,0.9997,0.4849,0.4472,1.0386,3.358,0.7639,0.0092,1.0,0.0564,0.0,0.4688
1754619660000,148.754,1.0,0.0694,0.7223,0.0,0.2611,1.0,0.0,77.1054,0.9961,1.0,0.2518,0.0,0.1713,0.9998,0.494,0.4599,1.0264,3.4463,0.7512,0.0096,1.0,0.0781,0.0,0.4623
1754619720000,148.4562,1.0,0.0694,0.7236,0.0,0.2556,1.0,0.0,76.8889,0.9962,1.0,0.2449,0.0,0.1637,0.9998,0.4858,0.4465,1.0349,3.4281,0.7497,0.0094,1.0,0.066,0.0,0.4822
1754619780000,150.5999,1.0,0.0694,0.7202,0.0,0.2556,1.0,0.0,79.0726,0.9963,1.0,0.2457,0.0,0.1725,0.9998,0.5047,0.4476,1.0425,3.4628,0.7592,0.0092,1.0,0.0593,0.0,0.469
1754619840000,149.6577,1.0,0.0694,0.7193,0.0,0.2556,1.0,0.0,78.7747,0.9965,1.0,0.2435,0.0,0.1783,0.9998,0.4847,0.444,1.0318,3.3996,0.7538,0.0095,1.0,0.0652,0.0,0.4652
1754619900000,150.4184,1.0,0.0694,0.7214,0.0,0.2611,1.0,0.0,78.6566,0.9962,1.0,0.2458,0.0,0.171,0.9998,0.5053,0.4465,1.0262,3.5953,0.7498,0.0094,1.0,0.0563,0.0,0.4583
1754619960000,141.6206,1.0,0.0694,0.7203,0.0,0.2583,1.0,0.0,74.983,0.9963,1.0,0.2548,0.0,0.1837,0.9998,0.521,0.461,1.0363,3.489,0.7517,0.0096,1.0,0.0646,0.0,0.458
1754620020000,147.0403,1.0,0.0694,0.7208,0.0,0.2611,1.0,0.0,76.7879,0.9963,1.0,0.2536,0.0,0.1776,0.9998,0.4936,0.4598,1.0407,3.6094,0.7554,0.0095,1.0,0.0691,0.0,0.4659
1754620080000,149.4871,1.0,0.0694,0.7211,0.0,0.2583,1.0,0.0,76.7052,0.9964,1.0,0.2504,0.0,0.1696,0.9998,0.485,0.4548,1.0302,3.5788,0.7549,0.0092,1.0,0.0656,0.0,0.4914
1754620140000,154.6987,1.0,0.0694,0.7241,0.0,0.2528,1.0,0.0,76.7716,0.9961,1.0,0.2454,0.0,0.1822,0.9998,0.4904,0.4506,1.0217,3.4246,0.7548,0.0098,1.0,0.1216,0.0,0.4815
1754620200000,162.3637,1.0,0.0694,0.7234,0.0,0.2528,1.0,0.0,82.1439,0.996,1.0,0.2472,0.0,0.1694,0.9997,0.4756,0.4523,1.0484,3.7919,0.7681,0.0096,1.0,0.0634,0.0,0.4944
1754620260000,151.6996,1.0,0.0694,0.7241,0.0,0.2639,1.0,0.0,77.136,0.996,1.0,0.242,0.0,0.1669,0.9998,0.5122,0.4428,1.0525,3.5815,0.7679,0.0096,1.0,0.2801,0.0,0.4979
1754620320000,152.8881,1.0,0.0694,0.7243,0.0,0.2611,1.0,0.0,78.2802,0.9962,1.0,0.245,0.0,0.1656,0.9998,0.4817,0.4478,1.0515,3.5111,0.7697,0.0095,1.0,0.0798,0.0,0.4728
1754620380000,154.4317,1.0,0.0694,0.7248,0.0,0.2639,1.0,0.0,77.8093,0.9962,1.0,0.2416,0.0,0.1638,0.9998,0.4742,0.4428,1.0325,3.5756,0.7528,0.0092,1.0,0.1061,0.0,0.4845
1754620440000,147.9196,1.0,0.0694,0.7227,0.0,0.2611,1.0,0.0,76.9256,0.9964,1.0,0.2505,0.0,0.1673,0.9998,0.4782,0.4559,1.0306,3.4088,0.7468,0.0092,1.0,0.0697,0.0,0.4774
1754620500000,147.5683,1.0,0.0694,0.7243,0.0,0.2611,1.0,0.0,75.1355,0.9961,1.0,0.246,0.0,0.1804,0.9999,0.4856,0.4504,1.0287,3.5409,0.7491,0.0094,1.0,0.085,0.0,0.4722
1754620560000,148.5681,1.0,0.0694,0.7244,0.0,0.2528,1.0,0.0,75.8858,0.996,1.0,0.2502,0.0,0.1709,0.9999,0.4794,0.4586,1.0378,3.6725,0.7533,0.0093,1.0,0.0542,0.0,0.4618
1754620620000,153.4599,1.0,0.0694,0.7242,0.0,0.2528,1.0,0.0,78.7003,0.9964,1.0,0.2526,0.0,0.1798,0.9997,0.4726,0.4619,1.0317,3.6393,0.7443,0.0098,1.0,0.1025,0.0,0.4808
1754620680000,153.7752,1.0,0.0694,0.724,0.0,0.2583,1.0,0.0,78.6805,0.9961,1.0,0.2511,0.0,0.1742,0.9998,0.4832,0.459,1.0235,3.6471,0.75,0.009,1.0,0.0564,0.0,0.4785
1754620740000,146.2386,1.0,0.0694,0.7212,0.0,0.2528,1.0,0.0,77.3451,0.9963,1.0,0.2515,0.0,0.1715,0.9998,0.4715,0.4546,1.0292,3.5856,0.7514,0.0097,1.0,0.0914,0.0,0.4942
1754620800000,155.9638,1.0,0.0694,0.7215,0.0,0.2583,1.0,0.0,80.4762,0.996,1.0,0.2436,0.0,0.1743,0.9997,0.4692,0.444,1.0444,3.6661,0.7584,0.0097,1.0,0.0987,0.0,0.4485
1754620860000,157.1697,1.0,0.0694,0.7202,0.0,0.2556,1.0,0.0,81.6723,0.9965,1.0,0.2413,0.0,0.179,0.9996,0.491,0.4397,1.0557,3.547,0.7658,0.0094,1.0,0.0576,0.0,0.4866
1754620920000,154.8299,1.0,0.0694,0.7212,0.0,0.2556,1.0,0.0,79.7151,0.9962,1.0,0.2359,0.0,0.1753,0.9996,0.4981,0.4309,1.053,3.6564,0.7696,0.0094,1.0,0.0517,0.0,0.4701
1754620980000,147.3202,1.0,0.0694,0.7231,0.0,0.2583,1.0,0.0,76.2316,0.9965,1.0,0.2447,0.0,0.1733,0.9997,0.4965,0.4457,1.0558,3.6827,0.7712,0.013,1.0,0.0915,0.0,0.4752
1754621040000,157.8494,1.0,0.0694,0.7237,0.0,0.2611,1.0,0.0,81.8537,0.9963,1.0,0.2525,0.0,0.1763,0.9996,0.5188,0.4593,1.0557,3.6902,0.767,0.0105,1.0,0.053,0.0,0.4957
1754621100000,154.5907,1.0,0.0694,0.7231,0.0,0.2639,1.0,0.0,79.891,0.9964,1.0,0.2537,0.0,0.1822,0.9996,0.5119,0.4613,1.0429,3.6681,0.7632,0.0097,1.0,0.0944,0.0,0.4881
1754621160000,153.0438,1.0,0.0694,0.7225,0.0,0.2639,1.0,0.0,79.1583,0.9962,1.0,0.2491,0.0,0.1799,0.9997,0.5206,0.452,1.0405,3.7891,0.7622,0.0095,1.0,0.0679,0.0,0.4942
1754621220000,156.9929,1.0,0.0694,0.7238,0.0,0.2611,1.0,0.0,79.3454,0.9958,1.0,0.2486,0.0,0.1797,0.9998,0.5258,0.4552,1.0531,3.3964,0.7667,0.0093,1.0,0.0555,0.0,0.477
1754621280000,158.8229,1.0,0.0694,0.7253,0.0,0.2611,1.0,0.0,79.666,0.996,1.0,0.2477,0.0,0.173,0.9997,0.5425,0.4536,1.0611,3.4853,0.7654,0.0096,1.0,0.105,0.0,0.4935
1754621340000,154.9679,1.0,0.0694,0.725,0.0,0.2632,1.0,0.0,78.2056,0.9962,1.0,0.2471,0.0,0.1838,0.9998,0.5404,0.4525,1.041,3.6887,0.7577,0.0097,1.0,0.0905,0.0,0.489
1754621400000,152.6148,1.0,0.0694,0.7227,0.0,0.2556,1.0,0.0,79.6351,0.9963,1.0,0.2528,0.0,0.1709,0.9997,0.526,0.459,1.0423,3.7255,0.7626,0.0094,1.0,0.0692,0.0,0.501
1754621460000,152.8914,1.0,0.0694,0.725,0.0,0.2556,1.0,0.0,77.6928,0.9962,1.0,0.2508,0.0,0.173,0.9998,0.5047,0.4599,1.0258,3.8687,0.7528,0.0101,1.0,0.083,0.0,0.4717
1754621520000,152.4601,1.0,0.0694,0.7246,0.0,0.2549,1.0,0.0,77.6729,0.996,1.0,0.2505,0.0,0.1766,0.9999,0.5213,0.4586,1.0422,3.6137,0.7662,0.0103,1.0,0.1012,0.0,0.4928
1754621580000,157.2485,1.0,0.0694,0.7242,0.0,0.2648,1.0,0.0,79.5225,0.9962,1.0,0.2517,0.0,0.1717,0.9998,0.5204,0.4608,1.0404,3.6667,0.7645,0.0095,1.0,0.1743,0.0,0.4887
1754621640000,149.5077,1.0,0.0694,0.7216,0.0,0.2611,1.0,0.0,75.9593,0.9963,1.0,0.238,0.0,0.1715,0.9998,0.535,0.4361,1.0384,3.4692,0.8174,0.0094,1.0,0.0804,0.0,0.4884
1754621700000,156.44,1.0,0.0694,0.7191,0.0,0.2631,1.0,0.0,79.6054,0.9962,1.0,0.2269,0.0,0.174,0.9998,0.5229,0.4175,1.052,3.6901,0.8753,0.0101,1.0,0.0712,0.0,0.4956
1754621760000,155.4728,1.0,0.0694,0.7228,0.0,0.262,1.0,0.0,78.7788,0.9962,1.0,0.2363,0.0,0.1689,0.9998,0.486,0.4339,1.0377,3.6631,0.7832,0.0095,1.0,0.1667,0.0,0.4846
1754621820000,153.1045,1.0,0.0694,0.7223,0.0,0.2631,1.0,0.0,79.3173,0.9962,1.0,0.2511,0.0,0.1747,0.9998,0.4678,0.4573,1.049,3.7571,0.76,0.0095,1.0,0.0457,0.0,0.4781
1754621880000,147.7317,1.0,0.0694,0.7239,0.0,0.2627,1.0,0.0,76.4677,0.9962,1.0,0.2492,0.0,0.1768,0.9998,0.466,0.4541,1.0278,3.613,0.7477,0.0097,1.0,0.0739,0.0,0.4761
1754621940000,158.7804,1.0,0.0694,0.7261,0.0,0.2602,1.0,0.0,79.9373,0.9962,1.0,0.2445,0.0,0.1774,0.9998,0.4813,0.4491,1.0366,3.7185,0.7575,0.0095,1.0,0.0942,0.0,0.4686
1754622000000,162.6271,1.0,0.0694,0.7244,0.0,0.2702,1.0,0.0,83.2328,0.9962,1.0,0.249,0.0,0.1864,0.9997,0.4783,0.4554,1.0684,4.0862,0.7782,0.0094,1.0,0.0501,0.0,0.4957
1754622060000,158.7421,1.0,0.0694,0.7256,0.0,0.2611,1.0,0.0,79.4432,0.9962,1.0,0.2511,0.0,0.1805,0.9997,0.4881,0.4595,1.0614,4.2279,0.7804,0.0098,1.0,0.0779,0.0,0.5036
1754622120000,154.2799,1.0,0.0694,0.7243,0.0,0.2611,1.0,0.0,79.287,0.9962,1.0,0.2579,0.0,0.1867,0.9997,0.5256,0.4696,1.0491,4.1345,0.7776,0.0103,1.0,0.0711,0.0,0.5101
1754622180000,152.5507,1.0,0.0694,0.7249,0.0,0.2583,1.0,0.0,77.6648,0.9961,1.0,0.2475,0.0,0.175,0.9998,0.5304,0.4527,1.043,3.92,0.7623,0.01,1.0,0.0876,0.0,0.4937
1754622240000,154.6638,1.0,0.0694,0.7269,0.0,0.2611,1.0,0.0,77.1192,0.996,1.0,0.2485,0.0,0.1753,0.9998,0.5385,0.4584,1.0525,3.8183,0.7676,0.0098,1.0,0.0742,0.0,0.485
1754622300000,153.4792,1.0,0.0694,0.7238,0.0,0.2611,1.0,0.0,78.695,0.996,1.0,0.2566,0.0,0.1803,0.9998,0.5308,0.4672,1.0705,4.0288,0.7892,0.0098,1.0,0.0994,0.0,0.5048
1754622360000,160.6793,1.0,0.0694,0.7256,0.0,0.2472,1.0,0.0,79.8351,0.9959,1.0,0.2505,0.0,0.1841,0.9998,0.5118,0.4603,1.0379,3.572,0.7571,0.0096,1.0,0.092,0.0,0.4841
1754622420000,154.272,1.0,0.0694,0.724,0.0,0.2583,1.0,0.0,78.3821,0.9962,1.0,0.25,0.0,0.1773,0.9998,0.5339,0.4571,1.0536,3.8044,0.7696,0.0098,1.0,0.0462,0.0,0.5031
1754622480000,152.3034,1.0,0.0694,0.7232,0.0,0.2556,1.0,0.0,78.6118,0.9963,1.0,0.2599,0.0,0.1832,0.9998,0.5547,0.4731,1.062,3.7986,0.7709,0.01,1.0,0.0583,0.0,0.493
1754622540000,157.1622,1.0,0.0694,0.7242,0.0,0.2611,1.0,0.0,79.228,0.9964,1.0,0.2457,0.0,0.1703,0.9998,0.5457,0.449,1.0414,3.7417,0.7594,0.0095,1.0,0.0823,0.0,0.4946
1754622600000,152.9913,1.0,0.0694,0.7248,0.0,0.2611,1.0,0.0,78.3412,0.9963,1.0,0.2532,0.0,0.1699,0.9998,0.5312,0.4628,1.0624,4.0028,0.7696,0.0096,1.0,0.0709,0.0,0.4903
1754622660000,166.1334,1.0,0.0694,0.7255,0.0,0.2556,1.0,0.0,83.0448,0.9959,1.0,0.2466,0.0,0.1724,0.9996,0.5083,0.4526,1.1341,3.9519,0.8243,0.0096,1.0,0.1367,0.0,0.4924
1754622720000,171.6967,1.0,0.0694,0.7232,0.0,0.2556,1.0,0.0,87.16,0.9956,1.0,0.2561,0.0,0.1735,0.9994,0.5172,0.4681,1.0972,3.9168,0.791,0.0096,1.0,0.1138,0.0,0.5067
1754622780000,155.6484,1.0,0.0694,0.7241,0.0,0.2556,1.0,0.0,79.3296,0.9961,1.0,0.2473,0.0,0.1782,0.9998,0.5236,0.4523,1.0783,3.8107,0.7797,0.0095,1.0,0.0526,0.0,0.5131
1754622840000,152.102,1.0,0.0694,0.7234,0.0,0.2528,1.0,0.0,77.7158,0.9962,1.0,0.2522,0.0,0.1779,0.9998,0.505,0.46,1.0722,3.815,0.7771,0.0094,1.0,0.0755,0.0,0.4962
1754622900000,160.578,1.0,0.0694,0.7252,0.0,0.2444,1.0,0.0,80.4004,0.9957,1.0,0.2532,0.0,0.1876,0.9997,0.5115,0.4643,1.0858,3.9243,0.7849,0.0099,1.0,0.0488,0.0,0.4894
1754622960000,162.3843,1.0,0.0694,0.7227,0.0,0.2556,1.0,0.0,82.0089,0.9959,1.0,0.2499,0.0,0.1904,0.9995,0.5143,0.4556,1.0663,3.8481,0.7763,0.0101,1.0,0.101,0.0,0.5114
1754623020000,156.2679,1.0,0.0694,0.7247,0.0,0.2583,1.0,0.0,78.7604,0.996,1.0,0.25,0.0,0.1783,0.9998,0.4968,0.4582,1.0759,3.7062,0.7749,0.0094,1.0,0.0769,0.0,0.5081
1754623080000,157.7435,1.0,0.0694,0.7269,0.0,0.2472,1.0,0.0,77.6374,0.9962,1.0,0.248,0.0,0.169,0.9998,0.501,0.4584,1.0775,3.7486,0.7842,0.0096,1.0,0.0784,0.0,0.5073
1754623140000,157.8548,1.0,0.0694,0.7234,0.0,0.2583,1.0,0.0,79.1109,0.9959,1.0,0.2343,0.0,0.1794,0.9997,0.5365,0.4323,1.083,3.741,0.8367,0.0098,1.0,0.0725,0.0,0.5121
1754623200000,158.312,1.0,0.0694,0.72,0.0,0.2639,1.0,0.0,79.2745,0.9959,1.0,0.222,0.0,0.1742,0.9998,0.5285,0.4105,1.0795,3.8589,0.8678,0.0094,1.0,0.0964,0.0,0.5115
1754623260000,157.9053,1.0,0.0694,0.7225,0.0,0.2591,1.0,0.0,78.0416,0.996,1.0,0.2283,0.0,0.1643,0.9998,0.5249,0.4219,1.1113,3.8886,0.8705,0.0094,1.0,0.1195,0.0,0.5017
1754623320000,152.3611,1.0,0.0694,0.7211,0.0,0.2617,1.0,0.0,76.8161,0.996,1.0,0.228,0.0,0.169,0.9999,0.5374,0.4199,1.0703,3.884,0.8408,0.0096,1.0,0.0739,0.0,0.5081
1754623380000,151.4503,1.0,0.0694,0.7208,0.0,0.2667,1.0,0.0,77.0722,0.9963,1.0,0.23,0.0,0.167,0.9999,0.5433,0.422,1.0921,3.7315,0.8487,0.0096,1.0,0.0629,0.0,0.502
1754623440000,152.8581,1.0,0.0694,0.7217,0.0,0.2667,1.0,0.0,77.6177,0.9964,1.0,0.2357,0.0,0.1683,0.9999,0.5288,0.4307,1.1028,3.6641,0.8338,0.0094,1.0,0.0935,0.0,0.4922
1754623500000,155.7153,1.0,0.0694,0.7224,0.0,0.2687,1.0,0.0,79.1148,0.996,1.0,0.2344,0.0,0.1679,0.9998,0.5224,0.4294,1.0614,3.8538,0.7758,0.0097,1.0,0.0582,0.0,0.4972
1754623560000,159.0974,1.0,0.0694,0.7207,0.0,0.2639,1.0,0.0,79.4304,0.996,1.0,0.2243,0.0,0.1714,0.9998,0.536,0.414,1.0565,3.7498,0.8191,0.0095,1.0,0.0776,0.0,0.4904
1754623620000,157.7787,1.0,0.0694,0.7168,0.0,0.2631,1.0,0.0,80.0156,0.996,1.0,0.2235,0.0,0.1727,0.9998,0.5519,0.4133,1.0603,3.8054,0.8752,0.0096,1.0,0.0621,0.0,0.5017
1754623680000,153.3766,1.0,0.0694,0.7189,0.0,0.2639,1.0,0.0,77.9326,0.9958,1.0,0.2235,0.0,0.1674,0.9999,0.5576,0.4122,1.0485,3.6802,0.8409,0.0094,1.0,0.1991,0.0,0.4951
1754623740000,154.6684,1.0,0.0694,0.7207,0.0,0.2611,1.0,0.0,80.2392,0.9959,1.0,0.23,0.0,0.1656,0.9998,0.5057,0.4216,1.0371,3.6886,0.8187,0.0092,1.0,0.0556,0.0,0.5038
1754623800000,166.7109,1.0,0.0694,0.7261,0.0,0.2694,1.0,0.0,84.4345,0.9958,1.0,0.2499,0.0,0.1698,0.9996,0.5115,0.4592,1.103,3.8679,0.8066,0.0096,1.0,0.0615,0.0,0.4821
1754623860000,156.9334,1.0,0.0694,0.7255,0.0,0.2639,1.0,0.0,79.3607,0.9959,1.0,0.2495,0.0,0.1688,0.9997,0.504,0.458,1.0628,3.9351,0.7801,0.0093,1.0,0.0471,0.0,0.5074
1754623920000,155.9766,1.0,0.0694,0.7247,0.0,0.2611,1.0,0.0,79.3087,0.9959,1.0,0.2458,0.0,0.1738,0.9998,0.4863,0.4503,1.0708,3.7969,0.773,0.0092,1.0,0.1157,0.0,0.5084
1754623980000,160.3395,1.0,0.0694,0.7264,0.0,0.2583,0.9998,0.0,79.5145,0.996,1.0,0.2435,0.0,0.1641,0.9998,0.5136,0.4487,1.2504,3.7009,0.831,0.0097,0.9999,0.3845,0.0,0.5077
1754624040000,157.6057,1.0,0.0694,0.725,0.0,0.2639,1.0,0.0,79.3652,0.9958,1.0,0.2441,0.0,0.1651,0.9998,0.5417,0.4475,1.0548,3.6358,0.7735,0.0091,1.0,0.0557,0.0,0.5087
1754624100000,155.4779,1.0,0.0694,0.7248,0.0,0.2611,1.0,0.0,79.0745,0.9958,1.0,0.2455,0.0,0.1718,0.9999,0.5472,0.4493,1.0479,3.7515,0.7731,0.0092,1.0,0.0514,0.0,0.4966
1754624160000,159.4677,1.0,0.0694,0.7246,0.0,0.2556,1.0,0.0,80.361,0.9958,1.0,0.2426,0.0,0.1782,0.9997,0.5442,0.4461,1.0522,3.7641,0.7748,0.0099,1.0,0.0616,0.0,0.4995
1754624220000,154.9012,1.0,0.0694,0.7241,0.0,0.2556,1.0,0.0,79.0054,0.9959,1.0,0.2457,0.0,0.1768,0.9998,0.5121,0.4497,1.0767,3.7413,0.7845,0.0096,1.0,0.0552,0.0,0.4953
1754624280000,155.6852,1.0,0.0694,0.7223,0.0,0.2535,1.0,0.0,80.2861,0.9961,1.0,0.2526,0.0,0.1763,0.9997,0.4844,0.4597,1.0397,3.5998,0.76,0.0093,1.0,0.0545,0.0,0.4793
1754624340000,154.8393,1.0,0.0694,0.7254,0.0,0.2472,1.0,0.0,77.6551,0.9959,1.0,0.2449,0.0,0.1717,0.9999,0.4946,0.4501,1.0351,3.7243,0.7593,0.0094,1.0,0.0582,0.0,0.4873
1754624400000,159.4182,1.0,0.0694,0.7243,0.0,0.2556,1.0,0.0,80.4984,0.9958,1.0,0.2432,0.0,0.1675,0.9997,0.5,0.445,1.066,3.7732,0.7795,0.0091,1.0,0.0873,0.0,0.4827
1754624460000,154.414,1.0,0.0694,0.7241,0.0,0.2577,1.0,0.0,79.0258,0.996,1.0,0.2452,0.0,0.1726,0.9999,0.4988,0.4484,1.0349,3.6465,0.7616,0.0092,1.0,0.0564,0.0,0.4933
1754624520000,155.4592,1.0,0.0694,0.7243,0.0,0.2528,1.0,0.0,78.4869,0.9962,1.0,0.2442,0.0,0.1581,0.9998,0.5236,0.4477,1.0536,3.735,0.7723,0.0091,1.0,0.0493,0.0,0.471
1754624580000,158.4862,1.0,0.0694,0.7233,0.0,0.2528,1.0,0.0,80.3981,0.9961,1.0,0.2477,0.0,0.166,0.9997,0.5172,0.453,1.0564,3.7006,0.7734,0.009,1.0,0.0644,0.0,0.4889
1754624640000,161.8749,1.0,0.0694,0.7242,0.0,0.25,1.0,0.0,81.6764,0.9957,1.0,0.2462,0.0,0.1694,0.9996,0.5444,0.4508,1.0743,3.6815,0.7892,0.009,1.0,0.065,0.0,0.4898
1754624700000,159.4032,1.0,0.0694,0.7245,0.0,0.2556,1.0,0.0,79.4741,0.9957,1.0,0.2463,0.0,0.1677,0.9997,0.5314,0.4517,1.0711,4.0,0.783,0.0092,1.0,0.0767,0.0,0.5113
1754624760000,158.267,1.0,0.0694,0.7244,0.0,0.2591,1.0,0.0,80.2068,0.996,1.0,0.2465,0.0,0.1729,0.9998,0.5204,0.4518,1.0645,3.646,0.7786,0.0093,1.0,0.109,0.0,0.5095
1754624820000,155.7038,1.0,0.0694,0.7219,0.0,0.2674,1.0,0.0,80.9315,0.9962,1.0,0.2497,0.0,0.1738,0.9997,0.5493,0.454,1.0576,3.6936,0.7743,0.0095,1.0,0.069,0.0,0.5061
1754624880000,155.6938,1.0,0.0694,0.724,0.0,0.2611,1.0,0.0,79.2863,0.9962,1.0,0.2484,0.0,0.1762,0.9997,0.5278,0.4538,1.018,3.5454,0.7613,0.0096,1.0,0.091,0.0,0.4883
1754624940000,157.8691,1.0,0.0694,0.7249,0.0,0.2667,1.0,0.0,79.1019,0.9962,1.0,0.2425,0.0,0.1694,0.9997,0.5076,0.4454,1.0359,3.5737,0.7624,0.0094,1.0,0.0759,0.0,0.4891
1754625000000,154.5483,1.0,0.0694,0.7228,0.0,0.2646,1.0,0.0,80.4962,0.9962,1.0,0.2508,0.0,0.1687,0.9998,0.4947,0.4561,1.0265,3.7285,0.755,0.0093,1.0,0.0592,0.0,0.4967
1754625060000,156.069,1.0,0.0694,0.7229,0.0,0.2667,1.0,0.0,80.6337,0.9962,1.0,0.2482,0.0,0.1712,0.9997,0.5124,0.4529,1.028,3.7129,0.7546,0.0094,1.0,0.0525,0.0,0.4759
1754625120000,153.2662,1.0,0.0694,0.7247,0.0,0.2667,1.0,0.0,78.1345,0.9963,1.0,0.2476,0.0,0.1769,0.9999,0.5168,0.4533,1.0216,3.5713,0.7501,0.0091,1.0,0.0773,0.0,0.5026
1754625180000,153.8496,1.0,0.0694,0.7252,0.0,0.2722,1.0,0.0,77.333,0.9963,1.0,0.2479,0.0,0.1748,0.9998,0.5146,0.456,1.0076,3.5904,0.7466,0.0094,1.0,0.0609,0.0,0.4851
1754625240000,155.2262,1.0,0.0694,0.7241,0.0,0.2694,1.0,0.0,78.5694,0.9963,1.0,0.249,0.0,0.1771,0.9997,0.5358,0.4562,1.03,3.6581,0.7584,0.0096,1.0,0.059,0.0,0.4908
1754625300000,157.9895,1.0,0.0694,0.7238,0.0,0.2687,1.0,0.0,79.2202,0.9961,1.0,0.245,0.0,0.1698,0.9998,0.5315,0.4491,1.0546,3.729,0.7725,0.0098,1.0,0.0964,0.0,0.4916
1754625360000,159.1837,1.0,0.0694,0.7253,0.0,0.2639,1.0,0.0,79.2885,0.9961,1.0,0.2396,0.0,0.1718,0.9997,0.5324,0.4407,1.0216,3.6363,0.7502,0.0091,1.0,0.0608,0.0,0.4856
1754625420000,161.7361,1.0,0.0694,0.7257,0.0,0.2694,1.0,0.0,79.7813,0.996,1.0,0.242,0.0,0.1707,0.9997,0.5189,0.4461,1.0712,3.5821,0.7836,0.0092,1.0,0.0773,0.0,0.4877
1754625480000,158.7609,1.0,0.0694,0.7251,0.0,0.2667,1.0,0.0,79.2811,0.9959,1.0,0.2445,0.0,0.1837,0.9997,0.5079,0.4501,1.047,3.4936,0.7599,0.0096,1.0,0.0619,0.0,0.4895
1754625540000,161.1073,1.0,0.0694,0.7247,0.0,0.2583,1.0,0.0,80.9882,0.9961,1.0,0.2382,0.0,0.1724,0.9998,0.5096,0.4384,1.0343,3.451,0.7599,0.0093,1.0,0.0771,0.0,0.4902
1754625600000,163.7814,1.0,0.0694,0.7228,0.0,0.25,1.0,0.0,83.9445,0.996,1.0,0.2476,0.0,0.1889,0.9998,0.5321,0.4519,1.056,3.7043,0.775,0.0095,1.0,0.0596,0.0,0.485
1754625660000,154.0505,1.0,0.0694,0.7233,0.0,0.2583,1.0,0.0,78.0943,0.996,1.0,0.2444,0.0,0.1819,0.9998,0.5333,0.4466,1.0577,3.6835,0.7739,0.0097,1.0,0.117,0.0,0.4978
1754625720000,156.0933,1.0,0.0694,0.7257,0.0,0.2521,1.0,0.0,77.5738,0.9962,1.0,0.2401,0.0,0.1806,0.9999,0.5324,0.4422,1.0563,3.7238,0.7713,0.0095,1.0,0.0756,0.0,0.4915
1754625780000,156.4954,1.0,0.0694,0.7247,0.0,0.2583,1.0,0.0,79.2943,0.9962,1.0,0.2413,0.0,0.1763,0.9998,0.5397,0.4421,1.033,3.4463,0.7621,0.0092,1.0,0.1139,0.0,0.4993
1754625840000,153.1646,1.0,0.0694,0.7228,0.0,0.2556,1.0,0.0,77.9729,0.9962,1.0,0.2378,0.0,0.1835,0.9997,0.5396,0.434,1.0685,3.5191,0.7992,0.0094,1.0,0.0546,0.0,0.4835
1754625900000,157.3428,1.0,0.0694,0.7253,0.0,0.2646,1.0,0.0,78.9173,0.996,1.0,0.2437,0.0,0.179,0.9998,0.5367,0.4465,1.0423,3.4842,0.7661,0.0096,1.0,0.074,0.0,0.4871
1754625960000,162.8667,1.0,0.0694,0.725,0.0,0.2556,1.0,0.0,82.3752,0.9958,1.0,0.2419,0.0,0.1735,0.9997,0.5286,0.4443,1.026,3.5493,0.7492,0.0096,1.0,0.0635,0.0,0.4958
1754626020000,162.9428,1.0,0.0694,0.725,0.0,0.2556,1.0,0.0,81.8668,0.9962,1.0,0.2461,0.0,0.1807,0.9996,0.511,0.4509,1.0406,3.493,0.7655,0.0097,1.0,0.1174,0.0,0.4842
1754626080000,158.8958,1.0,0.0694,0.7207,0.0,0.2528,1.0,0.0,80.723,0.9962,1.0,0.2321,0.0,0.1673,0.9997,0.5212,0.4267,1.0576,3.5104,0.8647,0.0093,1.0,0.0466,0.0,0.4887
1754626140000,158.6017,1.0,0.0694,0.7249,0.0,0.2528,1.0,0.0,80.0154,0.9961,1.0,0.243,0.0,0.1744,0.9998,0.5119,0.4461,1.034,3.6072,0.7612,0.0095,1.0,0.0899,0.0,0.4968
1754626200000,159.3335,1.0,0.0694,0.7243,0.0,0.2611,1.0,0.0,80.3534,0.9963,1.0,0.2423,0.0,0.1733,0.9997,0.5006,0.4455,1.0618,3.5126,0.7739,0.0099,1.0,0.053,0.0,0.4988
1754626260000,158.5163,1.0,0.0694,0.7241,0.0,0.2611,1.0,0.0,80.2992,0.9962,1.0,0.2426,0.0,0.1685,0.9997,0.4975,0.4452,1.0272,3.3862,0.7565,0.0099,1.0,0.0584,0.0,0.5092
1754626320000,157.4131,1.0,0.0694,0.723,0.0,0.2639,1.0,0.0,79.2484,0.9962,1.0,0.2396,0.0,0.1678,0.9996,0.5354,0.4413,1.0162,3.4599,0.7492,0.0093,1.0,0.0638,0.0,0.5014
1754626380000,155.7031,1.0,0.0694,0.7235,0.0,0.2556,1.0,0.0,79.1586,0.9963,1.0,0.2466,0.0,0.1744,0.9998,0.5408,0.452,1.0078,3.404,0.7455,0.0095,1.0,0.1023,0.0,0.4912
1754626440000,153.4605,1.0,0.0694,0.7233,0.0,0.2674,1.0,0.0,77.8851,0.9963,1.0,0.2476,0.0,0.1851,0.9998,0.5015,0.4528,1.0103,3.6257,0.7384,0.0098,1.0,0.0579,0.0,0.4928
1754626500000,157.1869,1.0,0.0694,0.725,0.0,0.2611,1.0,0.0,78.6803,0.9962,1.0,0.2491,0.0,0.1669,0.9998,0.5054,0.4574,1.0119,3.3739,0.7477,0.0096,1.0,0.0522,0.0,0.4909
1754626560000,166.3819,1.0,0.0694,0.7253,0.0,0.262,1.0,0.0,82.0801,0.996,1.0,0.2475,0.0,0.1799,0.9996,0.5246,0.4555,1.0426,3.268,0.7664,0.0095,1.0,0.0654,0.0,0.5042
1754626620000,158.6906,1.0,0.0694,0.7257,0.0,0.2513,1.0,0.0,79.2205,0.996,1.0,0.2479,0.0,0.1863,0.9998,0.5611,0.4563,1.0196,3.3669,0.7507,0.0097,1.0,0.101,0.0,0.5154
1754626680000,156.2676,1.0,0.0694,0.7236,0.0,0.2657,1.0,0.0,79.8715,0.9964,1.0,0.2529,0.0,0.1739,0.9998,0.5446,0.4611,1.029,3.4695,0.7527,0.0094,1.0,0.0614,0.0,0.4942
1754626740000,157.7131,1.0,0.0694,0.7236,0.0,0.2639,1.0,0.0,80.3169,0.9964,1.0,0.2568,0.0,0.1826,0.9998,0.4842,0.4687,1.0053,3.3668,0.7456,0.0097,1.0,0.0709,0.0,0.4913
1754626800000,163.1441,1.0,0.0694,0.7252,0.0,0.2604,1.0,0.0,82.7153,0.9964,1.0,0.2507,0.0,0.1835,0.9997,0.485,0.4596,1.0217,3.496,0.7519,0.0101,1.0,0.0955,0.0,0.4989
1754626860000,158.6293,1.0,0.0694,0.7233,0.0,0.2604,1.0,0.0,80.0785,0.9961,1.0,0.2508,0.0,0.1773,0.9998,0.5403,0.4598,1.0083,3.3944,0.7429,0.0095,1.0,0.0673,0.0,0.5073
1754626920000,151.9669,1.0,0.0694,0.7229,0.0,0.2611,1.0,0.0,78.4312,0.9963,1.0,0.2534,0.0,0.1761,0.9998,0.5244,0.4621,1.022,3.3724,0.7443,0.0094,1.0,0.0619,0.0,0.5084
1754626980000,157.5134,1.0,0.0694,0.7242,0.0,0.2528,1.0,0.0,79.7284,0.9961,1.0,0.2414,0.0,0.1832,0.9998,0.5028,0.4435,1.0186,3.3306,0.7456,0.0094,1.0,0.0578,0.0,0.4894
1754627040000,159.0262,1.0,0.0694,0.7231,0.0,0.2549,1.0,0.0,80.0798,0.9961,1.0,0.2406,0.0,0.1796,0.9996,0.4986,0.4427,1.0257,3.2997,0.7515,0.0091,1.0,0.0631,0.0,0.4968
1754627100000,159.0892,1.0,0.0694,0.7227,0.0,0.2563,1.0,0.0,79.3568,0.9959,1.0,0.2449,0.0,0.1894,0.9998,0.5213,0.4523,1.0218,3.5039,0.7489,0.01,1.0,0.0812,0.0,0.506
1754627160000,154.817,1.0,0.0694,0.7212,0.0,0.2493,1.0,0.0,78.7351,0.9963,1.0,0.252,0.0,0.1813,0.9998,0.5779,0.4625,1.0136,3.3606,0.742,0.0094,1.0,0.1508,0.0,0.5204
1754627220000,153.9289,1.0,0.0694,0.7233,0.0,0.2591,1.0,0.0,78.153,0.9962,1.0,0.2487,0.0,0.1752,0.9998,0.5507,0.4545,1.0043,3.2779,0.7364,0.0096,1.0,0.0575,0.0,0.5041
1754627280000,161.0082,1.0,0.0694,0.7241,0.0,0.2654,1.0,0.0,81.8055,0.9959,1.0,0.2471,0.0,0.1715,0.9997,0.5244,0.4525,1.0282,3.5018,0.7525,0.0095,1.0,0.0754,0.0,0.492
1754627340000,157.5623,1.0,0.0694,0.7203,0.0,0.2591,1.0,0.0,79.9858,0.9961,1.0,0.2352,0.0,0.1865,0.9998,0.5428,0.433,1.0038,3.2692,0.8115,0.0099,1.0,0.0638,0.0,0.5048
1754627400000,156.5863,1.0,0.0694,0.7185,0.0,0.2535,1.0,0.0,80.0087,0.9963,1.0,0.2368,0.0,0.1782,0.9998,0.5036,0.435,1.0117,3.2818,0.8472,0.0099,1.0,0.0661,0.0,0.4884
1754627460000,154.3407,1.0,0.0694,0.7184,0.0,0.2626,1.0,0.0,78.975,0.9963,1.0,0.2271,0.0,0.1646,0.9999,0.515,0.4176,1.0073,3.3907,0.8561,0.0096,1.0,0.0706,0.0,0.5009
1754627520000,158.4429,1.0,0.0694,0.7225,0.0,0.2618,1.0,0.0,79.0496,0.9961,1.0,0.2357,0.0,0.1813,0.9998,0.4942,0.4338,1.0117,3.2955,0.7988,0.0096,1.0,0.1016,0.0,0.504
1754627580000,154.8488,1.0,0.0694,0.7229,0.0,0.2542,1.0,0.0,78.0189,0.9963,1.0,0.2553,0.0,0.1832,0.9998,0.5246,0.4695,1.0141,3.3035,0.7602,0.0103,1.0,0.0821,0.0,0.5074
1754627640000,156.5018,1.0,0.0694,0.722,0.0,0.2528,1.0,0.0,80.0689,0.9963,1.0,0.2501,0.0,0.1757,0.9997,0.5246,0.4565,1.0132,3.2854,0.7451,0.0099,1.0,0.0968,0.0,0.5121
1754627700000,155.1974,1.0,0.0694,0.7227,0.0,0.2575,1.0,0.0,79.7048,0.9966,1.0,0.2503,0.0,0.1849,0.9998,0.5269,0.4571,1.0265,3.3379,0.7545,0.0098,1.0,0.0822,0.0,0.4883
1754627760000,158.7876,1.0,0.0694,0.7244,0.0,0.2583,1.0,0.0,79.6043,0.9965,1.0,0.254,0.0,0.183,0.9998,0.5106,0.466,1.0347,3.3424,0.7658,0.0099,1.0,0.0661,0.0,0.4886
1754627820000,157.1874,1.0,0.0694,0.7246,0.0,0.2604,1.0,0.0,78.4536,0.9964,1.0,0.2531,0.0,0.1866,0.9998,0.5093,0.4653,1.0048,3.3677,0.7405,0.0098,1.0,0.0549,0.0,0.5073
1754627880000,149.558,1.0,0.0694,0.7231,0.0,0.2604,1.0,0.0,76.6182,0.9964,1.0,0.2591,0.0,0.1902,0.9998,0.5426,0.4729,1.0091,3.2986,0.7384,0.0104,1.0,0.0745,0.0,0.5211
1754627940000,152.6261,1.0,0.0694,0.7237,0.0,0.2591,1.0,0.0,77.917,0.9966,1.0,0.2566,0.0,0.1839,0.9998,0.509,0.4691,0.9935,3.2508,0.7313,0.0098,1.0,0.0542,0.0,0.5158
1754628000000,156.3062,1.0,0.0694,0.7236,0.0,0.2472,1.0,0.0,79.589,0.9963,1.0,0.2541,0.0,0.1821,0.9997,0.55,0.4637,1.0056,3.4396,0.7414,0.0094,1.0,0.0532,0.0,0.4955
1754628060000,159.1547,1.0,0.0694,0.7247,0.0,0.2583,1.0,0.0,80.3687,0.9962,1.0,0.2574,0.0,0.1833,0.9998,0.5163,0.4709,1.0099,3.3382,0.748,0.0097,1.0,0.09,0.0,0.5006
1754628120000,154.9672,1.0,0.0694,0.7238,0.0,0.257,1.0,0.0,78.9493,0.9965,1.0,0.2606,0.0,0.1776,0.9997,0.5324,0.4759,1.0212,3.3819,0.7518,0.0099,1.0,0.0541,0.0,0.516
1754628180000,153.9134,1.0,0.0694,0.7229,0.0,0.2583,1.0,0.0,78.4397,0.9964,1.0,0.2545,0.0,0.1966,0.9998,0.5067,0.4655,1.0391,3.2676,0.7598,0.01,1.0,0.1207,0.0,0.5177
1754628240000,156.1036,1.0,0.0694,0.7237,0.0,0.2528,1.0,0.0,79.6842,0.9966,1.0,0.2613,0.0,0.1892,0.9998,0.5139,0.4774,1.0153,3.1915,0.7442,0.0099,1.0,0.0715,0.0,0.5208
1754628300000,156.1354,1.0,0.0694,0.7233,0.0,0.2444,1.0,0.0,79.553,0.9964,1.0,0.2478,0.0,0.1747,0.9997,0.4929,0.4535,1.0148,3.2942,0.7462,0.0094,1.0,0.0874,0.0,0.5029
1754628360000,162.9717,1.0,0.0694,0.7259,0.0,0.2591,1.0,0.0,81.9432,0.9963,1.0,0.2589,0.0,0.1892,0.9997,0.5179,0.4765,1.0406,3.2289,0.7544,0.0105,1.0,0.076,0.0,0.4984
1754628420000,157.603,1.0,0.0694,0.7244,0.0,0.2639,1.0,0.0,80.5037,0.9966,1.0,0.2597,0.0,0.1764,0.9999,0.5203,0.4759,1.0406,3.484,0.7531,0.0103,1.0,0.0613,0.0,0.5203
1754628480000,161.5199,1.0,0.0694,0.7256,0.0,0.2583,1.0,0.0,81.0672,0.9964,1.0,0.2571,0.0,0.1891,0.9998,0.5426,0.4748,1.0239,3.1997,0.7481,0.0102,1.0,0.0689,0.0,0.5223
1754628540000,154.5253,1.0,0.0694,0.7243,0.0,0.2611,1.0,0.0,77.2211,0.9963,1.0,0.2527,0.0,0.1789,0.9999,0.5656,0.4659,1.0193,3.3296,0.743,0.0097,1.0,0.0494,0.0,0.5183
1754628600000,160.8518,1.0,0.0694,0.7225,0.0,0.2688,1.0,0.0,81.3946,0.9965,1.0,0.258,0.0,0.1839,0.9996,0.5869,0.473,1.0175,3.2667,0.7503,0.0098,1.0,0.0567,0.0,0.5077
1754628660000,155.4821,1.0,0.0694,0.7234,0.0,0.2583,1.0,0.0,78.5554,0.9965,1.0,0.2514,0.0,0.1823,0.9998,0.6178,0.4618,1.0181,3.1124,0.7601,0.0096,1.0,0.0499,0.0,0.5266
1754628720000,156.1102,1.0,0.0694,0.7217,0.0,0.2548,1.0,0.0,79.4453,0.9967,1.0,0.2424,0.0,0.1785,0.9998,0.5892,0.4447,1.0228,3.2886,0.7939,0.0094,1.0,0.0705,0.0,0.5057
1754628780000,155.7315,1.0,0.0694,0.723,0.0,0.2611,1.0,0.0,78.6128,0.9963,1.0,0.2483,0.0,0.1779,0.9998,0.5706,0.4563,1.0369,3.3168,0.7523,0.0097,1.0,0.0593,0.0,0.5021
1754628840000,155.0068,1.0,0.0694,0.7244,0.0,0.2589,1.0,0.0,78.018,0.9963,1.0,0.2496,0.0,0.1775,0.9998,0.5804,0.4585,1.0107,3.2021,0.746,0.0097,1.0,0.0733,0.0,0.501
1754628900000,157.318,1.0,0.0694,0.7258,0.0,0.2639,1.0,0.0,79.3812,0.9964,1.0,0.252,0.0,0.181,0.9997,0.5322,0.4629,1.0182,3.2262,0.749,0.0097,1.0,0.0456,0.0,0.5009
1754628960000,162.0955,1.0,0.0694,0.7253,0.0,0.2591,1.0,0.0,80.1779,0.9962,1.0,0.2426,0.0,0.1849,0.9997,0.5374,0.4487,1.0089,3.2952,0.7603,0.0097,1.0,0.0771,0.0,0.5137
1754629020000,155.6511,1.0,0.0694,0.7195,0.0,0.2611,1.0,0.0,78.1282,0.9963,1.0,0.2318,0.0,0.1816,0.9998,0.5339,0.4284,1.0059,3.3413,0.8637,0.0098,1.0,0.0536,0.0,0.5179
1754629080000,156.1351,1.0,0.0694,0.7202,0.0,0.2583,1.0,0.0,77.4272,0.9962,1.0,0.2348,0.0,0.1886,0.9998,0.5168,0.4352,1.0128,3.4289,0.8485,0.0099,1.0,0.1579,0.0,0.5075
1754629140000,159.1333,1.0,0.0694,0.7201,0.0,0.2556,1.0,0.0,78.2841,0.9963,1.0,0.2323,0.0,0.1799,0.9999,0.5549,0.4317,0.9955,3.3038,0.8484,0.0097,1.0,0.0846,0.0,0.513
1754629200000,163.0735,1.0,0.0694,0.7194,0.0,0.2611,1.0,0.0,81.338,0.9962,1.0,0.2389,0.0,0.1925,0.9998,0.5553,0.4427,1.0425,3.3738,0.8694,0.0096,1.0,0.0503,0.0,0.5007
1754629260000,157.7695,1.0,0.0694,0.7196,0.0,0.2556,1.0,0.0,79.2393,0.9962,1.0,0.2354,0.0,0.182,0.9998,0.5431,0.436,1.0047,3.2825,0.8484,0.01,1.0,0.0646,0.0,0.5314
1754629320000,161.341,1.0,0.0694,0.721,0.0,0.2528,1.0,0.0,79.4941,0.9961,1.0,0.2358,0.0,0.1723,0.9998,0.5254,0.4388,1.0242,3.2642,0.8571,0.0101,1.0,0.0763,0.0,0.5166
1754629380000,163.6011,1.0,0.0694,0.7299,0.0,0.2556,1.0,0.0,78.6226,0.9958,1.0,0.2481,0.0,0.1859,0.9999,0.5292,0.4628,1.0479,3.1223,0.7796,0.0101,1.0,0.0723,0.0,0.533
1754629440000,161.2259,1.0,0.0694,0.7275,0.0,0.2528,1.0,0.0,79.6624,0.9959,1.0,0.2511,0.0,0.181,0.9997,0.5554,0.4637,1.007,3.1818,0.7446,0.0095,1.0,0.0898,0.0,0.5325
1754629500000,165.6181,1.0,0.0694,0.7288,0.0,0.2556,1.0,0.0,81.1033,0.9959,1.0,0.252,0.0,0.1865,0.9997,0.5361,0.4673,1.0062,3.3052,0.7515,0.0098,1.0,0.1059,0.0,0.5173
1754629560000,161.7686,1.0,0.0694,0.7265,0.0,0.2583,1.0,0.0,79.3213,0.996,1.0,0.2541,0.0,0.1851,0.9997,0.5721,0.4701,1.0147,3.2583,0.7492,0.0099,1.0,0.0883,0.0,0.5354
1754629620000,159.3099,1.0,0.0694,0.7265,0.0,0.2528,1.0,0.0,78.2133,0.9961,1.0,0.2555,0.0,0.1883,0.9998,0.5275,0.4729,1.0126,3.2705,0.7456,0.0096,1.0,0.0541,0.0,0.528
1754629680000,159.3259,1.0,0.0694,0.7269,0.0,0.2564,1.0,0.0,78.7387,0.9961,1.0,0.2527,0.0,0.1829,0.9998,0.5106,0.4669,1.0009,3.2823,0.7399,0.0095,1.0,0.0665,0.0,0.5242
1754629740000,162.1712,1.0,0.0694,0.7281,0.0,0.2583,1.0,0.0,79.1165,0.9961,1.0,0.2472,0.0,0.1769,0.9998,0.5039,0.4577,1.0147,3.2578,0.7401,0.0097,1.0,0.0725,0.0,0.52
1754629800000,168.4878,1.0,0.0694,0.727,0.0,0.2583,1.0,0.0,83.2661,0.9961,1.0,0.2499,0.0,0.1868,0.9997,0.5251,0.4623,1.0228,3.2164,0.7529,0.0098,1.0,0.0497,0.0,0.5159
1754629860000,161.5227,1.0,0.0694,0.7268,0.0,0.2639,1.0,0.0,77.3836,0.9959,1.0,0.2335,0.0,0.1829,0.9998,0.5447,0.4354,1.0049,3.2065,0.7811,0.0096,1.0,0.1304,0.0,0.5281
1754629920000,164.3499,1.0,0.0694,0.7237,0.0,0.2583,1.0,0.0,80.4276,0.996,1.0,0.2244,0.0,0.1688,0.9997,0.5029,0.4181,1.0259,3.4217,0.8297,0.0095,1.0,0.1047,0.0,0.5271
1754629980000,160.6871,1.0,0.0694,0.724,0.0,0.2611,1.0,0.0,78.8209,0.9962,1.0,0.2293,0.0,0.1769,0.9998,0.534,0.426,1.0309,3.1242,0.8168,0.0092,1.0,0.0607,0.0,0.515
1754630040000,173.681,1.0,0.0694,0.7239,0.0,0.2583,1.0,0.0,84.0443,0.9959,1.0,0.2264,0.0,0.1765,0.9995,0.5129,0.4216,1.026,3.1756,0.8285,0.0091,1.0,0.1095,0.0,0.5098
1754630100000,166.3506,1.0,0.0694,0.7234,0.0,0.2556,1.0,0.0,81.82,0.9959,1.0,0.2295,0.0,0.1789,0.9997,0.5022,0.4269,1.0253,3.3563,0.821,0.0092,1.0,0.0771,0.0,0.5113
1754630160000,162.1926,1.0,0.0694,0.723,0.0,0.2535,1.0,0.0,80.3222,0.9961,1.0,0.2298,0.0,0.1864,0.9998,0.5382,0.4253,1.0187,3.2668,0.8144,0.0094,1.0,0.0748,0.0,0.5102
1754630220000,158.207,1.0,0.0694,0.7229,0.0,0.2556,1.0,0.0,78.0909,0.9958,1.0,0.2274,0.0,0.1754,0.9998,0.5747,0.4228,1.0087,3.1598,0.8108,0.0097,1.0,0.0935,0.0,0.5034
1754630280000,158.5437,1.0,0.0694,0.7207,0.0,0.2583,1.0,0.0,79.383,0.9961,1.0,0.2294,0.0,0.1714,0.9997,0.5429,0.4244,1.0151,3.2025,0.8211,0.0093,1.0,0.0551,0.0,0.5027
1754630340000,156.6529,1.0,0.0694,0.7231,0.0,0.2556,1.0,0.0,77.0982,0.9962,1.0,0.2311,0.0,0.1681,0.9998,0.5004,0.4287,1.0137,3.264,0.8009,0.0092,1.0,0.0717,0.0,0.5071
1754630400000,161.2917,1.0,0.0694,0.7279,0.0,0.2618,1.0,0.0,77.4462,0.9958,1.0,0.2485,0.0,0.1842,0.9998,0.4861,0.4625,1.0189,3.1907,0.7418,0.0095,1.0,0.0674,0.0,0.5068
1754630460000,159.1441,1.0,0.0694,0.7266,0.0,0.2611,1.0,0.0,78.2573,0.996,1.0,0.2411,0.0,0.181,0.9998,0.4871,0.4448,1.0338,3.2274,0.7494,0.0092,1.0,0.0595,0.0,0.5327
1754630520000,168.4038,1.0,0.0694,0.7275,0.0,0.266,1.0,0.0,80.8094,0.9961,1.0,0.2418,0.0,0.1786,0.9994,0.4686,0.4488,1.0505,3.2962,0.7626,0.0097,1.0,0.0537,0.0,0.4895
1754630580000,160.4007,1.0,0.0694,0.7272,0.0,0.2639,1.0,0.0,77.9994,0.9961,1.0,0.2423,0.0,0.1794,0.9998,0.5039,0.4486,1.0256,3.249,0.751,0.0093,1.0,0.2164,0.0,0.5069
1754630640000,163.927,1.0,0.0694,0.7286,0.0,0.2591,1.0,0.0,78.3417,0.9958,1.0,0.2417,0.0,0.1836,0.9998,0.4721,0.4492,1.0138,3.1681,0.7503,0.0091,1.0,0.0586,0.0,0.5018
1754630700000,166.2189,1.0,0.0694,0.7286,0.0,0.2583,1.0,0.0,79.382,0.9959,1.0,0.2397,0.0,0.182,0.9998,0.5124,0.446,1.0068,3.243,0.7515,0.0091,1.0,0.0596,0.0,0.5151
1754630760000,158.1285,1.0,0.0694,0.7262,0.0,0.2611,1.0,0.0,79.372,0.996,1.0,0.2413,0.0,0.1749,0.9998,0.5207,0.4429,1.0145,3.3523,0.7504,0.009,1.0,0.1898,0.0,0.5185
1754630820000,156.8765,1.0,0.0694,0.7264,0.0,0.2639,1.0,0.0,77.3354,0.996,1.0,0.2376,0.0,0.1698,0.9998,0.4983,0.4384,1.0312,3.089,0.7516,0.0095,1.0,0.0874,0.0,0.4898
1754630880000,161.7389,1.0,0.0694,0.7263,0.0,0.2591,1.0,0.0,79.7547,0.9959,1.0,0.2428,0.0,0.1753,0.9998,0.5238,0.4479,1.0343,3.1951,0.7575,0.0091,1.0,0.0762,0.0,0.4998
1754630940000,164.1129,1.0,0.0694,0.7276,0.0,0.2591,1.0,0.0,80.3533,0.996,1.0,0.2419,0.0,0.1817,0.9997,0.5213,0.4482,1.0146,3.1455,0.7455,0.0095,1.0,0.1579,0.0,0.4981
1754631000000,165.6317,1.0,0.0694,0.7278,0.0,0.2611,1.0,0.0,81.9443,0.996,1.0,0.2504,0.0,0.1788,0.9997,0.5032,0.4601,0.9971,3.2284,0.7449,0.0094,1.0,0.0586,0.0,0.4963
1754631060000,153.2643,1.0,0.0694,0.724,0.0,0.2611,1.0,0.0,77.8291,0.9959,1.0,0.2376,0.0,0.1774,0.9998,0.5142,0.4358,0.9936,3.2284,0.7297,0.0093,1.0,0.0563,0.0,0.5069
1754631120000,157.8005,1.0,0.0694,0.7236,0.0,0.2528,1.0,0.0,77.0576,0.9959,1.0,0.2284,0.0,0.1751,0.9998,0.4907,0.4236,1.0098,3.337,0.7424,0.009,1.0,0.0667,0.0,0.4885
1754631180000,165.5639,1.0,0.0694,0.7251,0.0,0.2611,1.0,0.0,79.8096,0.9959,1.0,0.2301,0.0,0.1738,0.9997,0.4975,0.4285,1.014,3.3563,0.7411,0.009,1.0,0.0571,0.0,0.5057
1754631240000,157.7569,1.0,0.0694,0.7236,0.0,0.2603,1.0,0.0,78.3595,0.9961,1.0,0.2329,0.0,0.1739,0.9998,0.505,0.4297,1.0199,3.2268,0.7464,0.0089,1.0,0.2297,0.0,0.5024
1754631300000,157.4427,1.0,0.0694,0.7262,0.0,0.2667,1.0,0.0,78.0947,0.9963,1.0,0.2401,0.0,0.1702,0.9999,0.5318,0.4412,1.0186,3.2242,0.7476,0.0093,1.0,0.0724,0.0,0.5013
1754631360000,158.0691,1.0,0.0694,0.7258,0.0,0.2556,1.0,0.0,78.2049,0.9963,1.0,0.2423,0.0,0.1737,0.9998,0.5169,0.4474,1.0174,3.2127,0.7496,0.0093,1.0,0.1501,0.0,0.4916
1754631420000,159.3463,1.0,0.0694,0.7247,0.0,0.2556,1.0,0.0,80.4801,0.9961,1.0,0.2378,0.0,0.1619,0.9998,0.4983,0.4368,1.0199,3.1228,0.751,0.0087,1.0,0.059,0.0,0.4793
1754631480000,158.0933,1.0,0.0694,0.7248,0.0,0.2472,1.0,0.0,79.6201,0.9962,1.0,0.2425,0.0,0.1734,0.9997,0.5057,0.4445,1.0062,3.2478,0.7401,0.0093,1.0,0.0955,0.0,0.4742
1754631540000,158.9125,1.0,0.0694,0.7251,0.0,0.2583,1.0,0.0,78.0089,0.996,1.0,0.232,0.0,0.1675,0.9998,0.5229,0.4296,1.005,3.2206,0.7385,0.0094,1.0,0.0646,0.0,0.4835
1754631600000,163.0994,1.0,0.0694,0.7248,0.0,0.2611,1.0,0.0,80.178,0.9959,1.0,0.2326,0.0,0.1783,0.9997,0.5163,0.4302,1.0063,3.2755,0.7439,0.01,1.0,0.0663,0.0,0.4833
1754631660000,158.2824,1.0,0.0694,0.7245,0.0,0.266,1.0,0.0,78.898,0.9959,1.0,0.2358,0.0,0.1824,0.9998,0.5256,0.4353,1.0197,3.3061,0.742,0.0094,1.0,0.054,0.0,0.4949
1754631720000,160.441,1.0,0.0694,0.7261,0.0,0.275,1.0,0.0,79.0939,0.996,1.0,0.2412,0.0,0.1729,0.9998,0.5047,0.4457,1.016,3.3934,0.7485,0.0092,1.0,0.0629,0.0,0.4953
1754631780000,157.1487,1.0,0.0694,0.7256,0.0,0.2722,1.0,0.0,78.1959,0.9961,1.0,0.238,0.0,0.1776,0.9998,0.4965,0.4384,1.0176,3.1624,0.7488,0.0093,1.0,0.0562,0.0,0.5107
1754631840000,160.6282,1.0,0.0694,0.7273,0.0,0.2702,1.0,0.0,77.882,0.9962,1.0,0.2346,0.0,0.1738,0.9998,0.4983,0.4351,1.025,3.3323,0.7553,0.0091,1.0,0.0825,0.0,0.4905
1754631900000,158.4411,1.0,0.0694,0.7269,0.0,0.2722,1.0,0.0,77.7348,0.9961,1.0,0.2465,0.0,0.1746,0.9992,0.5065,0.4541,1.0215,3.2614,0.7546,0.0093,1.0,0.059,0.0,0.4999
1754631960000,154.36,1.0,0.0694,0.7264,0.0,0.2611,1.0,0.0,75.7135,0.996,1.0,0.2302,0.0,0.1776,0.9994,0.5315,0.4254,1.0072,3.1876,0.74,0.0095,1.0,0.052,0.0,0.5172
1754632020000,163.5228,1.0,0.0694,0.727,0.0,0.2694,1.0,0.0,78.8454,0.9961,1.0,0.2268,0.0,0.1731,0.9997,0.5303,0.4214,1.0205,3.0944,0.7438,0.0092,1.0,0.0942,0.0,0.4937
1754632080000,157.3017,1.0,0.0694,0.7249,0.0,0.275,1.0,0.0,77.3899,0.9959,1.0,0.2289,0.0,0.1704,0.9997,0.525,0.4226,1.0104,3.1495,0.7418,0.0088,1.0,0.0557,0.0,0.4971
1754632140000,161.375,1.0,0.0694,0.7259,0.0,0.2694,1.0,0.0,78.6795,0.996,1.0,0.2306,0.0,0.1726,0.9997,0.5278,0.4275,1.0001,3.1786,0.7384,0.0091,1.0,0.0482,0.0,0.4908
1754632200000,156.9468,1.0,0.0694,0.726,0.0,0.2694,1.0,0.0,77.2968,0.9959,1.0,0.2358,0.0,0.1841,0.9998,0.4971,0.4354,0.9943,3.0722,0.7346,0.0097,1.0,0.0558,0.0,0.4896
1754632260000,165.0596,1.0,0.0694,0.7264,0.0,0.2667,1.0,0.0,80.2271,0.9958,1.0,0.2372,0.0,0.1802,0.9997,0.5076,0.4378,1.0158,3.1906,0.7525,0.0093,1.0,0.0621,0.0,0.4976
1754632320000,156.1954,1.0,0.0694,0.7279,0.0,0.2611,1.0,0.0,77.0112,0.9958,1.0,0.2374,0.0,0.1765,0.9998,0.5422,0.4372,1.0031,3.2402,0.7426,0.0093,1.0,0.0869,0.0,0.5034
1754632380000,159.07,1.0,0.0694,0.7274,0.0,0.2583,1.0,0.0,78.5015,0.9959,1.0,0.2415,0.0,0.1691,0.9998,0.5408,0.4451,0.9776,3.1782,0.7301,0.0093,1.0,0.0526,0.0,0.4701
1754632440000,160.7148,1.0,0.0694,0.7264,0.0,0.2521,1.0,0.0,79.4704,0.996,1.0,0.2336,0.0,0.174,0.9998,0.5063,0.4301,0.9919,3.0769,0.736,0.0088,1.0,0.0882,0.0,0.4821
1754632500000,158.8325,1.0,0.0694,0.7252,0.0,0.2535,1.0,0.0,79.1314,0.996,1.0,0.2355,0.0,0.1674,0.9997,0.4901,0.4319,1.0083,3.2607,0.752,0.0088,1.0,0.2101,0.0,0.4801
1754632560000,162.3787,1.0,0.0694,0.7248,0.0,0.2583,1.0,0.0,80.9472,0.9961,1.0,0.2417,0.0,0.181,0.9998,0.4811,0.4431,1.0006,3.3094,0.7446,0.0093,1.0,0.0445,0.0,0.4836
1754632620000,163.7026,1.0,0.0694,0.7269,0.0,0.2583,1.0,0.0,79.2564,0.9959,1.0,0.2332,0.0,0.1687,0.9997,0.5381,0.4321,0.9898,3.1495,0.7456,0.009,1.0,0.0714,0.0,0.5035
1754632680000,161.6119,1.0,0.0694,0.7249,0.0,0.2556,1.0,0.0,80.7663,0.9959,1.0,0.2393,0.0,0.1698,0.9998,0.524,0.4388,1.0251,3.2629,0.7657,0.0095,1.0,0.084,0.0,0.501
1754632740000,159.1125,1.0,0.0694,0.7275,0.0,0.2639,1.0,0.0,78.9029,0.996,1.0,0.2331,0.0,0.1743,0.9998,0.526,0.4295,1.03,3.08,0.7645,0.0093,1.0,0.0737,0.0,0.4817
1754632800000,166.8356,1.0,0.0694,0.7261,0.0,0.2556,1.0,0.0,82.4047,0.9955,1.0,0.241,0.0,0.1819,0.9997,0.5239,0.4428,1.0383,3.3991,0.7662,0.0094,1.0,0.1213,0.0,0.482
1754632860000,162.9882,1.0,0.0694,0.7272,0.0,0.25,1.0,0.0,80.0131,0.9957,1.0,0.2399,0.0,0.1684,0.9998,0.5357,0.4426,1.0128,3.3457,0.7539,0.0092,1.0,0.0462,0.0,0.5147
1754632920000,155.8381,1.0,0.0694,0.7228,0.0,0.2556,1.0,0.0,78.1004,0.9959,1.0,0.2244,0.0,0.1817,0.9998,0.5429,0.4135,1.0185,3.1761,0.8411,0.0093,1.0,0.1637,0.0,0.5093
1754632980000,157.7067,1.0,0.0694,0.7255,0.0,0.2611,1.0,0.0,77.8086,0.9957,1.0,0.2352,0.0,0.1774,0.9998,0.52,0.4331,1.0185,3.2155,0.7762,0.0098,1.0,0.0825,0.0,0.4962
1754633040000,160.8243,1.0,0.0694,0.7238,0.0,0.275,1.0,0.0,79.146,0.996,1.0,0.222,0.0,0.1774,0.9996,0.4863,0.4108,1.0095,3.3853,0.8165,0.0094,1.0,0.0668,0.0,0.5205
1754633100000,157.6422,1.0,0.0694,0.7208,0.0,0.2639,1.0,0.0,79.5022,0.9959,1.0,0.2136,0.0,0.1666,0.9998,0.491,0.3949,1.022,3.1951,0.8537,0.009,1.0,0.0898,0.0,0.498
1754633160000,200.2897,1.0,0.0702,0.7181,0.0,0.2778,1.0,0.0,97.9463,0.9912,1.0,0.2145,0.0,0.1756,0.9986,0.4738,0.3943,1.088,3.3862,0.9157,0.009,1.0,0.1746,0.0,0.4904
1754633220000,208.6616,1.0,0.0702,0.7203,0.0,0.275,1.0,0.0,97.8527,0.9929,1.0,0.2121,0.0,0.1691,0.9987,0.5039,0.3941,1.0843,3.3363,0.9039,0.009,1.0,0.0884,0.0,0.5039
1754633280000,152.3885,1.0,0.0702,0.7217,0.0,0.2694,1.0,0.0,76.2252,0.9963,1.0,0.2174,0.0,0.1809,0.9999,0.5357,0.4015,1.0254,3.3175,0.8246,0.0093,1.0,0.2687,0.0,0.5111
1754633340000,152.9101,1.0,0.0702,0.7213,0.0,0.2694,1.0,0.0,75.9819,0.9961,1.0,0.2153,0.0,0.1588,0.9999,0.534,0.3977,1.0202,3.2814,0.836,0.0088,1.0,0.0546,0.0,0.4935
1754633400000,159.4987,1.0,0.0702,0.7218,0.0,0.2667,1.0,0.0,77.9319,0.9961,1.0,0.2128,0.0,0.1648,0.9998,0.5262,0.3945,1.0207,3.3157,0.8397,0.0092,1.0,0.1379,0.0,0.484
1754633460000,161.8539,1.0,0.0694,0.7217,0.0,0.2694,1.0,0.0,80.9648,0.996,1.0,0.2159,0.0,0.1729,0.9998,0.5357,0.4001,1.0141,3.2342,0.8176,0.0095,1.0,0.0754,0.0,0.4828
1754633520000,157.2426,1.0,0.0694,0.7195,0.0,0.2611,1.0,0.0,79.7796,0.996,1.0,0.2149,0.0,0.1728,0.9997,0.5283,0.3949,1.012,3.545,0.8352,0.0092,1.0,0.0592,0.0,0.4831
1754633580000,158.1388,1.0,0.0694,0.7205,0.0,0.2556,1.0,0.0,79.6038,0.996,1.0,0.2175,0.0,0.1721,0.9998,0.5026,0.4004,1.0235,3.4332,0.8381,0.0093,1.0,0.1503,0.0,0.4803
1754633640000,157.6302,1.0,0.0694,0.7197,0.0,0.2556,1.0,0.0,79.5768,0.9961,1.0,0.2154,0.0,0.1675,0.9997,0.486,0.3961,1.0359,3.2487,0.8506,0.0094,1.0,0.0935,0.0,0.4834
1754633700000,163.6345,1.0,0.0694,0.7226,0.0,0.2535,1.0,0.0,80.4927,0.9958,1.0,0.2175,0.0,0.1746,0.9997,0.4778,0.4032,1.0369,3.4458,0.8432,0.0088,1.0,0.0506,0.0,0.4758
1754633760000,160.6129,1.0,0.0694,0.723,0.0,0.2611,1.0,0.0,79.7975,0.996,1.0,0.2183,0.0,0.174,0.9997,0.51,0.403,1.0268,3.2731,0.8235,0.0093,1.0,0.0832,0.0,0.5028
1754633820000,158.9136,1.0,0.0694,0.7242,0.0,0.2611,1.0,0.0,78.5762,0.9958,1.0,0.2237,0.0,0.1781,0.9998,0.4981,0.4134,1.0221,3.143,0.7823,0.0094,1.0,0.0788,0.0,0.4918
1754633880000,157.8182,1.0,0.0694,0.7243,0.0,0.2639,1.0,0.0,77.7576,0.9961,1.0,0.228,0.0,0.1835,0.9997,0.5019,0.4216,1.0345,3.3263,0.8034,0.0097,1.0,0.274,0.0,0.484
1754633940000,157.9699,1.0,0.0694,0.7265,0.0,0.2639,1.0,0.0,77.2295,0.9959,1.0,0.2329,0.0,0.1727,0.9998,0.5074,0.4319,1.0067,3.1271,0.764,0.0093,1.0,0.0646,0.0,0.4901
1754634000000,156.6403,1.0,0.0694,0.7267,0.0,0.2639,1.0,0.0,77.6039,0.996,1.0,0.2401,0.0,0.1789,0.9998,0.4932,0.4425,1.0261,3.2856,0.7632,0.0092,1.0,0.0818,0.0,0.4959
1754634060000,189.0133,1.0,0.0694,0.7235,0.0,0.2667,1.0,0.0,93.9743,0.9933,1.0,0.2431,0.0,0.1833,0.999,0.4808,0.4439,1.0456,3.29,0.7803,0.0089,1.0,0.0596,0.0,0.489
1754634120000,201.9741,1.0,0.0694,0.7267,0.0,0.2667,1.0,0.0,94.2827,0.9928,1.0,0.241,0.0,0.1693,0.9987,0.5026,0.4444,1.059,3.3862,0.7829,0.0091,1.0,0.1016,0.0,0.4877
1754634180000,161.4536,1.0,0.0694,0.7271,0.0,0.2667,1.0,0.0,79.2534,0.9962,1.0,0.2399,0.0,0.1716,0.9998,0.5025,0.4442,1.0165,3.2778,0.7548,0.0091,1.0,0.0748,0.0,0.5061
1754634240000,160.3939,1.0,0.0694,0.7265,0.0,0.2722,1.0,0.0,79.1355,0.9961,1.0,0.2433,0.0,0.1841,0.9997,0.5022,0.4491,0.9992,3.2431,0.7405,0.0096,1.0,0.0472,0.0,0.5045
1754634300000,158.7699,1.0,0.0694,0.7275,0.0,0.2722,1.0,0.0,77.7836,0.996,1.0,0.2416,0.0,0.1782,0.9999,0.5117,0.4468,0.9909,3.3842,0.7382,0.009,1.0,0.0685,0.0,0.5088
1754634360000,159.8533,1.0,0.0694,0.7258,0.0,0.2639,1.0,0.0,79.5491,0.996,1.0,0.2383,0.0,0.1631,0.9998,0.4892,0.4377,1.0013,3.2957,0.7412,0.0087,1.0,0.0716,0.0,0.4884
1754634420000,161.152,1.0,0.0694,0.727,0.0,0.2667,1.0,0.0,79.4766,0.996,1.0,0.2415,0.0,0.1731,0.9997,0.514,0.4454,1.0388,3.2243,0.7597,0.0098,1.0,0.243,0.0,0.486
1754634480000,166.7455,1.0,0.0694,0.7259,0.0,0.2742,1.0,0.0,81.4355,0.9959,1.0,0.2394,0.0,0.1694,0.9996,0.5339,0.4423,0.9971,3.2583,0.7445,0.0092,1.0,0.0609,0.0,0.4909
1754634540000,225.3694,1.0,0.0695,0.7244,0.0,0.2631,1.0,0.0,106.8518,0.9907,1.0,0.2372,0.0,0.1716,0.9982,0.5343,0.4354,1.0295,3.2788,0.775,0.009,1.0,0.0602,0.0,0.5015
1754634600000,173.1672,1.0,0.0695,0.7252,0.0,0.2639,1.0,0.0,85.8643,0.9959,1.0,0.2337,0.0,0.1657,0.9996,0.5139,0.4293,1.0005,3.2672,0.7466,0.0089,1.0,0.076,0.0,0.5178
1754634660000,162.8999,1.0,0.0695,0.7276,0.0,0.2639,1.0,0.0,79.694,0.9959,1.0,0.233,0.0,0.1681,0.9997,0.5103,0.4311,1.0005,3.2549,0.7401,0.009,1.0,0.0707,0.0,0.5008
1754634720000,294.8572,1.0,0.0763,0.724,0.0,0.2583,1.0,0.0,133.3497,0.9893,1.0,0.2386,0.0,0.1663,0.9962,0.5051,0.4359,1.0686,3.4691,0.7978,0.0087,1.0,0.1033,0.0,0.509
1754634780000,196.0886,1.0,0.0763,0.7279,0.0,0.2611,1.0,0.0,89.4131,0.9937,1.0,0.2378,0.0,0.1715,0.9989,0.4921,0.4418,1.0266,3.2281,0.7593,0.0087,1.0,0.0793,0.0,0.5024
1754634840000,166.0035,1.0,0.0763,0.7267,0.0,0.2556,1.0,0.0,81.7156,0.9959,1.0,0.2386,0.0,0.1722,0.9996,0.5146,0.4413,1.0236,3.3777,0.7548,0.0093,1.0,0.0679,0.0,0.5373
1754634900000,157.1669,1.0,0.0763,0.7265,0.0,0.2556,1.0,0.0,78.6223,0.9961,1.0,0.2376,0.0,0.1749,0.9997,0.5585,0.4378,1.0063,3.3251,0.7436,0.0095,1.0,0.0796,0.0,0.5015
1754634960000,160.8647,1.0,0.0763,0.7246,0.0,0.2577,1.0,0.0,81.0552,0.9958,1.0,0.2363,0.0,0.1731,0.9997,0.5332,0.4334,1.0159,3.2661,0.7493,0.0091,1.0,0.0891,0.0,0.4965
1754635020000,166.8564,1.0,0.0694,0.726,0.0,0.2667,1.0,0.0,81.9765,0.9947,1.0,0.2321,0.0,0.1687,0.9996,0.5201,0.4268,1.0264,3.2682,0.7518,0.0095,1.0,0.0738,0.0,0.5009
1754635080000,156.8314,1.0,0.0694,0.7252,0.0,0.2611,1.0,0.0,78.4849,0.9962,1.0,0.2366,0.0,0.1686,0.9998,0.5171,0.4349,1.002,3.3402,0.7449,0.0089,1.0,0.0519,0.0,0.4992
1754635140000,159.6684,1.0,0.0694,0.7261,0.0,0.2639,1.0,0.0,78.7895,0.9963,1.0,0.2405,0.0,0.1677,0.9997,0.5574,0.443,1.0157,3.3699,0.7441,0.0092,1.0,0.0679,0.0,0.4958
1754635200000,166.471,1.0,0.0694,0.7281,0.0,0.275,1.0,0.0,80.9243,0.9956,1.0,0.2376,0.0,0.1636,0.9997,0.5335,0.4404,1.0114,3.4651,0.7511,0.009,1.0,0.0833,0.0,0.4988
1754635260000,163.6673,1.0,0.0694,0.7259,0.0,0.2694,1.0,0.0,80.8319,0.9962,1.0,0.2404,0.0,0.1657,0.9997,0.5232,0.4425,1.0122,3.3248,0.7519,0.0089,1.0,0.0502,0.0,0.5055
1754635320000,165.1349,1.0,0.0694,0.7266,0.0,0.2639,1.0,0.0,80.6459,0.9958,1.0,0.2416,0.0,0.1669,0.9997,0.5078,0.4468,1.0017,3.3285,0.7455,0.0092,1.0,0.0573,0.0,0.5106
1754635380000,165.9397,1.0,0.0694,0.7262,0.0,0.2611,1.0,0.0,81.2692,0.9953,1.0,0.2387,0.0,0.1752,0.9997,0.5056,0.4403,1.0162,3.1633,0.754,0.0094,1.0,0.0832,0.0,0.5016
1754635440000,160.2383,1.0,0.0694,0.7263,0.0,0.2583,1.0,0.0,78.8125,0.996,1.0,0.2415,0.0,0.1795,0.9998,0.4917,0.4459,1.0233,3.2238,0.7541,0.0092,1.0,0.0823,0.0,0.5117
1754635500000,161.8409,1.0,0.0694,0.7251,0.0,0.2611,1.0,0.0,80.2952,0.9958,1.0,0.2421,0.0,0.179,0.9998,0.4867,0.4449,1.044,3.2185,0.7606,0.0094,1.0,0.1128,0.0,0.5086
1754635560000,170.6334,1.0,0.0694,0.7267,0.0,0.2583,1.0,0.0,82.2713,0.9957,1.0,0.2425,0.0,0.1802,0.9996,0.4992,0.4483,1.0428,3.3055,0.7652,0.0094,1.0,0.0705,0.0,0.5273
1754635620000,161.6167,1.0,0.0735,0.7261,0.0,0.2694,1.0,0.0,78.8847,0.9959,1.0,0.2431,56.4444,0.1805,0.9999,0.4993,0.449,1.0234,3.159,0.7545,0.0094,1.0,0.0671,0.0556,0.5173
1754635680000,163.7802,1.0,0.0735,0.726,0.0,0.2694,1.0,0.0,79.9593,0.9957,1.0,0.2419,0.0,0.1677,0.9997,0.5144,0.4467,1.0088,3.213,0.7455,0.009,1.0,0.1859,0.0,0.5188
1754635740000,166.0507,1.0,0.0735,0.7268,0.0,0.275,1.0,0.0,80.2926,0.9959,1.0,0.2389,0.0,0.1792,0.9997,0.5435,0.4433,1.0168,3.3102,0.7477,0.0092,1.0,0.0467,0.0,0.5098
1754635800000,163.0998,1.0,0.0735,0.7269,0.0,0.2694,1.0,0.0,79.5351,0.9959,1.0,0.2393,0.0,0.1831,0.9997,0.54,0.4418,1.0506,3.1836,0.7603,0.0097,1.0,0.0775,0.0,0.5098
1754635860000,162.641,1.0,0.0735,0.7261,0.0,0.275,1.0,0.0,78.8484,0.9958,1.0,0.2358,0.0,0.1819,0.9997,0.5236,0.436,1.0328,3.2035,0.7486,0.0091,1.0,0.0845,0.0,0.5007
1754635920000,156.1597,1.0,0.0694,0.7247,0.0,0.2694,1.0,0.0,78.1366,0.9957,1.0,0.2418,0.0,0.1756,0.9998,0.5314,0.4442,1.0253,3.2506,0.7508,0.0092,1.0,0.0817,0.0,0.4937
1754635980000,158.987,1.0,0.0719,0.7268,0.0,0.2778,1.0,0.0,77.5447,0.9958,1.0,0.2364,47.3333,0.1774,0.9999,0.5579,0.4376,1.0218,3.4379,0.7428,0.0092,1.0,0.055,0.0,0.4905
1754636040000,160.0402,1.0,0.0719,0.7252,0.0,0.2722,1.0,0.0,79.3209,0.996,1.0,0.2458,0.0,0.1664,0.9998,0.5336,0.452,1.0261,3.1733,0.7547,0.0094,1.0,0.059,0.0556,0.5021
1754636100000,158.7745,1.0,0.0719,0.7248,0.0,0.2722,1.0,0.0,79.6244,0.9961,1.0,0.2455,0.0,0.1732,0.9997,0.5335,0.4511,1.0627,3.3185,0.7759,0.0094,1.0,0.1155,0.0,0.4975
1754636160000,154.5578,1.0,0.0719,0.724,0.0,0.2667,1.0,0.0,78.3395,0.9963,1.0,0.2515,0.0,0.1807,0.9999,0.5011,0.4604,1.0129,3.2831,0.7411,0.0094,1.0,0.2612,0.0,0.489
1754636220000,156.5519,1.0,0.0719,0.7256,0.0,0.2639,1.0,0.0,78.5234,0.9961,1.0,0.2436,0.0,0.1749,0.9999,0.5011,0.4473,1.0447,3.2271,0.7619,0.0093,1.0,0.0491,0.0,0.4858
1754636280000,159.1988,1.0,0.0694,0.7249,0.0,0.2611,1.0,0.0,79.9489,0.9962,1.0,0.2454,0.0,0.1807,0.9997,0.5078,0.4507,1.0524,3.2433,0.7689,0.0096,1.0,0.158,0.0,0.4835
1754636340000,160.946,1.0,0.0694,0.7271,0.0,0.2583,1.0,0.0,79.8908,0.9963,1.0,0.2485,0.0,0.1799,0.9999,0.5083,0.4593,1.0498,3.2123,0.7703,0.0099,1.0,0.095,0.0,0.505
1754636400000,165.1233,1.0,0.0694,0.7248,0.0,0.2639,1.0,0.0,83.5503,0.9961,1.0,0.256,0.0,0.1856,0.9997,0.5161,0.4693,1.0752,3.4408,0.7853,0.0096,1.0,0.0521,0.0,0.5124
1754636460000,160.1285,1.0,0.0694,0.7239,0.0,0.2694,1.0,0.0,79.1569,0.996,1.0,0.2378,0.0,0.185,0.9999,0.5344,0.4407,1.0244,3.3562,0.8111,0.0095,1.0,0.1836,0.0,0.5215
1754636520000,161.1662,1.0,0.0694,0.7203,0.0,0.275,1.0,0.0,80.2702,0.9961,1.0,0.2322,0.0,0.182,0.9997,0.5214,0.4309,1.0495,3.3969,0.88,0.0099,1.0,0.0766,0.0,0.5266
1754636580000,180.049,1.0,0.0694,0.725,0.0,0.2667,1.0,0.0,86.6255,0.9954,1.0,0.2286,0.0,0.1897,0.9995,0.514,0.427,1.0474,3.3754,0.8193,0.0096,1.0,0.0876,0.0,0.5144
1754636640000,194.9167,1.0,0.0694,0.7278,0.0,0.2667,1.0,0.0,93.4027,0.9957,1.0,0.2431,0.0,0.1763,0.9988,0.5174,0.4509,1.0331,3.5597,0.7674,0.0098,1.0,0.0639,0.0,0.5212
1754636700000,165.9782,1.0,0.0694,0.7264,0.0,0.2674,1.0,0.0,81.9192,0.996,1.0,0.2408,0.0,0.1729,0.9998,0.5764,0.446,1.0413,3.5214,0.7639,0.0098,1.0,0.125,0.0,0.5256
1754636760000,162.9634,1.0,0.0694,0.7202,0.0,0.2639,1.0,0.0,80.8644,0.996,1.0,0.2236,0.0,0.1783,0.9998,0.5663,0.4147,1.0205,3.1903,0.8156,0.0097,1.0,0.0792,0.0,0.5165
1754636820000,159.7838,1.0,0.0694,0.7229,0.0,0.2639,1.0,0.0,79.925,0.9963,1.0,0.2272,0.0,0.1677,0.9997,0.549,0.4209,1.0226,3.187,0.7829,0.0094,1.0,0.0769,0.0,0.5104
1754636880000,165.1121,1.0,0.0694,0.7232,0.0,0.2583,1.0,0.0,82.3403,0.9962,1.0,0.2306,0.0,0.1689,0.9996,0.5246,0.4262,1.0193,3.173,0.7719,0.0093,1.0,0.0561,0.0,0.5037
1754636940000,161.5383,1.0,0.0694,0.7228,0.0,0.2583,1.0,0.0,79.489,0.9959,1.0,0.2252,0.0,0.1858,0.9998,0.5275,0.4214,1.022,3.1448,0.8126,0.0095,1.0,0.1712,0.0,0.5106
1754637000000,164.2049,1.0,0.0694,0.7242,0.0,0.2583,1.0,0.0,79.9649,0.9961,1.0,0.2301,0.0,0.1672,0.9996,0.5233,0.4294,1.0395,3.3735,0.7979,0.0094,1.0,0.0519,0.0,0.5121
1754637060000,161.9834,1.0,0.0694,0.7211,0.0,0.2639,1.0,0.0,80.7831,0.9964,1.0,0.2293,0.0,0.1808,0.9997,0.5221,0.4256,1.0279,3.2846,0.8141,0.0098,1.0,0.0492,0.0,0.5111
1754637120000,161.8161,1.0,0.0694,0.7221,0.0,0.2632,1.0,0.0,80.8124,0.9963,1.0,0.23,0.0,0.1842,0.9996,0.5365,0.4255,1.006,3.4105,0.7803,0.0099,1.0,0.0705,0.0,0.52
1754637180000,161.3846,1.0,0.0694,0.7236,0.0,0.2611,1.0,0.0,80.7731,0.9962,1.0,0.2353,0.0,0.1856,0.9998,0.5467,0.4342,1.0264,3.214,0.7853,0.0098,1.0,0.099,0.0,0.4973
1754637240000,167.6836,1.0,0.0694,0.726,0.0,0.2639,1.0,0.0,81.5195,0.996,1.0,0.2348,0.0,0.1853,0.9996,0.5137,0.4363,1.0192,3.2387,0.7758,0.0099,1.0,0.063,0.0,0.5031
1754637300000,166.2209,1.0,0.0694,0.7236,0.0,0.2639,1.0,0.0,82.9713,0.996,1.0,0.2416,0.0,0.1901,0.9996,0.5179,0.4448,1.0393,3.3619,0.7762,0.0099,1.0,0.0752,0.0,0.5065
1754637360000,163.5784,1.0,0.0694,0.7264,0.0,0.2611,1.0,0.0,79.8877,0.996,1.0,0.2457,0.0,0.1776,0.9998,0.5374,0.4538,1.0239,3.4568,0.7537,0.0098,1.0,0.0497,0.0,0.5097
1754637420000,157.8496,1.0,0.0694,0.7261,0.0,0.2611,1.0,0.0,78.4239,0.9961,1.0,0.2536,0.0,0.1794,0.9999,0.5528,0.4672,1.0312,3.3687,0.7501,0.01,1.0,0.0615,0.0,0.5082
1754637480000,172.2494,1.0,0.0694,0.7285,0.0,0.2639,1.0,0.0,83.3202,0.996,1.0,0.2478,0.0,0.1774,0.9993,0.5385,0.4609,1.0371,3.249,0.764,0.01,1.0,0.0842,0.0,0.5154
1754637540000,161.9971,1.0,0.0694,0.7286,0.0,0.2648,1.0,0.0,79.3902,0.9959,1.0,0.2492,0.0,0.1727,0.999,0.5489,0.4604,1.0441,3.2298,0.7603,0.0097,1.0,0.0599,0.0,0.536
1754637600000,161.9782,1.0,0.0712,0.7247,0.0,0.2667,1.0,0.0,81.7352,0.996,1.0,0.2475,52.1667,0.1674,0.9997,0.5583,0.4533,1.0421,3.2045,0.7695,0.0094,1.0,0.0699,0.0556,0.5118
1754637660000,164.6941,1.0,0.0712,0.7255,0.0,0.2667,1.0,0.0,82.0932,0.996,1.0,0.2476,0.0,0.1708,0.9997,0.5692,0.4549,1.0481,3.31,0.7583,0.0096,1.0,0.0696,0.0,0.4984
1754637720000,159.118,1.0,0.0712,0.7261,0.0,0.266,1.0,0.0,79.9552,0.9962,1.0,0.2482,3.0556,0.175,0.9998,0.5494,0.4564,1.0482,3.2516,0.7599,0.0099,1.0,0.0573,0.0,0.5064
1754637780000,158.794,1.0,0.0745,0.7254,0.0,0.2611,1.0,0.0,79.8525,0.9965,1.0,0.2482,49.8889,0.1747,0.9998,0.5288,0.4561,1.0235,3.3117,0.7506,0.0098,1.0,0.0589,0.0556,0.5044
1754637840000,159.6457,1.0,0.0745,0.7261,0.0,0.2577,1.0,0.0,80.3477,0.9964,1.0,0.2514,0.0,0.1751,0.9997,0.5169,0.4612,1.0481,3.1861,0.7677,0.0099,1.0,0.0824,0.0,0.5029
1754637900000,159.3846,1.0,0.0728,0.7255,0.0,0.2611,1.0,0.0,80.4197,0.9964,1.0,0.2539,0.0,0.1853,0.9997,0.5322,0.4676,1.0195,3.3274,0.7523,0.0099,1.0,0.215,0.0,0.496
1754637960000,161.9937,1.0,0.0728,0.7246,0.0,0.2583,1.0,0.0,81.5776,0.996,1.0,0.2499,0.0,0.1851,0.9997,0.5422,0.4581,1.0413,3.1656,0.7592,0.01,1.0,0.0699,0.0,0.5044
1754638020000,161.4524,1.0,0.0728,0.7239,0.0,0.2611,1.0,0.0,80.4943,0.996,1.0,0.2354,0.0,0.1863,0.9998,0.5225,0.4332,1.0653,3.2743,0.8284,0.0098,1.0,0.0714,0.0,0.4994
1754638080000,161.1642,1.0,0.0694,0.7184,0.0,0.2639,1.0,0.0,82.1311,0.9962,1.0,0.2304,0.0,0.1718,0.9998,0.545,0.4238,1.0609,3.4018,0.8937,0.0096,1.0,0.044,0.0,0.5082
1754638140000,154.6832,1.0,0.0694,0.7191,0.0,0.2687,1.0,0.0,79.8961,0.9964,1.0,0.2325,0.0,0.1774,0.9998,0.5439,0.4274,1.0089,3.2759,0.8413,0.0098,1.0,0.0701,0.0,0.4997
1754638200000,160.2994,1.0,0.0694,0.7224,0.0,0.2714,1.0,0.0,83.006,0.9964,1.0,0.2461,0.0,0.1824,0.9998,0.526,0.4505,1.0187,3.2112,0.7935,0.01,1.0,0.1448,0.0,0.4932
1754638260000,152.5218,1.0,0.0694,0.7237,0.0,0.2639,1.0,0.0,79.4228,0.9961,1.0,0.2606,0.0,0.176,0.9999,0.5331,0.4751,1.0106,3.3739,0.7424,0.0102,1.0,0.0725,0.0,0.53
1754638320000,153.1148,1.0,0.0694,0.7228,0.0,0.2639,1.0,0.0,81.8856,0.9963,1.0,0.2595,0.0,0.1933,0.9998,0.5313,0.4699,1.0097,3.3435,0.7468,0.0098,1.0,0.056,0.0,0.5204
1754638380000,148.5296,1.0,0.0728,0.7233,0.0,0.2626,1.0,0.0,78.2593,0.9962,1.0,0.2576,45.9444,0.1882,0.9998,0.5219,0.469,1.0068,3.241,0.7423,0.0102,1.0,0.0775,0.0556,0.5092
1754638440000,153.7913,1.0,0.0728,0.7255,0.0,0.2604,1.0,0.0,78.4497,0.9962,1.0,0.2575,0.0,0.1827,0.9999,0.5389,0.4724,1.0085,3.2218,0.7476,0.0096,1.0,0.0844,0.0,0.5032
1754638500000,156.6032,1.0,0.0797,0.7252,0.0,0.2583,1.0,0.0,80.5012,0.9961,1.0,0.2563,66.7222,0.1833,0.9998,0.534,0.4699,1.0663,3.1654,0.7937,0.0096,1.0,0.0535,0.0556,0.5257
1754638560000,155.2398,1.0,0.0797,0.7231,0.0,0.2528,1.0,0.0,80.1828,0.9964,1.0,0.2627,0.0,0.181,0.9998,0.5332,0.4777,1.0374,3.2782,0.7691,0.0101,1.0,0.0823,0.0,0.517
1754638620000,155.873,1.0,0.0797,0.7259,0.0,0.2611,1.0,0.0,78.3732,0.9962,1.0,0.2534,0.0,0.1824,0.9999,0.5489,0.4665,1.0207,3.2224,0.7577,0.0097,1.0,0.086,0.0,0.5188
1754638680000,154.2381,1.0,0.0797,0.7236,0.0,0.2646,1.0,0.0,80.5558,0.9964,1.0,0.2532,52.7222,0.1749,0.9999,0.5285,0.4611,1.0288,3.1006,0.7686,0.0095,1.0,0.0602,0.0556,0.5121
1754638740000,153.9473,1.0,0.0797,0.7254,0.0,0.2583,1.0,0.0,79.0679,0.9961,1.0,0.2518,0.0,0.1651,0.9998,0.5288,0.46,1.0325,3.3849,0.759,0.0094,1.0,0.0769,0.0,0.5052
1754638800000,156.2111,1.0,0.0728,0.7247,0.0,0.2556,1.0,0.0,80.866,0.9962,1.0,0.2513,0.0,0.1771,0.9998,0.5301,0.4579,1.0268,3.3437,0.7554,0.0097,1.0,0.057,0.0,0.5003
1754638860000,157.0803,1.0,0.0728,0.7244,0.0,0.2611,1.0,0.0,81.7383,0.9964,1.0,0.2492,0.0,0.1733,0.9998,0.5269,0.4547,1.0112,3.3667,0.7532,0.0097,1.0,0.2036,0.0,0.504
1754638920000,149.5498,1.0,0.0728,0.7238,0.0,0.2556,1.0,0.0,78.5642,0.9965,1.0,0.257,0.0,0.1853,0.9999,0.5104,0.4679,1.0089,3.2712,0.7445,0.0102,1.0,0.0607,0.0,0.5039
1754638980000,151.2553,1.0,0.0694,0.7237,0.0,0.2556,1.0,0.0,78.811,0.9963,1.0,0.2516,0.0,0.1813,0.9998,0.5103,0.4585,1.0158,3.2132,0.7544,0.0099,1.0,0.0602,0.0,0.4864
1754639040000,161.3943,1.0,0.0694,0.7256,0.0,0.2639,1.0,0.0,81.9275,0.9961,1.0,0.2487,0.0,0.1783,0.9996,0.5125,0.4571,1.0162,3.2612,0.7481,0.01,1.0,0.055,0.0,0.488
1754639100000,163.2451,1.0,0.0731,0.7255,0.0,0.2611,1.0,0.0,82.5694,0.9956,1.0,0.2515,43.0,0.1806,0.9997,0.4893,0.4618,1.0267,3.3265,0.7606,0.0099,1.0,0.0794,0.0556,0.5001
1754639160000,157.7314,1.0,0.0731,0.725,0.0,0.25,1.0,0.0,80.0303,0.996,1.0,0.256,0.0,0.1819,0.9997,0.5068,0.4702,1.0186,3.2358,0.7487,0.0097,1.0,0.0594,0.0,0.5224
1754639220000,156.4743,1.0,0.0731,0.7242,0.0,0.2583,1.0,0.0,80.7777,0.9961,1.0,0.2578,0.0,0.1791,0.9998,0.4935,0.4708,1.035,3.2372,0.7529,0.0099,1.0,0.0633,0.0,0.5134
1754639280000,162.593,1.0,0.0785,0.725,0.0,0.2556,1.0,0.0,82.1267,0.9961,1.0,0.2527,51.3333,0.1752,0.9997,0.514,0.4641,1.0642,3.2992,0.7804,0.01,1.0,0.0451,0.0556,0.486
1754639340000,157.4997,1.0,0.0785,0.7251,0.0,0.2472,1.0,0.0,79.9499,0.996,1.0,0.2474,0.0,0.1666,0.9998,0.4819,0.4542,1.0195,3.0077,0.7442,0.0097,1.0,0.1075,0.0,0.5056
1754639400000,159.3991,1.0,0.0748,0.7254,0.0,0.2528,1.0,0.0,80.9007,0.9957,1.0,0.2535,0.0,0.1781,0.9998,0.499,0.4659,1.013,3.2906,0.7464,0.0099,1.0,0.0466,0.0,0.5011
1754639460000,162.2045,1.0,0.0748,0.7248,0.0,0.2556,1.0,0.0,83.8081,0.996,1.0,0.2518,0.0,0.176,0.9998,0.5118,0.4613,1.0181,3.1916,0.7512,0.0095,1.0,0.1679,0.0,0.5178
1754639520000,157.9612,1.0,0.0748,0.7249,0.0,0.2583,1.0,0.0,80.8829,0.9962,1.0,0.2516,0.0,0.1856,0.9997,0.5078,0.4604,1.0094,3.2338,0.742,0.0098,1.0,0.0854,0.0,0.5056
1754639580000,155.8485,1.0,0.0694,0.7257,0.0,0.2611,1.0,0.0,78.1403,0.996,1.0,0.2483,0.0,0.1796,0.9999,0.5044,0.4567,0.998,3.1633,0.7384,0.0097,1.0,0.1176,0.0,0.5094
1754639640000,156.6842,1.0,0.0694,0.725,0.0,0.2583,1.0,0.0,79.9886,0.996,1.0,0.2456,0.0,0.176,0.9998,0.4997,0.4505,1.0171,3.2772,0.7437,0.0098,1.0,0.0548,0.0,0.5026
1754639700000,160.5248,1.0,0.0694,0.7253,0.0,0.2583,1.0,0.0,81.2423,0.996,1.0,0.2488,0.0,0.182,0.9998,0.499,0.4566,1.0142,3.2856,0.7516,0.0098,1.0,0.0744,0.0,0.4991
1754639760000,160.5436,1.0,0.0753,0.7262,0.0,0.2639,1.0,0.0,80.6185,0.9961,1.0,0.2525,56.6667,0.1903,0.9998,0.5171,0.4651,1.0213,3.2461,0.7505,0.0096,1.0,0.1041,0.0556,0.4968
1754639820000,154.3399,1.0,0.0809,0.725,0.0,0.2667,1.0,0.0,78.5442,0.9962,1.0,0.2514,56.2222,0.1727,0.9999,0.515,0.4619,1.0234,3.3256,0.7517,0.0093,1.0,0.0705,0.0556,0.5292
1754639880000,159.0064,1.0,0.0809,0.7244,0.0,0.2618,1.0,0.0,81.6996,0.9961,1.0,0.2544,0.0,0.1799,0.9997,0.4883,0.4668,0.9991,3.3141,0.7443,0.0095,1.0,0.1006,0.0,0.506
1754639940000,159.7494,1.0,0.0843,0.724,0.0,0.2639,1.0,0.0,82.3131,0.996,1.0,0.2521,50.4444,0.1855,0.9998,0.486,0.4601,1.0093,3.4341,0.7488,0.0096,1.0,0.0533,0.0556,0.5154
1754640000000,183.8946,1.0,0.0863,0.7227,0.0,0.2667,1.0,0.0,95.2799,0.9957,1.0,0.254,0.0,0.1811,0.9996,0.4825,0.463,1.0755,3.3736,0.7874,0.0095,1.0,0.0605,0.0,0.4893
1754640060000,163.4375,1.0,0.0845,0.7249,0.0,0.2549,1.0,0.0,82.8593,0.9961,1.0,0.2472,44.5,0.1837,0.9996,0.4743,0.4533,1.0527,3.3013,0.7624,0.0095,1.0,0.1586,0.0556,0.5007
1754640120000,155.4322,1.0,0.0789,0.7247,0.0,0.2591,1.0,0.0,79.9391,0.9961,1.0,0.2519,0.0,0.1837,0.9998,0.4907,0.4603,1.0252,3.2077,0.7547,0.0095,1.0,0.051,0.0,0.4932
1754640180000,153.1668,1.0,0.0789,0.725,0.0,0.2556,1.0,0.0,78.7501,0.9962,1.0,0.2496,0.0,0.1804,0.9998,0.4835,0.4577,1.0195,3.2016,0.7421,0.0095,1.0,0.0671,0.0,0.5016
1754640240000,158.0284,1.0,0.0755,0.7247,0.0,0.2556,1.0,0.0,80.2509,0.9963,1.0,0.249,0.0,0.1774,0.9999,0.4856,0.4562,1.0157,3.3678,0.746,0.0097,1.0,0.0813,0.0,0.4808
1754640300000,158.6032,1.0,0.0731,0.7236,0.0,0.2694,1.0,0.0,81.1146,0.9963,1.0,0.2412,0.0,0.1782,0.9997,0.5171,0.4421,1.0206,3.4179,0.7493,0.0093,1.0,0.0647,0.0,0.5162
1754640360000,162.2471,1.0,0.0694,0.7192,0.0,0.2639,1.0,0.0,81.2714,0.9962,1.0,0.2262,0.0,0.1761,0.9998,0.5133,0.4197,1.0407,3.2258,0.8659,0.0096,1.0,0.0426,0.0,0.4991
1754640420000,158.0694,1.0,0.0694,0.7185,0.0,0.2556,1.0,0.0,79.7406,0.996,1.0,0.225,0.0,0.1892,0.9997,0.4918,0.4173,1.0332,3.2463,0.8483,0.0096,1.0,0.0958,0.0,0.5264
1754640480000,162.7517,1.0,0.0694,0.7206,0.0,0.2591,1.0,0.0,81.6137,0.9963,1.0,0.2233,0.0,0.1765,0.9997,0.5099,0.4154,1.0288,3.3088,0.8268,0.0098,1.0,0.0444,0.0,0.518
1754640540000,156.9201,1.0,0.0694,0.7186,0.0,0.2583,1.0,0.0,80.084,0.9962,1.0,0.2286,3.1667,0.1872,0.9997,0.5042,0.4217,1.0444,3.4657,0.8437,0.0098,1.0,0.0629,0.0,0.5125
1754640600000,160.2052,1.0,0.0787,0.7209,0.0,0.2493,1.0,0.0,80.7153,0.9959,1.0,0.2233,110.7222,0.1833,0.9997,0.5228,0.4129,1.0462,3.3567,0.8278,0.0101,1.0,0.0452,0.1111,0.5194
1754640660000,165.5808,1.0,0.0787,0.7238,0.0,0.2521,1.0,0.0,83.6707,0.996,1.0,0.2371,0.0,0.1645,0.9997,0.4993,0.438,1.0305,3.2728,0.764,0.01,1.0,0.0828,0.0,0.506
1754640720000,158.4088,1.0,0.0787,0.7251,0.0,0.2591,1.0,0.0,80.0301,0.9961,1.0,0.2525,0.0,0.1787,0.9998,0.5099,0.4632,1.0408,3.2417,0.764,0.0098,1.0,0.1067,0.0,0.5192
1754640780000,157.1936,1.0,0.0787,0.7224,0.0,0.2528,1.0,0.0,82.2044,0.9961,1.0,0.2486,0.0,0.1721,0.9997,0.5006,0.4528,1.0203,3.2032,0.7547,0.0091,1.0,0.0911,0.0,0.5216
1754640840000,158.2976,1.0,0.0787,0.7217,0.0,0.2438,1.0,0.0,82.5298,0.996,1.0,0.2468,2.0556,0.1844,0.9998,0.5375,0.4505,1.0052,3.3637,0.7478,0.0098,1.0,0.0979,0.0,0.5052
1754640900000,154.8829,1.0,0.0724,0.7224,0.0,0.2528,1.0,0.0,80.428,0.9962,1.0,0.2466,42.7222,0.1844,0.9997,0.5229,0.4499,1.0231,3.2309,0.7577,0.0099,1.0,0.1196,0.0556,0.5047
1754640960000,153.7722,1.0,0.0724,0.7222,0.0,0.2583,1.0,0.0,78.9415,0.9962,1.0,0.2411,0.0,0.1736,0.9998,0.4933,0.4413,1.0147,3.3697,0.7469,0.0097,1.0,0.0614,0.0,0.4991
1754641020000,155.6266,1.0,0.0724,0.7231,0.0,0.2528,1.0,0.0,80.4437,0.9962,1.0,0.2468,0.0,0.1708,0.9998,0.5081,0.4499,1.0254,3.3518,0.7534,0.0091,1.0,0.0791,0.0,0.4938
1754641080000,155.7255,1.0,0.0761,0.7228,0.0,0.2618,1.0,0.0,80.0829,0.9962,1.0,0.2443,37.3889,0.1821,0.9999,0.5121,0.4477,1.0605,3.2076,0.7761,0.0101,1.0,0.1107,0.0,0.5117
1754641140000,157.3326,1.0,0.0761,0.7233,0.0,0.2611,1.0,0.0,80.0378,0.9962,1.0,0.2403,0.0,0.1868,0.9998,0.5538,0.4415,1.032,3.2984,0.7653,0.01,1.0,0.0585,0.0556,0.5084
1754641200000,160.1052,1.0,0.0731,0.7224,0.0,0.262,1.0,0.0,82.2509,0.9962,1.0,0.244,0.0,0.2021,0.9997,0.5685,0.4469,1.0424,3.4553,0.7608,0.01,1.0,0.053,0.0,0.516
1754641260000,160.5289,1.0,0.0731,0.7261,0.0,0.2592,1.0,0.0,80.487,0.9961,1.0,0.2483,0.0,0.1796,0.9997,0.5643,0.4582,1.0444,3.3769,0.7722,0.0097,1.0,0.0667,0.0,0.5066
1754641320000,161.1331,1.0,0.0772,0.7244,0.0,0.2611,1.0,0.0,81.9851,0.9965,1.0,0.2559,50.7222,0.1728,0.9997,0.5664,0.4692,1.0404,3.3431,0.7685,0.0098,1.0,0.0665,0.0556,0.5296
1754641380000,156.4241,1.0,0.0735,0.7253,0.0,0.2577,1.0,0.0,78.592,0.9959,1.0,0.2452,0.0,0.1703,0.9998,0.5649,0.4511,1.0309,3.289,0.7586,0.0094,1.0,0.0605,0.0,0.5251
1754641440000,154.8724,1.0,0.0735,0.7235,0.0,0.2583,1.0,0.0,79.5009,0.996,1.0,0.2505,0.0,0.1764,0.9997,0.5507,0.4579,1.0611,3.332,0.7727,0.0099,1.0,0.0695,0.0,0.5133
1754641500000,156.801,1.0,0.0735,0.7245,0.0,0.2722,1.0,0.0,80.0302,0.9962,1.0,0.2508,0.0,0.184,0.9998,0.5293,0.4595,1.031,3.2404,0.763,0.0101,1.0,0.0553,0.0,0.5096
1754641560000,154.172,1.0,0.0735,0.7227,0.0,0.2667,1.0,0.0,79.7766,0.9961,1.0,0.2444,0.0,0.1845,0.9998,0.5332,0.4461,1.0159,3.3595,0.7467,0.0096,1.0,0.0693,0.0,0.4992
1754641620000,157.6207,1.0,0.0694,0.7222,0.0,0.2667,1.0,0.0,80.4674,0.996,1.0,0.2405,0.0,0.1739,0.9998,0.5253,0.4413,1.0152,3.2361,0.7428,0.0095,1.0,0.0718,0.0,0.4948
1754641680000,160.2575,1.0,0.0694,0.7234,0.0,0.2639,1.0,0.0,80.4331,0.996,1.0,0.2369,0.0,0.1773,0.9998,0.5096,0.4361,1.0147,3.2283,0.7453,0.0097,1.0,0.0656,0.0,0.5125
1754641740000,165.0506,1.0,0.0694,0.7235,0.0,0.2556,1.0,0.0,83.8778,0.9959,1.0,0.2304,0.0,0.1831,0.9997,0.5137,0.4246,1.0124,3.3329,0.745,0.0101,1.0,0.0943,0.0,0.5173
1754641800000,167.3141,1.0,0.0694,0.7221,0.0,0.2611,1.0,0.0,84.5707,0.996,1.0,0.2431,0.0,0.1888,0.9996,0.5397,0.4465,1.055,3.3401,0.7778,0.0101,1.0,0.064,0.0,0.4982
1754641860000,162.1986,1.0,0.0694,0.7241,0.0,0.2583,1.0,0.0,81.2444,0.9961,1.0,0.2372,0.0,0.187,0.9998,0.5339,0.4385,1.0346,3.3814,0.7569,0.0103,1.0,0.0732,0.0,0.5164
1754641920000,159.4974,1.0,0.0694,0.7233,0.0,0.2611,1.0,0.0,80.3238,0.996,1.0,0.2371,0.0,0.1811,0.9998,0.5304,0.4372,1.0369,3.3849,0.7557,0.01,1.0,0.0796,0.0,0.5222
1754641980000,153.7275,1.0,0.0694,0.723,0.0,0.275,1.0,0.0,78.0035,0.9961,1.0,0.2406,0.0,0.1864,0.9998,0.5244,0.4423,1.0152,3.3582,0.7419,0.0099,1.0,0.0652,0.0,0.5103
1754642040000,158.4715,1.0,0.0694,0.7231,0.0,0.2694,1.0,0.0,79.4458,0.9962,1.0,0.2398,0.0,0.1776,0.9998,0.5313,0.4417,1.0104,3.2671,0.7447,0.0099,1.0,0.1816,0.0,0.5072
1754642100000,162.1924,1.0,0.0694,0.7237,0.0,0.2611,1.0,0.0,81.5823,0.9962,1.0,0.2387,0.0,0.1701,0.9998,0.5214,0.4394,1.0362,3.3163,0.758,0.0094,1.0,0.0857,0.0,0.5136
1754642160000,157.5855,1.0,0.0694,0.7238,0.0,0.2583,1.0,0.0,80.4391,0.9963,1.0,0.2408,0.0,0.183,0.9997,0.5324,0.4424,1.0336,3.3143,0.7575,0.0101,1.0,0.052,0.0,0.5021
1754642220000,159.5357,1.0,0.0694,0.7245,0.0,0.2556,1.0,0.0,81.3379,0.9962,1.0,0.2425,0.0,0.1843,0.9998,0.5115,0.4476,1.0281,3.3293,0.7558,0.0099,1.0,0.0893,0.0,0.5077
1754642280000,163.6121,1.0,0.0694,0.7241,0.0,0.2556,1.0,0.0,82.8008,0.9961,1.0,0.2403,0.0,0.1757,0.9997,0.5226,0.4434,1.0514,3.2594,0.7719,0.0097,1.0,0.08,0.0,0.5085
1754642340000,153.5341,1.0,0.0694,0.7243,0.0,0.2528,1.0,0.0,78.6147,0.9962,1.0,0.2376,0.0,0.1773,0.9999,0.5085,0.4379,1.0534,3.1904,0.776,0.0097,1.0,0.0899,0.0,0.5213
1754642400000,160.1638,1.0,0.0694,0.7208,0.0,0.2556,1.0,0.0,83.7904,0.9959,1.0,0.2398,0.0,0.1799,0.9997,0.5171,0.4376,1.0355,3.3903,0.766,0.0099,1.0,0.0507,0.0,0.4962
1754642460000,159.7656,1.0,0.0694,0.7232,0.0,0.2583,1.0,0.0,81.6372,0.996,1.0,0.2391,0.0,0.1893,0.9997,0.5392,0.4403,1.0215,3.5311,0.75,0.0099,1.0,0.0535,0.0,0.5029
1754642520000,157.8173,1.0,0.0694,0.7222,0.0,0.2556,1.0,0.0,81.3535,0.9962,1.0,0.24,0.0,0.183,0.9998,0.5178,0.441,1.02,3.4144,0.7495,0.01,1.0,0.1018,0.0,0.5131
1754642580000,158.7382,1.0,0.0694,0.7227,0.0,0.2528,1.0,0.0,80.8601,0.9962,1.0,0.2397,0.0,0.1812,0.9998,0.5094,0.4414,1.0017,3.4195,0.7433,0.0099,1.0,0.0587,0.0,0.4965
1754642640000,156.5254,1.0,0.0694,0.7215,0.0,0.2583,1.0,0.0,80.9391,0.9962,1.0,0.2427,0.0,0.1818,0.9997,0.5179,0.4449,1.0018,3.3203,0.7365,0.0099,1.0,0.0713,0.0,0.504
1754642700000,163.6895,1.0,0.0694,0.726,0.0,0.2694,1.0,0.0,81.9977,0.996,1.0,0.2528,0.0,0.1852,0.9997,0.499,0.4666,1.029,3.4531,0.7555,0.0096,1.0,0.0524,0.0,0.4888
1754642760000,167.1117,1.0,0.0694,0.7254,0.0,0.2694,1.0,0.0,83.2862,0.9961,1.0,0.2435,0.0,0.1847,0.9997,0.5129,0.45,1.0303,3.355,0.7564,0.0098,1.0,0.048,0.0,0.5167
1754642820000,156.3976,1.0,0.0694,0.7231,0.0,0.2667,1.0,0.0,78.3806,0.9962,1.0,0.2384,0.0,0.1896,0.9998,0.5083,0.4389,1.0275,3.2965,0.7535,0.0099,1.0,0.0628,0.0,0.5162
1754642880000,161.4619,1.0,0.0694,0.7257,0.0,0.2722,1.0,0.0,80.5385,0.9961,1.0,0.2418,0.0,0.1808,0.9998,0.5097,0.4476,1.0224,3.4264,0.7557,0.0094,1.0,0.2355,0.0,0.5182
1754642940000,160.4697,1.0,0.0694,0.7237,0.0,0.2694,1.0,0.0,82.1338,0.9963,1.0,0.2521,0.0,0.1844,0.9997,0.4874,0.4609,1.0228,3.3669,0.7524,0.0098,1.0,0.0372,0.0,0.5185
1754643000000,162.1724,1.0,0.0694,0.7249,0.0,0.2667,1.0,0.0,82.8912,0.9961,1.0,0.2508,0.0,0.1735,0.9998,0.5211,0.4595,1.0147,3.5014,0.7547,0.0092,1.0,0.0667,0.0,0.5056
1754643060000,158.5844,1.0,0.0694,0.7243,0.0,0.2639,1.0,0.0,80.4274,0.996,1.0,0.2542,0.0,0.1844,0.9998,0.5167,0.4666,1.0235,3.5182,0.7578,0.0099,1.0,0.0846,0.0,0.5007
1754643120000,159.0787,1.0,0.0694,0.7227,0.0,0.2583,1.0,0.0,80.3057,0.9963,1.0,0.2505,0.0,0.181,0.9997,0.4933,0.4595,1.0346,3.3407,0.762,0.0096,1.0,0.1321,0.0,0.5277
1754643180000,156.3607,1.0,0.0694,0.7232,0.0,0.2583,1.0,0.0,79.638,0.9963,1.0,0.254,0.0,0.1802,0.9999,0.5001,0.466,1.0169,3.3766,0.7508,0.0101,1.0,0.0591,0.0,0.5058
1754643240000,158.3952,1.0,0.0694,0.7241,0.0,0.2563,1.0,0.0,80.5945,0.9962,1.0,0.2483,0.0,0.1763,0.9997,0.4961,0.4561,1.014,3.4545,0.7543,0.0096,1.0,0.0482,0.0,0.5088
1754643300000,159.9718,1.0,0.0694,0.7234,0.0,0.2556,1.0,0.0,80.9213,0.9961,1.0,0.2525,0.0,0.1852,0.9997,0.5214,0.4633,1.0,3.5755,0.7493,0.0099,1.0,0.0676,0.0,0.5043
1754643360000,161.7587,1.0,0.0694,0.7239,0.0,0.2618,1.0,0.0,82.2464,0.9961,1.0,0.2518,0.0,0.172,0.9997,0.5293,0.4638,1.0118,3.5743,0.7491,0.01,1.0,0.0771,0.0,0.5059
1754643420000,161.1899,1.0,0.0694,0.7255,0.0,0.2611,1.0,0.0,81.0273,0.996,1.0,0.248,0.0,0.1623,0.9998,0.5232,0.458,1.0471,3.4673,0.7683,0.0101,1.0,0.043,0.0,0.5005
1754643480000,162.5536,1.0,0.0694,0.7263,0.0,0.2611,1.0,0.0,80.2569,0.996,1.0,0.2439,0.0,0.1654,0.9997,0.4976,0.4521,1.0338,3.5778,0.7572,0.0097,1.0,0.0567,0.0,0.5016
1754643540000,157.5112,1.0,0.0694,0.7233,0.0,0.2611,1.0,0.0,80.7105,0.9961,1.0,0.2475,0.0,0.1813,0.9998,0.4817,0.4531,1.0365,3.3107,0.7587,0.0089,1.0,0.0993,0.0,0.5136
1754643600000,160.0014,1.0,0.0694,0.7228,0.0,0.2548,1.0,0.0,81.9757,0.9957,1.0,0.2555,0.0,0.1825,0.9998,0.4825,0.4664,1.0525,3.6498,0.766,0.0095,1.0,0.0509,0.0,0.4948
1754643660000,163.8332,1.0,0.0694,0.7258,0.0,0.2591,1.0,0.0,81.4083,0.996,1.0,0.2422,0.0,0.1889,0.9997,0.489,0.4465,1.0694,3.4792,0.7808,0.0098,1.0,0.0649,0.0,0.5144
1754643720000,160.8249,1.0,0.0694,0.7262,0.0,0.2556,1.0,0.0,80.2809,0.996,1.0,0.2503,0.0,0.182,0.9998,0.4767,0.4602,1.0664,3.3747,0.7807,0.0098,1.0,0.0689,0.0,0.5175
1754643780000,160.0181,1.0,0.0694,0.7261,0.0,0.2556,1.0,0.0,80.8386,0.9963,1.0,0.2492,0.0,0.1628,0.9999,0.5064,0.4589,1.0392,3.5728,0.7649,0.01,1.0,0.083,0.0,0.5125
1754643840000,156.6112,1.0,0.0694,0.7247,0.0,0.2528,1.0,0.0,79.0186,0.9962,1.0,0.2493,0.0,0.1691,0.9998,0.5572,0.4572,1.0468,3.4198,0.7696,0.0096,1.0,0.2336,0.0,0.5196
1754643900000,161.0492,1.0,0.0694,0.7248,0.0,0.2583,1.0,0.0,80.6984,0.9959,1.0,0.2505,0.0,0.1844,0.9997,0.5754,0.4609,1.0663,3.5866,0.7763,0.01,1.0,0.0965,0.0,0.5109
1754643960000,158.4992,1.0,0.0694,0.7223,0.0,0.2611,1.0,0.0,81.075,0.9961,1.0,0.2559,0.0,0.1853,0.9998,0.5819,0.4668,1.0576,3.3758,0.7676,0.0101,1.0,0.0997,0.0,0.522
1754644020000,163.7161,1.0,0.0694,0.7244,0.0,0.2667,1.0,0.0,81.8561,0.9961,1.0,0.2485,0.0,0.178,0.9998,0.5456,0.4567,1.0324,3.428,0.7593,0.0095,1.0,0.1251,0.0,0.5103
1754644080000,158.9418,1.0,0.0694,0.7224,0.0,0.2694,1.0,0.0,79.5193,0.9961,1.0,0.239,0.0,0.1736,0.9998,0.5515,0.4381,1.0323,3.4001,0.7612,0.0094,1.0,0.0573,0.0,0.5133
1754644140000,163.8348,1.0,0.0694,0.7236,0.0,0.2667,1.0,0.0,80.297,0.996,1.0,0.2261,0.0,0.1818,0.9997,0.5482,0.4205,1.032,3.384,0.7529,0.0096,1.0,0.0765,0.0,0.5015
1754644200000,165.0753,1.0,0.0694,0.7216,0.0,0.2722,1.0,0.0,80.7108,0.9958,1.0,0.2209,0.0,0.1742,0.9996,0.5457,0.4105,1.0456,3.3377,0.7622,0.0092,1.0,0.0583,0.0,0.4982
1754644260000,165.1426,1.0,0.0694,0.7208,0.0,0.2639,1.0,0.0,83.8367,0.9962,1.0,0.2242,0.0,0.1767,0.9997,0.5522,0.4137,1.0362,3.4889,0.755,0.0095,1.0,0.0841,0.0,0.476
1754644320000,167.2793,1.0,0.0694,0.7265,0.0,0.2611,1.0,0.0,80.3423,0.9961,1.0,0.2326,0.0,0.1729,0.9997,0.545,0.4332,1.0313,3.3077,0.7555,0.0091,1.0,0.0582,0.0,0.4938
1754644380000,160.5604,1.0,0.0694,0.7254,0.0,0.2639,1.0,0.0,78.3051,0.9962,1.0,0.2338,0.0,0.1669,0.9997,0.5544,0.4328,1.0282,3.4824,0.7539,0.0087,1.0,0.0604,0.0,0.5161
1754644440000,163.1292,1.0,0.0694,0.7254,0.0,0.2722,1.0,0.0,79.1567,0.9961,1.0,0.2365,0.0,0.1796,0.9997,0.5471,0.4408,1.008,3.2609,0.7431,0.0095,1.0,0.0954,0.0,0.493
1754644500000,164.031,1.0,0.0694,0.7263,0.0,0.275,1.0,0.0,78.7559,0.9962,1.0,0.2352,0.0,0.1756,0.9998,0.5825,0.4386,1.0191,3.4554,0.7489,0.0096,1.0,0.0785,0.0,0.5027
1754644560000,163.9014,1.0,0.0694,0.7236,0.0,0.2722,1.0,0.0,82.1146,0.9961,1.0,0.2288,0.0,0.1708,0.9997,0.591,0.4239,1.0301,3.4067,0.7521,0.0098,1.0,0.069,0.0,0.5065
1754644620000,161.0434,1.0,0.0694,0.7232,0.0,0.2694,1.0,0.0,80.9395,0.9962,1.0,0.2287,0.0,0.1869,0.9997,0.5456,0.4213,1.0216,3.2897,0.7454,0.0094,1.0,0.2572,0.0,0.487
1754644680000,160.3679,1.0,0.0694,0.7229,0.0,0.2639,1.0,0.0,79.2421,0.9959,1.0,0.2232,0.0,0.1745,0.9998,0.4951,0.4132,1.0482,3.2895,0.7563,0.0095,1.0,0.048,0.0,0.4805
1754644740000,162.1845,1.0,0.0694,0.7214,0.0,0.2639,1.0,0.0,80.0597,0.9961,1.0,0.2289,0.0,0.1737,0.9996,0.4835,0.4252,1.0448,3.5399,0.7592,0.0095,1.0,0.0644,0.0,0.4745
1754644800000,160.9138,1.0,0.0694,0.7227,0.0,0.2639,1.0,0.0,79.8278,0.9961,1.0,0.2283,0.0,0.1781,0.9998,0.4993,0.4232,1.0266,3.4866,0.7509,0.0098,1.0,0.0462,0.0,0.4869
1754644860000,164.2104,1.0,0.0694,0.7259,0.0,0.2611,1.0,0.0,80.3357,0.996,1.0,0.2389,0.0,0.1746,0.9997,0.4872,0.4409,1.0241,3.4102,0.7577,0.0095,1.0,0.0472,0.0,0.4961
1754644920000,165.7015,1.0,0.0694,0.7268,0.0,0.2639,1.0,0.0,80.3881,0.9959,1.0,0.2416,0.0,0.1825,0.9998,0.5226,0.4478,1.0424,3.3629,0.766,0.0098,1.0,0.078,0.0,0.5075
1754644980000,172.1564,1.0,0.0694,0.7284,0.0,0.2583,1.0,0.0,82.4029,0.9959,1.0,0.2382,0.0,0.1657,0.9997,0.5035,0.4444,1.0662,3.2709,0.7776,0.0093,1.0,0.0498,0.0,0.5169
1754645040000,166.8136,1.0,0.0694,0.7256,0.0,0.2528,1.0,0.0,82.0846,0.9958,1.0,0.2367,0.0,0.177,0.9997,0.5136,0.4373,1.032,3.1664,0.757,0.0092,1.0,0.0734,0.0,0.5139
1754645100000,164.0253,1.0,0.0694,0.7264,0.0,0.2466,1.0,0.0,80.319,0.9957,1.0,0.235,0.0,0.1686,0.9998,0.5146,0.4339,1.0511,3.3861,0.7698,0.0092,1.0,0.0587,0.0,0.5021
1754645160000,163.6564,1.0,0.0694,0.7265,0.0,0.2556,1.0,0.0,80.6076,0.9958,1.0,0.2323,0.0,0.1576,0.9998,0.5072,0.4283,1.0448,3.387,0.7684,0.0088,1.0,0.0856,0.0,0.4942
1754645220000,161.0419,1.0,0.0694,0.7261,0.0,0.2591,1.0,0.0,79.7923,0.9961,1.0,0.2408,0.0,0.1717,0.9997,0.5067,0.4436,1.0043,3.3976,0.7483,0.0097,1.0,0.1916,0.0,0.489
1754645280000,162.9919,1.0,0.0694,0.727,0.0,0.2618,1.0,0.0,79.9554,0.9962,1.0,0.2353,0.0,0.167,0.9997,0.5182,0.4352,1.005,3.2941,0.7451,0.0093,1.0,0.0551,0.0,0.4954
1754645340000,168.956,1.0,0.0694,0.7273,0.0,0.2556,1.0,0.0,82.5473,0.9962,1.0,0.232,0.0,0.1649,0.9997,0.5365,0.4298,1.0149,3.4024,0.7429,0.009,1.0,0.0523,0.0,0.4954
1754645400000,171.0879,1.0,0.0694,0.7247,0.0,0.2556,1.0,0.0,84.5458,0.9959,1.0,0.2335,0.0,0.173,0.9997,0.5229,0.4299,1.0137,3.4197,0.7591,0.0097,1.0,0.0684,0.0,0.4869
1754645460000,163.1898,1.0,0.0694,0.7254,0.0,0.2583,1.0,0.0,79.751,0.9958,1.0,0.2265,0.0,0.1672,0.9998,0.5214,0.4187,1.0179,3.4696,0.7548,0.0093,1.0,0.0793,0.0,0.5048
1754645520000,161.0351,1.0,0.0694,0.727,0.0,0.2631,1.0,0.0,78.9836,0.996,1.0,0.229,0.0,0.1685,0.9997,0.516,0.4227,1.0096,3.3643,0.7513,0.0091,1.0,0.0566,0.0,0.5016
1754645580000,161.5722,1.0,0.0694,0.7275,0.0,0.2687,1.0,0.0,78.7772,0.996,1.0,0.2326,0.0,0.1737,0.9997,0.4863,0.4294,1.0229,3.3633,0.7552,0.0091,1.0,0.0938,0.0,0.4904
1754645640000,165.2285,1.0,0.0694,0.7257,0.0,0.2694,1.0,0.0,80.4916,0.9959,1.0,0.2337,0.0,0.1729,0.9997,0.4921,0.4309,1.0325,3.401,0.7606,0.0088,1.0,0.0787,0.0,0.4692
1754645700000,164.6656,1.0,0.0694,0.7261,0.0,0.2694,1.0,0.0,80.6156,0.9959,1.0,0.2394,0.0,0.1726,0.9997,0.5374,0.4407,1.0257,3.5271,0.7542,0.009,1.0,0.0656,0.0,0.4833
1754645760000,160.2658,1.0,0.0694,0.7241,0.0,0.2667,1.0,0.0,79.7051,0.9961,1.0,0.2343,0.0,0.1717,0.9997,0.5436,0.4292,1.0185,3.2891,0.7536,0.0092,1.0,0.088,0.0,0.4853
1754645820000,163.4483,1.0,0.0694,0.7262,0.0,0.2675,1.0,0.0,80.7956,0.9961,1.0,0.2379,0.0,0.1674,0.9997,0.5354,0.4374,1.0695,3.4748,0.7887,0.0089,1.0,0.0597,0.0,0.4779
1754645880000,159.6158,1.0,0.0694,0.7262,0.0,0.2806,1.0,0.0,79.459,0.9962,1.0,0.2317,0.0,0.1566,0.9997,0.5289,0.4266,1.0575,3.4801,0.7743,0.0091,1.0,0.0725,0.0,0.4859
1754645940000,164.5961,1.0,0.0694,0.726,0.0,0.2722,1.0,0.0,80.561,0.996,1.0,0.2355,0.0,0.1652,0.9998,0.519,0.434,1.0322,3.3403,0.7601,0.0089,1.0,0.0745,0.0,0.4807
1754646000000,167.938,1.0,0.0694,0.7279,0.0,0.2639,1.0,0.0,79.9788,0.9956,1.0,0.235,0.0,0.1694,0.9998,0.5315,0.437,1.0414,3.4693,0.7639,0.0095,1.0,0.0745,0.0,0.4889
1754646060000,162.3729,1.0,0.0694,0.7267,0.0,0.2611,1.0,0.0,78.7026,0.996,1.0,0.2359,0.0,0.1727,0.9998,0.5328,0.4362,1.0227,3.4272,0.7503,0.009,1.0,0.0708,0.0,0.505
1754646120000,167.9224,1.0,0.0694,0.7258,0.0,0.2667,1.0,0.0,81.1327,0.996,1.0,0.2381,0.0,0.159,0.9997,0.5049,0.4392,1.0223,3.2323,0.7508,0.009,1.0,0.0469,0.0,0.493
1754646180000,162.0087,1.0,0.0694,0.7264,0.0,0.2556,1.0,0.0,77.6374,0.9958,1.0,0.2331,0.0,0.1679,0.9999,0.5282,0.4313,1.0242,3.4711,0.7547,0.009,1.0,0.0475,0.0,0.4969
1754646240000,160.0379,1.0,0.0694,0.725,0.0,0.2556,1.0,0.0,80.0099,0.9963,1.0,0.2319,0.0,0.1654,0.9999,0.5196,0.4269,1.0333,3.4468,0.7505,0.0088,1.0,0.0623,0.0,0.491
1754646300000,161.6848,1.0,0.0694,0.7253,0.0,0.2556,1.0,0.0,79.411,0.9961,1.0,0.2348,0.0,0.1663,0.9998,0.5229,0.4312,1.0616,3.3125,0.7733,0.0089,1.0,0.0556,0.0,0.4748
1754646360000,158.2732,1.0,0.0694,0.7246,0.0,0.2611,1.0,0.0,77.8779,0.9959,1.0,0.2348,0.0,0.1667,0.9998,0.4871,0.433,1.0628,3.4642,0.7729,0.0094,1.0,0.0735,0.0,0.4825
1754646420000,161.6539,1.0,0.0694,0.7221,0.0,0.2556,1.0,0.0,79.8648,0.9961,1.0,0.2338,0.0,0.1623,0.9997,0.5251,0.4305,1.0498,3.4886,0.7676,0.0092,1.0,0.0652,0.0,0.4828
1754646480000,159.0053,1.0,0.0694,0.7228,0.0,0.2583,1.0,0.0,80.1738,0.9962,1.0,0.2358,0.0,0.1695,0.9998,0.5247,0.4337,1.0734,3.3671,0.7868,0.009,1.0,0.0497,0.0,0.4798
1754646540000,156.6927,1.0,0.0694,0.7217,0.0,0.2556,1.0,0.0,77.5993,0.9962,1.0,0.2298,0.0,0.165,0.9998,0.5124,0.4259,1.0576,3.4066,0.7659,0.0093,1.0,0.0801,0.0,0.4763
1754646600000,163.0754,1.0,0.0694,0.7227,0.0,0.2528,1.0,0.0,78.1509,0.996,1.0,0.2188,0.0,0.1746,0.9998,0.514,0.4079,1.0468,3.3904,0.7637,0.0089,1.0,0.058,0.0,0.478
1754646660000,159.7139,1.0,0.0694,0.7254,0.0,0.266,1.0,0.0,78.8202,0.9962,1.0,0.2304,0.0,0.1732,0.9998,0.5129,0.4244,1.0268,3.3256,0.7555,0.0093,1.0,0.0513,0.0,0.479
1754646720000,156.069,1.0,0.0694,0.7244,0.0,0.2611,1.0,0.0,78.1219,0.9962,1.0,0.2351,0.0,0.1777,0.9998,0.516,0.431,1.02,3.3166,0.7485,0.0094,1.0,0.0535,0.0,0.4683
1754646780000,158.5826,1.0,0.0694,0.7255,0.0,0.2667,1.0,0.0,78.9771,0.9963,1.0,0.2372,0.0,0.1632,0.9998,0.4993,0.4359,1.0278,3.2255,0.7514,0.009,1.0,0.0797,0.0,0.4701
1754646840000,161.5886,1.0,0.0694,0.7267,0.0,0.2694,1.0,0.0,79.5786,0.9964,1.0,0.2318,0.0,0.1658,0.9998,0.5151,0.4275,1.0753,3.3572,0.7803,0.0091,1.0,0.133,0.0,0.4746
1754646900000,160.9417,1.0,0.0694,0.7252,0.0,0.2639,1.0,0.0,80.2722,0.9961,1.0,0.2365,0.0,0.1759,0.9998,0.4796,0.435,1.0846,3.5002,0.7975,0.0097,1.0,0.0735,0.0,0.4678
1754646960000,162.6008,1.0,0.0694,0.7258,0.0,0.2583,1.0,0.0,80.583,0.9963,1.0,0.2342,0.0,0.164,0.9997,0.5151,0.4306,1.0174,3.375,0.7587,0.0088,1.0,0.1467,0.0,0.4725
1754647020000,163.3198,1.0,0.0694,0.7259,0.0,0.2722,1.0,0.0,80.2542,0.996,1.0,0.2372,0.0,0.1639,0.9998,0.5268,0.4369,1.0244,3.5306,0.7553,0.0091,1.0,0.0588,0.0,0.4692
1754647080000,160.8317,1.0,0.0694,0.7253,0.0,0.2639,1.0,0.0,79.8899,0.9962,1.0,0.2388,0.0,0.1712,0.9997,0.5193,0.4378,1.0339,3.2782,0.7612,0.0088,1.0,0.0587,0.0,0.4843
1754647140000,165.343,1.0,0.0694,0.7284,0.0,0.2694,1.0,0.0,80.8212,0.9963,1.0,0.2336,0.0,0.1673,0.9999,0.5257,0.432,1.0225,3.4578,0.7523,0.009,1.0,0.2079,0.0,0.4787
1754647200000,174.9993,1.0,0.0694,0.7257,0.0,0.2583,1.0,0.0,86.8547,0.9959,1.0,0.2348,0.0,0.1697,0.9997,0.5476,0.4316,1.0582,3.5635,0.7712,0.0084,1.0,0.0745,0.0,0.4732
1754647260000,164.3011,1.0,0.0694,0.7278,0.0,0.266,1.0,0.0,78.9824,0.996,1.0,0.2327,0.0,0.1685,0.9998,0.5321,0.4308,1.066,3.461,0.7842,0.0089,1.0,0.0875,0.0,0.4812
1754647320000,167.0328,1.0,0.0694,0.7279,0.0,0.2667,1.0,0.0,79.4953,0.9959,1.0,0.2234,0.0,0.1693,0.9997,0.52,0.415,1.0458,3.5918,0.7689,0.0089,1.0,0.0883,0.0,0.4888
1754647380000,162.4907,1.0,0.0694,0.727,0.0,0.2611,1.0,0.0,78.6624,0.9959,1.0,0.2317,0.0,0.1775,0.9998,0.4997,0.4282,1.0173,3.5403,0.7501,0.0091,1.0,0.081,0.0,0.4814
1754647440000,162.1823,1.0,0.0694,0.7275,0.0,0.2611,1.0,0.0,78.6641,0.9961,1.0,0.2301,0.0,0.1697,0.9996,0.4989,0.4254,1.0054,3.4587,0.7433,0.009,1.0,0.0598,0.0,0.4844
1754647500000,163.6131,1.0,0.0694,0.7254,0.0,0.2583,1.0,0.0,80.7619,0.996,1.0,0.2273,0.0,0.1669,0.9998,0.5208,0.4182,1.0612,3.5111,0.7715,0.0091,1.0,0.0758,0.0,0.4728
1754647560000,164.9213,1.0,0.0694,0.7261,0.0,0.2556,1.0,0.0,79.8535,0.9963,1.0,0.2291,0.0,0.1662,0.9998,0.5303,0.4238,1.0407,3.5774,0.7615,0.0096,1.0,0.0698,0.0,0.4651
1754647620000,162.1243,1.0,0.0694,0.727,0.0,0.2528,1.0,0.0,77.5352,0.9961,1.0,0.225,0.0,0.1675,0.9999,0.5064,0.4167,1.0266,3.2363,0.7551,0.009,1.0,0.0954,0.0,0.4727
1754647680000,156.3932,1.0,0.0694,0.7256,0.0,0.2528,1.0,0.0,77.872,0.9961,1.0,0.231,0.0,0.169,0.9998,0.499,0.4247,1.0,3.2427,0.7437,0.0091,1.0,0.084,0.0,0.4653
1754647740000,164.2339,1.0,0.0694,0.7277,0.0,0.2528,1.0,0.0,78.6823,0.996,1.0,0.2271,0.0,0.1669,0.9997,0.4751,0.4211,1.0319,3.2423,0.7642,0.009,1.0,0.0444,0.0,0.4688
1754647800000,162.8747,1.0,0.0694,0.7258,0.0,0.2556,1.0,0.0,79.3853,0.9961,1.0,0.2321,0.0,0.1708,0.9997,0.4675,0.4288,1.0372,3.7537,0.7699,0.0092,1.0,0.1733,0.0,0.4823
1754647860000,159.5696,1.0,0.0694,0.7268,0.0,0.2556,1.0,0.0,77.5044,0.9961,1.0,0.2333,0.0,0.1707,0.9998,0.4886,0.4309,1.0072,3.3977,0.7456,0.0089,1.0,0.1125,0.0,0.4746
1754647920000,163.3842,1.0,0.0694,0.7268,0.0,0.2492,1.0,0.0,78.5059,0.9959,1.0,0.2305,0.0,0.1606,0.9997,0.4692,0.4273,1.0075,3.3231,0.7446,0.0089,1.0,0.0711,0.0,0.4879
1754647980000,163.8363,1.0,0.0694,0.7262,0.0,0.2611,1.0,0.0,79.2358,0.9958,1.0,0.2235,0.0,0.1664,0.9997,0.4688,0.414,1.0176,3.36,0.7505,0.009,1.0,0.0859,0.0,0.483
1754648040000,162.6885,1.0,0.0694,0.7265,0.0,0.2583,1.0,0.0,77.6631,0.9962,1.0,0.2233,0.0,0.1627,0.9999,0.4804,0.4139,1.0278,3.3293,0.7564,0.0088,1.0,0.0667,0.0,0.4698
1754648100000,166.4919,1.0,0.0694,0.7253,0.0,0.2556,1.0,0.0,81.5476,0.9962,1.0,0.224,0.0,0.1613,0.9999,0.4863,0.4136,1.0234,3.3593,0.7539,0.0087,1.0,0.0607,0.0,0.4688
1754648160000,164.4549,1.0,0.0694,0.7258,0.0,0.2688,1.0,0.0,81.8305,0.9961,1.0,0.2245,0.0,0.1679,0.9997,0.4528,0.4131,1.024,3.3391,0.7544,0.0087,1.0,0.1028,0.0,0.4591
1754648220000,163.0076,1.0,0.0694,0.7242,0.0,0.2687,1.0,0.0,80.4082,0.9962,1.0,0.2297,0.0,0.1678,0.9996,0.4621,0.4215,1.0005,3.4384,0.7453,0.0087,1.0,0.0822,0.0,0.446
1754648280000,164.8721,1.0,0.0694,0.7268,0.0,0.266,1.0,0.0,79.8177,0.9962,1.0,0.2211,0.0,0.1692,0.9997,0.4632,0.409,1.0001,3.33,0.7404,0.0089,1.0,0.0825,0.0,0.4662
1754648340000,169.7546,1.0,0.0694,0.726,0.0,0.2667,1.0,0.0,82.6239,0.9959,1.0,0.2211,0.0,0.1612,0.9998,0.4761,0.4086,1.0041,3.232,0.7421,0.0088,1.0,0.0695,0.0,0.4575
1754648400000,166.3403,1.0,0.0694,0.7271,0.0,0.2694,1.0,0.0,80.8296,0.996,1.0,0.2281,0.0,0.1619,0.9997,0.4826,0.4226,0.9976,3.2897,0.7396,0.0087,1.0,0.0478,0.0,0.4551
1754648460000,162.91,1.0,0.0694,0.7264,0.0,0.2583,1.0,0.0,80.0428,0.9958,1.0,0.2254,0.0,0.1686,0.9998,0.5097,0.417,0.9969,3.3479,0.7408,0.0089,1.0,0.075,0.0,0.4684
1754648520000,162.0167,1.0,0.0694,0.7247,0.0,0.2583,1.0,0.0,80.4881,0.9962,1.0,0.2293,0.0,0.1615,0.9997,0.5115,0.4243,0.9972,3.3408,0.7372,0.0091,1.0,0.0848,0.0,0.4748
1754648580000,167.3428,1.0,0.0694,0.7255,0.0,0.2535,1.0,0.0,81.9196,0.9963,1.0,0.2234,0.0,0.1691,0.9995,0.5114,0.4137,1.0002,3.1727,0.7454,0.0086,1.0,0.0949,0.0,0.4704
1754648640000,165.2771,1.0,0.0694,0.7258,0.0,0.2618,1.0,0.0,81.8083,0.9962,1.0,0.2221,0.0,0.1625,0.9997,0.5065,0.4106,0.9995,3.3081,0.7404,0.0088,1.0,0.0857,0.0,0.462
1754648700000,159.4052,1.0,0.0694,0.7263,0.0,0.2561,1.0,0.0,78.2166,0.9963,1.0,0.2256,0.0,0.1623,0.9998,0.4982,0.4169,0.9931,3.3253,0.7412,0.0088,1.0,0.0661,0.0,0.4645
1754648760000,160.0237,1.0,0.0694,0.7253,0.0,0.2583,1.0,0.0,79.5995,0.9962,1.0,0.2285,0.0,0.1667,0.9998,0.5222,0.419,0.9968,3.2159,0.7452,0.0086,1.0,0.0538,0.0,0.4636
1754648820000,162.5571,1.0,0.0694,0.7265,0.0,0.2583,1.0,0.0,79.1458,0.996,1.0,0.2295,0.0,0.1622,0.9997,0.506,0.4242,0.9963,3.2766,0.7485,0.0086,1.0,0.1928,0.0,0.4639
1754648880000,158.6011,1.0,0.0694,0.7244,0.0,0.2583,1.0,0.0,78.6014,0.9962,1.0,0.2266,0.0,0.1553,0.9998,0.5165,0.4162,1.0183,3.1845,0.7585,0.0086,1.0,0.1954,0.0,0.4743
1754648940000,162.9339,1.0,0.0694,0.7236,0.0,0.2583,1.0,0.0,82.114,0.9962,1.0,0.2258,0.0,0.1672,0.9997,0.4879,0.4135,1.0104,3.3073,0.7582,0.0088,1.0,0.0539,0.0,0.4582
1754649000000,167.9388,1.0,0.0694,0.7248,0.0,0.2611,1.0,0.0,82.9995,0.9962,1.0,0.2236,0.0,0.1707,0.9997,0.471,0.4102,1.0097,3.2824,0.7588,0.0089,1.0,0.1417,0.0,0.4509
1754649060000,164.5641,1.0,0.0694,0.7269,0.0,0.2639,1.0,0.0,80.1903,0.9963,1.0,0.2238,0.0,0.1667,0.9998,0.4936,0.4138,1.0329,3.246,0.772,0.0089,1.0,0.0511,0.0,0.4733
1754649120000,166.6174,1.0,0.0694,0.7269,0.0,0.2639,1.0,0.0,81.0085,0.9962,1.0,0.2286,0.0,0.1666,0.9996,0.4881,0.4229,1.0104,3.4197,0.7553,0.0092,1.0,0.0632,0.0,0.4672
1754649180000,160.9151,1.0,0.0694,0.725,0.0,0.2626,1.0,0.0,79.7012,0.9963,1.0,0.2236,0.0,0.1668,0.9997,0.4589,0.4135,0.9984,3.3456,0.7466,0.0091,1.0,0.0647,0.0,0.4728
1754649240000,163.6037,1.0,0.0694,0.7269,0.0,0.2556,1.0,0.0,78.1546,0.9962,1.0,0.2254,0.0,0.17,0.9998,0.4664,0.4193,1.0031,3.213,0.7452,0.0086,1.0,0.0464,0.0,0.4576
1754649300000,159.6034,1.0,0.0694,0.7245,0.0,0.2583,1.0,0.0,79.9924,0.9964,1.0,0.2267,0.0,0.1706,0.9998,0.4818,0.4163,1.0021,3.2327,0.7413,0.009,1.0,0.0725,0.0,0.4704
1754649360000,162.9782,1.0,0.0694,0.7244,0.0,0.2605,1.0,0.0,80.5904,0.9961,1.0,0.2202,0.0,0.1603,0.9998,0.4965,0.4063,1.0072,3.266,0.7469,0.0088,1.0,0.0632,0.0,0.4538
1754649420000,158.085,1.0,0.0694,0.7238,0.0,0.2667,1.0,0.0,78.8019,0.9963,1.0,0.2249,0.0,0.1594,0.9998,0.5171,0.4131,0.9864,3.2657,0.7369,0.0089,1.0,0.0986,0.0,0.4579
1754649480000,170.7683,1.0,0.0694,0.7261,0.0,0.2612,1.0,0.0,84.4219,0.996,1.0,0.2227,0.0,0.1593,0.9997,0.481,0.4118,0.9917,3.1728,0.7458,0.0089,1.0,0.3747,0.0,0.4566
1754649540000,158.4424,1.0,0.0694,0.7255,0.0,0.2639,1.0,0.0,78.3165,0.996,1.0,0.2228,0.0,0.1568,0.9998,0.4896,0.4111,0.9819,3.0623,0.734,0.0082,1.0,0.0453,0.0,0.4685
1754649600000,161.4192,1.0,0.0694,0.7251,0.0,0.2507,1.0,0.0,80.2302,0.9963,1.0,0.2284,0.0,0.1599,0.9997,0.5047,0.4202,0.9955,3.1702,0.7456,0.0087,1.0,0.1133,0.0,0.4581
1754649660000,164.1572,1.0,0.0694,0.7256,0.0,0.2591,1.0,0.0,81.1596,0.9963,1.0,0.2261,0.0,0.1606,0.9998,0.4781,0.4168,0.9975,3.2528,0.7393,0.009,1.0,0.0626,0.0,0.4531
1754649720000,158.0575,1.0,0.0694,0.7261,0.0,0.2521,1.0,0.0,77.715,0.9963,1.0,0.2282,0.0,0.1645,0.9998,0.4744,0.4206,0.991,3.1994,0.7309,0.009,1.0,0.0776,0.0,0.4491
1754649780000,155.5043,1.0,0.0694,0.7257,0.0,0.2648,1.0,0.0,76.6066,0.9961,1.0,0.224,0.0,0.1592,0.9999,0.5115,0.4126,0.997,3.1768,0.745,0.0085,1.0,0.0487,0.0,0.4603
1754649840000,164.1259,1.0,0.0694,0.7265,0.0,0.2737,1.0,0.0,80.3455,0.9962,1.0,0.2269,0.0,0.1597,0.9997,0.4718,0.4187,1.0239,3.3128,0.7556,0.0091,1.0,0.1551,0.0,0.4567
1754649900000,162.3397,1.0,0.0694,0.7274,0.0,0.2646,1.0,0.0,78.1531,0.9963,1.0,0.222,0.0,0.1574,0.9998,0.474,0.4118,1.0214,3.3986,0.7576,0.009,1.0,0.086,0.0,0.4575
1754649960000,157.0743,1.0,0.0694,0.7247,0.0,0.2632,1.0,0.0,78.3387,0.9964,1.0,0.2282,0.0,0.1663,0.9998,0.5111,0.4185,1.0234,3.183,0.7577,0.009,1.0,0.0509,0.0,0.4651
1754650020000,158.253,1.0,0.0694,0.7264,0.0,0.2623,1.0,0.0,76.8519,0.9964,1.0,0.2279,0.0,0.1651,0.9998,0.5121,0.4205,0.9992,2.9609,0.731,0.0082,1.0,0.038,0.0,0.4493
1754650080000,156.0263,1.0,0.0694,0.7259,0.0,0.2722,1.0,0.0,76.5139,0.9965,1.0,0.2276,0.0,0.1652,0.9998,0.484,0.4194,1.0061,3.1895,0.7379,0.0087,1.0,0.0638,0.0,0.4566
1754650140000,160.9011,1.0,0.0694,0.7253,0.0,0.2646,1.0,0.0,80.6591,0.9965,1.0,0.2256,0.0,0.1646,0.9998,0.4765,0.4142,1.0254,3.171,0.7565,0.0089,1.0,0.0733,0.0,0.4622
1754650200000,156.6479,1.0,0.0694,0.7243,0.0,0.2575,1.0,0.0,78.272,0.9965,1.0,0.233,0.0,0.1687,0.9998,0.4543,0.4263,1.0178,3.1743,0.753,0.0088,1.0,0.0587,0.0,0.4446
1754650260000,155.2022,1.0,0.0694,0.7253,0.0,0.2556,1.0,0.0,77.5142,0.9966,1.0,0.2275,0.0,0.167,0.9999,0.4738,0.4182,0.9765,3.2713,0.7254,0.0088,1.0,0.0624,0.0,0.4577
1754650320000,158.1984,1.0,0.0694,0.7268,0.0,0.2611,1.0,0.0,77.3533,0.9963,1.0,0.2299,0.0,0.1665,0.9997,0.4713,0.4241,0.9811,3.112,0.731,0.0089,1.0,0.102,0.0,0.4506
1754650380000,162.8049,1.0,0.0694,0.7268,0.0,0.2584,1.0,0.0,79.4336,0.9963,1.0,0.2274,0.0,0.1679,0.9999,0.5072,0.4196,0.9936,3.3656,0.737,0.009,1.0,0.0546,0.0,0.4667
1754650440000,159.9848,1.0,0.0694,0.7264,0.0,0.2556,1.0,0.0,78.6579,0.9965,1.0,0.2262,0.0,0.1568,0.9999,0.5265,0.4176,0.9946,2.9647,0.73,0.0087,1.0,0.0428,0.0,0.461
1754650500000,164.8676,1.0,0.0694,0.7261,0.0,0.2591,1.0,0.0,81.3688,0.9963,1.0,0.2292,0.0,0.1613,0.9997,0.5018,0.4223,0.9947,3.3397,0.7375,0.0092,1.0,0.042,0.0,0.4375
1754650560000,157.1034,1.0,0.0694,0.7254,0.0,0.2535,1.0,0.0,78.0523,0.9964,1.0,0.2301,0.0,0.1678,0.9999,0.4679,0.4233,1.0006,3.2172,0.7365,0.009,1.0,0.0554,0.0,0.4638
1754650620000,159.6436,1.0,0.0694,0.7237,0.0,0.2635,1.0,0.0,78.2781,0.9964,1.0,0.2124,0.0,0.1601,0.9997,0.4697,0.3937,0.992,3.184,0.8152,0.0089,1.0,0.1127,0.0,0.4654
1754650680000,156.1743,1.0,0.0694,0.721,0.0,0.263,1.0,0.0,77.607,0.9965,1.0,0.2118,0.0,0.1694,0.9997,0.4706,0.3915,0.9839,3.2822,0.8323,0.0087,1.0,0.0582,0.0,0.4735
1754650740000,163.8965,1.0,0.0694,0.725,0.0,0.2611,1.0,0.0,79.9171,0.9963,1.0,0.2127,0.0,0.1569,0.9997,0.4718,0.3951,0.9808,3.2027,0.7792,0.0088,1.0,0.0722,0.0,0.4522
1754650800000,163.1513,1.0,0.0694,0.7235,0.0,0.273,1.0,0.0,81.6147,0.9964,1.0,0.2226,0.0,0.1675,0.9998,0.4581,0.409,1.0002,3.3877,0.7693,0.0087,1.0,0.042,0.0,0.4568
1754650860000,160.0972,1.0,0.0658,0.7242,0.0,0.2694,1.0,0.0,78.9518,0.9964,0.9474,0.2151,0.0,0.1683,0.9998,0.4695,0.3972,0.9965,3.2618,0.76,0.0089,1.0,0.0973,0.0,0.4649
1754650920000,154.1506,1.0,0.0658,0.7256,0.0,0.2639,1.0,0.0,76.8543,0.9965,0.9474,0.2275,0.0,0.1646,0.9998,0.49,0.418,0.9996,3.1398,0.736,0.0085,1.0,0.0729,0.0,0.4495
1754650980000,156.0267,1.0,0.0694,0.7253,0.0,0.2591,1.0,0.0,77.5503,0.9963,1.0,0.2203,0.0,0.1479,0.9997,0.4882,0.4042,0.9989,3.2999,0.7391,0.0097,1.0,0.0548,0.0,0.4457
1754651040000,157.7994,1.0,0.0694,0.7263,0.0,0.2583,1.0,0.0,77.706,0.9965,1.0,0.2241,0.0,0.1649,0.9997,0.4401,0.4128,0.9849,3.203,0.7398,0.0104,1.0,0.056,0.0,0.4576
1754651100000,155.9515,1.0,0.0694,0.7262,0.0,0.2579,1.0,0.0,77.121,0.9962,1.0,0.2251,0.0,0.1505,0.9999,0.4621,0.4144,0.9735,3.2985,0.7344,0.0092,1.0,0.0568,0.0,0.4498
1754651160000,159.7262,1.0,0.0694,0.7263,0.0278,0.2667,1.0,0.0,79.0707,0.9966,1.0,0.2313,0.0,0.1662,0.9997,0.4647,0.4258,1.0032,3.084,0.7471,0.0092,1.0,0.0648,0.0,0.4303
1754651220000,152.2696,1.0,0.0694,0.7245,0.0432,0.275,1.0,0.0,77.2843,0.9964,1.0,0.2274,0.0,0.1568,0.9999,0.48,0.4166,1.0021,3.1724,0.7475,0.0088,1.0,0.0824,0.0,0.4546
1754651280000,157.0518,1.0,0.0694,0.7263,0.037,0.2667,1.0,0.0,78.1443,0.9966,1.0,0.2305,0.0,0.1621,0.9998,0.4788,0.4249,0.9901,3.1068,0.7356,0.0088,1.0,0.1273,0.0,0.4441
1754651340000,162.1492,1.0,0.0694,0.7285,0.0278,0.275,1.0,0.0,77.9031,0.9965,1.0,0.2258,0.0,0.1579,0.9999,0.4836,0.4192,0.977,3.369,0.7321,0.0089,1.0,0.0671,0.0,0.4587
1754651400000,163.1479,1.0,0.0694,0.7261,0.0,0.2667,1.0,0.0,80.1119,0.9964,1.0,0.2249,0.0,0.1528,0.9998,0.4462,0.415,0.9802,3.1999,0.7327,0.0087,1.0,0.0625,0.0,0.4544
1754651460000,162.0841,1.0,0.0658,0.7233,0.0347,0.2694,1.0,0.0,79.4669,0.9965,0.9474,0.2166,0.0,0.1605,0.9999,0.4292,0.4004,0.9808,3.3179,0.7351,0.0084,1.0,0.0647,0.0,0.4547
1754651520000,162.1581,1.0,0.0694,0.7235,0.037,0.2694,1.0,0.0,79.8618,0.9964,0.9474,0.2113,0.0,0.1574,0.9997,0.4313,0.391,0.9935,3.1392,0.7391,0.0083,1.0,0.0532,0.0,0.4682
1754651580000,163.2708,1.0,0.0709,0.7249,0.0309,0.2806,1.0,0.0,79.6272,0.9961,1.0,0.2103,0.0,0.1517,0.9998,0.4353,0.39,1.0098,3.1015,0.7535,0.0084,1.0,0.0799,0.0,0.4317
1754651640000,159.7275,1.0,0.0709,0.7246,0.076,0.2789,1.0,0.0,78.0209,0.9964,1.0,0.2134,0.0,0.1619,0.9998,0.4349,0.3954,1.0155,3.218,0.7565,0.0091,1.0,0.0651,0.0,0.4618
1754651700000,164.4875,1.0,0.0709,0.7274,0.0,0.2667,1.0,0.0,79.7928,0.9965,1.0,0.2229,0.0,0.1616,0.9998,0.445,0.4136,1.0277,3.243,0.7679,0.0086,1.0,0.1077,0.0,0.4482
1754651760000,166.0674,1.0,0.0709,0.7271,0.0,0.2694,1.0,0.0,80.5762,0.9963,1.0,0.2216,0.0,0.1557,0.9998,0.4771,0.4104,1.0071,3.1927,0.7606,0.0083,1.0,0.0666,0.0,0.4625
1754651820000,162.2147,1.0,0.0709,0.7258,0.0,0.2611,1.0,0.0,79.3696,0.9963,1.0,0.2233,0.0,0.1653,0.9999,0.4904,0.4123,0.99,3.0172,0.7407,0.0087,1.0,0.0499,0.0,0.4621
1754651880000,158.407,1.0,0.0694,0.7255,0.0,0.2611,1.0,0.0,78.8893,0.9964,1.0,0.2249,0.0,0.1659,0.9998,0.4793,0.4138,0.9752,3.1652,0.7354,0.0085,1.0,0.0438,0.0,0.4625
1754651940000,158.6025,1.0,0.0694,0.7276,0.0,0.25,1.0,0.0,78.2642,0.9964,1.0,0.2243,0.0,0.1613,0.9998,0.4724,0.4147,0.9908,3.1466,0.7451,0.0083,1.0,0.1082,0.0,0.4381
1754652000000,166.5974,1.0,0.0694,0.7259,0.0,0.2583,1.0,0.0,81.358,0.9962,1.0,0.2254,0.0,0.156,0.9996,0.4433,0.4153,0.995,3.2142,0.7543,0.0089,1.0,0.075,0.0,0.4478
1754652060000,157.9271,1.0,0.0694,0.7254,0.0,0.25,1.0,0.0,79.4128,0.9963,1.0,0.2229,0.0,0.1608,0.9998,0.4192,0.409,1.0093,3.0731,0.7559,0.0084,1.0,0.0852,0.0,0.4691
1754652120000,157.4733,1.0,0.0694,0.7261,0.0,0.2528,1.0,0.0,78.8587,0.9963,1.0,0.2243,0.0,0.1659,0.9998,0.4347,0.4117,1.0018,3.0119,0.7489,0.0086,1.0,0.078,0.0,0.4478
1754652180000,159.6364,1.0,0.0694,0.7268,0.0,0.25,1.0,0.0,78.8794,0.9964,1.0,0.2237,0.0,0.1555,0.9998,0.4292,0.4126,1.0158,3.154,0.7573,0.0083,1.0,0.0455,0.0,0.4387
1754652240000,158.8288,1.0,0.0694,0.7257,0.0,0.2556,1.0,0.0,78.9158,0.9962,1.0,0.2261,0.0,0.1697,0.9997,0.4714,0.4157,1.0007,3.324,0.7443,0.0087,1.0,0.0682,0.0,0.4559
1754652300000,154.9104,1.0,0.0694,0.7241,0.0,0.2528,1.0,0.0,79.1958,0.9964,1.0,0.2266,0.0,0.1615,0.9998,0.4467,0.4145,0.9896,3.1678,0.7411,0.0086,1.0,0.0797,0.0,0.4604
1754652360000,155.7249,1.0,0.0694,0.7245,0.0,0.2528,1.0,0.0,77.7676,0.9964,1.0,0.2199,0.0,0.1643,0.9999,0.4358,0.4048,1.012,3.1109,0.7576,0.0088,1.0,0.0564,0.0,0.4601
1754652420000,153.9727,1.0,0.0694,0.723,0.0,0.2583,1.0,0.0,78.0948,0.9967,1.0,0.2205,0.0,0.1652,0.9998,0.4612,0.4041,1.0057,3.1099,0.7561,0.0091,1.0,0.0606,0.0,0.4623
1754652480000,153.9562,1.0,0.0694,0.7236,0.0,0.2667,1.0,0.0,77.3711,0.9967,1.0,0.2214,0.0,0.1668,0.9999,0.4414,0.4071,0.9956,3.1099,0.7503,0.0089,1.0,0.0503,0.0,0.4324
1754652540000,159.4189,1.0,0.0694,0.7256,0.0,0.2639,1.0,0.0,77.8275,0.9967,1.0,0.2147,0.0,0.1592,0.9999,0.4526,0.3986,1.0053,3.1542,0.7507,0.0086,1.0,0.0535,0.0,0.4562
1754652600000,160.1727,1.0,0.0694,0.7267,0.0,0.2667,1.0,0.0,77.7128,0.9965,1.0,0.2173,0.0,0.162,0.9998,0.4299,0.4022,0.9971,3.3392,0.7535,0.009,1.0,0.0567,0.0,0.4513
1754652660000,156.6078,1.0,0.0694,0.7242,0.0,0.2722,1.0,0.0,78.0387,0.9965,1.0,0.2179,0.0,0.162,0.9998,0.456,0.4013,1.0092,3.2211,0.7576,0.0088,1.0,0.0993,0.0,0.4743
1754652720000,158.2896,1.0,0.0694,0.7255,0.0,0.2639,1.0,0.0,77.6966,0.9966,1.0,0.2192,0.0,0.1664,0.9998,0.4715,0.4042,1.0166,3.0654,0.7643,0.0088,1.0,0.0812,0.0,0.4653
1754652780000,157.9764,1.0,0.0694,0.7256,0.0,0.2639,1.0,0.0,78.6653,0.9964,1.0,0.2164,0.0,0.1608,0.9999,0.484,0.3991,0.9942,3.2569,0.7435,0.0086,1.0,0.113,0.0,0.4656
1754652840000,154.3831,1.0,0.0694,0.7239,0.0,0.2639,1.0,0.0,77.3722,0.9966,1.0,0.2157,0.0,0.1608,0.9997,0.4857,0.3969,0.9809,3.2772,0.7358,0.0089,1.0,0.0594,0.0,0.4606
1754652900000,155.8935,1.0,0.0694,0.7234,0.0,0.2611,1.0,0.0,77.9087,0.9965,1.0,0.2161,0.0,0.1684,0.9998,0.4739,0.3972,0.9889,3.1538,0.7359,0.0087,1.0,0.0513,0.0,0.455
1754652960000,154.9189,1.0,0.0694,0.7241,0.0,0.2611,1.0,0.0,77.9911,0.9966,1.0,0.2209,0.0,0.1567,0.9998,0.4525,0.4056,1.0317,3.1158,0.7583,0.0087,1.0,0.0481,0.0,0.4645
1754653020000,158.3504,1.0,0.0694,0.7245,0.0,0.2667,1.0,0.0,79.6321,0.9965,1.0,0.2191,0.0,0.1656,0.9998,0.47,0.4034,1.0313,3.1349,0.757,0.0087,1.0,0.0637,0.0,0.4519
1754653080000,153.4834,1.0,0.0694,0.7241,0.0,0.2639,1.0,0.0,78.2792,0.9966,1.0,0.2211,0.0,0.1627,0.9999,0.4703,0.4054,1.017,3.0983,0.7479,0.0087,1.0,0.0601,0.0,0.4475
1754653140000,158.7203,1.0,0.0694,0.7245,0.0,0.2639,1.0,0.0,79.2849,0.9966,1.0,0.2175,0.0,0.1604,0.9998,0.4758,0.3995,1.0032,3.278,0.7467,0.0087,1.0,0.0604,0.0,0.4518
1754653200000,155.7921,1.0,0.0694,0.7234,0.0,0.2493,1.0,0.0,78.2674,0.9965,1.0,0.2177,0.0,0.1589,0.9999,0.4799,0.3985,1.0192,3.0035,0.7603,0.0087,1.0,0.0458,0.0,0.4512
1754653260000,158.684,1.0,0.0694,0.724,0.0,0.2611,1.0,0.0,80.1494,0.9965,1.0,0.2169,0.0,0.1563,0.9998,0.4456,0.3983,1.0013,3.0958,0.7458,0.0085,1.0,0.0779,0.0,0.4535
1754653320000,157.2963,1.0,0.0658,0.7236,0.0,0.2611,1.0,0.0,78.8241,0.9965,0.9474,0.2165,0.0,0.1599,0.9998,0.4457,0.3971,1.0338,3.144,0.7699,0.0088,1.0,0.0507,0.0,0.461
1754653380000,160.1139,1.0,0.0658,0.7249,0.0,0.2611,1.0,0.0,79.4171,0.9963,0.9474,0.215,0.0,0.1543,0.9998,0.4254,0.3961,0.9944,3.1273,0.7419,0.0086,1.0,0.0382,0.0,0.4369
1754653440000,158.5722,1.0,0.0659,0.7257,0.0,0.2556,1.0,0.0,77.5993,0.9965,0.9474,0.2184,0.0,0.1643,0.9998,0.4425,0.4047,0.9734,3.0676,0.7301,0.0087,1.0,0.0596,0.0,0.4444
1754653500000,160.2897,1.0,0.0694,0.7252,0.0,0.2639,1.0,0.0,78.6362,0.9965,1.0,0.215,0.0,0.1497,0.9999,0.4579,0.3971,0.9907,3.2742,0.7479,0.0083,1.0,0.0465,0.0,0.4319
1754653560000,157.2503,1.0,0.0694,0.727,0.0,0.2545,1.0,0.0,77.0657,0.9964,1.0,0.22,0.0,0.1635,0.9999,0.4471,0.4071,0.9748,3.1512,0.7272,0.0084,1.0,0.0529,0.0,0.4579
1754653620000,155.8561,1.0,0.0694,0.7261,0.0,0.2611,1.0,0.0,76.2164,0.9964,1.0,0.2156,0.0,0.1598,0.9999,0.4543,0.3989,0.9918,3.1711,0.7442,0.0085,1.0,0.074,0.0,0.4293
1754653680000,154.9239,1.0,0.0694,0.7251,0.0,0.2639,1.0,0.0,75.9645,0.9967,1.0,0.2202,0.0,0.1512,0.9999,0.4493,0.4048,0.9713,3.0336,0.7319,0.0086,1.0,0.0789,0.0,0.4503
1754653740000,157.7713,1.0,0.0694,0.7242,0.0,0.2611,1.0,0.0,78.4249,0.9964,1.0,0.2215,0.0,0.1672,0.9997,0.4672,0.4066,0.9791,3.0953,0.7336,0.0084,1.0,0.1088,0.0,0.4492
1754653800000,157.7868,1.0,0.0694,0.7248,0.0,0.2694,1.0,0.0,77.7951,0.9965,1.0,0.2193,0.0,0.1666,0.9998,0.4808,0.405,0.9937,3.1304,0.7369,0.0089,1.0,0.0872,0.0,0.4391
1754653860000,158.0471,1.0,0.0694,0.7259,0.0,0.2694,1.0,0.0,78.1726,0.9965,1.0,0.221,0.0,0.1589,0.9998,0.4633,0.4083,0.9918,3.0267,0.7293,0.0085,1.0,0.0799,0.0,0.446
1754653920000,159.9304,1.0,0.0694,0.726,0.0,0.2639,1.0,0.0,77.8615,0.9964,1.0,0.2191,0.0,0.1597,0.9998,0.4411,0.4057,0.972,3.065,0.7187,0.0091,1.0,0.0562,0.0,0.4446
1754653980000,156.183,1.0,0.0694,0.7243,0.0,0.2556,1.0,0.0,78.7712,0.9964,1.0,0.2166,0.0,0.1634,0.9997,0.441,0.3985,0.9688,3.0466,0.7275,0.0084,1.0,0.047,0.0,0.4508
1754654040000,161.7592,1.0,0.0694,0.7269,0.0,0.2667,1.0,0.0,78.3731,0.9963,1.0,0.2118,0.0,0.1553,0.9997,0.4628,0.3936,0.9769,3.0181,0.7327,0.0082,1.0,0.0747,0.0,0.4298
1754654100000,156.9189,1.0,0.0694,0.7237,0.0,0.2611,1.0,0.0,80.2091,0.9966,1.0,0.2222,0.0,0.1613,0.9997,0.4615,0.4065,0.9878,3.1842,0.7409,0.0085,1.0,0.0402,0.0,0.4414
1754654160000,160.9197,1.0,0.0694,0.7242,0.0,0.2583,1.0,0.0,80.3516,0.9963,1.0,0.2176,0.0,0.1575,0.9998,0.4354,0.4008,0.9738,3.1953,0.7288,0.0089,1.0,0.0892,0.0,0.4318
1754654220000,157.2335,1.0,0.0694,0.7236,0.0,0.2611,1.0,0.0,79.3164,0.9963,1.0,0.2141,0.0,0.1508,0.9998,0.4385,0.3941,0.9723,3.0998,0.7243,0.0085,1.0,0.0453,0.0,0.4425
1754654280000,158.0546,1.0,0.0694,0.7245,0.0,0.2639,1.0,0.0,77.8519,0.9965,1.0,0.2168,0.0,0.1582,0.9999,0.4244,0.4001,0.9689,3.0046,0.721,0.0091,1.0,0.0512,0.0,0.4256
1754654340000,162.3778,1.0,0.0694,0.7255,0.0,0.2667,1.0,0.0,79.7295,0.9966,1.0,0.2137,0.0,0.1592,0.9998,0.4531,0.3956,0.9833,3.1102,0.7334,0.0086,1.0,0.0653,0.0,0.4514
1754654400000,168.7686,1.0,0.0694,0.7252,0.0,0.2694,1.0,0.0,83.531,0.9964,1.0,0.2187,0.0,0.1653,0.9998,0.4428,0.4038,0.9904,3.4155,0.7378,0.0087,1.0,0.1475,0.0,0.4372
1754654460000,157.2802,1.0,0.0658,0.7238,0.0,0.2583,1.0,0.0,78.3087,0.9964,0.9474,0.2248,0.0,0.1517,0.9998,0.4508,0.413,0.9806,3.2518,0.7349,0.0083,1.0,0.303,0.0,0.4487
1754654520000,154.6547,1.0,0.0658,0.7227,0.0,0.2611,1.0,0.0,78.7834,0.9964,0.9474,0.2267,0.0,0.1579,0.9998,0.4421,0.4143,1.0001,3.25,0.7367,0.0087,1.0,0.0788,0.0,0.4394
1754654580000,161.3732,1.0,0.0665,0.7266,0.0,0.2556,1.0,0.0,79.2498,0.9963,0.9474,0.2192,0.0,0.1628,0.9998,0.4536,0.4044,1.0261,2.975,0.7598,0.008,1.0,0.061,0.0,0.4414
1754654640000,160.5934,1.0,0.0694,0.7254,0.0,0.2611,1.0,0.0,80.1808,0.9965,0.9474,0.2207,0.0,0.1483,0.9996,0.4322,0.4053,0.9883,3.1494,0.7314,0.0084,1.0,0.0825,0.0,0.4426
1754654700000,156.1395,1.0,0.0694,0.7238,0.0,0.2556,1.0,0.0,79.9219,0.9965,1.0,0.2245,0.0,0.1436,0.9998,0.4464,0.4093,0.9858,3.1149,0.7291,0.0112,1.0,0.0544,0.0,0.4368
1754654760000,154.6786,1.0,0.0694,0.723,0.0,0.2624,1.0,0.0,78.636,0.9967,1.0,0.226,0.0,0.1554,0.9998,0.4193,0.4116,0.9869,3.1447,0.7301,0.012,1.0,0.0635,0.0,0.4359
1754654820000,160.0777,1.0,0.0694,0.726,0.0,0.2583,1.0,0.0,77.8221,0.9966,1.0,0.2247,0.0,0.17,0.9998,0.4267,0.4138,0.9808,3.0878,0.7284,0.0088,1.0,0.0799,0.0,0.4068
1754654880000,151.7377,1.0,0.0694,0.7235,0.0,0.2722,1.0,0.0,76.122,0.9966,1.0,0.2241,0.0,0.1576,0.9999,0.4171,0.4101,0.98,3.0731,0.731,0.0086,1.0,0.0696,0.0,0.4566
1754654940000,154.2315,1.0,0.0694,0.7213,0.0,0.2583,1.0,0.0,78.2988,0.9963,1.0,0.2144,0.0,0.1662,0.9998,0.439,0.3926,0.9861,3.1062,0.7275,0.0092,1.0,0.0496,0.0,0.4419
1754655000000,156.6705,1.0,0.0694,0.7224,0.0,0.2618,1.0,0.0,78.8646,0.9965,1.0,0.2199,0.0,0.158,0.9998,0.4333,0.4039,0.9976,3.2273,0.7385,0.0088,1.0,0.0387,0.0,0.4265
1754655060000,158.7325,1.0,0.0694,0.7231,0.0,0.2556,1.0,0.0,79.9043,0.9966,1.0,0.2203,0.0,0.1524,0.9998,0.445,0.4035,1.0016,3.2295,0.7451,0.0087,1.0,0.0646,0.0,0.454
1754655120000,155.5902,1.0,0.0694,0.7231,0.0,0.2639,1.0,0.0,77.3937,0.9965,1.0,0.2202,0.0,0.1572,0.9999,0.4635,0.4043,0.9874,2.9844,0.7329,0.0089,1.0,0.1147,0.0,0.4513
1754655180000,150.7353,1.0,0.0694,0.7239,0.0,0.2639,1.0,0.0,75.8953,0.9965,1.0,0.2236,0.0,0.1555,0.9999,0.4493,0.4096,0.9919,3.1139,0.7357,0.0084,1.0,0.1117,0.0,0.4288
1754655240000,149.1242,1.0,0.0694,0.7235,0.0,0.2639,1.0,0.0,75.57,0.9968,1.0,0.2259,0.0,0.1673,0.9999,0.45,0.412,0.9822,3.0555,0.7277,0.0087,1.0,0.037,0.0,0.4436
1754655300000,153.4571,1.0,0.0694,0.7231,0.0,0.2556,1.0,0.0,78.0462,0.9966,1.0,0.2188,0.0,0.1558,0.9999,0.4726,0.4007,0.9895,3.2294,0.7349,0.0088,1.0,0.065,0.0,0.4451
1754655360000,156.656,1.0,0.0694,0.7223,0.0,0.2556,1.0,0.0,78.3442,0.9966,1.0,0.2179,0.0,0.1582,0.9998,0.4613,0.4008,0.9975,3.0372,0.7382,0.0092,1.0,0.0701,0.0,0.4335
1754655420000,160.9612,1.0,0.0694,0.7235,0.0,0.2611,1.0,0.0,80.4034,0.9967,1.0,0.2154,0.0,0.1554,0.9998,0.4569,0.3966,1.0295,3.0734,0.7556,0.0082,1.0,0.249,0.0,0.454
1754655480000,156.7668,1.0,0.0694,0.7236,0.0,0.2611,1.0,0.0,80.1728,0.9964,1.0,0.2154,0.0,0.1563,0.9997,0.4288,0.3948,1.0205,3.1383,0.7497,0.0086,1.0,0.0475,0.0,0.444
1754655540000,157.9085,1.0,0.0694,0.724,0.0,0.2667,1.0,0.0,80.8241,0.9967,1.0,0.2192,0.0,0.1474,0.9997,0.435,0.4013,1.0025,3.0793,0.7405,0.0085,1.0,0.0488,0.0,0.4272
1754655600000,152.4384,1.0,0.0694,0.7213,0.0,0.2667,1.0,0.0,77.6517,0.9967,1.0,0.2088,0.0,0.1441,0.9998,0.4471,0.3825,0.9956,3.1161,0.818,0.0082,1.0,0.0413,0.0,0.4383
1754655660000,160.2822,1.0,0.0694,0.723,0.0,0.2694,1.0,0.0,79.3514,0.9966,1.0,0.2012,0.0,0.1561,0.9998,0.4789,0.3728,0.9804,3.0457,0.8282,0.0082,1.0,0.0413,0.0,0.4404
1754655720000,148.7214,1.0,0.0694,0.7236,0.0,0.2639,1.0,0.0,77.044,0.9969,1.0,0.2241,0.0,0.155,0.9998,0.4646,0.4103,0.9909,3.058,0.757,0.0087,1.0,0.1118,0.0,0.4386
1754655780000,154.7203,1.0,0.0694,0.7253,0.0,0.2667,1.0,0.0,78.7188,0.9966,1.0,0.2318,0.0,0.1608,0.9997,0.4564,0.4248,1.0187,3.0671,0.755,0.0084,1.0,0.0756,0.0,0.4316
1754655840000,152.573,1.0,0.0694,0.7249,0.0,0.2611,1.0,0.0,77.509,0.9968,1.0,0.2273,0.0,0.154,0.9999,0.4301,0.4168,1.0064,3.1932,0.7493,0.0087,1.0,0.0991,0.0,0.4408
1754655900000,156.5391,1.0,0.0694,0.7252,0.0,0.2583,1.0,0.0,78.5204,0.9968,1.0,0.2253,0.0,0.1675,0.9998,0.4331,0.4137,0.9857,3.0778,0.7292,0.0088,1.0,0.083,0.0,0.4457
1754655960000,158.0483,1.0,0.0694,0.7241,0.0,0.2611,1.0,0.0,81.5249,0.9968,1.0,0.2297,0.0,0.161,0.9997,0.4592,0.4195,0.9853,2.9856,0.7277,0.0088,1.0,0.0599,0.0,0.4389
1754656020000,153.5307,1.0,0.0694,0.7252,0.0,0.2694,1.0,0.0,78.3278,0.9967,1.0,0.2272,0.0,0.1594,0.9997,0.4404,0.4162,1.0144,3.098,0.7372,0.0086,1.0,0.0488,0.0,0.4374
1754656080000,152.0296,1.0,0.0694,0.7256,0.0,0.2639,1.0,0.0,77.779,0.9966,1.0,0.2312,0.0,0.1578,0.9999,0.4578,0.4247,1.0124,2.9846,0.7362,0.009,1.0,0.0362,0.0,0.4346
1754656140000,154.6002,1.0,0.0694,0.7241,0.0,0.2583,1.0,0.0,79.1661,0.9965,1.0,0.2266,0.0,0.1596,0.9998,0.4599,0.4159,0.9905,3.0546,0.7305,0.009,1.0,0.0739,0.0,0.4517
1754656200000,160.151,1.0,0.0694,0.7245,0.0,0.2611,1.0,0.0,81.3766,0.9965,1.0,0.2283,0.0,0.1621,0.9997,0.4714,0.419,0.9853,3.0816,0.7297,0.0089,1.0,0.0474,0.0,0.4323
1754656260000,154.2516,1.0,0.0694,0.7249,0.0,0.2639,1.0,0.0,77.9297,0.9967,1.0,0.2325,0.0,0.164,0.9998,0.47,0.4258,0.9938,3.0528,0.7286,0.009,1.0,0.0419,0.0,0.4507
1754656320000,147.8786,1.0,0.0694,0.724,0.0,0.2583,1.0,0.0,76.1591,0.9967,1.0,0.2322,0.0,0.1682,0.9998,0.4561,0.4235,0.9878,3.2607,0.7231,0.0089,1.0,0.2748,0.0,0.4452
1754656380000,153.5258,1.0,0.0694,0.7269,0.0,0.2611,1.0,0.0,77.4863,0.9966,1.0,0.2277,0.0,0.1537,0.9998,0.4424,0.42,0.9862,3.1428,0.7237,0.0086,1.0,0.0432,0.0,0.4281
1754656440000,150.2675,1.0,0.0694,0.7234,0.0,0.2556,1.0,0.0,78.462,0.9968,1.0,0.2338,0.0,0.1646,0.9998,0.4421,0.4254,1.0055,3.036,0.736,0.0086,1.0,0.0672,0.0,0.4329
1754656500000,152.6135,1.0,0.0694,0.7231,0.0,0.2667,1.0,0.0,78.0248,0.9966,1.0,0.2262,0.0,0.1642,0.9999,0.4664,0.4123,0.9895,3.0859,0.7309,0.0088,1.0,0.0449,0.0,0.4306
1754656560000,151.2733,1.0,0.0694,0.724,0.0,0.2611,1.0,0.0,77.7933,0.9967,1.0,0.2267,0.0,0.1582,0.9998,0.4635,0.4139,0.9923,3.1017,0.7305,0.0091,1.0,0.0479,0.0,0.4417
1754656620000,150.0952,1.0,0.0694,0.7203,0.0,0.2563,1.0,0.0,78.151,0.9967,1.0,0.2215,0.0,0.153,0.9998,0.4597,0.4043,0.9849,3.2091,0.7274,0.0088,1.0,0.0472,0.0,0.4357
1754656680000,153.9355,1.0,0.0694,0.7221,0.0,0.2556,1.0,0.0,77.8698,0.9968,1.0,0.2148,0.0,0.1664,0.9997,0.4539,0.3956,0.9861,3.1468,0.7274,0.0092,1.0,0.0594,0.0,0.447
1754656740000,154.3113,1.0,0.0694,0.7224,0.0,0.2528,1.0,0.0,79.3847,0.9966,1.0,0.2187,0.0,0.1636,0.9998,0.4467,0.4015,1.0002,3.0988,0.7302,0.0087,1.0,0.0759,0.0,0.4402
1754656800000,157.9598,1.0,0.0694,0.7259,0.0,0.2611,1.0,0.0,78.008,0.9967,1.0,0.2245,0.0,0.1711,0.9997,0.4408,0.4147,0.9997,3.1969,0.7367,0.009,1.0,0.0795,0.0,0.4356
1754656860000,152.1455,1.0,0.0694,0.7237,0.0,0.2563,1.0,0.0,78.2342,0.9966,1.0,0.2324,0.0,0.1685,0.9998,0.4363,0.4244,1.003,3.0448,0.7359,0.009,1.0,0.0552,0.0,0.4585
1754656920000,154.0691,1.0,0.0694,0.7246,0.0,0.2549,1.0,0.0,78.5767,0.9964,1.0,0.2272,0.0,0.1711,0.9997,0.444,0.4154,0.9911,3.1883,0.7321,0.0089,1.0,0.0854,0.0,0.4468
1754656980000,154.6435,1.0,0.0694,0.724,0.0,0.2556,1.0,0.0,79.5884,0.9965,1.0,0.2309,0.0,0.1723,0.9998,0.4392,0.421,0.9882,3.1879,0.7273,0.0089,1.0,0.0491,0.0,0.4431
1754657040000,166.8323,1.0,0.0694,0.727,0.0,0.2528,1.0,0.0,83.5484,0.9967,1.0,0.2271,0.0,0.165,0.9996,0.4415,0.4194,1.0045,3.0696,0.7402,0.0089,1.0,0.0631,0.0,0.4383
1754657100000,149.4385,1.0,0.0694,0.7226,0.0,0.2583,1.0,0.0,76.8719,0.9968,1.0,0.2183,0.0,0.1511,0.9998,0.4558,0.3995,0.9895,3.0771,0.7797,0.0082,1.0,0.0788,0.0,0.4462
1754657160000,156.1505,1.0,0.0694,0.7214,0.0,0.2611,1.0,0.0,80.5355,0.9967,1.0,0.2204,0.0,0.1561,0.9998,0.4701,0.403,0.9811,2.9866,0.8004,0.0085,1.0,0.0565,0.0,0.4338
1754657220000,155.4205,1.0,0.0694,0.7238,0.0,0.2583,1.0,0.0,79.0848,0.9968,1.0,0.2285,0.0,0.1514,0.9998,0.451,0.417,0.9833,3.0953,0.7252,0.0087,1.0,0.0664,0.0,0.4459
1754657280000,155.9482,1.0,0.0694,0.7251,0.0,0.2639,1.0,0.0,80.3353,0.9965,1.0,0.2318,0.0,0.1633,0.9997,0.4649,0.4246,0.9795,3.2094,0.7271,0.0088,1.0,0.0886,0.0,0.4389
1754657340000,150.273,1.0,0.0694,0.7254,0.0,0.2611,1.0,0.0,77.7984,0.9969,1.0,0.2274,0.0,0.1605,0.9998,0.4633,0.4165,0.9836,3.0195,0.7222,0.0086,1.0,0.0735,0.0,0.4293
1754657400000,157.2767,1.0,0.0694,0.7245,0.0,0.2583,1.0,0.0,81.1294,0.9965,1.0,0.229,0.0,0.1617,0.9998,0.441,0.4196,0.9813,3.085,0.7285,0.0085,1.0,0.0544,0.0,0.4219
1754657460000,156.0047,1.0,0.0694,0.724,0.0,0.2583,1.0,0.0,79.4195,0.9967,1.0,0.2257,0.0,0.1658,0.9999,0.4211,0.4146,0.9768,2.958,0.7266,0.0087,1.0,0.0605,0.0,0.423
1754657520000,153.6612,1.0,0.0694,0.7234,0.0,0.2667,1.0,0.0,80.1607,0.9969,1.0,0.234,0.0,0.1643,0.9997,0.4186,0.4252,1.0029,3.0154,0.7355,0.0089,1.0,0.0358,0.0,0.4375
1754657580000,151.1171,1.0,0.0694,0.7229,0.0,0.2556,1.0,0.0,78.2656,0.9967,1.0,0.2299,0.0,0.1581,0.9998,0.4354,0.4187,0.9949,2.8424,0.7341,0.0091,1.0,0.0447,0.0,0.4244
1754657640000,153.1312,1.0,0.0694,0.7239,0.0,0.2611,1.0,0.0,79.2011,0.9965,1.0,0.2312,0.0,0.1578,0.9998,0.4406,0.4219,0.9915,3.1207,0.739,0.0087,1.0,0.0609,0.0,0.4339
1754657700000,152.3728,1.0,0.0694,0.7265,0.0,0.2591,1.0,0.0,76.1873,0.9966,1.0,0.2322,0.0,0.1548,0.9998,0.4418,0.4271,1.017,3.0115,0.7515,0.0087,1.0,0.1611,0.0,0.4435
1754657760000,153.9321,1.0,0.0694,0.7248,0.0,0.2667,1.0,0.0,78.3725,0.9966,1.0,0.2328,0.0,0.166,0.9997,0.4358,0.4268,1.0323,3.0322,0.7622,0.0087,1.0,0.0629,0.0,0.4594
1754657820000,305.785,1.0,0.0698,0.7283,0.0,0.2611,1.0,0.0,145.4566,0.9953,1.0,0.2192,0.0,0.1513,0.9954,0.4317,0.4084,1.0606,3.2237,0.7885,0.0084,1.0,0.0468,0.0,0.4663
1754657880000,174.328,1.0,0.0698,0.7223,0.0,0.2611,1.0,0.0,89.478,0.9967,1.0,0.2416,0.0,0.172,0.9989,0.4157,0.4378,0.981,3.0275,0.7301,0.0089,1.0,0.1059,0.0,0.4515
1754657940000,161.7051,1.0,0.0698,0.7245,0.0,0.2618,1.0,0.0,82.3756,0.9966,1.0,0.2264,0.0,0.1571,0.9998,0.4394,0.415,0.9964,3.0722,0.7338,0.0089,1.0,0.0679,0.0,0.4491
1754658000000,165.3091,1.0,0.0698,0.7266,0.0,0.2611,1.0,0.0,83.0041,0.9965,1.0,0.2308,0.0,0.161,0.9997,0.4178,0.4245,1.0427,3.0874,0.7674,0.0087,1.0,0.1912,0.0,0.4562
1754658060000,156.6769,1.0,0.0698,0.7239,0.0,0.2611,1.0,0.0,80.2147,0.9967,1.0,0.2329,0.0,0.1543,0.9998,0.441,0.4258,1.0276,3.1716,0.7563,0.0091,1.0,0.168,0.0,0.4733
1754658120000,155.9456,1.0,0.0694,0.725,0.0,0.2575,1.0,0.0,79.7916,0.9967,1.0,0.2316,0.0,0.1635,0.9998,0.4335,0.4239,1.0069,3.0527,0.7415,0.0089,1.0,0.0441,0.0,0.4502
1754658180000,155.6525,1.0,0.0694,0.7221,0.0,0.2537,1.0,0.0,79.2541,0.9968,1.0,0.2152,0.0,0.1552,0.9998,0.4382,0.3946,0.9988,2.9517,0.8113,0.0084,1.0,0.0672,0.0,0.4557
1754658240000,152.0477,1.0,0.0694,0.7249,0.0,0.2583,1.0,0.0,77.8335,0.9968,1.0,0.2327,0.0,0.1616,0.9998,0.4342,0.4268,1.0055,3.1589,0.7524,0.0086,1.0,0.0822,0.0,0.4509
1754658300000,154.2597,1.0,0.0694,0.7277,0.0,0.2478,1.0,0.0,76.5683,0.9964,1.0,0.2286,0.0,0.1662,0.9999,0.4372,0.4234,1.0156,3.187,0.7419,0.0093,1.0,0.0501,0.0,0.4533
1754658360000,156.063,1.0,0.0694,0.7248,0.0,0.2444,1.0,0.0,79.1423,0.9966,1.0,0.2268,0.0,0.1639,0.9998,0.4569,0.4164,1.0115,3.036,0.7421,0.009,1.0,0.1365,0.0,0.4689
1754658420000,156.6593,1.0,0.0694,0.7253,0.0,0.2472,1.0,0.0,79.227,0.9968,1.0,0.2319,0.0,0.1672,0.9997,0.4611,0.426,0.9971,3.0186,0.7372,0.0091,1.0,0.0521,0.0,0.4485
1754658480000,158.0473,1.0,0.0694,0.725,0.0,0.2472,1.0,0.0,79.6655,0.997,1.0,0.2278,0.0,0.1559,0.9997,0.4724,0.4183,0.9993,3.1173,0.7379,0.0087,1.0,0.036,0.0,0.4567
1754658540000,151.1904,1.0,0.0694,0.7235,0.0,0.2528,1.0,0.0,78.403,0.9968,1.0,0.232,0.0,0.1571,0.9999,0.4733,0.4245,0.9857,3.002,0.7293,0.0089,1.0,0.0679,0.0,0.4533
1754658600000,158.2443,1.0,0.0694,0.7225,0.0,0.2521,1.0,0.0,81.9808,0.9969,1.0,0.2327,0.0,0.1591,0.9998,0.47,0.4258,0.9963,3.0206,0.7394,0.0089,1.0,0.0643,0.0,0.4434
1754658660000,154.8231,1.0,0.0694,0.7227,0.0,0.2639,1.0,0.0,79.1253,0.9967,1.0,0.231,0.0,0.1662,0.9998,0.4668,0.423,0.9993,3.0404,0.7411,0.009,1.0,0.0398,0.0,0.4429
1754658720000,151.1961,1.0,0.0694,0.7252,0.0,0.2639,1.0,0.0,76.2867,0.9967,1.0,0.2312,0.0,0.1643,0.9999,0.4772,0.4248,0.9891,3.0199,0.7307,0.0091,1.0,0.1648,0.0,0.4513
1754658780000,152.39,1.0,0.0694,0.7244,0.0,0.2722,1.0,0.0,77.3655,0.9966,1.0,0.2298,0.0,0.1641,0.9998,0.4533,0.4211,0.9873,3.0893,0.7356,0.0086,1.0,0.0387,0.0,0.4429
1754658840000,157.7178,1.0,0.0694,0.7238,0.0,0.275,1.0,0.0,80.2751,0.9968,1.0,0.2226,0.0,0.1507,0.9998,0.4301,0.4067,0.9959,2.9177,0.736,0.0088,1.0,0.0451,0.0,0.4589
1754658900000,158.5742,1.0,0.0694,0.7253,0.0,0.2722,1.0,0.0,79.5737,0.9968,1.0,0.2261,0.0,0.1632,0.9998,0.4596,0.4147,1.0471,3.0954,0.7645,0.0089,1.0,0.1187,0.0,0.4428
1754658960000,159.973,1.0,0.0694,0.7251,0.0,0.275,1.0,0.0,81.6039,0.9967,1.0,0.2331,0.0,0.168,0.9997,0.4661,0.4271,1.0085,3.0454,0.7436,0.0089,1.0,0.0867,0.0,0.4516
1754659020000,155.4241,1.0,0.0694,0.7243,0.0,0.2722,1.0,0.0,79.9287,0.9966,1.0,0.2299,0.0,0.1656,0.9999,0.4568,0.4212,0.9985,3.0477,0.7302,0.0088,1.0,0.1066,0.0,0.4629
1754659080000,156.5584,1.0,0.0694,0.7258,0.0,0.2667,1.0,0.0,78.5862,0.9967,1.0,0.2294,0.0,0.1672,0.9998,0.4858,0.4222,0.9916,2.8415,0.731,0.009,1.0,0.0679,0.0,0.4447
1754659140000,154.2734,1.0,0.0694,0.7235,0.0,0.2583,1.0,0.0,79.1209,0.9964,1.0,0.2277,0.0,0.1638,0.9998,0.4475,0.4164,0.9965,3.0233,0.7296,0.009,1.0,0.0497,0.0,0.4616
1754659200000,155.9212,1.0,0.0694,0.7269,0.0,0.2583,1.0,0.0,77.7951,0.9966,1.0,0.2309,0.0,0.158,0.9999,0.4207,0.4254,0.9873,3.044,0.7316,0.0087,1.0,0.0944,0.0,0.4422
1754659260000,150.587,1.0,0.0694,0.7252,0.0,0.2611,1.0,0.0,76.7924,0.9968,1.0,0.2309,0.0,0.1645,0.9999,0.4501,0.4229,0.9809,3.0491,0.7379,0.0094,1.0,0.0485,0.0,0.452
1754659320000,153.2238,1.0,0.0694,0.7238,0.0,0.2556,1.0,0.0,79.7805,0.9969,1.0,0.2361,0.0,0.1592,0.9998,0.4668,0.4305,0.9954,3.037,0.7337,0.0089,1.0,0.0734,0.0,0.4499
1754659380000,149.1343,1.0,0.0694,0.7239,0.0,0.2583,1.0,0.0,78.4865,0.9968,1.0,0.2274,0.0,0.1543,0.9999,0.4672,0.4144,0.9907,3.0425,0.7353,0.0087,1.0,0.0884,0.0,0.4609
1754659440000,152.5027,1.0,0.0694,0.7246,0.0,0.2589,1.0,0.0,79.2993,0.997,1.0,0.2311,0.0,0.1572,0.9999,0.4483,0.4228,0.9867,3.182,0.7298,0.009,1.0,0.0562,0.0,0.4406
1754659500000,151.0367,1.0,0.0694,0.7234,0.0,0.2611,1.0,0.0,78.877,0.9968,1.0,0.2326,0.0,0.1621,0.9998,0.4633,0.424,0.9914,3.1343,0.7389,0.009,1.0,0.0628,0.0,0.4392
1754659560000,155.8163,1.0,0.0694,0.7226,0.0,0.2667,1.0,0.0,81.8046,0.9967,1.0,0.2298,0.0,0.1586,0.9996,0.4857,0.418,0.9881,3.1266,0.7341,0.0087,1.0,0.0589,0.0,0.4443
1754659620000,155.5626,1.0,0.0694,0.7234,0.0,0.2667,1.0,0.0,81.1733,0.9968,1.0,0.2321,0.0,0.1631,0.9997,0.4917,0.4231,0.9925,3.1518,0.7331,0.0089,1.0,0.0449,0.0,0.4329
1754659680000,149.0324,1.0,0.0694,0.7234,0.0,0.2583,1.0,0.0,77.7437,0.997,1.0,0.233,0.0,0.1637,0.9997,0.4815,0.4237,0.9811,3.0295,0.7282,0.0088,1.0,0.0384,0.0,0.4443
1754659740000,150.0502,1.0,0.0694,0.7241,0.0,0.2596,1.0,0.0,77.9988,0.9968,1.0,0.2315,0.0,0.1672,0.9998,0.491,0.422,1.0003,3.0596,0.7307,0.0089,1.0,0.062,0.0,0.4359
1754659800000,163.2249,1.0,0.0694,0.7241,0.0,0.266,1.0,0.0,82.4,0.9963,1.0,0.2263,0.0,0.1559,0.9997,0.4706,0.4134,1.0026,3.1013,0.7385,0.0088,1.0,0.0369,0.0,0.4367
1754659860000,150.1242,1.0,0.0694,0.7213,0.0,0.2507,1.0,0.0,79.9064,0.9966,1.0,0.2323,0.0,0.1534,0.9998,0.4514,0.4201,1.024,3.1689,0.7547,0.0087,1.0,0.0852,0.0,0.4338
1754659920000,152.2306,1.0,0.0694,0.7223,0.0,0.2563,1.0,0.0,79.0102,0.9965,1.0,0.2281,0.0,0.1575,0.9997,0.456,0.414,1.0165,3.186,0.7572,0.0088,1.0,0.0607,0.0,0.4192
1754659980000,152.4434,1.0,0.0694,0.7233,0.0,0.262,1.0,0.0,78.4751,0.9968,1.0,0.2262,0.0,0.1605,0.9999,0.4588,0.4116,1.0057,3.1008,0.7494,0.0088,1.0,0.0649,0.0,0.4294
1754660040000,153.9629,1.0,0.0694,0.7238,0.0,0.2583,1.0,0.0,79.1188,0.9967,1.0,0.229,0.0,0.1594,0.9998,0.4682,0.4175,1.0122,3.1492,0.7512,0.0087,1.0,0.0493,0.0,0.4441
1754660100000,156.1587,1.0,0.0694,0.7209,0.0,0.2583,1.0,0.0,83.2655,0.9967,1.0,0.2328,0.0,0.1554,0.9997,0.4619,0.4207,1.0086,3.2017,0.7551,0.0082,1.0,0.0664,0.0,0.439
1754660160000,158.2374,1.0,0.0694,0.7229,0.0,0.2575,1.0,0.0,81.8927,0.997,1.0,0.2334,0.0,0.1545,0.9997,0.4672,0.4245,1.0371,3.0588,0.7695,0.0087,1.0,0.0481,0.0,0.4304
1754660220000,150.1433,1.0,0.0694,0.7256,0.0,0.2611,1.0,0.0,77.5627,0.9968,1.0,0.2306,0.0,0.1547,0.9999,0.4763,0.4229,1.022,3.0682,0.7538,0.0086,1.0,0.0695,0.0,0.4498
1754660280000,151.8655,1.0,0.0694,0.7246,0.0,0.2556,1.0,0.0,78.0592,0.9969,1.0,0.2309,0.0,0.1576,0.9999,0.4732,0.4224,1.0021,3.1608,0.7361,0.0088,1.0,0.0518,0.0,0.451
1754660340000,153.6152,1.0,0.0694,0.7246,0.0,0.2583,1.0,0.0,78.7138,0.997,1.0,0.2279,0.0,0.1642,0.9998,0.485,0.4156,0.999,3.0762,0.7407,0.0083,1.0,0.0662,0.0,0.4366
1754660400000,152.408,1.0,0.0694,0.7243,0.0,0.2711,1.0,0.0,79.012,0.9968,1.0,0.2373,0.0,0.1586,0.9997,0.4996,0.4322,1.011,3.3595,0.7541,0.009,1.0,0.0741,0.0,0.4314
1754660460000,151.2383,1.0,0.0694,0.7237,0.0,0.2759,1.0,0.0,78.7889,0.9968,1.0,0.2333,0.0,0.1537,0.9998,0.5131,0.4251,1.0108,3.1571,0.7466,0.0091,1.0,0.0657,0.0,0.4475
1754660520000,151.845,1.0,0.0694,0.7234,0.0,0.2778,1.0,0.0,79.1359,0.9968,1.0,0.232,0.0,0.1633,0.9997,0.4997,0.4225,1.0421,3.0421,0.7664,0.0089,1.0,0.0614,0.0,0.4404
1754660580000,153.4919,1.0,0.0694,0.7218,0.0,0.2716,1.0,0.0,80.762,0.997,1.0,0.2355,0.0,0.1635,0.9997,0.4675,0.427,1.0198,3.0181,0.7469,0.0088,1.0,0.1183,0.0,0.4379
1754660640000,154.0872,1.0,0.0694,0.721,0.0,0.2694,1.0,0.0,80.2418,0.9969,1.0,0.2235,0.0,0.164,0.9997,0.4549,0.409,1.0053,3.0147,0.7413,0.0085,1.0,0.0498,0.0,0.4442
1754660700000,151.8604,1.0,0.0694,0.7197,0.0,0.2694,1.0,0.0,82.8521,0.9968,1.0,0.233,0.0,0.157,0.9996,0.4463,0.4193,1.0249,3.1138,0.7615,0.0088,1.0,0.0372,0.0,0.4413
1754660760000,155.5825,1.0,0.0694,0.7215,0.0,0.2618,1.0,0.0,81.5191,0.9968,1.0,0.2331,0.0,0.1652,0.9997,0.4354,0.4236,1.012,3.0017,0.7503,0.009,1.0,0.059,0.0,0.4146
1754660820000,152.2815,1.0,0.0694,0.7217,0.0,0.2611,1.0,0.0,79.6646,0.9968,1.0,0.2352,0.0,0.1702,0.9998,0.4497,0.427,0.9916,3.1252,0.7317,0.0093,1.0,0.0555,0.0,0.4455
1754660880000,151.8822,1.0,0.0694,0.7229,0.0,0.2604,1.0,0.0,77.5066,0.9966,1.0,0.2295,0.0,0.1605,0.9997,0.4351,0.4183,0.9967,2.9741,0.7375,0.0096,1.0,0.0391,0.0,0.4559
1754660940000,153.0198,1.0,0.0694,0.7234,0.0,0.2611,1.0,0.0,79.4637,0.9967,1.0,0.2299,0.0,0.1557,0.9997,0.4506,0.419,0.997,3.2027,0.7415,0.0087,1.0,0.0689,0.0,0.4536
1754661000000,148.8955,1.0,0.0694,0.7191,0.0,0.2583,1.0,0.0,78.1913,0.997,1.0,0.2265,0.0,0.1609,0.9997,0.4611,0.4118,1.0205,3.0143,0.7464,0.009,1.0,0.0527,0.0,0.4343
1754661060000,149.4488,1.0,0.0694,0.7204,0.0,0.2575,1.0,0.0,77.4104,0.9971,1.0,0.224,0.0,0.1595,0.9998,0.4551,0.4096,1.0242,2.9769,0.7598,0.0089,1.0,0.0988,0.0,0.4343
1754661120000,146.4505,1.0,0.0694,0.7211,0.0,0.2583,1.0,0.0,77.3104,0.997,1.0,0.2295,0.0,0.1602,0.9999,0.4513,0.4163,1.0315,3.0925,0.7671,0.0091,1.0,0.0528,0.0,0.4287
1754661180000,149.5734,1.0,0.0694,0.7244,0.0,0.2591,1.0,0.0,76.6674,0.9968,1.0,0.2374,0.0,0.1652,0.9999,0.4615,0.4334,0.997,2.8687,0.7394,0.0089,1.0,0.0605,0.0,0.4299
1754661240000,154.7407,1.0,0.0694,0.7255,0.0,0.2611,1.0,0.0,78.4254,0.9967,1.0,0.2328,0.0,0.1637,0.9997,0.4488,0.4264,1.0105,3.0465,0.7527,0.0091,1.0,0.0639,0.0,0.4418
1754661300000,156.2598,1.0,0.0694,0.7245,0.0,0.2556,1.0,0.0,79.48,0.9969,1.0,0.2327,0.0,0.1594,0.9997,0.4383,0.4242,1.0219,3.1947,0.7509,0.009,1.0,0.0765,0.0,0.4542
1754661360000,152.5414,1.0,0.0694,0.7233,0.0,0.2611,1.0,0.0,79.3029,0.997,1.0,0.2323,0.0,0.1569,0.9996,0.4228,0.4226,1.0121,2.9844,0.7427,0.0092,1.0,0.058,0.0,0.4467
1754661420000,152.2065,1.0,0.0694,0.721,0.0,0.2639,1.0,0.0,79.7298,0.997,1.0,0.2208,0.0,0.1561,0.9998,0.4424,0.4021,0.9986,3.0307,0.7363,0.0087,1.0,0.2119,0.0,0.4375
1754661480000,152.7974,1.0,0.0694,0.7225,0.0,0.2639,1.0,0.0,79.1106,0.997,1.0,0.2346,0.0,0.1663,0.9998,0.4554,0.4259,0.9905,3.0832,0.7343,0.009,1.0,0.0523,0.0,0.4364
1754661540000,153.8893,1.0,0.0694,0.723,0.0,0.2639,1.0,0.0,79.992,0.9969,1.0,0.2304,0.0,0.1636,0.9999,0.4593,0.4193,0.9878,3.0472,0.7276,0.0089,1.0,0.0403,0.0,0.4365
1754661600000,153.405,1.0,0.0694,0.7191,0.0,0.2528,1.0,0.0,83.1477,0.9971,1.0,0.2289,0.0,0.1554,0.9997,0.4557,0.4129,1.0148,2.9411,0.777,0.0091,1.0,0.0628,0.0,0.4389
1754661660000,147.3222,1.0,0.0694,0.72,0.0,0.2535,1.0,0.0,77.3908,0.9972,1.0,0.2221,0.0,0.167,0.9999,0.4458,0.4051,0.9886,2.8944,0.8213,0.0095,1.0,0.101,0.0,0.4439
1754661720000,149.6527,1.0,0.0694,0.72,0.0,0.2556,1.0,0.0,77.4808,0.9969,1.0,0.2165,0.0,0.1626,0.9999,0.4344,0.3962,1.0048,2.9528,0.8216,0.009,1.0,0.0631,0.0,0.445
1754661780000,149.167,1.0,0.0694,0.7195,0.0,0.2583,1.0,0.0,78.749,0.9971,1.0,0.2199,0.0,0.1563,0.9997,0.4628,0.4,0.9925,2.9544,0.8,0.0095,1.0,0.0361,0.0,0.4364
1754661840000,148.9196,1.0,0.0694,0.7188,0.0,0.2591,1.0,0.0,78.1017,0.9968,1.0,0.2152,0.0,0.1588,0.9997,0.4585,0.3927,1.0125,2.933,0.8235,0.0089,1.0,0.0456,0.0,0.4301
1754661900000,150.8236,1.0,0.0694,0.7187,0.0,0.2604,1.0,0.0,79.4786,0.997,1.0,0.2098,0.0,0.1477,0.9999,0.4439,0.3823,0.9915,2.7981,0.8068,0.0088,1.0,0.0434,0.0,0.424
1754661960000,151.7932,1.0,0.0694,0.7191,0.0,0.2611,1.0,0.0,79.0833,0.9972,1.0,0.2131,0.0,0.1612,0.9998,0.4474,0.3897,0.9883,3.0375,0.8093,0.0089,1.0,0.068,0.0,0.425
1754662020000,147.3885,1.0,0.0694,0.7229,0.0,0.2667,1.0,0.0,75.1161,0.9969,1.0,0.2175,0.0,0.1593,0.9999,0.4339,0.3996,0.9968,2.793,0.776,0.0089,1.0,0.0392,0.0,0.4348
1754662080000,151.3318,1.0,0.0694,0.7203,0.0,0.2667,1.0,0.0,78.9944,0.9971,1.0,0.2209,0.0,0.1706,0.9998,0.4349,0.4031,0.9962,2.815,0.7812,0.0093,1.0,0.0549,0.0,0.4399
1754662140000,149.2105,1.0,0.0694,0.7207,0.0,0.2583,1.0,0.0,76.9556,0.9971,1.0,0.215,0.0,0.1643,0.9998,0.4261,0.3918,0.9939,2.8733,0.7848,0.0089,1.0,0.0444,0.0,0.4472
1754662200000,146.2945,1.0,0.0694,0.7191,0.0,0.2611,1.0,0.0,77.3018,0.9972,1.0,0.2199,0.0,0.1583,0.9998,0.4081,0.3984,0.9871,2.9064,0.7849,0.0087,1.0,0.0381,0.0,0.4347
1754662260000,152.8339,1.0,0.0694,0.7209,0.0,0.2556,1.0,0.0,79.418,0.9969,1.0,0.2142,0.0,0.1563,0.9997,0.4363,0.3909,0.9914,2.97,0.7956,0.0087,1.0,0.035,0.0,0.428
1754662320000,207.804,1.0,0.0694,0.723,0.0,0.2667,1.0,0.0,106.8451,0.9965,1.0,0.206,0.0,0.1608,0.9981,0.4446,0.3808,1.0268,3.0646,0.819,0.009,1.0,0.0716,0.0,0.43
1754662380000,201.1271,1.0,0.0694,0.7189,0.0,0.2694,1.0,0.0,103.8447,0.9969,1.0,0.2265,0.0,0.1639,0.9979,0.4504,0.4103,0.9924,2.975,0.786,0.0091,1.0,0.0453,0.0,0.4435
1754662440000,170.4919,1.0,0.0694,0.7213,0.0,0.2556,1.0,0.0,90.0494,0.997,1.0,0.221,0.0,0.1655,0.9994,0.5039,0.4038,1.0255,3.002,0.7971,0.009,1.0,0.0312,0.0,0.4473
1754662500000,160.6698,1.0,0.0694,0.7212,0.0,0.2611,1.0,0.0,85.9967,0.9971,1.0,0.2301,0.0,0.1566,0.9994,0.4843,0.4185,1.0027,2.8407,0.7729,0.0084,1.0,0.0476,0.0,0.4564
1754662560000,153.0912,1.0,0.0694,0.7227,0.0,0.2611,1.0,0.0,77.7253,0.9972,1.0,0.2244,0.0,0.1644,0.9997,0.4781,0.4094,0.9949,2.881,0.7644,0.0094,1.0,0.0609,0.0,0.4458
1754662620000,150.8124,1.0,0.0694,0.7227,0.0,0.2646,1.0,0.0,77.0576,0.997,1.0,0.2269,0.0,0.1658,0.9998,0.4546,0.4147,0.9852,2.7788,0.7499,0.009,1.0,0.0397,0.0,0.4514
1754662680000,151.2214,1.0,0.0694,0.7209,0.0,0.2611,1.0,0.0,77.82,0.997,1.0,0.2172,0.0,0.1604,0.9998,0.4771,0.397,0.9832,2.9504,0.7891,0.0089,1.0,0.0555,0.0,0.4391
1754662740000,151.1365,1.0,0.0694,0.7202,0.0,0.2611,1.0,0.0,78.4415,0.9967,1.0,0.2146,0.0,0.1524,0.9998,0.4739,0.392,0.9858,2.8492,0.7821,0.0088,1.0,0.1049,0.0,0.437
1754662800000,148.5441,1.0,0.0694,0.721,0.0,0.2611,1.0,0.0,77.6142,0.997,1.0,0.2202,0.0,0.1567,0.9998,0.4614,0.4004,1.0312,2.7908,0.7802,0.0087,1.0,0.0495,0.0,0.4218
1754662860000,149.2773,1.0,0.0694,0.7227,0.0,0.2583,1.0,0.0,76.7542,0.9972,1.0,0.2166,0.0,0.165,0.9998,0.4617,0.3963,0.9949,2.87,0.7662,0.0088,1.0,0.0395,0.0,0.4175
1754662920000,148.1511,1.0,0.0694,0.7235,0.0,0.2648,1.0,0.0,76.9347,0.9972,1.0,0.2283,0.0,0.1479,0.9999,0.4232,0.4151,1.0059,2.916,0.7368,0.0082,1.0,0.0563,0.0,0.4243
1754662980000,153.3834,1.0,0.0694,0.7236,0.0,0.2631,1.0,0.0,79.2069,0.9968,1.0,0.2232,0.0,0.1615,0.9998,0.4296,0.4066,1.0023,2.9051,0.7371,0.009,1.0,0.0949,0.0,0.4103
1754663040000,149.6021,1.0,0.0694,0.7223,0.0,0.262,1.0,0.0,79.0727,0.997,1.0,0.2261,0.0,0.1606,0.9997,0.4168,0.4096,0.9721,2.88,0.7168,0.0087,1.0,0.0471,0.0,0.4194
1754663100000,146.1953,1.0,0.0694,0.7227,0.0,0.2528,1.0,0.0,76.5005,0.9969,1.0,0.2265,0.0,0.1574,0.9998,0.4329,0.4118,0.9779,2.8972,0.7193,0.0091,1.0,0.08,0.0,0.3984
1754663160000,148.1302,1.0,0.0694,0.7217,0.0,0.2591,1.0,0.0,77.2408,0.997,1.0,0.2198,0.0,0.1599,0.9998,0.4311,0.3993,0.9647,2.9428,0.7451,0.0091,1.0,0.0653,0.0,0.4107
1754663220000,148.3459,1.0,0.0694,0.72,0.0,0.2611,1.0,0.0,78.1833,0.9971,1.0,0.2161,0.0,0.1547,0.9997,0.4157,0.3931,0.9824,2.7492,0.7712,0.0089,1.0,0.0678,0.0,0.4208
1754663280000,152.7745,1.0,0.0694,0.7199,0.0,0.2528,1.0,0.0,77.8506,0.9971,1.0,0.2104,0.0,0.1589,0.9997,0.4165,0.3868,0.9803,2.8918,0.7644,0.0093,1.0,0.0552,0.0,0.4077
1754663340000,151.1105,1.0,0.0694,0.7169,0.0,0.2537,1.0,0.0,79.8785,0.9971,1.0,0.2134,0.0,0.1448,0.9997,0.4018,0.3897,0.9615,2.9871,0.771,0.0089,1.0,0.0661,0.0,0.4227
1754663400000,149.7754,1.0,0.0694,0.7176,0.0,0.2521,1.0,0.0,80.3862,0.997,1.0,0.2159,0.0,0.1567,0.9998,0.445,0.3902,0.97,3.0396,0.7856,0.0088,1.0,0.0507,0.0,0.4064
1754663460000,151.5729,1.0,0.0694,0.7202,0.0,0.2646,1.0,0.0,79.6307,0.9969,1.0,0.2199,0.0,0.1565,0.9998,0.4368,0.3988,0.9672,2.8414,0.7518,0.0089,1.0,0.1963,0.0,0.4137
1754663520000,151.9899,1.0,0.0694,0.7216,0.0,0.2639,1.0,0.0,79.3962,0.9971,1.0,0.2234,0.0,0.154,0.9997,0.4435,0.4051,0.9825,2.8594,0.7225,0.0087,1.0,0.0683,0.0,0.4132
1754663580000,143.8635,1.0,0.0694,0.7199,0.0,0.2639,1.0,0.0,76.8436,0.9972,1.0,0.2274,0.0,0.1461,0.9999,0.3996,0.4133,0.9733,2.9214,0.7173,0.0084,1.0,0.088,0.0,0.4083
1754663640000,145.5725,1.0,0.0694,0.7179,0.0,0.2611,1.0,0.0,75.9454,0.9971,1.0,0.2112,0.0,0.1622,0.9997,0.4176,0.3859,0.969,2.9334,0.7505,0.0092,1.0,0.0363,0.0,0.3984
1754663700000,148.9951,1.0,0.0694,0.717,0.0,0.2639,1.0,0.0,80.2095,0.9973,1.0,0.2175,0.0,0.1512,0.9996,0.4144,0.3952,0.9668,3.1271,0.722,0.0087,1.0,0.0559,0.0,0.415
1754663760000,151.5526,1.0,0.0694,0.7186,0.0,0.2675,1.0,0.0,80.0596,0.997,1.0,0.2095,0.0,0.1459,0.9997,0.4185,0.3815,0.9648,2.8946,0.7176,0.0089,1.0,0.0463,0.0,0.4054
1754663820000,144.1172,1.0,0.0694,0.7201,0.0,0.2639,1.0,0.0,77.1536,0.9971,1.0,0.2186,0.0,0.1549,0.9998,0.4317,0.397,0.9699,2.8386,0.72,0.0085,1.0,0.0523,0.0,0.4028
1754663880000,147.1459,1.0,0.0694,0.7228,0.0,0.2583,1.0,0.0,76.2027,0.9971,1.0,0.2211,0.0,0.1565,0.9998,0.4083,0.4031,0.9828,2.8977,0.7214,0.0086,1.0,0.0807,0.0,0.4051
1754663940000,150.3078,1.0,0.0694,0.7224,0.0,0.2667,1.0,0.0,77.6103,0.9972,1.0,0.2226,0.0,0.149,0.9997,0.4213,0.4058,1.0003,2.8086,0.7398,0.0085,1.0,0.0991,0.0,0.3995
1754664000000,149.545,1.0,0.0694,0.7202,0.0,0.2667,1.0,0.0,80.1723,0.997,1.0,0.2197,0.0,0.1492,0.9997,0.4022,0.3977,1.0291,2.7779,0.7492,0.0087,1.0,0.035,0.0,0.4043
1754664060000,148.1867,1.0,0.0694,0.7199,0.0,0.2583,1.0,0.0,78.1019,0.9968,1.0,0.2247,0.0,0.1518,0.9998,0.4168,0.4077,0.9863,2.8683,0.7343,0.0088,1.0,0.0528,0.0,0.3946
1754664120000,147.4065,1.0,0.0694,0.7208,0.0,0.2603,1.0,0.0,77.8667,0.997,1.0,0.2234,0.0,0.1555,0.9997,0.4443,0.4048,0.9913,2.8321,0.7368,0.0091,1.0,0.2365,0.0,0.4037
1754664180000,144.7876,1.0,0.0694,0.7176,0.0,0.2716,1.0,0.0,77.6866,0.9973,1.0,0.2113,0.0,0.1537,0.9998,0.4569,0.3821,0.9996,2.9096,0.7842,0.0086,1.0,0.0466,0.0,0.4073
1754664240000,149.6067,1.0,0.0694,0.7205,0.0,0.2611,1.0,0.0,79.3226,0.9975,1.0,0.2224,0.0,0.1514,0.9997,0.4465,0.4032,1.0266,2.8324,0.749,0.0085,1.0,0.0618,0.0,0.3939
1754664300000,147.2849,1.0,0.0694,0.7197,0.0,0.2639,1.0,0.0,78.5318,0.9975,1.0,0.2202,0.0,0.1539,0.9997,0.4393,0.3977,0.9925,2.9193,0.7436,0.0083,1.0,0.0545,0.0,0.3971
1754664360000,146.0891,1.0,0.0694,0.718,0.0,0.2639,1.0,0.0,78.5126,0.9973,1.0,0.2071,0.0,0.1405,0.9998,0.4293,0.3754,0.9708,2.8908,0.7933,0.0085,1.0,0.1018,0.0,0.3926
1754664420000,143.0318,1.0,0.0694,0.7178,0.0,0.2639,1.0,0.0,77.732,0.9973,1.0,0.2088,0.0,0.1511,0.9998,0.4225,0.3779,0.9652,2.8151,0.7816,0.0084,1.0,0.0352,0.0,0.3896
1754664480000,154.0816,1.0,0.0694,0.7177,0.0,0.2556,1.0,0.0,81.192,0.9972,1.0,0.207,0.0,0.1553,0.9997,0.4308,0.3763,0.974,2.876,0.7923,0.0086,1.0,0.0583,0.0,0.3836
1754664540000,140.3904,1.0,0.0694,0.7161,0.0,0.2528,1.0,0.0,76.6726,0.9972,1.0,0.2107,0.0,0.153,0.9997,0.4322,0.3794,0.9438,2.8144,0.775,0.0089,1.0,0.077,0.0,0.406
1754664600000,148.3794,1.0,0.0694,0.7193,0.0,0.2556,1.0,0.0,77.2753,0.9973,1.0,0.2053,0.0,0.1539,0.9997,0.4254,0.3736,0.9554,2.7881,0.7702,0.0088,1.0,0.0488,0.0,0.3855
1754664660000,149.848,1.0,0.0694,0.7217,0.0,0.2556,1.0,0.0,77.6167,0.9971,1.0,0.2092,0.0,0.152,0.9998,0.4269,0.3809,0.9707,2.839,0.7512,0.0088,1.0,0.0278,0.0,0.3989
1754664720000,147.8588,1.0,0.0694,0.7237,0.0,0.2472,1.0,0.0,76.1398,0.9973,1.0,0.2202,0.0,0.1556,0.9998,0.4076,0.4001,0.9773,2.7159,0.7211,0.0085,1.0,0.0934,0.0,0.3991
1754664780000,148.0241,1.0,0.0694,0.724,0.0,0.25,1.0,0.0,77.0674,0.9973,1.0,0.2197,0.0,0.1498,0.9998,0.4057,0.4004,0.9649,2.9579,0.717,0.0086,1.0,0.0388,0.0,0.3899
1754664840000,154.7606,1.0,0.0694,0.7215,0.0,0.2556,1.0,0.0,82.1029,0.9969,1.0,0.2206,0.0,0.1386,0.9996,0.4192,0.3998,0.9823,2.7002,0.7362,0.008,1.0,0.0818,0.0,0.3984
1754664900000,152.8059,1.0,0.0694,0.7226,0.0,0.2639,1.0,0.0,77.917,0.997,1.0,0.2139,0.0,0.1524,0.9997,0.4085,0.3906,0.9861,2.8271,0.7545,0.0086,1.0,0.0552,0.0,0.3874
1754664960000,146.0914,1.0,0.0694,0.7223,0.0,0.2659,1.0,0.0,75.8341,0.9971,1.0,0.2151,0.0,0.1499,0.9998,0.4053,0.3907,0.9649,2.7939,0.7123,0.0087,1.0,0.0461,0.0,0.4072
1754665020000,145.5059,1.0,0.0694,0.7223,0.0,0.2639,1.0,0.0,75.4992,0.9971,1.0,0.2151,0.0,0.1464,0.9999,0.3974,0.3908,0.9706,2.7683,0.7166,0.0088,1.0,0.0434,0.0,0.3912
1754665080000,148.6909,1.0,0.0694,0.72,0.0,0.2611,1.0,0.0,78.2803,0.9971,1.0,0.2052,0.0,0.1398,0.9998,0.4126,0.373,0.9719,2.8124,0.7764,0.0082,1.0,0.0472,0.0,0.3846
1754665140000,145.7576,1.0,0.0694,0.7171,0.0,0.2583,1.0,0.0,77.5958,0.9974,1.0,0.1976,0.0,0.1439,0.9999,0.3942,0.3595,0.9426,2.9207,0.8159,0.0084,1.0,0.0611,0.0,0.3808
1754665200000,153.8898,1.0,0.0694,0.721,0.0,0.2611,1.0,0.0,79.4239,0.9972,1.0,0.1954,0.0,0.142,0.9997,0.4154,0.3601,0.9661,2.7276,0.8055,0.0086,1.0,0.058,0.0,0.374
1754665260000,150.4913,1.0,0.0694,0.7227,0.0,0.2639,1.0,0.0,77.4206,0.9973,1.0,0.1986,0.0,0.145,0.9997,0.4232,0.3639,0.9613,2.8486,0.7486,0.0084,1.0,0.0367,0.0,0.3947
1754665320000,147.4036,1.0,0.0694,0.7217,0.0,0.2639,1.0,0.0,76.5538,0.997,1.0,0.2061,0.0,0.1535,0.9998,0.4231,0.3758,0.9666,2.8439,0.7212,0.0087,1.0,0.0438,0.0,0.4014
1754665380000,144.6643,1.0,0.0694,0.7203,0.0,0.266,1.0,0.0,76.9181,0.9973,1.0,0.2058,0.0,0.1452,0.9998,0.4038,0.3743,0.9594,2.6862,0.7189,0.0083,1.0,0.0681,0.0,0.3896
1754665440000,147.5783,1.0,0.0694,0.7215,0.0,0.2604,1.0,0.0,76.2076,0.997,1.0,0.2012,0.0,0.1426,0.9999,0.4033,0.3685,0.9462,2.8008,0.7147,0.0081,1.0,0.0507,0.0,0.3849
1754665500000,145.3039,1.0,0.0694,0.7221,0.0,0.2493,1.0,0.0,76.2153,0.9973,1.0,0.2156,0.0,0.1452,0.9998,0.3867,0.3905,0.9614,2.7291,0.7182,0.0086,1.0,0.0635,0.0,0.3924
1754665560000,146.8692,1.0,0.0694,0.7222,0.0,0.2507,1.0,0.0,77.9779,0.9972,1.0,0.217,0.0,0.1493,0.9997,0.3957,0.3927,0.9453,2.6811,0.705,0.0083,1.0,0.04,0.0,0.3809
1754665620000,144.0046,1.0,0.0694,0.7233,0.0,0.2639,1.0,0.0,74.1591,0.9969,1.0,0.2077,0.0,0.1431,0.9998,0.3951,0.379,0.956,2.7005,0.7051,0.008,1.0,0.2091,0.0,0.3666
1754665680000,148.6063,1.0,0.0694,0.7218,0.0,0.2667,1.0,0.0,77.0285,0.9972,1.0,0.2038,0.0,0.1446,0.9998,0.3888,0.3724,0.9593,2.8047,0.7105,0.0084,1.0,0.0494,0.0,0.379
1754665740000,148.5785,1.0,0.0694,0.7241,0.0,0.2694,1.0,0.0,75.6152,0.9971,1.0,0.2079,0.0,0.1387,0.9999,0.3878,0.3813,0.9473,2.7633,0.71,0.0084,1.0,0.0754,0.0,0.3807
1754665800000,143.4212,1.0,0.0694,0.7222,0.0,0.2611,1.0,0.0,76.7213,0.9972,1.0,0.2081,0.0,0.1454,0.9997,0.3742,0.3771,0.9781,2.9582,0.7379,0.0081,1.0,0.0592,0.0,0.391
1754665860000,148.2024,1.0,0.0694,0.7219,0.0,0.2639,1.0,0.0,78.7464,0.9971,1.0,0.2125,0.0,0.1449,0.9997,0.3856,0.3847,0.9895,2.9128,0.7401,0.0083,1.0,0.046,0.0,0.3654
1754665920000,145.2814,1.0,0.0694,0.7224,0.0,0.2583,1.0,0.0,76.2511,0.9973,1.0,0.2097,0.0,0.1394,0.9997,0.3956,0.3813,0.9926,2.7981,0.7448,0.0085,1.0,0.0518,0.0,0.3823
1754665980000,141.1631,1.0,0.0694,0.7236,0.0,0.2627,1.0,0.0,74.639,0.9971,1.0,0.217,0.0,0.1453,0.9998,0.3963,0.3947,0.9704,2.8327,0.7226,0.0083,1.0,0.0454,0.0,0.3753
1754666040000,150.4805,1.0,0.0694,0.7242,0.0,0.2583,1.0,0.0,77.3968,0.9974,1.0,0.2132,0.0,0.1422,0.9997,0.3963,0.3895,0.9818,2.8162,0.7294,0.0081,1.0,0.0693,0.0,0.3834
1754666100000,146.0661,1.0,0.0694,0.7233,0.0,0.2583,1.0,0.0,76.1618,0.9972,1.0,0.2077,0.0,0.1332,0.9998,0.3694,0.3786,0.969,2.8472,0.7158,0.0083,1.0,0.0468,0.0,0.3807
1754666160000,143.1989,1.0,0.0694,0.7218,0.0,0.2611,1.0,0.0,76.0278,0.9972,1.0,0.2134,0.0,0.1383,0.9997,0.3783,0.3859,0.9459,2.7142,0.7061,0.0083,1.0,0.0435,0.0,0.366
1754666220000,142.2867,1.0,0.0694,0.7228,0.0,0.2618,1.0,0.0,74.8539,0.9975,1.0,0.2047,0.0,0.1409,0.9998,0.3946,0.3714,0.9542,2.7321,0.711,0.008,1.0,0.0496,0.0,0.3698
1754666280000,140.6995,1.0,0.0694,0.7228,0.0,0.2556,1.0,0.0,74.0596,0.9974,1.0,0.2084,0.0,0.1459,0.9999,0.3861,0.3778,0.9589,2.8561,0.7122,0.0081,1.0,0.0614,0.0,0.3657
1754666340000,140.6463,1.0,0.0694,0.7233,0.0,0.2583,1.0,0.0,73.8243,0.9971,1.0,0.2118,0.0,0.1431,0.9999,0.3572,0.3841,0.97,2.799,0.7159,0.0085,1.0,0.0665,0.0,0.3656
1754666400000,144.5668,1.0,0.0694,0.7219,0.0,0.2611,1.0,0.0,78.5808,0.9975,1.0,0.2178,0.0,0.1443,0.9997,0.3675,0.3924,0.9946,2.7452,0.7401,0.0084,1.0,0.0663,0.0,0.3665
1754666460000,148.4949,1.0,0.0694,0.7239,0.0,0.2556,1.0,0.0,78.3121,0.9972,1.0,0.2113,0.0,0.1402,0.9996,0.346,0.3847,0.9751,2.7446,0.7348,0.0084,1.0,0.1114,0.0,0.3646
1754666520000,147.1946,1.0,0.0694,0.7218,0.0,0.2583,1.0,0.0,78.5851,0.9973,1.0,0.2115,0.0,0.134,0.9995,0.3649,0.381,0.9576,2.8048,0.7148,0.0083,1.0,0.0453,0.0,0.3709
1754666580000,144.6726,1.0,0.0694,0.7234,0.0,0.2611,1.0,0.0,75.5916,0.9971,1.0,0.2002,0.0,0.1439,0.9998,0.3967,0.3647,0.9432,2.671,0.7069,0.0081,1.0,0.0402,0.0,0.3563
1754666640000,147.3512,1.0,0.0694,0.7224,0.0,0.2611,1.0,0.0,77.8546,0.9973,1.0,0.2041,0.0,0.1369,0.9997,0.3968,0.3695,0.938,2.818,0.7099,0.0077,1.0,0.0543,0.0,0.3548
1754666700000,147.6593,1.0,0.0694,0.7224,0.0,0.2639,1.0,0.0,78.6348,0.9972,1.0,0.2016,0.0,0.136,0.9996,0.4149,0.3645,0.9502,2.7461,0.7162,0.0083,1.0,0.0468,0.0,0.3623
1754666760000,147.1631,1.0,0.0694,0.7197,0.0,0.2639,1.0,0.0,76.4061,0.997,1.0,0.1821,0.0,0.1314,0.9998,0.3872,0.3342,0.9422,2.7993,0.8255,0.008,1.0,0.0848,0.0,0.3567
1754666820000,148.2366,1.0,0.0694,0.7195,0.0,0.2611,1.0,0.0,75.6301,0.9968,1.0,0.1813,0.0,0.1417,0.9997,0.3536,0.3335,0.9391,2.7234,0.8325,0.0086,1.0,0.0623,0.0,0.3583
1754666880000,146.2024,1.0,0.0694,0.7221,0.0,0.2639,1.0,0.0,76.4998,0.9969,1.0,0.1911,0.0,0.1409,0.9998,0.3575,0.3487,0.9447,2.8211,0.7439,0.0082,1.0,0.1002,0.0,0.3557
1754666940000,149.4199,1.0,0.0694,0.7236,0.0,0.2667,1.0,0.0,77.8186,0.9971,1.0,0.2016,0.0,0.135,0.9997,0.3731,0.3667,0.9336,2.6809,0.7111,0.008,1.0,0.0496,0.0,0.3562
1754667000000,152.4043,1.0,0.0694,0.7214,0.0,0.2722,1.0,0.0,81.3338,0.9971,1.0,0.2018,0.0,0.1423,0.9995,0.3653,0.3643,0.9584,2.6688,0.7219,0.0081,1.0,0.1389,0.0,0.3573
1754667060000,144.7497,1.0,0.0694,0.7202,0.0,0.2611,1.0,0.0,77.0294,0.9969,1.0,0.1935,0.0,0.1312,0.9998,0.3964,0.3508,0.9485,2.7662,0.7401,0.0083,1.0,0.058,0.0,0.3435
1754667120000,147.7694,1.0,0.0694,0.7202,0.0,0.2528,1.0,0.0,77.3488,0.9968,1.0,0.1813,0.0,0.1351,0.9996,0.3626,0.3321,0.9396,2.8492,0.7837,0.0077,1.0,0.0516,0.0,0.3547
1754667180000,146.701,1.0,0.0694,0.7208,0.0,0.2556,1.0,0.0,75.6494,0.9971,1.0,0.1776,0.0,0.1291,0.9997,0.3686,0.3258,0.9204,2.7419,0.7808,0.0076,1.0,0.0579,0.0,0.3431
1754667240000,148.7036,1.0,0.0694,0.7197,0.0,0.2556,1.0,0.0,76.5688,0.9968,1.0,0.1788,0.0,0.1439,0.9997,0.3621,0.3281,0.9221,2.7068,0.791,0.0083,1.0,0.0553,0.0,0.3475
1754667300000,141.3111,1.0,0.0694,0.7185,0.0,0.2611,1.0,0.0,75.4427,0.9973,1.0,0.1853,0.0,0.1219,0.9998,0.3676,0.3368,0.9245,2.8324,0.7739,0.0082,1.0,0.0775,0.0,0.3437
1754667360000,146.867,1.0,0.0694,0.7221,0.0,0.2611,1.0,0.0,77.2715,0.9972,1.0,0.1943,0.0,0.1368,0.9997,0.3814,0.3513,0.9546,2.7333,0.7281,0.0076,1.0,0.0501,0.0,0.3321
1754667420000,139.4203,1.0,0.0694,0.7217,0.0,0.2639,1.0,0.0,75.8295,0.9973,1.0,0.1963,0.0,0.1367,0.9998,0.3507,0.354,0.9223,2.8198,0.7008,0.0078,1.0,0.3649,0.0,0.3319
1754667480000,148.2055,1.0,0.0694,0.7233,0.0,0.2583,1.0,0.0,76.9303,0.9973,1.0,0.1927,0.0,0.1258,0.9997,0.3296,0.3489,0.9455,2.838,0.7104,0.0079,1.0,0.0517,0.0,0.3265
1754667540000,145.6496,1.0,0.0694,0.7235,0.0,0.2583,1.0,0.0,76.3321,0.9973,1.0,0.1885,0.0,0.1288,0.9998,0.3393,0.3419,0.9179,2.5537,0.691,0.0076,1.0,0.1217,0.0,0.3325
1754667600000,145.5952,1.0,0.0694,0.7225,0.0,0.2583,1.0,0.0,77.4245,0.9973,1.0,0.1919,0.0,0.1331,0.9998,0.3464,0.3473,0.9465,2.7587,0.7171,0.0079,1.0,0.0381,0.0,0.3354
1754667660000,149.7099,1.0,0.0694,0.7218,0.0,0.2611,1.0,0.0,79.6959,0.9972,1.0,0.1882,0.0,0.1318,0.9995,0.3432,0.3403,0.9372,2.6977,0.7098,0.0077,1.0,0.0345,0.0,0.3194
1754667720000,145.763,1.0,0.0694,0.7231,0.0,0.2563,1.0,0.0,76.8557,0.9973,1.0,0.1899,0.0,0.1276,0.9996,0.3614,0.3449,0.9408,2.8011,0.706,0.0077,1.0,0.0532,0.0,0.3226
1754667780000,148.0372,1.0,0.0694,0.7233,0.0,0.2556,1.0,0.0,78.3157,0.997,1.0,0.1896,0.0,0.1291,0.9998,0.371,0.3442,0.9165,2.8072,0.6898,0.0078,1.0,0.0467,0.0,0.3289
1754667840000,140.5312,1.0,0.0694,0.7227,0.0,0.2556,1.0,0.0,74.6009,0.9973,1.0,0.187,0.0,0.1277,0.9999,0.3468,0.3382,0.8975,2.5214,0.684,0.0078,1.0,0.0758,0.0,0.3194
1754667900000,136.1996,1.0,0.0694,0.7224,0.0,0.2556,1.0,0.0,72.4542,0.9972,1.0,0.193,0.0,0.1259,0.9999,0.3525,0.3498,0.8967,2.8384,0.6807,0.0078,1.0,0.0916,0.0,0.3169
1754667960000,142.0253,1.0,0.0694,0.7195,0.0,0.2556,1.0,0.0,77.4856,0.9971,1.0,0.1885,0.0,0.1281,0.9998,0.3539,0.3376,0.9067,2.7658,0.6859,0.0079,1.0,0.0464,0.0,0.3307
1754668020000,144.1256,1.0,0.0694,0.7216,0.0,0.2563,1.0,0.0,76.66,0.997,1.0,0.1841,0.0,0.1343,0.9999,0.3525,0.3331,0.8984,2.6884,0.683,0.0077,1.0,0.0338,0.0,0.3045
1754668080000,144.2259,1.0,0.0694,0.7221,0.0,0.2556,1.0,0.0,76.2884,0.9972,1.0,0.19,0.0,0.1238,0.9997,0.3483,0.344,0.8979,2.6034,0.6858,0.0075,1.0,0.1938,0.0,0.3121
1754668140000,141.2634,1.0,0.0694,0.7241,0.0,0.2556,1.0,0.0,73.7859,0.9974,1.0,0.1873,0.0,0.1305,0.9999,0.3426,0.3406,0.9031,2.6615,0.6834,0.0075,1.0,0.0276,0.0,0.3253
1754668200000,142.9443,1.0,0.0694,0.7224,0.0,0.2528,1.0,0.0,76.6811,0.9976,1.0,0.1904,0.0,0.1299,0.9997,0.3421,0.3439,0.8965,2.7587,0.6835,0.0078,1.0,0.0341,0.0,0.3083
1754668260000,144.9459,1.0,0.0694,0.7228,0.0,0.2556,1.0,0.0,76.3281,0.9974,1.0,0.1931,0.0,0.1341,0.9997,0.3354,0.3501,0.8996,2.6434,0.6801,0.0079,1.0,0.0545,0.0,0.3025
1754668320000,146.0652,1.0,0.0694,0.7237,0.0,0.2611,1.0,0.0,75.8209,0.9978,1.0,0.1876,0.0,0.1245,0.9997,0.3318,0.341,0.9201,2.6312,0.6945,0.0078,1.0,0.0303,0.0,0.321
1754668380000,141.3325,1.0,0.0694,0.722,0.0,0.2694,1.0,0.0,75.362,0.9974,1.0,0.1829,0.0,0.1224,0.9997,0.3369,0.3308,0.9089,2.599,0.6851,0.0072,1.0,0.0501,0.0,0.3082
1754668440000,141.4862,1.0,0.0694,0.722,0.0,0.2556,1.0,0.0,75.1051,0.9975,1.0,0.1858,0.0,0.1274,0.9998,0.3489,0.3356,0.9302,2.7435,0.6926,0.0077,1.0,0.0352,0.0,0.3125
1754668500000,133.1967,1.0,0.0694,0.72,0.0,0.2556,1.0,0.0,72.5139,0.9977,1.0,0.1876,0.0,0.1345,0.9999,0.3596,0.337,0.905,2.7652,0.6941,0.0079,1.0,0.0542,0.0,0.3071
1754668560000,139.5882,1.0,0.0694,0.7205,0.0,0.2528,1.0,0.0,77.7605,0.9978,1.0,0.1908,0.0,0.1243,0.9997,0.3214,0.3419,0.9118,2.8075,0.6882,0.0079,1.0,0.0539,0.0,0.3009
1754668620000,136.2671,1.0,0.0694,0.7211,0.0,0.25,1.0,0.0,72.7192,0.9977,1.0,0.185,0.0,0.1226,0.9999,0.3188,0.3335,0.9545,2.6839,0.7224,0.0076,1.0,0.0302,0.0,0.3038
1754668680000,141.9785,1.0,0.0694,0.7234,0.0,0.2556,1.0,0.0,76.0811,0.9975,1.0,0.1844,0.0,0.1154,0.9997,0.3007,0.335,0.9094,2.7371,0.6942,0.0071,1.0,0.0899,0.0,0.2962
1754668740000,146.0103,1.0,0.0694,0.7229,0.0,0.2528,1.0,0.0,77.6951,0.9975,1.0,0.1823,0.0,0.1186,0.9998,0.2946,0.33,0.9142,2.9075,0.6969,0.0071,1.0,0.0447,0.0,0.3021
1754668800000,162.1551,1.0,0.0694,0.7244,0.0,0.2556,1.0,0.0,85.2158,0.9971,1.0,0.1775,0.0,0.1169,0.9996,0.2671,0.322,0.9317,3.1053,0.7154,0.0072,1.0,0.0478,0.0,0.3042
1754668860000,144.2102,1.0,0.0694,0.7239,0.0,0.2583,1.0,0.0,75.1382,0.9973,1.0,0.1803,0.0,0.1225,0.9998,0.2922,0.327,0.9488,3.0092,0.7217,0.0071,1.0,0.0497,0.0,0.3142
1754668920000,150.4316,1.0,0.0694,0.7249,0.0,0.2639,1.0,0.0,78.3232,0.9972,1.0,0.176,0.0,0.1257,0.9998,0.3063,0.3204,0.9186,2.9604,0.6981,0.0076,1.0,0.3346,0.0,0.3083
1754668980000,142.5976,1.0,0.0694,0.7247,0.0,0.2694,1.0,0.0,71.6073,0.9974,1.0,0.1728,0.0,0.1313,0.9999,0.3056,0.3173,0.9136,2.8523,0.6895,0.0075,1.0,0.0491,0.0,0.3157
1754669040000,140.8019,1.0,0.0694,0.7251,0.0,0.2639,1.0,0.0,73.1404,0.9976,1.0,0.1891,0.0,0.1313,0.9998,0.3207,0.3444,0.9103,2.818,0.6895,0.0079,1.0,0.0889,0.0,0.3225
1754669100000,137.7431,1.0,0.0694,0.7262,0.0,0.2611,1.0,0.0,70.6757,0.9975,1.0,0.1866,0.0,0.1318,0.9997,0.3368,0.341,0.9294,3.0834,0.7009,0.0083,1.0,0.0412,0.0,0.3321
1754669160000,146.3432,1.0,0.0694,0.7257,0.0,0.2694,1.0,0.0,74.7034,0.9972,1.0,0.1804,0.0,0.1311,0.9997,0.3112,0.3304,0.9302,2.8619,0.706,0.0075,1.0,0.0423,0.0,0.3256
1754669220000,149.5908,1.0,0.0694,0.7296,0.0,0.2667,1.0,0.0,72.2393,0.9969,1.0,0.1776,0.0,0.1221,0.9998,0.3249,0.3301,0.914,2.9175,0.6922,0.0078,1.0,0.0688,0.0,0.3278
1754669280000,151.4734,1.0,0.0694,0.7291,0.0,0.2722,1.0,0.0,75.3862,0.997,1.0,0.174,0.0,0.1262,0.9997,0.3578,0.3224,0.904,2.8309,0.6892,0.0076,1.0,0.0485,0.0,0.333
1754669340000,150.1397,1.0,0.0694,0.7264,0.0,0.2639,1.0,0.0,76.0102,0.9969,1.0,0.183,0.0,0.1231,0.9995,0.3596,0.3354,0.908,2.7696,0.6951,0.0076,1.0,0.0836,0.0,0.3136
1754669400000,152.8359,1.0,0.0694,0.728,0.0,0.2528,1.0,0.0,75.2971,0.9965,1.0,0.1751,0.0,0.1234,0.9997,0.3317,0.3237,0.9366,2.899,0.7087,0.0079,1.0,0.0518,0.0,0.3137
1754669460000,140.0263,1.0,0.0694,0.7246,0.0,0.2444,1.0,0.0,74.3374,0.9974,1.0,0.1778,0.0,0.1284,0.9998,0.3386,0.324,0.9035,3.1403,0.6918,0.0076,1.0,0.0291,0.0,0.3213
1754669520000,139.666,1.0,0.0694,0.7234,0.0,0.25,1.0,0.0,74.0277,0.9974,1.0,0.1799,0.0,0.1181,0.9998,0.3542,0.3273,0.9204,2.7765,0.6996,0.0075,1.0,0.0562,0.0,0.3091
1754669580000,135.0409,1.0,0.0694,0.7236,0.0,0.2556,1.0,0.0,70.2723,0.9972,1.0,0.1803,0.0,0.1226,0.9998,0.3458,0.329,0.9245,2.7225,0.714,0.0075,1.0,0.0693,0.0,0.3072
1754669640000,139.1285,1.0,0.0694,0.7241,0.0,0.2611,1.0,0.0,73.2227,0.997,1.0,0.1755,0.0,0.1231,0.9997,0.3178,0.3186,0.9336,2.9793,0.7186,0.0074,1.0,0.0536,0.0,0.3225
1754669700000,145.7179,1.0,0.0694,0.7253,0.0,0.2639,1.0,0.0,75.4622,0.997,1.0,0.1735,0.0,0.118,0.9999,0.3179,0.3159,0.9363,2.9367,0.7213,0.0076,1.0,0.0614,0.0,0.3022
1754669760000,149.7175,1.0,0.0694,0.726,0.0,0.2659,1.0,0.0,76.8185,0.9973,1.0,0.1717,0.0,0.1163,0.9997,0.3335,0.3139,0.9149,2.8295,0.704,0.0071,1.0,0.0806,0.0,0.3171
1754669820000,140.2648,1.0,0.0694,0.7241,0.0,0.2639,1.0,0.0,73.7195,0.9972,1.0,0.1718,0.0,0.1135,0.9998,0.3307,0.3117,0.9195,2.7461,0.7058,0.0071,1.0,0.043,0.0,0.3061
1754669880000,142.2642,1.0,0.0694,0.7249,0.0,0.2688,1.0,0.0,73.2381,0.9969,1.0,0.1674,0.0,0.1161,0.9998,0.346,0.3057,0.9055,2.6455,0.7024,0.007,1.0,0.032,0.0,0.3064
1754669940000,136.6317,1.0,0.0694,0.7227,0.0,0.2694,1.0,0.0,73.8289,0.997,1.0,0.1727,0.0,0.1203,0.9998,0.3396,0.3122,0.8928,2.8365,0.6945,0.0076,1.0,0.0537,0.0,0.3041
1754670000000,152.1167,1.0,0.0694,0.7235,0.0,0.2694,1.0,0.0,78.9386,0.9967,1.0,0.1601,0.0,0.119,0.9997,0.3415,0.2926,0.9119,2.7565,0.7049,0.007,1.0,0.0651,0.0,0.2843
1754670060000,146.5414,1.0,0.0694,0.7222,0.0,0.2639,1.0,0.0,75.8025,0.9968,1.0,0.1604,0.0,0.11,0.9997,0.3286,0.293,0.8969,2.7597,0.7004,0.0071,1.0,0.0613,0.0,0.3027
1754670120000,139.7998,1.0,0.0694,0.7168,0.0,0.2528,1.0,0.0,74.5278,0.9973,1.0,0.1609,0.0,0.1074,0.9997,0.3083,0.2922,0.9033,2.8021,0.6987,0.007,1.0,0.0742,0.0,0.2968
1754670180000,138.8547,1.0,0.0694,0.7169,0.0,0.25,1.0,0.0,75.2663,0.9973,1.0,0.1623,0.0,0.1121,0.9998,0.3169,0.2937,0.9008,2.8466,0.699,0.0068,1.0,0.0381,0.0,0.2925
1754670240000,137.5138,1.0,0.0694,0.718,0.0,0.2556,1.0,0.0,75.3311,0.9973,1.0,0.1639,0.0,0.1159,0.9998,0.3272,0.2951,0.8994,2.6545,0.7037,0.0068,1.0,0.0441,0.0,0.2993
1754670300000,140.0614,1.0,0.0694,0.7235,0.0,0.2639,1.0,0.0,75.4276,0.9971,1.0,0.1676,0.0,0.115,0.9999,0.316,0.3034,0.9001,2.95,0.7014,0.0072,1.0,0.0365,0.0,0.2888
1754670360000,141.5369,1.0,0.0694,0.7215,0.0,0.2694,1.0,0.0,75.6696,0.9969,1.0,0.1615,0.0,0.113,0.9997,0.2996,0.2913,0.9147,2.7569,0.7147,0.0068,1.0,0.0784,0.0,0.2794
1754670420000,139.4337,1.0,0.0694,0.7223,0.0,0.2722,1.0,0.0,75.1238,0.997,1.0,0.1628,0.0,0.1037,0.9998,0.2882,0.2931,0.9044,2.726,0.7037,0.0068,1.0,0.0374,0.0,0.2783
1754670480000,144.3291,1.0,0.0694,0.7217,0.0,0.2694,1.0,0.0,77.246,0.9971,1.0,0.1607,0.0,0.1123,0.9996,0.2886,0.2885,0.9194,2.7105,0.709,0.0068,1.0,0.0742,0.0,0.2765
1754670540000,138.6403,1.0,0.0694,0.7217,0.0,0.2694,1.0,0.0,76.3683,0.9973,1.0,0.166,0.0,0.1107,0.9999,0.2725,0.2981,0.9212,2.6934,0.7163,0.0067,1.0,0.0477,0.0,0.2773
1754670600000,142.7989,1.0,0.0694,0.7232,0.0,0.2632,1.0,0.0,76.3861,0.9969,1.0,0.1608,0.0,0.1103,0.9998,0.2786,0.2911,0.9421,2.772,0.7355,0.0066,1.0,0.0517,0.0,0.2726
1754670660000,141.3524,1.0,0.0694,0.7239,0.0,0.273,1.0,0.0,76.1777,0.9971,1.0,0.1598,0.0,0.1096,0.9999,0.2776,0.2898,0.9462,2.9279,0.7336,0.0069,1.0,0.0795,0.0,0.2761
1754670720000,140.1655,1.0,0.0694,0.723,0.0,0.2778,1.0,0.0,74.5889,0.9972,1.0,0.1629,0.0,0.109,0.9996,0.2803,0.2937,0.917,2.779,0.7164,0.0068,1.0,0.0579,0.0,0.2831
1754670780000,138.1873,1.0,0.0694,0.7243,0.0,0.2722,1.0,0.0,74.6265,0.9972,1.0,0.1601,0.0,0.1099,0.9999,0.2736,0.2892,0.8981,2.6891,0.7062,0.0066,1.0,0.0447,0.0,0.2834
1754670840000,140.9803,1.0,0.0694,0.7216,0.0,0.2639,1.0,0.0,77.0791,0.9974,1.0,0.1556,0.0,0.1105,0.9997,0.2924,0.2796,0.9446,2.6772,0.7282,0.0064,1.0,0.1821,0.0,0.2737
1754670900000,136.6492,1.0,0.0694,0.7231,0.0,0.2556,1.0,0.0,75.3165,0.9974,1.0,0.1597,0.0,0.1036,0.9997,0.2822,0.2871,0.9024,2.7558,0.705,0.0066,1.0,0.0751,0.0,0.263
1754670960000,139.5541,1.0,0.0694,0.7257,0.0,0.2521,1.0,0.0,73.9816,0.9973,1.0,0.153,0.0,0.1003,0.9999,0.2725,0.2779,0.8924,2.711,0.7004,0.0063,1.0,0.0358,0.0,0.2685
1754671020000,142.1441,1.0,0.0694,0.7239,0.0,0.2556,1.0,0.0,76.4448,0.997,1.0,0.1549,0.0,0.101,0.9997,0.2631,0.2803,0.9009,2.5813,0.7074,0.0062,1.0,0.0438,0.0,0.2583
1754671080000,141.0598,1.0,0.0694,0.7225,0.0,0.2604,1.0,0.0,77.2804,0.997,1.0,0.1575,0.0,0.1052,0.9997,0.2665,0.2833,0.8901,2.713,0.6982,0.0067,1.0,0.0539,0.0,0.2588
1754671140000,142.7839,1.0,0.0694,0.7241,0.0,0.2639,1.0,0.0,74.5183,0.997,1.0,0.1528,0.0,0.1132,0.9999,0.2447,0.2765,0.8952,2.691,0.7042,0.0067,1.0,0.0508,0.0,0.2695
1754671200000,140.0899,1.0,0.0694,0.724,0.0,0.2604,1.0,0.0,75.3373,0.997,1.0,0.1551,0.0,0.1021,0.9998,0.2533,0.2801,0.8997,2.7787,0.6993,0.0065,1.0,0.0545,0.0,0.2645
1754671260000,138.3981,1.0,0.0694,0.7226,0.0,0.2667,1.0,0.0,76.0275,0.997,1.0,0.1532,0.0,0.1053,0.9999,0.2489,0.2762,0.8888,2.7073,0.6848,0.0062,1.0,0.0727,0.0,0.2672
1754671320000,143.2923,1.0,0.0694,0.7254,0.0,0.2639,1.0,0.0,75.6251,0.9968,1.0,0.1511,0.0,0.1082,0.9998,0.26,0.2746,0.8849,2.5611,0.6886,0.0064,1.0,0.0433,0.0,0.2543
1754671380000,137.7162,1.0,0.0694,0.7182,0.0,0.2694,1.0,0.0,74.2529,0.997,1.0,0.1389,0.0,0.1009,0.9998,0.2622,0.2519,0.8667,2.9273,0.8289,0.0064,1.0,0.0484,0.0,0.2663
1754671440000,134.2739,1.0,0.0694,0.7115,0.0,0.2639,1.0,0.0,74.8743,0.997,1.0,0.1335,0.0,0.1029,0.9999,0.2632,0.2427,0.8916,2.8672,0.9223,0.0065,1.0,0.0503,0.0,0.2503
1754671500000,143.2835,1.0,0.0694,0.7231,0.0,0.2667,1.0,0.0,77.0937,0.9972,1.0,0.1504,0.0,0.1025,0.9997,0.2651,0.2721,0.9498,2.7474,0.7499,0.006,1.0,0.0529,0.0,0.2472
1754671560000,142.6199,1.0,0.0694,0.7213,0.0,0.2694,1.0,0.0,79.4902,0.9972,1.0,0.1507,0.0,0.1003,0.9996,0.249,0.2707,0.9411,2.6841,0.7257,0.006,1.0,0.0549,0.0,0.2595
1754671620000,142.3991,1.0,0.0694,0.7231,0.0,0.2722,1.0,0.0,77.8835,0.9973,1.0,0.1447,0.0,0.0962,0.9998,0.2428,0.26,0.9328,2.5939,0.7211,0.0061,1.0,0.0571,0.0,0.2504
1754671680000,138.8061,1.0,0.0694,0.7222,0.0,0.2722,1.0,0.0,76.6051,0.9972,1.0,0.146,0.0,0.0955,0.9998,0.2415,0.2625,0.9195,2.9858,0.7174,0.006,1.0,0.1129,0.0,0.2383
1754671740000,145.8155,1.0,0.0694,0.7234,0.0,0.2667,1.0,0.0,77.7673,0.9968,1.0,0.1445,0.0,0.0937,0.9999,0.261,0.2625,0.9299,2.7591,0.7226,0.006,1.0,0.0235,0.0,0.24
1754671800000,148.0701,1.0,0.0694,0.7232,0.0,0.2667,1.0,0.0,79.8104,0.9972,1.0,0.1443,0.0,0.0966,0.9996,0.2557,0.2613,0.9074,2.7579,0.7206,0.0061,1.0,0.13,0.0,0.2595
1754671860000,140.4622,1.0,0.0694,0.7248,0.0,0.2583,1.0,0.0,73.1018,0.9969,1.0,0.1445,0.0,0.1061,0.9998,0.2493,0.262,0.8969,2.549,0.6994,0.0063,1.0,0.0557,0.0,0.2491
1754671920000,144.566,1.0,0.0694,0.7261,0.0,0.2528,1.0,0.0,76.0861,0.9968,1.0,0.1393,0.0,0.1008,0.9997,0.2629,0.2544,0.8941,2.7612,0.7095,0.0061,1.0,0.0453,0.0,0.2475
1754671980000,146.0524,1.0,0.0694,0.726,0.0,0.2528,1.0,0.0,76.0391,0.9971,1.0,0.1377,0.0,0.0924,0.9998,0.2617,0.2513,0.8821,2.5759,0.6939,0.0058,1.0,0.0412,0.0,0.2432
1754672040000,144.7774,1.0,0.0694,0.7219,0.0,0.2611,1.0,0.0,80.8417,0.997,1.0,0.1439,0.0,0.0996,0.9997,0.2593,0.259,0.8687,2.884,0.691,0.0062,1.0,0.04,0.0,0.2449
1754672100000,144.3266,1.0,0.0694,0.7225,0.0,0.2611,1.0,0.0,78.3445,0.9971,1.0,0.1385,0.0,0.0958,0.9997,0.2511,0.249,0.8837,2.6613,0.7026,0.0056,1.0,0.0284,0.0,0.2456
1754672160000,137.0569,1.0,0.0694,0.7212,0.0,0.2583,1.0,0.0,76.1514,0.9971,1.0,0.141,0.0,0.0897,0.9999,0.2311,0.2526,0.9202,2.5884,0.7256,0.0061,1.0,0.092,0.0,0.2309
1754672220000,137.6606,1.0,0.0694,0.7226,0.0,0.2667,1.0,0.0,74.4312,0.9968,1.0,0.1359,0.0,0.0966,0.9998,0.2249,0.2454,0.9027,2.6363,0.7144,0.0057,1.0,0.148,0.0,0.2335
1754672280000,144.013,1.0,0.0694,0.7221,0.0,0.2639,1.0,0.0,77.2727,0.9969,1.0,0.1327,0.0,0.0964,0.9998,0.2211,0.2398,0.9095,2.4917,0.7189,0.0056,1.0,0.0421,0.0,0.2252
1754672340000,142.0083,1.0,0.0694,0.7211,0.0,0.2611,1.0,0.0,75.8527,0.9968,1.0,0.1351,0.0,0.096,0.9998,0.2161,0.2429,0.8861,2.6138,0.7068,0.0059,1.0,0.068,0.0,0.2209
1754672400000,161.1144,1.0,0.0694,0.7261,0.0,0.2667,1.0,0.0,84.8119,0.9969,1.0,0.1305,0.0,0.0941,0.9998,0.2224,0.2376,1.0669,2.8604,0.757,0.0059,1.0,0.0487,0.0,0.2302
1754672460000,141.5859,1.0,0.0694,0.7264,0.0,0.2639,1.0,0.0,76.1428,0.9973,1.0,0.1347,0.0,0.0903,0.9998,0.2336,0.2434,1.174,2.8324,0.7892,0.006,1.0,0.0357,0.0,0.226
1754672520000,145.2204,1.0,0.0694,0.7263,0.0,0.2694,1.0,0.0,76.9483,0.9972,1.0,0.1303,0.0,0.0878,0.9998,0.2453,0.2363,1.2174,2.6298,0.7973,0.006,1.0,0.0439,0.0,0.2207
1754672580000,162.795,1.0,0.0694,0.7309,0.0,0.2618,1.0,0.0,82.8951,0.9972,1.0,0.1284,0.0,0.0888,0.9995,0.241,0.2354,1.2694,2.5773,0.8168,0.0056,1.0,0.0275,0.0,0.2291
1754672640000,150.1827,1.0,0.0694,0.726,0.0,0.2556,1.0,0.0,82.6338,0.9975,1.0,0.1326,0.0,0.0791,0.9995,0.2501,0.239,1.2844,2.6228,0.8172,0.0058,1.0,0.0301,0.0,0.2341
1754672700000,164.5332,1.0,0.0694,0.7282,0.0,0.2611,1.0,0.0,86.0507,0.9966,1.0,0.1265,0.0,0.0874,0.9994,0.2412,0.2301,1.2919,2.6735,0.8212,0.0059,1.0,0.031,0.0,0.2155
1754672760000,168.0809,1.0,0.0694,0.7304,0.0,0.2583,1.0,0.0,83.4395,0.9969,1.0,0.1259,0.0,0.0891,0.9993,0.2468,0.2306,1.2261,2.5367,0.7874,0.006,1.0,0.0489,0.0,0.2181
1754672820000,151.3564,1.0,0.0694,0.729,0.0,0.2639,1.0,0.0,79.7238,0.9974,1.0,0.1303,0.0,0.0885,0.9997,0.2264,0.2365,1.2039,2.5639,0.7852,0.0059,1.0,0.0474,0.0,0.2158
1754672880000,156.7577,1.0,0.0694,0.7268,0.0,0.2639,1.0,0.0,83.1189,0.9973,1.0,0.1257,0.0,0.0843,0.9996,0.2479,0.2273,1.2249,2.7082,0.813,0.0062,1.0,0.0498,0.0,0.211
1754672940000,155.8353,1.0,0.0694,0.7282,0.0,0.266,1.0,0.0,81.5734,0.997,1.0,0.1275,0.0,0.0812,0.9995,0.2354,0.2315,1.1826,2.8111,0.7953,0.0058,1.0,0.0301,0.0,0.2197
1754673000000,156.9377,1.0,0.0694,0.727,0.0,0.2611,1.0,0.0,82.6706,0.9974,1.0,0.1286,0.0,0.0848,0.9992,0.2186,0.2321,1.1576,2.5499,0.7857,0.0057,1.0,0.0544,0.0,0.2163
1754673060000,162.3847,1.0,0.0694,0.7294,0.0,0.2611,1.0,0.0,82.5175,0.9972,1.0,0.1186,0.0,0.086,0.9995,0.2142,0.2168,1.0796,2.5043,0.747,0.0058,1.0,0.069,0.0,0.2206
1754673120000,154.3531,1.0,0.0694,0.7309,0.0,0.2583,1.0,0.0,82.05,0.9972,1.0,0.1224,0.0,0.0823,0.9996,0.2001,0.2234,1.0802,2.6023,0.7592,0.0056,1.0,0.0747,0.0,0.2062
1754673180000,147.6059,1.0,0.0694,0.7272,0.0,0.2583,1.0,0.0,80.5395,0.9975,1.0,0.1272,0.0,0.0836,0.9995,0.2189,0.229,1.0797,2.7973,0.7704,0.0058,1.0,0.0263,0.0,0.209
1754673240000,157.981,1.0,0.0694,0.7283,0.0,0.2639,1.0,0.0,84.6232,0.9974,1.0,0.1238,0.0,0.0852,0.9994,0.2114,0.2237,1.0225,2.6472,0.7372,0.0056,1.0,0.0489,0.0,0.2121
1754673300000,161.3417,1.0,0.0694,0.7285,0.0,0.2667,1.0,0.0,83.9065,0.9971,1.0,0.1212,0.0,0.0822,0.9994,0.2114,0.2204,1.0012,2.9178,0.7285,0.0057,1.0,0.0732,0.0,0.2007
1754673360000,157.0248,1.0,0.0694,0.7321,0.0,0.2611,1.0,0.0,78.9968,0.9972,1.0,0.1201,0.0,0.0823,0.9996,0.2218,0.2216,1.0206,2.7397,0.7399,0.0058,1.0,0.036,0.0,0.2077
1754673420000,155.8279,1.0,0.0694,0.7285,0.0,0.2611,1.0,0.0,83.6675,0.9973,1.0,0.1231,0.0,0.0798,0.9994,0.2193,0.2235,1.0232,2.6799,0.7452,0.0058,1.0,0.0312,0.0,0.2104
1754673480000,164.0307,1.0,0.0694,0.729,0.0,0.2591,1.0,0.0,86.6222,0.9973,1.0,0.1175,0.0,0.0735,0.9992,0.2164,0.213,1.03,2.544,0.7505,0.005,1.0,0.0464,0.0,0.1978
1754673540000,156.2333,1.0,0.0694,0.7285,0.0,0.2549,1.0,0.0,85.3361,0.997,1.0,0.1166,0.0,0.0767,0.9995,0.2113,0.2122,1.0118,2.6692,0.7436,0.0052,1.0,0.1133,0.0,0.199
1754673600000,149.9442,1.0,0.0694,0.7262,0.0,0.2681,1.0,0.0,83.8596,0.9972,1.0,0.1199,0.0,0.0817,0.9997,0.225,0.2157,1.0086,2.6101,0.7406,0.0054,1.0,0.0333,0.0,0.2061
1754673660000,148.727,1.0,0.0694,0.7275,0.0,0.2611,1.0,0.0,80.124,0.9976,1.0,0.1144,0.0,0.076,0.9996,0.1978,0.2069,0.9941,2.7533,0.7368,0.0057,1.0,0.034,0.0,0.1952
1754673720000,152.9047,1.0,0.0694,0.7298,0.0,0.2563,1.0,0.0,80.7971,0.9976,1.0,0.1178,0.0,0.0794,0.9998,0.201,0.2138,1.0365,4.0209,0.7709,0.0053,1.0,0.0799,0.0,0.1947
1754673780000,154.8057,1.0,0.0694,0.7321,0.0,0.2472,1.0,0.0,80.0218,0.9979,1.0,0.1168,0.0,0.0821,0.9997,0.2149,0.2136,1.0343,2.7622,0.7514,0.0051,1.0,0.0572,0.0,0.1986
1754673840000,156.8142,1.0,0.0694,0.7315,0.0,0.2556,1.0,0.0,84.6795,0.9978,1.0,0.1104,0.0,0.0773,0.9997,0.2028,0.2023,1.0392,2.8476,0.7636,0.0053,1.0,0.0378,0.0,0.2012
1754673900000,156.0342,1.0,0.0694,0.7267,0.0,0.2631,1.0,0.0,85.884,0.9979,1.0,0.1134,0.0,0.0779,0.9995,0.1972,0.2044,1.021,2.6594,0.7595,0.0053,1.0,0.0452,0.0,0.1932
1754673960000,164.6434,1.0,0.0694,0.7309,0.0,0.2639,1.0,0.0,85.6186,0.9975,1.0,0.1146,0.0,0.0777,0.9992,0.189,0.2093,1.0555,3.9076,0.7856,0.0053,1.0,0.0611,0.0,0.1877
1754674020000,166.389,1.0,0.0694,0.7293,0.0,0.2667,1.0,0.0,87.6073,0.9973,1.0,0.1083,0.0,0.0769,0.9992,0.1935,0.1973,1.0007,5.8724,0.7517,0.0055,1.0,0.1386,0.0,0.1865
1754674080000,169.1893,0.9999,0.0694,0.7285,0.0,0.2667,1.0,0.0,88.5842,0.9972,1.0,0.108,0.0,0.0748,0.9992,0.1749,0.196,0.994,6.4405,0.7515,0.0052,1.0,0.1728,0.0,0.1833
1754674140000,155.2101,1.0,0.0694,0.7297,0.0,0.2612,1.0,0.0,82.0502,0.9974,1.0,0.11,0.0,0.0759,0.9995,0.1767,0.2002,0.9646,5.8393,0.7318,0.0055,1.0,0.0755,0.0,0.1905
1754674200000,167.6924,1.0,0.0694,0.7289,0.0,0.2618,1.0,0.0,88.9333,0.9973,1.0,0.1071,0.0,0.0761,0.9993,0.181,0.1947,0.9701,3.8974,0.7341,0.0051,1.0,0.1101,0.0,0.1805
1754674260000,149.1665,1.0,0.0694,0.7265,0.0,0.2702,1.0,0.0,82.3341,0.998,1.0,0.1133,0.0,0.0707,0.9995,0.1913,0.203,0.9551,4.9909,0.7464,0.0048,1.0,0.0482,0.0,0.1845
1754674320000,156.1075,1.0,0.0694,0.7276,0.0,0.2604,1.0,0.0,83.0756,0.9974,1.0,0.1064,0.0,0.0749,0.9994,0.1943,0.1924,0.9326,5.8461,0.733,0.0053,1.0,0.1124,0.0,0.182
1754674380000,151.726,1.0,0.0694,0.727,0.0,0.2646,1.0,0.0,82.3906,0.9978,1.0,0.1107,0.0,0.072,0.9996,0.1903,0.1996,0.9184,7.8715,0.7357,0.005,1.0,0.2164,0.0,0.183
1754674440000,159.2,1.0,0.0694,0.7253,0.0,0.2611,1.0,0.0,86.4561,0.9976,1.0,0.1071,0.0,0.0677,0.9995,0.1803,0.1926,0.894,5.769,0.7186,0.0048,1.0,0.1097,0.0,0.1728
1754674500000,151.3568,1.0,0.0694,0.7261,0.0,0.2659,1.0,0.0,83.6658,0.9977,1.0,0.1058,0.0,0.072,0.9995,0.1979,0.1907,0.8787,2.833,0.6934,0.0049,1.0,0.1054,0.0,0.1745
1754674560000,149.1115,1.0,0.0694,0.7294,0.0,0.2604,1.0,0.0,81.8592,0.9977,1.0,0.1054,0.0,0.0683,0.9996,0.18,0.1916,0.8679,2.4376,0.6842,0.0049,1.0,0.121,0.0,0.1721
1754674620000,159.7823,1.0,0.0694,0.7266,0.0,0.2712,1.0,0.0,86.9248,0.9979,1.0,0.1075,0.0,0.0711,0.9992,0.1725,0.1933,0.8683,2.5102,0.6968,0.0053,1.0,0.0554,0.0,0.1739
1754674680000,160.216,1.0,0.0694,0.727,0.0,0.259,1.0,0.0,86.0234,0.9981,1.0,0.1048,0.0,0.0684,0.9992,0.1892,0.1895,0.8627,2.3132,0.6904,0.0048,1.0,0.1315,0.0,0.1723
1754674740000,145.4002,1.0,0.0694,0.7233,0.0,0.2556,1.0,0.0,83.4946,0.9977,1.0,0.1063,0.0,0.0673,0.9996,0.1872,0.1894,0.8611,2.7014,0.6935,0.0048,1.0,0.0686,0.0,0.1763
1754674800000,160.2654,0.9999,0.0694,0.7275,0.0,0.2493,1.0,0.0,85.3202,0.9972,1.0,0.0941,0.0,0.0678,0.9994,0.186,0.1705,0.8732,3.896,0.7037,0.005,1.0,0.1002,0.0,0.1604
1754674860000,145.2216,1.0,0.0694,0.7241,0.0,0.2556,1.0,0.0,84.5271,0.9978,1.0,0.1057,0.0,0.073,0.9996,0.1725,0.1892,0.8657,2.7752,0.6989,0.0051,1.0,0.0846,0.0,0.1715
1754674920000,156.7991,1.0,0.0694,0.7241,0.0,0.2611,1.0,0.0,88.3625,0.9972,1.0,0.1007,0.0,0.0733,0.9996,0.1688,0.1809,0.8799,3.1962,0.7078,0.0049,1.0,0.0532,0.0,0.167
1754674980000,155.2533,0.9999,0.0694,0.7249,0.0,0.2667,1.0,0.0,86.739,0.9978,1.0,0.102,0.0,0.071,0.9994,0.1722,0.1819,0.8658,5.6766,0.7064,0.0048,1.0,0.1418,0.0,0.166
1754675040000,154.9686,1.0,0.0694,0.728,0.0,0.257,1.0,0.0,84.3515,0.9981,1.0,0.1013,0.0,0.0704,0.9992,0.1679,0.1832,0.8574,6.9022,0.7094,0.0047,1.0,0.2325,0.0,0.1633
1754675100000,161.2643,1.0,0.0694,0.7288,0.0,0.2604,1.0,0.0,87.7297,0.9971,1.0,0.0961,0.0,0.0687,0.9994,0.1618,0.1751,0.8481,5.5607,0.6969,0.0049,1.0,0.1065,0.0,0.1672
1754675160000,157.7741,0.9999,0.0694,0.7258,0.0,0.2528,1.0,0.0,86.1425,0.9976,1.0,0.0976,0.0,0.0668,0.9994,0.1635,0.1756,0.8573,6.6078,0.7107,0.0046,1.0,0.0948,0.0,0.173
1754675220000,161.7157,0.9999,0.0694,0.7281,0.0,0.2667,1.0,0.0,87.6226,0.9969,1.0,0.0936,0.0,0.0656,0.9995,0.1567,0.1701,0.8707,5.0676,0.7114,0.0047,1.0,0.0727,0.0,0.1591
1754675280000,152.7461,1.0,0.0694,0.7239,0.0,0.2618,1.0,0.0,86.7872,0.9972,1.0,0.0979,0.0,0.0679,0.9995,0.1596,0.1754,0.8895,5.6168,0.7351,0.0047,1.0,0.1323,0.0,0.1644
1754675340000,160.7107,1.0,0.0694,0.7242,0.0,0.2639,1.0,0.0,87.8806,0.9971,1.0,0.0935,0.0,0.0725,0.9995,0.1428,0.1682,0.8437,5.6018,0.7057,0.0051,1.0,0.0677,0.0,0.1647
1754675400000,153.0439,1.0,0.0694,0.7246,0.0,0.2583,1.0,0.0,86.2121,0.9971,1.0,0.0957,0.0,0.0686,0.9994,0.1368,0.1714,0.8791,6.2692,0.7324,0.0047,1.0,0.0627,0.0,0.1564
1754675460000,167.2363,1.0,0.0694,0.7273,0.0,0.25,1.0,0.0,88.199,0.9974,1.0,0.096,0.0,0.0706,0.9992,0.1412,0.1737,0.8585,4.8399,0.7041,0.0047,1.0,0.142,0.0,0.1579
1754675520000,163.8147,1.0,0.0694,0.7248,0.0,0.2583,1.0,0.0,92.9115,0.9975,1.0,0.0971,0.0,0.0674,0.9991,0.1558,0.1738,0.8854,2.9958,0.7158,0.0046,1.0,0.1212,0.0,0.1645
1754675580000,151.3323,1.0,0.0694,0.7284,0.0,0.2583,1.0,0.0,80.4677,0.9975,1.0,0.0914,0.0,0.0682,0.9996,0.1536,0.1665,0.8765,2.8533,0.7122,0.0046,1.0,0.0559,0.0,0.1646
1754675640000,155.0043,1.0,0.0694,0.7267,0.0,0.25,1.0,0.0,84.1853,0.9972,1.0,0.0941,0.0,0.0667,0.9994,0.1547,0.1704,0.8667,2.5125,0.703,0.0047,1.0,0.0855,0.0,0.1534
1754675700000,158.7756,1.0,0.0694,0.7279,0.0,0.2528,1.0,0.0,85.8757,0.9972,1.0,0.0932,0.0,0.0631,0.9995,0.17,0.1689,0.8319,2.7479,0.6763,0.0044,1.0,0.1285,0.0,0.1607
1754675760000,152.5544,1.0,0.0694,0.7265,0.0,0.2583,1.0,0.0,81.7051,0.9974,1.0,0.0938,0.0,0.0648,0.9997,0.1756,0.1697,0.8219,2.619,0.6765,0.0044,1.0,0.0856,0.0,0.1599
1754675820000,153.4879,1.0,0.0694,0.7265,0.0,0.2639,1.0,0.0,83.9455,0.9973,1.0,0.0931,0.0,0.062,0.9997,0.1729,0.1683,0.829,2.4216,0.6798,0.0047,1.0,0.0649,0.0,0.1611
1754675880000,141.5597,1.0,0.0694,0.7242,0.0,0.2667,1.0,0.0,82.3835,0.9972,1.0,0.0924,0.0,0.0603,0.9996,0.1692,0.1659,0.8182,2.5331,0.6723,0.0043,1.0,0.0871,0.0,0.1551
1754675940000,160.5675,1.0,0.0694,0.7265,0.0,0.2632,1.0,0.0,85.9231,0.9974,1.0,0.0891,0.0,0.0617,0.9994,0.1642,0.1607,0.8126,2.7411,0.6714,0.0045,1.0,0.0444,0.0,0.1494
1754676000000,160.0491,1.0,0.0694,0.7252,0.0,0.262,1.0,0.0,89.0816,0.9975,1.0,0.0949,0.0,0.0625,0.9997,0.1614,0.1702,0.8284,2.3688,0.6819,0.0045,1.0,0.0515,0.0,0.1564
1754676060000,162.4153,1.0,0.0694,0.7251,0.0,0.2639,1.0,0.0,90.2872,0.9975,1.0,0.091,0.0,0.0629,0.9991,0.1572,0.1631,0.8247,2.6782,0.6783,0.0043,1.0,0.1209,0.0,0.1545
1754676120000,158.6754,1.0,0.0694,0.7279,0.0,0.2528,1.0,0.0,85.6264,0.997,1.0,0.0869,0.0,0.058,0.9994,0.1625,0.1575,0.8118,2.3884,0.6756,0.0042,1.0,0.0868,0.0,0.1538
1754676180000,150.1309,1.0,0.0694,0.7278,0.0,0.2535,1.0,0.0,77.4783,0.997,1.0,0.0863,0.0,0.0618,0.9996,0.1635,0.1576,0.8183,2.8754,0.672,0.0044,1.0,0.0858,0.0,0.1472
1754676240000,163.5356,1.0,0.0694,0.7292,0.0,0.2528,1.0,0.0,84.644,0.997,1.0,0.0868,0.0,0.0622,0.9993,0.1531,0.1585,0.8189,2.8203,0.6816,0.0046,1.0,0.1015,0.0,0.1595
1754676300000,172.2615,1.0,0.0694,0.7251,0.0,0.2528,1.0,0.0,95.7406,0.9972,1.0,0.0877,0.0,0.0597,0.9992,0.1614,0.1573,0.8419,2.3267,0.6909,0.0045,1.0,0.0725,0.0,0.1561
1754676360000,163.5616,1.0,0.0694,0.7261,0.0,0.2528,1.0,0.0,87.1216,0.9968,1.0,0.0838,0.0,0.0591,0.9995,0.1431,0.1516,0.8303,2.5375,0.6864,0.0042,1.0,0.0602,0.0,0.1508
1754676420000,145.3977,1.0,0.0694,0.7261,0.0,0.2591,1.0,0.0,79.8271,0.9972,1.0,0.0853,0.0,0.0581,0.9999,0.139,0.153,0.8177,2.6211,0.6789,0.0044,1.0,0.0707,0.0,0.1529
1754676480000,144.9048,1.0,0.0694,0.7285,0.0,0.2611,1.0,0.0,77.8911,0.9976,1.0,0.0856,0.0,0.0632,0.9999,0.1503,0.1557,0.8301,2.5318,0.6901,0.0046,1.0,0.1019,0.0,0.1476
1754676540000,155.1018,1.0,0.0694,0.7287,0.0,0.2639,1.0,0.0,82.337,0.9974,1.0,0.0791,0.0,0.0575,0.9997,0.1497,0.1439,0.8438,2.6951,0.6951,0.0045,1.0,0.1955,0.0,0.152
1754676600000,157.9836,1.0,0.0694,0.7295,0.0,0.2528,1.0,0.0,84.0621,0.9966,1.0,0.083,0.0,0.0609,0.9999,0.1494,0.1518,0.9474,5.6059,0.7842,0.0042,1.0,0.0649,0.0,0.1407
1754676660000,156.6484,0.9999,0.0694,0.7303,0.0,0.266,1.0,0.0,80.9017,0.9966,1.0,0.0783,0.0,0.0567,0.9999,0.1425,0.1434,0.8937,8.6977,0.7684,0.0043,1.0,0.1633,0.0,0.1562
1754676720000,167.309,1.0,0.0694,0.7272,0.0,0.2577,1.0,0.0,91.3399,0.9971,1.0,0.0825,0.0,0.0602,0.9993,0.1513,0.1497,0.873,8.3335,0.7396,0.0041,1.0,0.1621,0.0,0.1513
1754676780000,151.5119,0.9999,0.0694,0.7213,0.0,0.2639,1.0,0.0,87.7448,0.9969,1.0,0.0857,0.0,0.0549,0.9998,0.1397,0.1519,0.8903,9.4124,0.7401,0.0039,1.0,0.2731,0.0,0.1465
1754676840000,145.3088,1.0,0.0694,0.7258,0.0,0.2583,1.0,0.0,79.4006,0.9969,1.0,0.0781,0.0,0.057,0.9999,0.1531,0.1408,0.915,6.9353,0.7552,0.0042,1.0,0.5802,0.0,0.1406
1754676900000,140.8251,1.0,0.0694,0.7265,0.0,0.2556,1.0,0.0,78.5025,0.9972,1.0,0.0819,0.0,0.0583,0.9998,0.1318,0.1471,0.8503,2.6366,0.6876,0.004,1.0,0.1142,0.0,0.1395
1754676960000,155.4526,1.0,0.0694,0.7308,0.0,0.2583,1.0,0.0,80.191,0.997,1.0,0.0775,0.0,0.0545,0.9998,0.1375,0.1418,0.8522,2.4919,0.6919,0.0038,1.0,0.0586,0.0,0.1494
1754677020000,171.3378,1.0,0.0694,0.731,0.0,0.2528,1.0,0.0,86.8884,0.9966,1.0,0.0783,0.0,0.0574,0.9994,0.146,0.1438,0.849,2.635,0.6871,0.0042,1.0,0.0621,0.0,0.1381
1754677080000,169.9093,1.0,0.0694,0.7273,0.0,0.2528,1.0,0.0,88.7068,0.997,1.0,0.078,0.0,0.057,0.999,0.1271,0.1414,0.8571,2.4232,0.7034,0.0043,1.0,0.0881,0.0,0.15
1754677140000,172.6278,1.0,0.0694,0.7327,0.0,0.2549,1.0,0.0,84.3535,0.9966,1.0,0.0744,0.0,0.0528,0.9995,0.1315,0.1378,0.8503,2.6193,0.7011,0.0041,1.0,0.1401,0.0,0.1521
1754677200000,146.3648,1.0,0.0694,0.7263,0.0,0.25,1.0,0.0,79.4076,0.9973,1.0,0.0785,0.0,0.0549,0.9999,0.1421,0.1408,0.8394,2.6334,0.683,0.0038,1.0,0.0689,0.0,0.145
1754677260000,162.6486,1.0,0.0694,0.7329,0.0,0.25,1.0,0.0,81.7028,0.9975,1.0,0.0773,0.0,0.0554,0.9997,0.1365,0.1422,0.858,2.7929,0.7052,0.004,1.0,0.0378,0.0,0.1414
1754677320000,154.9783,1.0,0.0694,0.7283,0.0,0.2639,1.0,0.0,84.8859,0.9969,1.0,0.0798,0.0,0.0555,0.9998,0.1444,0.1445,0.8195,2.5439,0.6884,0.0038,1.0,0.0913,0.0,0.1468
1754677380000,143.5076,1.0,0.0694,0.7285,0.0,0.2659,1.0,0.0,78.9916,0.9976,1.0,0.075,0.0,0.0508,0.9999,0.1554,0.1355,0.8279,2.5034,0.6776,0.0038,1.0,0.0975,0.0,0.1528
1754677440000,157.2253,1.0,0.0694,0.7283,0.0,0.2694,1.0,0.0,86.0188,0.997,1.0,0.0765,0.0,0.0531,0.9999,0.1529,0.138,0.8197,2.6938,0.6797,0.0037,1.0,0.0554,0.0,0.1341
1754677500000,140.9275,1.0,0.0694,0.7278,0.0,0.2659,1.0,0.0,77.384,0.9974,1.0,0.0813,0.0,0.0565,0.9999,0.1496,0.1458,0.823,2.446,0.6808,0.0042,1.0,0.0859,0.0,0.1388
1754677560000,152.3337,1.0,0.0694,0.7286,0.0,0.2639,1.0,0.0,82.7055,0.9977,1.0,0.0744,0.0,0.0544,0.9999,0.1518,0.1345,0.8146,2.2465,0.682,0.0041,1.0,0.0621,0.0,0.1381
1754677620000,149.8786,1.0,0.0694,0.7252,0.0,0.2556,1.0,0.0,84.8661,0.9974,1.0,0.0767,0.0,0.0555,0.9997,0.1517,0.1379,0.8276,2.5581,0.6892,0.0037,1.0,0.0571,0.0,0.1347
1754677680000,151.2029,1.0,0.0694,0.7276,0.0,0.2528,1.0,0.0,80.6221,0.9972,1.0,0.0755,0.0,0.0541,0.9997,0.1561,0.1369,0.8325,2.5023,0.6855,0.0039,1.0,0.0825,0.0,0.1393
1754677740000,153.3677,1.0,0.0694,0.7251,0.0,0.2556,1.0,0.0,84.3804,0.9975,1.0,0.0727,0.0,0.0537,0.9997,0.1465,0.1307,0.8352,2.4987,0.6866,0.0037,1.0,0.0356,0.0,0.1377
1754677800000,164.5359,1.0,0.0694,0.7297,0.0,0.2556,1.0,0.0,85.6908,0.9974,1.0,0.0727,0.0,0.0532,0.9996,0.1515,0.1325,0.8322,2.5796,0.6809,0.0038,1.0,0.0625,0.0,0.1301
1754677860000,148.8854,1.0,0.0694,0.7288,0.0,0.2556,1.0,0.0,82.0207,0.9974,1.0,0.0752,0.0,0.0513,0.9998,0.1457,0.1366,0.8135,2.5213,0.6825,0.0036,1.0,0.0514,0.0,0.1365
1754677920000,154.8581,1.0,0.0694,0.7292,0.0,0.2556,1.0,0.0,80.9622,0.9965,1.0,0.0725,0.0,0.0519,0.9999,0.1343,0.1328,0.8094,2.5793,0.6773,0.0038,1.0,0.0432,0.0,0.1334
1754677980000,151.9515,1.0,0.0694,0.7317,0.0,0.2583,1.0,0.0,79.714,0.997,1.0,0.0742,0.0,0.0531,0.9997,0.1344,0.1362,0.8257,2.4614,0.6767,0.0039,1.0,0.0459,0.0,0.1408
1754678040000,153.1514,1.0,0.0694,0.7292,0.0,0.2631,1.0,0.0,82.5911,0.9969,1.0,0.0736,0.0,0.0541,0.9998,0.1418,0.1331,0.8208,2.3984,0.6751,0.004,1.0,0.0693,0.0,0.1372
1754678100000,151.6326,1.0,0.0694,0.7269,0.0,0.2583,1.0,0.0,81.8726,0.9973,1.0,0.0727,0.0,0.0542,1.0,0.1532,0.1317,0.8206,2.6142,0.6669,0.0043,1.0,0.0591,0.0,0.1328
1754678160000,151.0453,1.0,0.0694,0.7226,0.0,0.2611,1.0,0.0,87.3148,0.9972,1.0,0.0757,0.0,0.0525,0.9997,0.1464,0.1334,0.8201,2.9487,0.673,0.004,1.0,0.0977,0.0,0.1312
1754678220000,145.0709,1.0,0.0694,0.7269,0.0,0.2639,1.0,0.0,79.904,0.9974,1.0,0.0689,0.0,0.0529,1.0,0.1492,0.1241,0.816,2.4762,0.6688,0.0037,1.0,0.245,0.0,0.1274
1754678280000,148.1905,1.0,0.0694,0.7306,0.0,0.2694,1.0,0.0,81.1185,0.9981,1.0,0.0745,0.0,0.0541,0.9999,0.1483,0.1346,0.797,2.5593,0.6739,0.0038,1.0,0.0854,0.0,0.127
1754678340000,142.9283,1.0,0.0694,0.7259,0.0,0.2556,1.0,0.0,81.3804,0.998,1.0,0.0678,0.0,0.047,0.9999,0.1531,0.1209,0.8149,2.4367,0.6693,0.0036,1.0,0.0807,0.0,0.1299
1754678400000,158.6665,1.0,0.0694,0.7332,0.0,0.2556,1.0,0.0,83.8277,0.9973,1.0,0.0682,0.0,0.0499,0.9998,0.136,0.1241,0.8321,2.3827,0.6827,0.0037,1.0,0.097,0.0,0.1236
1754678460000,145.4875,1.0,0.0694,0.7282,0.0,0.2521,1.0,0.0,78.9311,0.9971,1.0,0.0676,0.0,0.0521,0.9995,0.1428,0.1224,0.8079,3.0749,0.6677,0.0037,1.0,0.0397,0.0,0.1419
1754678520000,142.9905,1.0,0.0694,0.7271,0.0,0.2528,1.0,0.0,78.8902,0.9972,1.0,0.0691,0.0,0.0535,0.9999,0.1296,0.1245,0.7972,2.5628,0.6722,0.0043,1.0,0.0926,0.0,0.1278
1754678580000,141.4359,1.0,0.0694,0.7264,0.0,0.2528,1.0,0.0,79.5597,0.997,1.0,0.07,0.0,0.0517,0.9998,0.1299,0.1256,0.8125,2.8294,0.6742,0.0037,1.0,0.1192,0.0,0.1272
1754678640000,130.8045,1.0,0.0694,0.726,0.0,0.2472,1.0,0.0,75.3169,0.9978,1.0,0.0692,0.0,0.0509,0.9999,0.1331,0.124,0.7934,2.4953,0.6737,0.0039,1.0,0.0237,0.0,0.1277
1754678700000,157.7541,1.0,0.0694,0.7246,0.0,0.25,1.0,0.0,86.2905,0.9974,1.0,0.0702,0.0,0.0487,0.9997,0.1319,0.1251,0.8087,2.7342,0.6822,0.0037,1.0,0.0466,0.0,0.1228
1754678760000,147.9501,1.0,0.0694,0.7284,0.0,0.2528,1.0,0.0,81.0262,0.9971,1.0,0.0651,0.0,0.0462,0.9999,0.1319,0.1179,0.804,2.2789,0.6595,0.0034,1.0,0.0516,0.0,0.1321
1754678820000,145.7239,1.0,0.0694,0.7265,0.0,0.2611,1.0,0.0,77.469,0.9966,1.0,0.0628,0.0,0.0479,0.9998,0.1294,0.1131,0.8535,2.5876,0.6889,0.0034,1.0,0.1658,0.0,0.12
1754678880000,136.4301,1.0,0.0694,0.7228,0.0,0.2639,1.0,0.0,80.0212,0.9978,1.0,0.0692,0.0,0.0491,1.0,0.1226,0.1225,0.8136,2.3651,0.685,0.0035,1.0,0.106,0.0,0.1143
1754678940000,150.9475,1.0,0.0694,0.7353,0.0,0.2722,1.0,0.0,73.214,0.9968,1.0,0.0627,0.0,0.0471,0.9999,0.1243,0.1164,0.799,2.6698,0.6625,0.0036,1.0,0.1684,0.0,0.1226
1754679000000,162.653,1.0,0.0694,0.7258,0.0,0.2639,1.0,0.0,89.1946,0.9971,1.0,0.0664,0.0,0.0487,0.9996,0.1301,0.119,0.812,3.1939,0.6799,0.0036,1.0,0.0304,0.0,0.1268
1754679060000,140.3465,1.0,0.0694,0.732,0.0,0.2667,1.0,0.0,71.2939,0.9973,1.0,0.0641,0.0,0.0491,0.9999,0.121,0.1173,0.8208,2.5745,0.6776,0.0036,1.0,0.053,0.0,0.1241
1754679120000,158.5613,1.0,0.0694,0.7335,0.0,0.2639,1.0,0.0,79.2803,0.997,1.0,0.0677,0.0,0.0516,0.9996,0.1258,0.125,0.8052,2.4035,0.6773,0.0036,1.0,0.0327,0.0,0.1225
1754679180000,138.9438,1.0,0.0694,0.7259,0.0,0.2472,1.0,0.0,78.134,0.9975,1.0,0.0658,0.0,0.0492,0.9998,0.1276,0.1178,0.7944,2.5492,0.6721,0.0035,1.0,0.0574,0.0,0.1345
1754679240000,144.2339,1.0,0.0694,0.7203,0.0,0.2556,1.0,0.0,84.2638,0.9974,1.0,0.0669,0.0,0.0475,0.9997,0.1147,0.1186,0.7981,2.7523,0.6722,0.0035,1.0,0.0798,0.0,0.1263
1754679300000,161.0571,1.0,0.0694,0.729,0.0,0.2556,1.0,0.0,84.7903,0.9977,1.0,0.0632,0.0,0.0467,0.9997,0.1171,0.1153,0.8059,2.7367,0.6737,0.0039,1.0,0.0548,0.0,0.1192
1754679360000,152.82,1.0,0.0694,0.7265,0.0,0.2535,1.0,0.0,83.6024,0.9974,1.0,0.0651,0.0,0.0482,0.9999,0.1182,0.1168,0.7976,2.6638,0.6698,0.0036,1.0,0.0668,0.0,0.1193
1754679420000,153.3498,1.0,0.0694,0.7275,0.0,0.2556,1.0,0.0,82.8531,0.997,1.0,0.0629,0.0,0.0484,0.9999,0.1392,0.1141,0.8002,2.5868,0.6789,0.0036,1.0,0.0262,0.0,0.1277
1754679480000,169.0981,1.0,0.0694,0.7287,0.0,0.2618,1.0,0.0,87.1028,0.9969,1.0,0.0602,0.0,0.0461,0.9995,0.1281,0.1102,0.7996,2.6956,0.6786,0.0035,1.0,0.1233,0.0,0.1298
1754679540000,167.6934,1.0,0.0694,0.7291,0.0,0.2618,1.0,0.0,87.2537,0.9967,1.0,0.0617,0.0,0.0494,0.9997,0.1351,0.1124,0.7864,2.7299,0.6653,0.0034,1.0,0.1006,0.0,0.1262
1754679600000,158.8032,1.0,0.0694,0.7234,0.0,0.2674,1.0,0.0,87.343,0.9965,1.0,0.0672,0.0,0.0492,1.0,0.1236,0.1205,0.7982,2.3421,0.6802,0.0034,1.0,0.0868,0.0,0.1244
1754679660000,152.8247,1.0,0.0694,0.7285,0.0,0.273,1.0,0.0,83.3267,0.9973,1.0,0.0632,0.0,0.0464,0.9999,0.1332,0.1149,0.8101,2.7391,0.6756,0.0033,1.0,0.051,0.0,0.1258
1754679720000,157.4415,1.0,0.0694,0.725,0.0,0.2618,1.0,0.0,87.3274,0.9969,1.0,0.0603,0.0,0.044,0.9998,0.1375,0.1089,0.8043,2.1624,0.6818,0.0034,1.0,0.0849,0.0,0.1199
1754679780000,149.8837,1.0,0.0694,0.7209,0.0,0.2618,1.0,0.0,88.597,0.997,1.0,0.064,0.0,0.0451,0.9997,0.1406,0.1136,0.815,2.6751,0.6837,0.0034,1.0,0.0757,0.0,0.1318
1754679840000,157.8914,1.0,0.0694,0.7287,0.0,0.2674,1.0,0.0,83.9675,0.9972,1.0,0.0601,0.0,0.048,0.9996,0.1258,0.11,0.8173,2.2784,0.6883,0.0035,1.0,0.0279,0.0,0.1172
1754679900000,149.3248,1.0,0.0694,0.7274,0.0,0.2563,1.0,0.0,81.331,0.9974,1.0,0.0606,0.0,0.0451,0.9997,0.1361,0.1092,0.8091,2.6703,0.6706,0.0033,1.0,0.0569,0.0,0.1198
1754679960000,151.4487,1.0,0.0694,0.727,0.0,0.2528,1.0,0.0,81.4211,0.9966,1.0,0.0613,0.0,0.0472,0.9999,0.1281,0.1109,0.8103,2.4411,0.6731,0.0037,1.0,0.0799,0.0,0.1233
1754680020000,149.1145,1.0,0.0694,0.7303,0.0,0.2563,1.0,0.0,77.8104,0.9976,1.0,0.0576,0.0,0.0439,0.9999,0.1293,0.105,0.7904,2.3868,0.6623,0.0031,1.0,0.0863,0.0,0.1242
1754680080000,155.4126,1.0,0.0694,0.7291,0.0,0.2535,1.0,0.0,82.6492,0.9972,1.0,0.0592,0.0,0.0437,1.0,0.1264,0.1079,0.8045,2.6586,0.6582,0.0037,1.0,0.0595,0.0,0.113
1754680140000,151.397,1.0,0.0694,0.7232,0.0,0.2563,1.0,0.0,84.4835,0.9976,1.0,0.0598,0.0,0.0454,1.0,0.1151,0.1071,0.7942,2.2678,0.6707,0.0038,1.0,0.1063,0.0,0.1154
1754680200000,149.4055,1.0,0.0694,0.7246,0.0,0.2535,1.0,0.0,84.3404,0.9971,1.0,0.0584,0.0,0.0461,0.9997,0.1233,0.1047,0.8149,2.2067,0.685,0.0038,1.0,0.0283,0.0,0.1148
1754680260000,149.0732,1.0,0.0694,0.7259,0.0,0.2535,1.0,0.0,83.9661,0.9972,1.0,0.0579,0.0,0.0449,1.0,0.1199,0.1046,0.8235,2.4294,0.69,0.0034,1.0,0.133,0.0,0.1205
1754680320000,148.2855,1.0,0.0694,0.7258,0.0,0.2611,1.0,0.0,79.5831,0.9969,1.0,0.0591,0.0,0.0478,0.9997,0.1294,0.1068,0.8443,2.212,0.7011,0.0034,1.0,0.0857,0.0,0.1261
1754680380000,161.6942,1.0,0.0694,0.7289,0.0,0.2722,1.0,0.0,85.6838,0.9973,1.0,0.0586,0.0,0.0462,0.9996,0.1254,0.1074,0.8206,2.3847,0.6843,0.0035,1.0,0.0472,0.0,0.1226
1754680440000,148.3654,1.0,0.0694,0.7231,0.0,0.275,1.0,0.0,84.6748,0.9966,1.0,0.0604,0.0,0.046,0.9997,0.1268,0.1084,0.7894,2.7734,0.6742,0.0034,1.0,0.0368,0.0,0.1226
1754680500000,161.6059,1.0,0.0694,0.7288,0.0,0.2694,1.0,0.0,86.7532,0.9974,1.0,0.0573,0.0,0.0452,0.9996,0.12,0.1045,0.8154,2.521,0.681,0.0032,1.0,0.054,0.0,0.1147
1754680560000,172.4871,1.0,0.0694,0.7331,0.0,0.2667,1.0,0.0,87.5791,0.9966,1.0,0.0557,0.0,0.0442,0.9997,0.1267,0.1032,0.8164,2.8664,0.6791,0.0032,1.0,0.1506,0.0,0.1161
1754680620000,154.6792,1.0,0.0694,0.727,0.0,0.2639,1.0,0.0,85.506,0.9969,1.0,0.0586,0.0,0.0465,0.9998,0.1317,0.1065,0.8046,2.8011,0.6807,0.0034,1.0,0.1101,0.0,0.1233
1754680680000,147.7602,1.0,0.0694,0.7261,0.0,0.2667,1.0,0.0,82.6681,0.9976,1.0,0.059,0.0,0.0426,0.9997,0.1199,0.1065,0.8211,2.4067,0.6876,0.0032,1.0,0.0459,0.0,0.1132
1754680740000,149.4626,1.0,0.0694,0.7212,0.0,0.2667,1.0,0.0,85.9561,0.9979,1.0,0.0615,0.0,0.0459,0.9998,0.1164,0.1091,0.8086,2.5117,0.6903,0.0035,1.0,0.082,0.0,0.1104
1754680800000,164.1495,1.0,0.0694,0.7303,0.0,0.2694,1.0,0.0,86.9274,0.9973,1.0,0.0551,0.0,0.043,0.9994,0.0953,0.1008,0.8261,2.5259,0.6888,0.0033,1.0,0.1189,0.0,0.1146
1754680860000,147.9895,1.0,0.0694,0.724,0.0,0.2604,1.0,0.0,83.7561,0.9978,1.0,0.0553,0.0,0.0463,0.9999,0.1075,0.0992,0.8235,2.5658,0.693,0.0034,1.0,0.0572,0.0,0.1252
1754680920000,153.9378,1.0,0.0694,0.727,0.0,0.2611,1.0,0.0,85.2137,0.9967,1.0,0.0533,0.0,0.0427,0.9999,0.1108,0.0964,0.8566,2.7131,0.7134,0.0033,1.0,0.0588,0.0,0.1255
1754680980000,160.1163,1.0,0.0694,0.7378,0.0,0.2639,1.0,0.0,78.5173,0.9976,1.0,0.0559,0.0,0.0443,0.9996,0.1104,0.1033,0.8749,2.4338,0.7216,0.0031,1.0,0.0768,0.0,0.1162
1754681040000,161.6363,1.0,0.0694,0.7273,0.0,0.2611,1.0,0.0,89.2398,0.9971,1.0,0.06,0.0,0.0435,0.9993,0.1189,0.1084,0.8115,2.7592,0.6909,0.0034,1.0,0.0973,0.0,0.1167
1754681100000,164.4237,1.0,0.0694,0.7286,0.0,0.2583,1.0,0.0,85.9861,0.9964,1.0,0.0562,0.0,0.0419,0.9996,0.1121,0.1024,0.829,2.5399,0.6922,0.0031,1.0,0.0638,0.0,0.1204
1754681160000,170.9581,1.0,0.0694,0.7279,0.0,0.2583,1.0,0.0,89.7308,0.9968,1.0,0.0551,0.0,0.0437,0.9992,0.1147,0.1001,0.8255,2.8175,0.689,0.0035,1.0,0.0687,0.0,0.1252
1754681220000,161.4247,1.0,0.0694,0.7303,0.0,0.2592,1.0,0.0,85.341,0.997,1.0,0.0548,0.0,0.0437,0.9996,0.1214,0.0999,0.8137,2.3795,0.6891,0.0033,1.0,0.0729,0.0,0.122
1754681280000,156.7632,1.0,0.0694,0.725,0.0,0.2611,1.0,0.0,90.4154,0.9973,1.0,0.0587,0.0,0.0428,0.9996,0.1289,0.1044,0.8217,2.7757,0.6936,0.0032,1.0,0.0406,0.0,0.1189
1754681340000,154.9454,1.0,0.0694,0.7246,0.0,0.2639,1.0,0.0,86.4814,0.9969,1.0,0.0558,0.0,0.0434,1.0,0.114,0.1002,0.7997,2.6357,0.6865,0.0032,1.0,0.0618,0.0,0.1181
1754681400000,165.1679,1.0,0.0694,0.7254,0.0,0.2611,1.0,0.0,92.2857,0.9971,1.0,0.0548,0.0,0.0407,0.9996,0.1146,0.0985,0.8155,2.7142,0.7032,0.0031,1.0,0.1171,0.0,0.1139
1754681460000,164.966,1.0,0.0694,0.7286,0.0,0.2722,1.0,0.0,86.2183,0.9971,1.0,0.055,0.0,0.0424,0.9998,0.1151,0.1,0.8162,2.4623,0.6889,0.0033,1.0,0.0585,0.0,0.1111
1754681520000,167.3611,1.0,0.0694,0.735,0.0,0.2724,1.0,0.0,84.1428,0.9969,1.0,0.0556,0.0,0.043,0.9999,0.1226,0.1033,0.8137,2.3134,0.6844,0.0034,1.0,0.077,0.0,0.1231
1754681580000,154.9683,1.0,0.0694,0.7282,0.0,0.2667,1.0,0.0,83.9538,0.9969,1.0,0.0561,0.0,0.0424,0.9998,0.1185,0.1021,0.8062,2.3552,0.6974,0.0036,1.0,0.1493,0.0,0.1212
1754681640000,153.5699,1.0,0.0694,0.7236,0.0,0.2611,1.0,0.0,89.1598,0.9973,1.0,0.0569,0.0,0.0409,0.9997,0.1135,0.1016,0.817,2.4704,0.697,0.0033,1.0,0.0418,0.0,0.1197
1754681700000,175.2965,1.0,0.0694,0.7296,0.0,0.2583,1.0,0.0,92.298,0.9976,1.0,0.0563,0.0,0.0444,0.9995,0.1157,0.1028,0.8522,2.5341,0.7035,0.0031,1.0,0.1352,0.0,0.1162
1754681760000,154.666,1.0,0.0694,0.7254,0.0,0.2611,1.0,0.0,85.9138,0.9967,1.0,0.0563,0.0,0.0445,0.9997,0.1239,0.1012,0.8044,2.7072,0.6743,0.0032,1.0,0.036,0.0,0.1228
1754681820000,158.1156,1.0,0.0694,0.7211,0.0,0.2667,1.0,0.0,90.233,0.9964,1.0,0.0544,0.0,0.0441,0.9997,0.1199,0.097,0.7961,2.463,0.6746,0.0032,1.0,0.0417,0.0,0.1163
1754681880000,169.6068,1.0,0.0694,0.7243,0.0,0.262,1.0,0.0,94.8964,0.9963,1.0,0.0549,0.0,0.0436,0.9992,0.1099,0.0987,0.8165,2.6393,0.6837,0.0035,1.0,0.0615,0.0,0.1107
1754681940000,157.3507,1.0,0.0694,0.7295,0.0,0.2611,1.0,0.0,85.7822,0.9976,1.0,0.0536,0.0,0.0425,0.9997,0.1247,0.0979,0.8002,2.3665,0.6821,0.0031,1.0,0.1164,0.0,0.1192
1754682000000,157.0953,1.0,0.0694,0.7225,0.0,0.2528,1.0,0.0,90.3037,0.9976,1.0,0.0551,0.0,0.042,0.9995,0.1174,0.0979,0.82,2.2931,0.6886,0.0031,1.0,0.0418,0.0,0.1135
1754682060000,176.7415,1.0,0.0694,0.734,0.0,0.2583,1.0,0.0,87.0326,0.9972,1.0,0.0521,0.0,0.0428,0.9997,0.1119,0.0968,0.8163,2.6183,0.6841,0.0032,1.0,0.088,0.0,0.1124
1754682120000,162.4751,1.0,0.0694,0.7305,0.0,0.2583,1.0,0.0,82.6976,0.9976,1.0,0.0538,0.0,0.0437,0.9997,0.1126,0.098,0.8201,2.6095,0.6948,0.0034,1.0,0.1369,0.0,0.1195
1754682180000,159.9176,1.0,0.0694,0.7253,0.0,0.2611,1.0,0.0,88.5407,0.997,1.0,0.055,0.0,0.0418,0.9996,0.1299,0.0981,0.8297,2.7358,0.6955,0.0031,1.0,0.1142,0.0,0.111
1754682240000,165.8944,1.0,0.0694,0.7305,0.0,0.2639,1.0,0.0,85.5449,0.9967,1.0,0.0515,0.0,0.0421,0.9997,0.1243,0.094,0.8616,2.5348,0.7213,0.0031,1.0,0.0676,0.0,0.1161
1754682300000,156.6852,1.0,0.0694,0.727,0.0,0.2583,1.0,0.0,82.86,0.9972,1.0,0.053,0.0,0.041,0.9999,0.126,0.0953,0.8579,2.8927,0.7137,0.003,1.0,0.0183,0.0,0.1164
1754682360000,159.5528,1.0,0.0694,0.7273,0.0,0.2577,1.0,0.0,88.868,0.9972,1.0,0.057,0.0,0.0437,0.9996,0.1212,0.1025,0.8202,2.7572,0.6961,0.003,1.0,0.07,0.0,0.1101
1754682420000,150.157,1.0,0.0694,0.7297,0.0,0.2639,1.0,0.0,82.5929,0.9965,1.0,0.0512,0.0,0.0397,1.0,0.1126,0.0927,0.8523,2.7012,0.7142,0.003,1.0,0.0998,0.0,0.1135
1754682480000,149.2487,1.0,0.0694,0.7224,0.0,0.2611,1.0,0.0,87.2266,0.9968,1.0,0.0555,0.0,0.0419,0.9998,0.1192,0.0991,0.9106,2.3696,0.7395,0.0033,1.0,0.1235,0.0,0.1126
1754682540000,153.5021,1.0,0.0694,0.7313,0.0,0.2583,1.0,0.0,79.5082,0.997,1.0,0.0521,0.0,0.0412,0.9999,0.1079,0.0955,0.8913,2.8112,0.7456,0.003,1.0,0.101,0.0,0.1096
1754682600000,162.2049,1.0,0.0694,0.7305,0.0,0.2611,1.0,0.0,83.4937,0.9967,1.0,0.0517,0.0,0.042,0.9998,0.1117,0.0947,0.8277,2.3797,0.7077,0.0031,1.0,0.15,0.0,0.1131
1754682660000,153.6321,1.0,0.0694,0.7282,0.0,0.2722,1.0,0.0,83.583,0.9972,1.0,0.05,0.0,0.0418,1.0,0.1122,0.0907,0.8541,3.3078,0.7086,0.0031,1.0,0.0746,0.0,0.1111
1754682720000,158.5187,1.0,0.0694,0.7256,0.0,0.275,1.0,0.0,88.3929,0.9969,1.0,0.0543,0.0,0.0418,0.9997,0.1113,0.0975,0.8912,2.5083,0.7332,0.0031,1.0,0.0879,0.0,0.1069
1754682780000,156.4531,1.0,0.0694,0.7264,0.0,0.2694,1.0,0.0,84.6438,0.9973,1.0,0.0545,0.0,0.0428,0.9994,0.1176,0.0983,0.8371,2.5144,0.6894,0.0031,1.0,0.0679,0.0,0.1118
1754682840000,156.6632,1.0,0.0694,0.7257,0.0,0.2694,1.0,0.0,86.2996,0.9965,1.0,0.0506,0.0,0.0413,0.9996,0.1065,0.0913,0.8031,2.5197,0.686,0.0032,1.0,0.2505,0.0,0.1082
1754682900000,164.9482,1.0,0.0694,0.7245,0.0,0.2667,1.0,0.0,89.8478,0.9966,1.0,0.0546,0.0,0.0425,0.9996,0.1047,0.0987,0.7895,2.4791,0.6771,0.0032,1.0,0.0793,0.0,0.1106
1754682960000,168.6262,1.0,0.0694,0.7302,0.0,0.2583,1.0,0.0,87.5196,0.9972,1.0,0.0505,0.0,0.0421,0.9994,0.1139,0.0925,0.8029,2.8616,0.6767,0.0031,1.0,0.0698,0.0,0.1141
1754683020000,153.5788,1.0,0.0694,0.7291,0.0,0.2583,1.0,0.0,83.3709,0.9966,1.0,0.0515,0.0,0.042,0.9999,0.1117,0.0939,0.7985,2.7209,0.6767,0.0032,1.0,0.0818,0.0,0.108
1754683080000,147.6463,1.0,0.0694,0.7224,0.0,0.2583,1.0,0.0,88.1754,0.9968,1.0,0.0519,0.0,0.0434,0.9998,0.1185,0.0924,0.8041,2.5097,0.6793,0.0032,1.0,0.0879,0.0,0.1067
1754683140000,169.0368,1.0,0.0694,0.7227,0.0,0.2528,1.0,0.0,95.1714,0.997,1.0,0.052,0.0,0.0415,0.9995,0.1256,0.0926,0.7895,2.7267,0.6828,0.0032,1.0,0.07,0.0,0.1054
1754683200000,146.5361,1.0,0.0694,0.722,0.0,0.2556,1.0,0.0,82.4857,0.9974,1.0,0.0568,0.0,0.0425,1.0,0.1258,0.1015,0.7917,2.672,0.6833,0.003,1.0,0.0661,0.0,0.1105
1754683260000,172.2966,1.0,0.0694,0.7261,0.0,0.2556,1.0,0.0,88.8414,0.9972,1.0,0.0507,0.0,0.042,0.9995,0.1125,0.092,0.8048,2.7943,0.6874,0.003,1.0,0.0475,0.0,0.1128
1754683320000,152.9772,1.0,0.0694,0.7271,0.0,0.2528,1.0,0.0,85.8535,0.997,1.0,0.0519,0.0,0.0412,0.9996,0.1135,0.094,0.8047,2.3264,0.679,0.0034,1.0,0.0769,0.0,0.1069
1754683380000,171.6122,1.0,0.0694,0.7283,0.0,0.2528,1.0,0.0,89.1475,0.9971,1.0,0.0538,0.0,0.0426,0.9994,0.1225,0.0975,0.8045,2.3932,0.6753,0.003,1.0,0.0675,0.0,0.106
1754683440000,173.1735,1.0,0.0694,0.733,0.0,0.2583,1.0,0.0,87.8359,0.9971,1.0,0.0482,0.0,0.0412,0.9991,0.1163,0.0882,0.8225,2.4089,0.6836,0.003,1.0,0.1123,0.0,0.1103
1754683500000,164.6987,1.0,0.0694,0.7244,0.0,0.2618,1.0,0.0,88.0629,0.9967,1.0,0.051,0.0,0.0415,0.9995,0.1163,0.092,0.7826,2.5318,0.6806,0.0028,1.0,0.1627,0.0,0.1068
1754683560000,167.5115,1.0,0.0694,0.7287,0.0,0.2639,1.0,0.0,85.3369,0.9972,1.0,0.0498,0.0,0.0422,0.9994,0.1176,0.091,0.791,2.8749,0.6734,0.0032,1.0,0.0255,0.0,0.1086
1754683620000,153.1735,1.0,0.0694,0.7236,0.0,0.2556,1.0,0.0,86.3619,0.9971,1.0,0.0531,0.0,0.0403,0.9995,0.1122,0.095,0.7938,2.4478,0.6713,0.003,1.0,0.0722,0.0,0.109
1754683680000,146.7014,1.0,0.0694,0.7275,0.0,0.2528,1.0,0.0,79.8449,0.9972,1.0,0.0518,0.0,0.0431,1.0,0.0974,0.0936,0.7838,2.7701,0.6729,0.0033,1.0,0.0681,0.0,0.1027
1754683740000,144.598,1.0,0.0694,0.7279,0.0,0.2528,1.0,0.0,78.8423,0.9961,1.0,0.052,0.0,0.0442,0.9999,0.1038,0.0942,0.7895,2.5263,0.6767,0.0033,1.0,0.059,0.0,0.1042
1754683800000,146.9393,1.0,0.0694,0.7243,0.0,0.25,1.0,0.0,80.5205,0.9975,1.0,0.0542,0.0,0.043,0.9998,0.1111,0.097,0.8262,2.7272,0.6804,0.0033,1.0,0.1197,0.0,0.1067
1754683860000,149.1211,1.0,0.0694,0.7237,0.0,0.25,1.0,0.0,83.5197,0.9967,1.0,0.0496,0.0,0.0408,0.9999,0.1117,0.0894,0.799,2.3225,0.6782,0.0031,1.0,0.137,0.0,0.1037
1754683920000,150.1886,1.0,0.0694,0.7209,0.0,0.2611,1.0,0.0,91.149,0.9977,1.0,0.0559,0.0,0.0442,0.9999,0.1004,0.0989,0.7871,2.4727,0.6712,0.003,1.0,0.0324,0.0,0.1036
1754683980000,158.5142,1.0,0.0694,0.7222,0.0,0.2639,1.0,0.0,89.4863,0.9974,1.0,0.0526,0.0,0.0398,0.9996,0.1107,0.0939,0.8075,2.3869,0.6718,0.0028,1.0,0.0388,0.0,0.1047
1754684040000,144.9511,1.0,0.0694,0.7174,0.0,0.2583,1.0,0.0,89.1688,0.9974,1.0,0.0553,0.0,0.0425,0.9998,0.1076,0.0971,0.7883,2.2852,0.6666,0.0031,1.0,0.0223,0.0,0.1063
1754684100000,150.6643,1.0,0.0694,0.7212,0.0,0.2639,1.0,0.0,88.5539,0.9981,1.0,0.0549,0.0,0.0417,0.9998,0.1054,0.0969,0.7995,2.4148,0.6685,0.0031,1.0,0.0721,0.0,0.1015
1754684160000,151.9011,1.0,0.0694,0.7255,0.0,0.2702,1.0,0.0,84.8601,0.9971,1.0,0.0528,0.0,0.0411,0.9999,0.0999,0.0947,0.7966,2.6434,0.6586,0.0032,1.0,0.0676,0.0,0.103
1754684220000,149.1732,1.0,0.0694,0.7271,0.0,0.275,1.0,0.0,80.4249,0.9973,1.0,0.0537,0.0,0.0423,0.9998,0.1029,0.097,0.7889,2.5622,0.676,0.0028,1.0,0.047,0.0,0.1045
1754684280000,145.0154,1.0,0.0694,0.725,0.0,0.275,1.0,0.0,80.8559,0.9973,1.0,0.0562,0.0,0.0431,0.9998,0.0964,0.1,0.8014,2.286,0.6685,0.003,1.0,0.0613,0.0,0.1078
1754684340000,149.3636,1.0,0.0694,0.7298,0.0,0.2611,1.0,0.0,80.0103,0.9965,1.0,0.054,0.0,0.0416,0.9999,0.1172,0.0983,0.7933,2.6374,0.6568,0.003,1.0,0.0397,0.0,0.1074
1754684400000,145.4779,1.0,0.0694,0.7266,0.0,0.2674,1.0,0.0,81.1144,0.9971,1.0,0.0546,0.0,0.0427,0.9997,0.1086,0.0977,0.7834,2.3161,0.6615,0.003,1.0,0.068,0.0,0.1085
1754684460000,150.9842,1.0,0.0694,0.7289,0.0,0.2583,1.0,0.0,80.8048,0.9969,1.0,0.0506,0.0,0.0388,0.9998,0.1136,0.0915,0.7853,2.3716,0.6647,0.0029,1.0,0.1044,0.0,0.1048
1754684520000,147.862,1.0,0.0694,0.7237,0.0,0.2583,1.0,0.0,83.5009,0.9973,1.0,0.0532,0.0,0.0414,0.9998,0.1071,0.0948,0.784,2.1696,0.6638,0.0031,1.0,0.0492,0.0,0.1019
1754684580000,162.811,1.0,0.0694,0.7332,0.0,0.2528,1.0,0.0,81.3562,0.9969,1.0,0.0503,0.0,0.0414,0.9996,0.101,0.0932,0.7968,2.4274,0.6711,0.003,1.0,0.0626,0.0,0.1045
1754684640000,165.3398,1.0,0.0694,0.7307,0.0,0.2528,1.0,0.0,85.7654,0.9965,1.0,0.0509,0.0,0.0421,0.9995,0.1046,0.0937,0.8416,2.3418,0.7083,0.003,1.0,0.0671,0.0,0.105
1754684700000,144.1416,1.0,0.0694,0.7328,0.0,0.2534,1.0,0.0,74.5532,0.997,1.0,0.0492,0.0,0.0412,0.9999,0.1172,0.0907,0.8662,2.8448,0.7104,0.0028,1.0,0.0951,0.0,0.106
1754684760000,165.2049,1.0,0.0694,0.7339,0.0,0.2583,1.0,0.0,79.7648,0.9959,1.0,0.0496,0.0,0.0432,1.0,0.1119,0.0922,0.7936,2.5213,0.6946,0.0031,1.0,0.084,0.0,0.1095
1754684820000,148.2687,1.0,0.0694,0.7322,0.0,0.2556,1.0,0.0,80.6647,0.9967,1.0,0.0551,0.0,0.0452,0.9996,0.1058,0.1006,0.864,2.3011,0.7083,0.0033,1.0,0.2497,0.0,0.1193
1754684880000,139.7064,1.0,0.0694,0.7303,0.0,0.2556,1.0,0.0,72.3829,0.9983,1.0,0.0564,0.0,0.0447,0.9999,0.1039,0.1023,0.8402,2.5098,0.7114,0.0031,1.0,0.0478,0.0,0.1118
1754684940000,166.0363,1.0,0.0694,0.7306,0.0,0.2563,1.0,0.0,84.3335,0.9971,1.0,0.0538,0.0,0.0436,0.9998,0.1144,0.0988,0.8785,2.4576,0.7258,0.0031,1.0,0.0271,0.0,0.1081
1754685000000,167.1764,1.0,0.0694,0.7172,0.0,0.2556,1.0,0.0,91.0698,0.9974,1.0,0.0554,0.0,0.0407,0.9994,0.1294,0.0993,0.8235,2.4067,0.7025,0.0028,1.0,0.0475,0.0,0.1131
1754685060000,159.3882,1.0,0.0694,0.7154,0.0,0.2639,1.0,0.0,84.7518,0.9966,1.0,0.0533,0.0,0.0409,0.9998,0.1142,0.0981,0.8054,3.1514,0.6746,0.003,1.0,0.0675,0.0,0.1063
1754685120000,148.1209,1.0,0.0694,0.7218,0.0,0.2583,1.0,0.0,83.937,0.9974,1.0,0.0546,0.0,0.0414,0.9998,0.1196,0.0972,0.7893,2.5813,0.6716,0.003,1.0,0.1172,0.0,0.1154
1754685180000,165.4472,1.0,0.0694,0.7313,0.0,0.2583,1.0,0.0,86.1115,0.9964,1.0,0.0505,0.0,0.0382,0.9998,0.1103,0.0924,0.8186,2.6389,0.6821,0.003,1.0,0.0208,0.0,0.1061
1754685240000,142.2648,1.0,0.0694,0.7197,0.0,0.2575,1.0,0.0,85.029,0.9975,1.0,0.0565,0.0,0.0418,1.0,0.1078,0.0999,0.8174,2.5435,0.6913,0.0031,1.0,0.1079,0.0,0.1064
1754685300000,143.8786,1.0,0.0694,0.7261,0.0,0.2556,1.0,0.0,77.5546,0.9969,1.0,0.0535,0.0,0.042,0.9999,0.1092,0.0964,0.8534,2.7553,0.7142,0.003,1.0,0.0265,0.0,0.1054
1754685360000,138.5053,1.0,0.0694,0.7238,0.0,0.2583,1.0,0.0,76.9967,0.9975,1.0,0.0545,0.0,0.0419,1.0,0.0989,0.0982,0.8172,2.6009,0.6938,0.0031,1.0,0.1287,0.0,0.1126
1754685420000,151.4394,1.0,0.0694,0.7191,0.0,0.2583,1.0,0.0,82.7748,0.9972,1.0,0.0537,0.0,0.0439,0.9998,0.1036,0.0955,0.8024,2.4901,0.68,0.0031,1.0,0.0807,0.0,0.1111
1754685480000,147.3758,1.0,0.0694,0.7219,0.0,0.2556,1.0,0.0,84.9138,0.997,1.0,0.0529,0.0,0.0426,0.9997,0.1147,0.094,0.7945,2.4277,0.6813,0.0033,1.0,0.052,0.0,0.1095
1754685540000,140.8243,1.0,0.0694,0.7243,0.0,0.2639,1.0,0.0,78.065,0.9976,1.0,0.052,0.0,0.044,0.9998,0.116,0.0934,0.794,2.3742,0.6695,0.0034,1.0,0.1083,0.0,0.1116
1754685600000,150.2555,1.0,0.0694,0.7259,0.0,0.2556,1.0,0.0,80.3976,0.9979,1.0,0.0526,0.0,0.041,0.9999,0.114,0.0946,0.8009,2.8981,0.6869,0.0031,1.0,0.1688,0.0,0.1059
1754685660000,156.2177,1.0,0.0694,0.7278,0.0,0.2611,1.0,0.0,83.004,0.9968,1.0,0.0527,0.0,0.041,0.9998,0.1315,0.0961,0.8058,2.4249,0.675,0.003,1.0,0.0302,0.0,0.1203
1754685720000,153.6093,1.0,0.0694,0.7283,0.0,0.2618,1.0,0.0,82.3744,0.9965,1.0,0.0532,0.0,0.0425,0.9999,0.1218,0.0968,0.7922,2.4391,0.6768,0.0032,1.0,0.0608,0.0,0.1079
1754685780000,164.5098,1.0,0.0694,0.733,0.0,0.2583,1.0,0.0,83.2176,0.9969,1.0,0.0514,0.0,0.0401,0.9999,0.1231,0.0952,0.8046,2.1102,0.6626,0.0031,1.0,0.0682,0.0,0.1115
1754685840000,144.2175,1.0,0.0694,0.7308,0.0,0.2478,1.0,0.0,76.9926,0.9969,1.0,0.0536,0.0,0.0421,1.0,0.1132,0.0979,0.7908,2.8159,0.6725,0.0033,1.0,0.0864,0.0,0.1143
1754685900000,174.2148,1.0,0.0694,0.7294,0.0,0.2583,1.0,0.0,86.3531,0.9963,1.0,0.0529,0.0,0.0439,0.9997,0.1125,0.0974,0.7964,2.6237,0.6729,0.003,1.0,0.0307,0.0,0.1171
1754685960000,147.1349,1.0,0.0694,0.7231,0.0,0.2583,1.0,0.0,82.6899,0.9974,1.0,0.059,0.0,0.0437,1.0,0.126,0.1057,0.7964,2.5764,0.6734,0.0033,1.0,0.0486,0.0,0.1175
1754686020000,169.4272,1.0,0.0694,0.7303,0.0,0.2611,1.0,0.0,86.4262,0.9969,1.0,0.055,0.0,0.0459,0.9999,0.1136,0.1009,0.805,2.3725,0.6809,0.0034,1.0,0.0982,0.0,0.1129
1754686080000,143.2676,1.0,0.0694,0.729,0.0,0.2611,1.0,0.0,75.3443,0.9969,1.0,0.0542,0.0,0.0446,0.9999,0.1132,0.099,0.791,2.6198,0.6702,0.0032,1.0,0.1493,0.0,0.1204
1754686140000,164.7045,1.0,0.0694,0.7218,0.0,0.2556,1.0,0.0,90.8234,0.996,1.0,0.0534,0.0,0.0438,0.9994,0.1144,0.0963,0.7951,2.5167,0.67,0.0032,1.0,0.0774,0.0,0.111
1754686200000,156.7066,1.0,0.0694,0.7185,0.0,0.2583,1.0,0.0,90.4435,0.9974,1.0,0.0585,0.0,0.0431,0.9996,0.1106,0.1032,0.8235,2.4739,0.6981,0.003,1.0,0.1209,0.0,0.1106
1754686260000,144.083,1.0,0.0694,0.7281,0.0,0.2583,1.0,0.0,78.5804,0.9977,1.0,0.0539,0.0,0.0424,1.0,0.1068,0.0976,0.8262,2.3606,0.6834,0.0029,1.0,0.1462,0.0,0.1072
1754686320000,143.3935,1.0,0.0694,0.7171,0.0,0.2604,1.0,0.0,84.9067,0.9968,1.0,0.0574,0.0,0.0458,0.9998,0.1142,0.1014,0.7881,2.1914,0.6742,0.0031,1.0,0.0539,0.0,0.1076
1754686380000,170.7374,1.0,0.0694,0.73,0.0,0.2583,1.0,0.0,85.2206,0.997,1.0,0.0505,0.0,0.0395,0.9996,0.126,0.0931,0.8101,2.492,0.683,0.003,1.0,0.0753,0.0,0.1085
1754686440000,146.0975,1.0,0.0694,0.7272,0.0,0.2577,1.0,0.0,77.7409,0.9972,1.0,0.0523,0.0,0.0431,1.0,0.1042,0.0952,0.8151,2.5974,0.6811,0.0031,1.0,0.061,0.0,0.1139
1754686500000,153.905,1.0,0.0694,0.7205,0.0,0.2674,1.0,0.0,85.8486,0.9971,1.0,0.0601,0.0,0.0485,0.9996,0.1147,0.107,0.797,2.5057,0.6787,0.0034,1.0,0.0798,0.0,0.1118
1754686560000,148.1266,1.0,0.0694,0.7232,0.0,0.2639,1.0,0.0,83.6851,0.9967,1.0,0.0547,0.0,0.0444,0.9998,0.1172,0.0983,0.7781,2.5018,0.6816,0.0032,1.0,0.107,0.0,0.115
1754686620000,157.0607,1.0,0.0694,0.7282,0.0,0.2667,1.0,0.0,81.7088,0.9973,1.0,0.0528,0.0,0.0445,0.9998,0.1206,0.0961,0.7968,2.6252,0.6783,0.0033,1.0,0.0747,0.0,0.1127
1754686680000,162.5916,1.0,0.0694,0.7233,0.0,0.2639,1.0,0.0,81.2106,0.9969,1.0,0.0523,0.0,0.0464,0.9998,0.1072,0.0976,0.7813,2.3403,0.6738,0.0034,1.0,0.0349,0.0,0.1073
1754686740000,161.6306,1.0,0.0694,0.7135,0.0,0.2648,1.0,0.0,83.2178,0.9967,1.0,0.0484,0.0,0.0432,0.9997,0.1118,0.0901,0.8194,2.1234,0.6768,0.0031,1.0,0.0786,0.0,0.1158
1754686800000,172.8981,1.0,0.0694,0.73,0.0,0.2648,1.0,0.0,82.9428,0.9963,1.0,0.0628,0.0,0.0538,1.0,0.1308,0.1167,0.7881,2.2772,0.6673,0.0037,1.0,0.1672,0.0,0.111
1754686860000,170.7174,1.0,0.0694,0.7371,0.0,0.2639,1.0,0.0,74.971,0.9962,1.0,0.0563,0.0,0.0523,0.9999,0.1339,0.1076,0.7955,2.4962,0.6654,0.0034,1.0,0.081,0.0,0.131
1754686920000,130.7419,1.0,0.0694,0.7131,0.0,0.2528,1.0,0.0,69.7151,0.9968,1.0,0.0729,0.0,0.0604,0.9999,0.1361,0.1309,0.796,2.4985,0.6584,0.0034,1.0,0.0922,0.0,0.1331
1754686980000,116.9322,1.0,0.0694,0.7087,0.0,0.2528,1.0,0.0,65.9334,0.9972,1.0,0.0837,0.0,0.0717,0.9997,0.1389,0.1487,0.7952,2.6201,0.6727,0.0034,1.0,0.041,0.0,0.1359
1754687040000,104.5283,1.0,0.0694,0.7051,0.0,0.2528,1.0,0.0,60.4372,0.997,1.0,0.0969,0.0,0.0717,0.9999,0.1425,0.1697,0.8142,2.6979,0.6788,0.0034,1.0,0.0846,0.0,0.1417
1754687100000,88.5049,1.0,0.0694,0.7008,0.0,0.2528,1.0,0.0,51.6283,0.9974,1.0,0.1193,0.0,0.0858,0.9999,0.1429,0.2049,0.8015,2.4108,0.67,0.0038,1.0,0.0821,0.0,0.1453
1754687160000,106.4535,1.0,0.0694,0.7077,0.0,0.2583,1.0,0.0,59.4773,0.9968,1.0,0.0967,0.0,0.0747,0.9999,0.1496,0.1708,0.8176,2.3849,0.6763,0.0038,1.0,0.1224,0.0,0.1613
1754687220000,102.3444,1.0,0.0694,0.7079,0.0,0.2563,1.0,0.0,54.5949,0.997,1.0,0.1115,0.0,0.0812,0.9998,0.1604,0.1957,0.7914,2.573,0.6686,0.0037,1.0,0.0625,0.0,0.1587
1754687280000,105.9083,1.0,0.0694,0.7053,0.0,0.2583,1.0,0.0,62.2275,0.9971,1.0,0.0948,0.0,0.075,1.0,0.1626,0.1652,0.8038,2.5147,0.6734,0.0037,1.0,0.0451,0.0,0.1806
1754687340000,109.7382,1.0,0.0694,0.7071,0.0,0.2528,1.0,0.0,61.1035,0.9969,1.0,0.0942,0.0,0.0755,0.9998,0.1614,0.1648,0.806,2.7229,0.6732,0.0036,1.0,0.065,0.0,0.1527
1754687400000,111.9123,1.0,0.0694,0.7108,0.0,0.2556,1.0,0.0,61.4298,0.9969,1.0,0.0922,0.0,0.0699,1.0,0.1649,0.1632,0.7973,2.2225,0.672,0.0035,1.0,0.0588,0.0,0.1541
1754687460000,113.6753,1.0,0.0694,0.7082,0.0,0.2556,1.0,0.0,64.2731,0.9968,1.0,0.0944,0.0,0.072,0.9997,0.1618,0.1666,0.8035,2.5234,0.6736,0.0039,1.0,0.0752,0.0,0.1577
1754687520000,116.7128,1.0,0.0694,0.7085,0.0,0.2528,1.0,0.0,64.5767,0.9971,1.0,0.0913,0.0,0.0675,0.9998,0.1735,0.1613,0.8013,2.1188,0.6722,0.0035,1.0,0.0546,0.0,0.1554
1754687580000,119.5274,1.0,0.0694,0.7073,0.0,0.25,1.0,0.0,66.7978,0.997,1.0,0.0882,0.0,0.0708,0.9998,0.1599,0.1561,0.8132,2.5703,0.6745,0.0036,1.0,0.0567,0.0,0.1537
1754687640000,118.8819,1.0,0.0694,0.7075,0.0,0.25,1.0,0.0,63.6737,0.9969,1.0,0.0889,0.0,0.0699,0.9999,0.1576,0.1584,0.8066,2.5682,0.6748,0.0035,1.0,0.0866,0.0,0.1465
1754687700000,115.5187,1.0,0.0694,0.7075,0.0,0.2472,1.0,0.0,64.3476,0.9965,1.0,0.0862,0.0,0.0673,0.9999,0.1474,0.1533,0.8181,2.45,0.6826,0.0035,1.0,0.025,0.0,0.1523
1754687760000,118.8814,1.0,0.0694,0.7083,0.0,0.2528,1.0,0.0,67.1804,0.997,1.0,0.0867,0.0,0.0639,0.9999,0.1421,0.153,0.8236,2.59,0.6798,0.0036,1.0,0.0309,0.0,0.1439
1754687820000,142.8647,1.0,0.0694,0.7221,0.0,0.2535,1.0,0.0,74.3513,0.997,1.0,0.0777,0.0,0.0599,0.9998,0.1339,0.1412,0.8072,2.2078,0.6733,0.0034,1.0,0.0546,0.0,0.1413
1754687880000,153.5182,1.0,0.0694,0.7249,0.0,0.2639,1.0,0.0,76.7191,0.996,1.0,0.0728,0.0,0.0593,0.9997,0.1299,0.1333,0.832,2.2756,0.6829,0.0038,1.0,0.1002,0.0,0.1438
1754687940000,153.1626,1.0,0.0694,0.7232,0.0,0.2694,1.0,0.0,78.7254,0.9959,1.0,0.0711,0.0,0.0559,0.9996,0.1399,0.1296,0.8198,2.4397,0.6822,0.0034,1.0,0.095,0.0,0.1428
1754688000000,160.014,1.0,0.0694,0.7226,0.0,0.2611,1.0,0.0,81.8222,0.9963,1.0,0.0711,0.0,0.0591,0.9997,0.1279,0.1293,0.8287,2.4668,0.6899,0.0034,1.0,0.1297,0.0,0.1421
1754688060000,150.6076,1.0,0.0694,0.7201,0.0,0.2667,1.0,0.0,79.2977,0.9961,1.0,0.0746,0.0,0.0592,0.9997,0.134,0.1358,0.8186,2.5286,0.6871,0.0038,1.0,0.1886,0.0,0.1378
1754688120000,147.8982,1.0,0.0694,0.7237,0.0,0.2611,1.0,0.0,78.2268,0.9961,1.0,0.0772,0.0,0.06,0.9997,0.1394,0.141,0.8079,2.4632,0.6789,0.0036,1.0,0.0543,0.0,0.1499
1754688180000,148.6843,1.0,0.0694,0.7257,0.0,0.2556,1.0,0.0,71.5289,0.9959,1.0,0.0714,0.0,0.0582,0.9999,0.1436,0.1321,0.8141,2.4995,0.6737,0.0034,1.0,0.1042,0.0,0.1476
1754688240000,153.2197,1.0,0.0694,0.7237,0.0,0.2611,1.0,0.0,76.2944,0.9955,1.0,0.0711,0.0,0.057,0.9999,0.1493,0.1306,0.8145,2.5636,0.6816,0.0035,1.0,0.0842,0.0,0.1453
1754688300000,155.5439,1.0,0.0694,0.7218,0.0,0.2604,1.0,0.0,80.6625,0.9958,1.0,0.0716,0.0,0.055,0.9997,0.1624,0.1308,0.8046,2.9323,0.6834,0.0036,1.0,0.079,0.0,0.1446
1754688360000,142.4085,1.0,0.0694,0.7216,0.0,0.2528,1.0,0.0,76.3007,0.9963,1.0,0.0751,0.0,0.0578,1.0,0.1382,0.136,0.8073,2.3659,0.6729,0.0039,1.0,0.0513,0.0,0.1342
1754688420000,146.8746,1.0,0.0694,0.7267,0.0,0.2528,1.0,0.0,72.5999,0.996,1.0,0.0739,0.0,0.0577,0.9999,0.1447,0.1362,0.8141,2.6239,0.6773,0.0036,1.0,0.0656,0.0,0.1426
1754688480000,142.5728,1.0,0.0694,0.723,0.0,0.25,1.0,0.0,74.5025,0.9957,1.0,0.0744,0.0,0.0614,0.9999,0.1288,0.1361,0.8203,2.6422,0.6848,0.0037,1.0,0.0377,0.0,0.1432
1754688540000,162.9941,1.0,0.0694,0.7275,0.0,0.2611,1.0,0.0,79.922,0.9955,1.0,0.0713,0.0,0.0602,0.9996,0.1331,0.1321,0.8396,2.4628,0.6777,0.0039,1.0,0.114,0.0,0.1458
1754688600000,152.4084,1.0,0.0694,0.7221,0.0,0.2583,1.0,0.0,80.5329,0.9961,1.0,0.0815,0.0,0.0594,0.9997,0.156,0.1476,0.8248,2.4322,0.6843,0.0036,1.0,0.0665,0.0,0.1518
1754688660000,155.304,1.0,0.0694,0.7231,0.0,0.2611,1.0,0.0,80.7562,0.996,1.0,0.0805,0.0,0.0582,0.9996,0.1593,0.1462,0.8133,2.9179,0.6773,0.0038,1.0,0.1455,0.0,0.1486
1754688720000,154.2334,1.0,0.0694,0.7263,0.0,0.2506,1.0,0.0,76.8996,0.9964,1.0,0.0765,0.0,0.0576,0.9999,0.1539,0.1409,0.818,2.3814,0.6788,0.0035,1.0,0.2473,0.0,0.1471
1754688780000,152.8242,1.0,0.0694,0.728,0.0,0.2611,1.0,0.0,75.2938,0.9958,1.0,0.0777,0.0,0.0606,0.9999,0.1589,0.1442,0.8203,2.2099,0.6853,0.0039,1.0,0.1173,0.0,0.1488
1754688840000,156.5847,1.0,0.0694,0.7255,0.0,0.2556,1.0,0.0,79.6505,0.996,1.0,0.0805,0.0,0.0562,0.9998,0.1633,0.148,0.8106,2.4869,0.6749,0.004,1.0,0.0646,0.0,0.1485
1754688900000,150.6608,1.0,0.0694,0.7267,0.0,0.2549,1.0,0.0,75.6679,0.9963,1.0,0.0803,0.0,0.0599,0.9999,0.16,0.1485,0.8089,2.5481,0.6698,0.0037,1.0,0.0451,0.0,0.15
1754688960000,157.0519,1.0,0.0694,0.7264,0.0,0.2501,1.0,0.0,76.9843,0.9961,1.0,0.0805,0.0,0.0638,0.9999,0.1561,0.1497,0.8039,2.3855,0.6743,0.0038,1.0,0.051,0.0,0.152
1754689020000,156.9309,1.0,0.0694,0.7267,0.0,0.2536,1.0,0.0,75.645,0.9965,1.0,0.0777,0.0,0.0633,0.9998,0.1678,0.1445,0.8112,2.625,0.6804,0.0037,1.0,0.0662,0.0,0.1606
1754689080000,156.7957,1.0,0.0694,0.7268,0.0,0.257,1.0,0.0,75.7716,0.9959,1.0,0.0766,0.0,0.0626,0.9997,0.1594,0.1422,0.8173,2.6392,0.68,0.0038,1.0,0.0785,0.0,0.1599
1754689140000,160.2648,1.0,0.0694,0.7255,0.0,0.252,1.0,0.0,81.5242,0.9957,1.0,0.0783,0.0,0.0619,0.9996,0.1656,0.1445,0.8029,2.2967,0.6772,0.004,1.0,0.057,0.0,0.1501
1754689200000,149.4568,1.0,0.0694,0.7244,0.0,0.2611,1.0,0.0,73.962,0.996,1.0,0.0828,0.0,0.0654,0.9997,0.1783,0.1517,0.8166,2.49,0.6736,0.0038,1.0,0.1175,0.0,0.1536
1754689260000,161.0718,1.0,0.0694,0.7294,0.0,0.2583,1.0,0.0,79.4836,0.9963,1.0,0.082,0.0,0.065,0.9999,0.1589,0.1525,0.8038,2.4156,0.6735,0.0039,1.0,0.0385,0.0,0.1605
1754689320000,156.6765,1.0,0.0694,0.7269,0.0,0.2583,1.0,0.0,76.7707,0.9962,1.0,0.0791,0.0,0.065,0.9997,0.1692,0.147,0.8159,2.5674,0.6715,0.004,1.0,0.0643,0.0,0.1635
1754689380000,152.0655,1.0,0.0694,0.7288,0.0,0.2667,1.0,0.0,74.3395,0.9957,1.0,0.0821,0.0,0.0631,0.9999,0.1704,0.1531,0.808,2.3544,0.6706,0.004,1.0,0.1493,0.0,0.1543
1754689440000,155.9866,1.0,0.0694,0.7304,0.0,0.2591,1.0,0.0,74.0372,0.9961,1.0,0.0801,0.0,0.0648,0.9998,0.1631,0.15,0.8109,2.7279,0.6776,0.004,1.0,0.0476,0.0,0.1605
1754689500000,150.8674,1.0,0.0694,0.7294,0.0,0.2528,1.0,0.0,74.1063,0.996,1.0,0.0837,0.0,0.0656,0.9998,0.1782,0.1554,0.8133,2.3462,0.6717,0.0039,1.0,0.0331,0.0,0.1604
1754689560000,153.3919,1.0,0.0694,0.7265,0.0,0.2632,1.0,0.0,77.0398,0.9963,1.0,0.0828,0.0,0.0677,0.9998,0.1794,0.1526,0.7968,2.4152,0.662,0.0041,1.0,0.0403,0.0,0.1579
1754689620000,150.4141,1.0,0.0694,0.7243,0.0,0.2556,1.0,0.0,77.3386,0.996,1.0,0.0854,0.0,0.068,0.9998,0.1715,0.157,0.7917,2.5449,0.6705,0.0043,1.0,0.1064,0.0,0.1576
1754689680000,141.8424,1.0,0.0694,0.7259,0.0,0.2506,1.0,0.0,73.2753,0.9964,1.0,0.0892,0.0,0.0655,0.9999,0.1618,0.163,0.8301,2.5676,0.6858,0.0039,1.0,0.1067,0.0,0.1584
1754689740000,143.2448,1.0,0.0694,0.7251,0.0,0.2472,1.0,0.0,73.5157,0.9964,1.0,0.0844,0.0,0.0624,0.9999,0.1472,0.1544,0.8157,2.4784,0.6738,0.0041,1.0,0.145,0.0,0.1629
1754689800000,148.4754,1.0,0.0694,0.723,0.0,0.2556,1.0,0.0,77.5222,0.9964,1.0,0.0898,0.0,0.0647,0.9997,0.1485,0.1633,0.8111,2.5296,0.6772,0.0042,1.0,0.1046,0.0,0.1542
1754689860000,156.7357,1.0,0.0694,0.7275,0.0,0.2611,1.0,0.0,76.779,0.9962,1.0,0.0835,0.0,0.0668,0.9998,0.1576,0.1551,0.7953,2.5311,0.6643,0.0041,1.0,0.0791,0.0,0.1592
1754689920000,143.0101,1.0,0.0694,0.7238,0.0,0.2611,1.0,0.0,75.8368,0.9961,1.0,0.0871,0.0,0.0681,0.9997,0.1467,0.1589,0.8005,2.4951,0.6692,0.0041,1.0,0.0897,0.0,0.1603
1754689980000,141.5556,1.0,0.0694,0.7263,0.0,0.2583,1.0,0.0,71.4456,0.996,1.0,0.0883,0.0,0.0706,0.9999,0.1658,0.1623,0.7923,2.6043,0.6618,0.0041,1.0,0.143,0.0,0.1551
1754690040000,150.6915,1.0,0.0694,0.7248,0.0,0.2528,1.0,0.0,75.1774,0.9957,1.0,0.0826,0.0,0.0653,0.9998,0.1654,0.1518,0.7786,2.5919,0.6608,0.0042,1.0,0.0499,0.0,0.1602
1754690100000,144.9017,1.0,0.0694,0.7239,0.0,0.2583,1.0,0.0,75.2255,0.9962,1.0,0.0882,0.0,0.0709,0.9998,0.159,0.1616,0.8127,2.3613,0.6674,0.0045,1.0,0.0952,0.0,0.1526
1754690160000,143.337,1.0,0.0694,0.7233,0.0,0.2583,1.0,0.0,73.2505,0.9962,1.0,0.0896,0.0,0.0708,0.9999,0.1703,0.163,0.8228,2.4597,0.6729,0.0042,1.0,0.0872,0.0,0.1598
1754690220000,144.9825,1.0,0.0694,0.7262,0.0,0.2556,1.0,0.0,71.4719,0.9962,1.0,0.0893,0.0,0.0705,1.0,0.184,0.1641,0.8088,2.2662,0.6653,0.0045,1.0,0.1034,0.0,0.159
1754690280000,147.79,1.0,0.0694,0.7252,0.0,0.2583,1.0,0.0,75.7153,0.9964,1.0,0.0899,0.0,0.0704,0.9999,0.1776,0.165,0.7955,2.6321,0.6679,0.0041,1.0,0.0443,0.0,0.1706
1754690340000,161.4136,1.0,0.0694,0.728,0.0,0.2611,1.0,0.0,80.0963,0.996,1.0,0.0889,0.0,0.0683,0.9999,0.1794,0.1644,0.8106,2.4386,0.6758,0.004,1.0,0.0687,0.0,0.162
1754690400000,152.0005,1.0,0.0694,0.7232,0.0,0.2639,1.0,0.0,78.6713,0.9963,1.0,0.0989,0.0,0.0728,0.9997,0.1681,0.181,0.8143,2.4944,0.6759,0.0043,1.0,0.0666,0.0,0.1701
1754690460000,148.9567,1.0,0.0694,0.7255,0.0,0.2583,1.0,0.0,74.6179,0.9968,1.0,0.0891,0.0,0.0734,0.9998,0.1807,0.1643,0.8355,2.2771,0.6764,0.0045,1.0,0.036,0.0,0.1778
1754690520000,151.0293,1.0,0.0694,0.7261,0.0,0.2639,1.0,0.0,73.1528,0.9964,1.0,0.0932,0.0,0.0757,0.9996,0.1711,0.1723,0.8188,2.4629,0.6752,0.0044,1.0,0.0611,0.0,0.1639
1754690580000,154.9312,1.0,0.0694,0.7269,0.0,0.2694,1.0,0.0,75.35,0.9966,1.0,0.0913,0.0,0.0738,0.9998,0.1728,0.1684,0.8563,2.4797,0.6829,0.0045,1.0,0.0329,0.0,0.1709
1754690640000,161.4439,1.0,0.0694,0.7308,0.0,0.2722,1.0,0.0,75.8162,0.996,1.0,0.0942,0.0,0.0737,0.9997,0.1789,0.1765,0.8444,2.3866,0.6924,0.0046,1.0,0.0555,0.0,0.1741
1754690700000,153.8626,1.0,0.0694,0.726,0.0,0.2694,1.0,0.0,75.988,0.9958,1.0,0.0969,0.0,0.0721,0.9998,0.1831,0.1787,0.8459,2.6437,0.6864,0.0045,1.0,0.1518,0.0,0.1864
1754690760000,150.7558,1.0,0.0694,0.7247,0.0,0.2639,1.0,0.0,76.1229,0.9959,1.0,0.092,0.0,0.0741,0.9998,0.2033,0.1685,0.8353,2.512,0.6904,0.0043,1.0,0.0487,0.0,0.1831
1754690820000,152.9564,1.0,0.0694,0.7247,0.0,0.2646,1.0,0.0,78.9674,0.9965,1.0,0.0997,0.0,0.0751,0.9997,0.1849,0.1818,0.8438,2.4518,0.694,0.0049,1.0,0.0586,0.0,0.1766
1754690880000,156.6961,1.0,0.0694,0.7265,0.0,0.2611,1.0,0.0,75.2393,0.9962,1.0,0.0965,0.0,0.0792,0.9996,0.1803,0.1783,0.8249,2.5735,0.6852,0.0049,1.0,0.0439,0.0,0.1801
1754690940000,153.932,1.0,0.0694,0.7284,0.0,0.2667,1.0,0.0,75.9362,0.9955,1.0,0.0905,0.0,0.0665,0.9999,0.1882,0.1681,0.8242,2.3814,0.6835,0.0041,1.0,0.0707,0.0,0.1869
1754691000000,155.4017,1.0,0.0694,0.7165,0.0,0.2528,1.0,0.0,78.4299,0.9961,1.0,0.0919,0.0,0.0782,0.9997,0.1853,0.1707,0.8404,2.4737,0.9378,0.0045,1.0,0.0576,0.0,0.1689
1754691060000,155.1025,1.0,0.0694,0.7104,0.0,0.2556,1.0,0.0,79.5563,0.9961,1.0,0.0855,0.0,0.0738,0.9999,0.1843,0.1603,0.8325,2.4842,1.1017,0.0044,1.0,0.0389,0.0,0.1879
1754691120000,150.832,1.0,0.0694,0.7107,0.0,0.2528,1.0,0.0,73.5029,0.9967,1.0,0.0823,0.0,0.0806,0.9997,0.1699,0.1555,0.8359,2.5104,1.0618,0.0043,1.0,0.0748,0.0,0.1885
1754691180000,148.5214,1.0,0.0694,0.7091,0.0,0.2583,1.0,0.0,75.3065,0.9962,1.0,0.0806,0.0,0.0684,0.9998,0.1599,0.1522,0.823,2.4014,1.0349,0.0045,1.0,0.0483,0.0,0.1903
1754691240000,149.9311,1.0,0.0694,0.7104,0.0,0.2611,1.0,0.0,74.5816,0.9966,1.0,0.0837,0.0,0.0728,0.9999,0.1801,0.1586,0.8176,2.4581,1.0045,0.0048,1.0,0.081,0.0,0.1721
1754691300000,153.6988,1.0,0.0694,0.7047,0.0,0.2583,1.0,0.0,77.8905,0.9962,1.0,0.0834,0.0,0.0799,0.9997,0.1851,0.156,0.822,2.4825,1.0001,0.0045,1.0,0.0387,0.0,0.1832
1754691360000,151.4346,1.0,0.0694,0.7093,0.0,0.2611,1.0,0.0,75.8048,0.9962,1.0,0.0836,0.0,0.0818,0.9998,0.1656,0.158,0.8344,2.4839,0.9916,0.0045,1.0,0.0503,0.0,0.1795
1754691420000,149.7894,1.0,0.0694,0.7083,0.0,0.2694,1.0,0.0,76.8491,0.9967,1.0,0.0849,0.0,0.0802,0.9998,0.1649,0.1594,0.8452,2.5686,0.9984,0.0047,1.0,0.0425,0.0,0.1855
1754691480000,149.0203,1.0,0.0694,0.711,0.0,0.2611,1.0,0.0,73.2315,0.9961,1.0,0.0893,0.0,0.0794,0.9998,0.1757,0.1689,0.8572,2.4966,0.9849,0.0046,1.0,0.0551,0.0,0.1867
1754691540000,149.264,1.0,0.0694,0.7138,0.0,0.2583,1.0,0.0,74.5521,0.9958,1.0,0.0884,0.0,0.0776,0.9996,0.1657,0.1655,0.8302,2.7065,0.8267,0.0048,1.0,0.0638,0.0,0.1911
1754691600000,146.5277,1.0,0.0694,0.7179,0.0,0.2583,1.0,0.0,74.5426,0.9962,1.0,0.099,0.0,0.0796,0.9996,0.1683,0.1833,0.8195,2.574,0.6752,0.0048,1.0,0.0416,0.0,0.1898
1754691660000,159.0487,1.0,0.0694,0.7219,0.0,0.2556,1.0,0.0,74.3359,0.9964,1.0,0.0925,0.0,0.0799,0.9999,0.1694,0.1759,0.8246,2.5065,0.6992,0.0046,1.0,0.0516,0.0,0.1951
1754691720000,162.6704,1.0,0.0694,0.712,0.0,0.255,1.0,0.0,78.3054,0.9962,1.0,0.0895,0.0,0.0807,0.9995,0.1931,0.1708,0.8349,2.4431,0.9529,0.0047,1.0,0.0612,0.0,0.2112
1754691780000,152.4125,1.0,0.0694,0.713,0.0,0.2556,1.0,0.0,74.94,0.9961,1.0,0.0897,0.0,0.0819,0.9999,0.2093,0.1711,0.8293,2.5423,0.9569,0.0046,1.0,0.0627,0.0,0.2048
1754691840000,160.6391,1.0,0.0694,0.7118,0.0,0.2611,1.0,0.0,77.0597,0.9957,1.0,0.0884,0.0,0.0904,0.9998,0.2004,0.1685,0.8639,2.5304,0.9829,0.0049,1.0,0.0879,0.0,0.2001
1754691900000,152.0254,1.0,0.0694,0.7114,0.0,0.2611,1.0,0.0,74.7512,0.996,1.0,0.0934,0.0,0.0832,0.9999,0.2061,0.1775,0.852,2.5532,0.9738,0.0046,1.0,0.0724,0.0,0.2015
1754691960000,161.9722,1.0,0.0694,0.7142,0.0,0.2639,1.0,0.0,77.191,0.996,1.0,0.0921,0.0,0.0841,0.9999,0.2219,0.176,0.8682,2.5609,0.9724,0.0051,1.0,0.057,0.0,0.2144
1754692020000,154.7216,1.0,0.0694,0.7112,0.0,0.275,1.0,0.0,76.7167,0.9967,1.0,0.0946,0.0,0.0826,0.9996,0.2112,0.1787,0.8488,2.3939,0.9528,0.0047,1.0,0.0886,0.0,0.2192
1754692080000,163.062,1.0,0.0694,0.7129,0.0,0.2703,1.0,0.0,79.1685,0.9961,1.0,0.0907,0.0,0.0846,0.9997,0.2057,0.1724,0.8264,2.4926,0.9586,0.0051,1.0,0.0612,0.0,0.2124
1754692140000,154.5729,1.0,0.0694,0.7118,0.0,0.2659,1.0,0.0,75.7836,0.9963,1.0,0.0926,0.0,0.0843,0.9996,0.2025,0.175,0.8372,2.5881,0.9518,0.0048,1.0,0.0397,0.0,0.1957
1754692200000,163.3578,1.0,0.0694,0.7274,0.0,0.2667,1.0,0.0,78.6826,0.9961,1.0,0.1089,0.0,0.085,0.9997,0.2039,0.2037,0.8483,2.572,0.7029,0.0049,1.0,0.0473,0.0,0.195
1754692260000,154.9993,1.0,0.0694,0.7298,0.0,0.2667,1.0,0.0,74.7266,0.9959,1.0,0.1082,0.0,0.084,0.9999,0.2138,0.2019,0.8348,2.5979,0.6825,0.0051,1.0,0.0476,0.0,0.2127
1754692320000,155.965,1.0,0.0694,0.7279,0.0,0.2583,1.0,0.0,77.2964,0.9966,1.0,0.1123,0.0,0.087,0.9995,0.1936,0.2079,0.8391,2.6333,0.6825,0.0054,1.0,0.0478,0.0,0.209
1754692380000,152.3796,1.0,0.0694,0.7276,0.0,0.2528,1.0,0.0,75.6077,0.9962,1.0,0.1127,0.0,0.0842,0.9996,0.1981,0.2088,0.8336,2.4867,0.6728,0.005,1.0,0.1168,0.0,0.2045
1754692440000,156.6509,1.0,0.0694,0.7121,0.0,0.2583,1.0,0.0,79.1546,0.9958,1.0,0.0942,0.0,0.0824,0.9997,0.1888,0.1771,0.8459,2.6335,0.9391,0.0049,1.0,0.1016,0.0,0.2097
1754692500000,176.3069,1.0,0.0694,0.7092,0.0,0.2528,1.0,0.0,90.6598,0.9964,1.0,0.099,0.0,0.0929,0.9986,0.1829,0.1849,0.857,2.7361,0.9523,0.005,1.0,0.0543,0.0,0.2013
1754692560000,170.4389,1.0,0.0694,0.7126,0.0,0.2556,1.0,0.0,86.9,0.9964,1.0,0.0987,0.0,0.091,0.999,0.19,0.186,0.8468,2.9158,0.94,0.0052,1.0,0.059,0.0,0.2124
1754692620000,180.165,1.0,0.0694,0.7201,0.0,0.2528,1.0,0.0,89.0843,0.9964,1.0,0.1047,0.0,0.0883,0.9989,0.1899,0.1947,0.8644,2.6278,0.8056,0.0053,1.0,0.0519,0.0,0.2208
1754692680000,157.186,1.0,0.0694,0.7268,0.0,0.2528,1.0,0.0,77.8654,0.9963,1.0,0.1135,0.0,0.0896,0.9996,0.2092,0.2104,0.8554,2.6183,0.6842,0.0052,1.0,0.0888,0.0,0.2158
1754692740000,157.4584,1.0,0.0694,0.7243,0.0,0.2577,1.0,0.0,77.8661,0.9965,1.0,0.1059,0.0,0.0832,0.9997,0.2014,0.1967,0.841,2.3774,0.7285,0.0051,1.0,0.0235,0.0,0.2093
1754692800000,164.2296,1.0,0.0694,0.7186,0.0,0.2667,1.0,0.0,83.1838,0.9964,1.0,0.109,0.0,0.0885,0.9994,0.2078,0.2006,0.8444,2.5006,0.778,0.0051,1.0,0.0631,0.0,0.209
1754692860000,165.727,1.0,0.0694,0.7259,0.0,0.2583,1.0,0.0,82.5158,0.9963,1.0,0.1128,0.0,0.0912,0.9996,0.2015,0.208,0.8462,2.6166,0.6818,0.0049,1.0,0.0384,0.0,0.2103
1754692920000,159.0488,1.0,0.0694,0.7284,0.0,0.2611,1.0,0.0,76.8018,0.9965,1.0,0.1145,0.0,0.0887,0.9998,0.2096,0.2122,0.8462,2.5908,0.6848,0.0052,1.0,0.1052,0.0,0.2162
1754692980000,154.8254,1.0,0.0694,0.7268,0.0,0.2611,1.0,0.0,76.9507,0.9966,1.0,0.1202,0.0,0.0893,0.9997,0.2335,0.221,0.8436,2.5129,0.6872,0.0054,1.0,0.0659,0.0,0.2217
1754693040000,167.4813,1.0,0.0694,0.729,0.0,0.2639,1.0,0.0,83.6795,0.9968,1.0,0.1184,0.0,0.0906,0.9992,0.2051,0.2186,0.8527,2.5473,0.697,0.0054,1.0,0.0797,0.0,0.2222
1754693100000,160.1954,1.0,0.0694,0.7241,0.0,0.2611,1.0,0.0,84.2352,0.9968,1.0,0.1245,0.0,0.0896,0.9995,0.206,0.2271,0.8554,2.5319,0.6826,0.0051,1.0,0.0999,0.0,0.2172
1754693160000,165.6333,1.0,0.0694,0.7265,0.0,0.2583,1.0,0.0,83.7133,0.9964,1.0,0.1206,0.0,0.0914,0.9992,0.2144,0.2219,0.8451,2.5662,0.6893,0.005,1.0,0.0518,0.0,0.2215
1754693220000,153.2004,1.0,0.0694,0.7263,0.0,0.2583,1.0,0.0,78.408,0.9967,1.0,0.1206,0.0,0.0954,0.9996,0.211,0.222,0.8326,2.6294,0.6705,0.0052,1.0,0.1191,0.0,0.2189
1754693280000,162.2449,1.0,0.0694,0.7242,0.0,0.2556,1.0,0.0,81.4744,0.9965,1.0,0.1208,0.0,0.0916,0.9995,0.2083,0.2218,0.8364,2.7017,0.6836,0.0049,1.0,0.0475,0.0,0.224
1754693340000,157.8035,1.0,0.0694,0.7256,0.0,0.2611,1.0,0.0,79.7668,0.9962,1.0,0.1248,0.0,0.0928,0.9995,0.2075,0.229,0.8444,2.6614,0.6833,0.0053,1.0,0.0764,0.0,0.2232
1754693400000,156.5561,1.0,0.0694,0.7253,0.0,0.2667,1.0,0.0,77.66,0.9964,1.0,0.1239,0.0,0.0962,0.9996,0.2249,0.2282,0.8636,2.5011,0.6988,0.0054,1.0,0.0787,0.0,0.2269
1754693460000,157.522,1.0,0.0694,0.7255,0.0,0.2694,1.0,0.0,78.1364,0.9962,1.0,0.1219,0.0,0.0944,0.9998,0.2318,0.2247,0.8404,2.4774,0.6783,0.0054,1.0,0.053,0.0,0.2285
1754693520000,155.6678,1.0,0.0694,0.7261,0.0,0.2632,1.0,0.0,75.5605,0.9962,1.0,0.1252,0.0,0.0977,0.9997,0.2313,0.2316,0.846,2.5695,0.68,0.0053,1.0,0.0287,0.0,0.2206
1754693580000,151.7796,1.0,0.0694,0.7269,0.0,0.2667,1.0,0.0,74.0902,0.9962,1.0,0.1196,0.0,0.0909,0.9999,0.2374,0.2212,0.8532,2.5774,0.6856,0.0054,1.0,0.1212,0.0,0.2297
1754693640000,153.7621,1.0,0.0694,0.7285,0.0,0.2639,1.0,0.0,74.5952,0.9963,1.0,0.1207,0.0,0.0921,0.9997,0.2213,0.224,0.8713,2.5637,0.6974,0.0056,1.0,0.088,0.0,0.2244
1754693700000,150.32,1.0,0.0694,0.728,0.0,0.2583,1.0,0.0,74.0493,0.9966,1.0,0.1262,0.0,0.0969,0.9997,0.2079,0.2344,0.8499,2.6476,0.6834,0.0052,1.0,0.0936,0.0,0.2364
1754693760000,154.2538,1.0,0.0694,0.7266,0.0,0.2611,1.0,0.0,75.7516,0.9964,1.0,0.1269,0.0,0.0984,0.9998,0.2185,0.2341,0.8692,2.6154,0.6986,0.0052,1.0,0.0622,0.0,0.2372
1754693820000,151.7395,1.0,0.0694,0.7262,0.0,0.262,1.0,0.0,75.6046,0.9964,1.0,0.1262,0.0,0.0916,0.9997,0.2254,0.2329,0.8381,2.5102,0.6875,0.0052,1.0,0.1329,0.0,0.2416
1754693880000,164.5055,1.0,0.0694,0.7274,0.0,0.2556,1.0,0.0,78.2657,0.9961,1.0,0.1227,0.0,0.0974,0.9996,0.2081,0.2275,0.8632,2.8113,0.7009,0.0054,1.0,0.046,0.0,0.2284
1754693940000,177.7546,1.0,0.0694,0.7254,0.0,0.25,1.0,0.0,89.9546,0.9965,1.0,0.1249,0.0,0.0916,0.999,0.2168,0.2296,0.8642,2.7385,0.7031,0.0056,1.0,0.0781,0.0,0.2493
1754694000000,183.8526,1.0,0.0694,0.7257,0.0,0.2528,1.0,0.0,89.1736,0.996,1.0,0.1295,0.0,0.1006,0.9988,0.2228,0.2387,0.877,2.6394,0.7135,0.0054,1.0,0.0514,0.0,0.2362
1754694060000,185.907,1.0,0.0694,0.7296,0.0,0.2583,1.0,0.0,85.6524,0.9958,1.0,0.1266,0.0,0.1055,0.9989,0.2418,0.2363,0.8755,2.6291,0.7062,0.0054,1.0,0.0477,0.0,0.2526
1754694120000,164.6093,1.0,0.0694,0.7301,0.0,0.2563,1.0,0.0,76.942,0.9961,1.0,0.1273,0.0,0.0961,0.9997,0.2571,0.2377,0.859,2.576,0.6856,0.0056,1.0,0.1182,0.0,0.2682
1754694180000,150.5212,1.0,0.0694,0.7276,0.0,0.2591,1.0,0.0,74.0652,0.9959,1.0,0.1321,0.0,0.1001,0.9999,0.2531,0.2448,0.8561,2.8897,0.6907,0.006,1.0,0.0881,0.0,0.2618
1754694240000,164.067,1.0,0.0694,0.7294,0.0,0.2583,1.0,0.0,78.7029,0.9961,1.0,0.131,0.0,0.0952,0.9996,0.2732,0.2447,0.862,2.6385,0.6908,0.0059,1.0,0.0505,0.0,0.2511
1754694300000,148.5222,1.0,0.0694,0.7266,0.0,0.2583,1.0,0.0,72.9148,0.996,1.0,0.1359,2.9444,0.1015,0.9997,0.2565,0.2513,0.8748,2.556,0.6906,0.0061,1.0,0.1255,0.0,0.2555
1754694360000,158.1966,1.0,0.0694,0.724,0.0,0.2583,1.0,0.0,78.1584,0.9963,1.0,0.1333,44.4444,0.1001,0.9996,0.2619,0.2444,0.8771,2.6379,0.701,0.0054,1.0,0.0603,0.0556,0.2551
1754694420000,151.9557,1.0,0.0694,0.7267,0.0,0.2659,1.0,0.0,72.9808,0.9963,1.0,0.1346,0.0,0.1001,0.9997,0.2704,0.2486,0.8738,2.7358,0.6979,0.0054,1.0,0.0779,0.0,0.2491
1754694480000,158.6279,1.0,0.0694,0.7264,0.0,0.2694,1.0,0.0,77.3181,0.996,1.0,0.1329,0.0,0.1047,0.9997,0.2746,0.2448,0.8767,2.7346,0.7051,0.0057,1.0,0.0492,0.0,0.2622
1754694540000,159.6699,1.0,0.0694,0.7275,0.0,0.2667,1.0,0.0,76.4943,0.9961,1.0,0.1341,0.0,0.1024,0.9997,0.2778,0.2493,0.8882,2.6211,0.7071,0.006,1.0,0.1173,0.0,0.2541
1754694600000,153.8123,1.0,0.0694,0.7275,0.0,0.2632,1.0,0.0,74.137,0.9965,1.0,0.1359,0.0,0.1107,0.9998,0.2804,0.2525,0.8869,2.8694,0.705,0.0058,1.0,0.067,0.0,0.2583
1754694660000,160.322,1.0,0.0694,0.7286,0.0,0.2675,1.0,0.0,77.5377,0.9963,1.0,0.1368,0.0,0.0978,0.9998,0.3139,0.2539,0.868,2.706,0.6934,0.0058,1.0,0.0796,0.0,0.2698
1754694720000,158.3146,1.0,0.0694,0.7273,0.0,0.2667,1.0,0.0,76.7833,0.9965,1.0,0.139,0.0,0.1099,0.9996,0.2958,0.258,0.8808,2.5952,0.7021,0.0057,1.0,0.0555,0.0,0.2746
1754694780000,153.3198,1.0,0.0694,0.728,0.0,0.2611,1.0,0.0,74.2644,0.9965,1.0,0.1398,0.0,0.1031,0.9997,0.2911,0.2591,0.891,2.8507,0.707,0.0058,1.0,0.0325,0.0,0.2716
1754694840000,153.6247,1.0,0.0694,0.7248,0.0,0.2563,1.0,0.0,77.6826,0.9964,1.0,0.1402,0.0,0.1023,0.9995,0.2896,0.2569,0.8886,2.6163,0.7057,0.006,1.0,0.1665,0.0,0.2765
1754694900000,154.3879,1.0,0.0694,0.7261,0.0,0.2591,1.0,0.0,75.7394,0.9961,1.0,0.1427,0.0,0.1091,0.9999,0.27,0.2632,0.8785,2.7822,0.705,0.0059,1.0,0.0611,0.0,0.2654
1754694960000,154.7507,1.0,0.0694,0.7284,0.0,0.2528,1.0,0.0,74.2676,0.9962,1.0,0.1405,0.0,0.1124,0.9998,0.2861,0.2612,0.8819,2.715,0.6955,0.0058,1.0,0.0737,0.0,0.2769
1754695020000,158.3641,1.0,0.0694,0.7279,0.0,0.2528,1.0,0.0,77.606,0.9964,1.0,0.1363,0.0,0.1025,0.9998,0.2836,0.2529,0.8745,2.7227,0.7008,0.006,1.0,0.085,0.0,0.2817
1754695080000,156.8984,1.0,0.0694,0.7269,0.0,0.2492,1.0,0.0,76.8089,0.9965,1.0,0.1395,0.0,0.103,0.9998,0.3028,0.2585,0.8759,2.6235,0.6987,0.0056,1.0,0.0564,0.0,0.275
1754695140000,158.5754,1.0,0.0694,0.726,0.0,0.2528,1.0,0.0,77.0613,0.9965,1.0,0.1377,0.0,0.1124,0.9997,0.2849,0.2554,0.882,2.6475,0.6997,0.0062,1.0,0.0757,0.0,0.2754
1754695200000,159.3638,1.0,0.0694,0.723,0.0,0.2548,1.0,0.0,77.3488,0.996,1.0,0.1348,0.0,0.1102,0.9997,0.2864,0.2509,0.8817,2.6661,0.7047,0.006,1.0,0.0977,0.0,0.2718
1754695260000,158.7734,1.0,0.0694,0.7267,0.0,0.2611,1.0,0.0,77.0162,0.9961,1.0,0.1405,0.0,0.1086,0.9998,0.3083,0.2607,0.8756,2.6677,0.6968,0.0058,1.0,0.1962,0.0,0.2819
1754695320000,161.9834,1.0,0.0694,0.7271,0.0,0.2583,1.0,0.0,78.7387,0.9963,1.0,0.1399,0.0,0.1085,0.9997,0.3003,0.2588,0.8787,2.669,0.6989,0.0058,1.0,0.0964,0.0,0.2882
1754695380000,154.0206,1.0,0.0694,0.7257,0.0,0.2694,1.0,0.0,76.6175,0.9964,1.0,0.1416,0.0,0.1076,0.9999,0.2763,0.2606,0.869,2.8174,0.6954,0.0055,1.0,0.0801,0.0,0.2726
1754695440000,158.3857,1.0,0.0694,0.7282,0.0,0.2583,1.0,0.0,76.2043,0.9965,1.0,0.1397,0.0,0.1068,0.9998,0.2671,0.2586,0.8765,2.6724,0.6922,0.0059,1.0,0.0549,0.0,0.2695
1754695500000,158.0539,1.0,0.0694,0.7273,0.0,0.2556,1.0,0.0,77.1175,0.9964,1.0,0.1449,0.0,0.1007,0.9996,0.291,0.2678,0.8755,2.6605,0.6974,0.0062,1.0,0.0573,0.0,0.2714
1754695560000,157.1453,1.0,0.0694,0.7273,0.0,0.2583,1.0,0.0,77.166,0.996,1.0,0.1441,0.0,0.115,0.9997,0.2947,0.2667,0.8747,2.5429,0.6939,0.006,1.0,0.0703,0.0,0.2804
1754695620000,157.0327,1.0,0.0694,0.7295,0.0,0.2528,1.0,0.0,74.2366,0.9961,1.0,0.1404,0.0,0.1111,0.9999,0.2736,0.2625,0.8838,2.7687,0.6973,0.0062,1.0,0.0906,0.0,0.2789
1754695680000,151.1379,1.0,0.0694,0.7277,0.0,0.2528,1.0,0.0,73.1568,0.9965,1.0,0.1455,0.0,0.1144,0.9999,0.2951,0.2695,0.8861,2.6422,0.6937,0.0062,1.0,0.0541,0.0,0.2799
1754695740000,151.6231,1.0,0.0694,0.7253,0.0,0.2528,1.0,0.0,75.6457,0.9963,1.0,0.1455,0.0,0.1104,1.0,0.2914,0.2678,0.8877,2.7247,0.7055,0.006,1.0,0.0613,0.0,0.2971
1754695800000,159.9754,1.0,0.0694,0.7257,0.0,0.2563,1.0,0.0,79.9567,0.9963,1.0,0.1514,0.0,0.1065,0.9997,0.2828,0.2781,0.8932,2.9295,0.7042,0.0061,1.0,0.0607,0.0,0.2722
1754695860000,157.3174,1.0,0.0694,0.7263,0.0,0.2549,1.0,0.0,76.2433,0.9964,1.0,0.1502,0.0,0.1116,0.9997,0.3004,0.278,0.8772,2.7375,0.6992,0.0063,1.0,0.0904,0.0,0.2933
1754695920000,156.8682,1.0,0.0694,0.7284,0.0,0.2611,1.0,0.0,74.482,0.9963,1.0,0.1476,0.0,0.1151,0.9998,0.2917,0.275,0.8796,2.7468,0.6926,0.0062,1.0,0.0693,0.0,0.2841
1754695980000,153.9498,1.0,0.0698,0.7263,0.0,0.2611,1.0,0.0,74.583,0.9964,1.0,0.1456,52.7778,0.1206,0.9999,0.3142,0.2712,0.8859,2.7166,0.7631,0.0064,1.0,0.0572,0.0556,0.2885
1754696040000,160.2345,1.0,0.0698,0.7231,0.0,0.2667,1.0,0.0,77.5115,0.9962,1.0,0.1393,0.0,0.1168,0.9996,0.3071,0.2598,0.8833,2.8011,0.8139,0.006,1.0,0.0867,0.0,0.3047
1754696100000,158.3422,1.0,0.0698,0.7275,0.0,0.2714,1.0,0.0,75.5882,0.9961,1.0,0.1502,0.0,0.1148,0.9998,0.3089,0.2795,0.8859,2.6862,0.7014,0.0063,1.0,0.0483,0.0,0.2927
1754696160000,158.165,1.0,0.0698,0.7273,0.0,0.2577,1.0,0.0,76.6108,0.9961,1.0,0.1507,0.0,0.1167,0.9997,0.3039,0.2789,0.8824,2.6517,0.6977,0.007,1.0,0.1104,0.0,0.298
1754696220000,154.6297,1.0,0.0698,0.7268,0.0,0.2556,1.0,0.0,75.6708,0.9966,1.0,0.1529,0.0,0.1093,0.9998,0.2889,0.2825,0.8824,2.6376,0.7044,0.0063,1.0,0.0982,0.0,0.3075
1754696280000,154.9511,1.0,0.0694,0.729,0.0,0.2572,1.0,0.0,73.4995,0.9963,1.0,0.1505,52.2222,0.1191,0.9999,0.3064,0.2806,0.8851,2.7575,0.7017,0.0064,1.0,0.1444,0.0556,0.2998
1754696340000,157.3126,1.0,0.0694,0.7275,0.0,0.2528,1.0,0.0,76.5049,0.9963,1.0,0.1527,0.0,0.116,0.9998,0.2817,0.2839,0.8806,2.616,0.6997,0.0061,1.0,0.0352,0.0,0.3025
1754696400000,166.5815,1.0,0.0694,0.729,0.0,0.25,1.0,0.0,79.6557,0.996,1.0,0.1505,0.0,0.1149,0.9996,0.3025,0.2811,0.8973,2.8089,0.7087,0.0064,1.0,0.037,0.0,0.2997
1754696460000,156.667,1.0,0.0694,0.7275,0.0,0.2583,1.0,0.0,75.7331,0.9964,1.0,0.1525,0.0,0.1151,0.9998,0.3,0.2834,0.8795,2.7801,0.6991,0.0064,1.0,0.0397,0.0,0.3125
1754696520000,155.8114,1.0,0.0694,0.7264,0.0,0.2549,1.0,0.0,76.347,0.9965,1.0,0.152,0.0,0.1106,0.9997,0.3164,0.2809,0.886,2.8027,0.6945,0.0062,1.0,0.059,0.0,0.303
1754696580000,175.0477,1.0,0.0694,0.7287,0.0,0.2472,1.0,0.0,86.0892,0.9963,1.0,0.1541,0.0,0.1119,0.9992,0.3306,0.2862,0.9001,2.8529,0.7183,0.0066,1.0,0.1599,0.0,0.2957
1754696640000,232.3197,1.0,0.0694,0.7296,0.0,0.2556,1.0,0.0,106.2884,0.9959,1.0,0.1548,0.0,0.1185,0.997,0.3325,0.2898,0.9133,2.7035,0.7286,0.0064,1.0,0.077,0.0,0.3112
1754696700000,215.0902,1.0,0.0694,0.7283,0.0,0.2556,1.0,0.0,102.5433,0.9959,1.0,0.1572,0.0,0.1257,0.9975,0.3278,0.2919,0.9319,2.7934,0.7385,0.0065,1.0,0.1071,0.0,0.3324
1754696760000,221.6475,1.0,0.0694,0.7263,0.0,0.2611,1.0,0.0,106.972,0.9961,1.0,0.1583,0.0,0.1206,0.9972,0.3274,0.2924,0.9298,2.8136,0.7368,0.0065,1.0,0.0678,0.0,0.3242
1754696820000,225.1844,1.0,0.0694,0.726,0.0,0.2618,1.0,0.0,110.7573,0.9961,1.0,0.1585,0.0,0.1232,0.9972,0.3294,0.2912,0.9457,2.8193,0.7469,0.0064,1.0,0.0625,0.0,0.3284
1754696880000,212.5594,1.0,0.0694,0.7271,0.0,0.2583,1.0,0.0,101.9912,0.996,1.0,0.1648,0.0,0.1256,0.9974,0.3388,0.3043,0.9413,2.6858,0.743,0.0065,1.0,0.0546,0.0,0.3181
1754696940000,207.5191,1.0,0.0694,0.727,0.0,0.2722,1.0,0.0,101.0933,0.996,1.0,0.1583,0.0,0.1119,0.9975,0.3338,0.2932,0.9284,2.888,0.74,0.0065,1.0,0.0619,0.0,0.335
1754697000000,211.1557,1.0,0.0694,0.7269,0.0,0.2654,1.0,0.0,102.5283,0.9962,1.0,0.1635,0.0,0.1246,0.9974,0.3487,0.3016,0.9389,2.8917,0.7414,0.0072,1.0,0.0449,0.0,0.3388
1754697060000,225.7556,1.0,0.0694,0.7286,0.0,0.2742,1.0,0.0,108.4264,0.996,1.0,0.159,0.0,0.1191,0.9968,0.3403,0.2952,0.9459,2.7941,0.7461,0.0067,1.0,0.0721,0.0,0.3237
1754697120000,231.4413,1.0,0.0694,0.7261,0.0,0.2611,1.0,0.0,112.3139,0.9961,1.0,0.1694,0.0,0.1252,0.9967,0.3313,0.312,0.968,2.8719,0.7608,0.0072,1.0,0.0377,0.0,0.3279
1754697180000,178.5414,1.0,0.0694,0.7239,0.0,0.2583,1.0,0.0,91.0861,0.9967,1.0,0.1728,0.0,0.131,0.9985,0.3481,0.3154,0.9189,2.7142,0.726,0.007,1.0,0.0636,0.0,0.3464
1754697240000,153.7733,1.0,0.0694,0.7246,0.0,0.2618,1.0,0.0,77.629,0.997,1.0,0.1651,0.0,0.1155,0.9995,0.3672,0.303,0.9208,2.6176,0.7198,0.0066,1.0,0.0658,0.0,0.3268
1754697300000,154.1097,1.0,0.0694,0.7243,0.0,0.2528,1.0,0.0,78.7562,0.9969,1.0,0.1668,0.0,0.1213,0.9997,0.3696,0.3059,0.9252,2.8553,0.719,0.0068,1.0,0.2056,0.0,0.3224
1754697360000,150.4263,1.0,0.0694,0.7245,0.0,0.25,1.0,0.0,77.2696,0.9969,1.0,0.1722,0.0,0.1217,0.9998,0.3319,0.3157,0.8956,2.8649,0.7043,0.0069,1.0,0.0639,0.0,0.3209
1754697420000,156.5201,1.0,0.0694,0.726,0.0,0.2556,1.0,0.0,77.3811,0.9969,1.0,0.1622,0.0,0.1243,0.9996,0.3251,0.2988,0.8989,2.8534,0.7046,0.0069,1.0,0.0557,0.0,0.3225
1754697480000,159.7879,1.0,0.0694,0.7263,0.0,0.2528,1.0,0.0,78.7457,0.997,1.0,0.1649,0.0,0.1223,0.9997,0.3219,0.3045,0.8888,2.7682,0.7049,0.0068,1.0,0.0546,0.0,0.32
1754697540000,165.8613,1.0,0.0694,0.7283,0.0,0.2583,1.0,0.0,78.9619,0.9966,1.0,0.1565,0.0,0.1184,0.9998,0.336,0.2918,0.9019,2.7351,0.7006,0.0067,1.0,0.0939,0.0,0.3199
1754697600000,129.6632,1.0,0.0694,0.7153,0.0,0.2528,1.0,0.0,69.4306,0.997,1.0,0.2112,0.0,0.1458,0.9998,0.3554,0.3748,0.9269,2.855,0.7252,0.0076,1.0,0.0639,0.0,0.3183
1754697660000,160.9703,1.0,0.0694,0.7254,0.0,0.2549,1.0,0.0,78.5036,0.9961,1.0,0.1681,0.0,0.1261,0.9997,0.3733,0.3107,0.9295,3.0593,0.7188,0.0073,1.0,0.2752,0.0,0.3703
1754697720000,182.264,1.0,0.0694,0.7269,0.0,0.2591,1.0,0.0,83.6425,0.9956,1.0,0.1664,0.0,0.1331,0.9993,0.3767,0.3116,0.9385,2.9109,0.7215,0.0073,1.0,0.045,0.0,0.344
1754697780000,188.6109,1.0,0.0694,0.7281,0.0,0.2611,1.0,0.0,85.8801,0.9955,1.0,0.1673,0.0,0.1352,0.9989,0.3589,0.3133,0.9446,2.9396,0.7246,0.007,1.0,0.0674,0.0,0.3662
1754697840000,182.0081,1.0,0.0694,0.7267,0.0,0.2521,1.0,0.0,85.4867,0.9957,1.0,0.1696,0.0,0.1372,0.9993,0.3507,0.3163,0.9401,2.952,0.7227,0.007,1.0,0.066,0.0,0.3744
1754697900000,175.4448,1.0,0.0694,0.7294,0.0,0.2528,1.0,0.0,80.7535,0.9957,1.0,0.1701,0.0,0.1285,0.9994,0.375,0.3182,0.9211,2.8388,0.714,0.0071,1.0,0.0461,0.0,0.3694
1754697960000,172.7432,1.0,0.0694,0.7278,0.0,0.2549,1.0,0.0,80.1032,0.9955,1.0,0.1684,0.0,0.1279,0.9998,0.3914,0.3152,0.941,2.7577,0.7172,0.0072,1.0,0.4319,0.0,0.3709
1754698020000,171.5371,1.0,0.0694,0.7299,0.0,0.2611,1.0,0.0,78.3161,0.9957,1.0,0.1657,0.0,0.1291,0.9998,0.3856,0.3121,0.928,2.6864,0.7072,0.0072,1.0,0.0649,0.0,0.3727
1754698080000,171.805,1.0,0.0694,0.7264,0.0,0.2575,1.0,0.0,81.1066,0.9959,1.0,0.1724,0.0,0.1387,0.9996,0.3893,0.3207,0.9486,2.9286,0.7271,0.0072,1.0,0.1097,0.0,0.3601
1754698140000,166.1492,1.0,0.0694,0.7271,0.0,0.2611,1.0,0.0,78.3738,0.9959,1.0,0.1716,0.0,0.1386,0.9998,0.3844,0.3196,0.9238,3.0286,0.7096,0.0073,1.0,0.0621,0.0,0.3691
1754698200000,163.0886,1.0,0.0694,0.7277,0.0,0.2592,1.0,0.0,76.4007,0.9959,1.0,0.1755,0.0,0.1362,0.9998,0.3931,0.3269,0.9201,2.9098,0.71,0.0074,1.0,0.0767,0.0,0.3659
1754698260000,166.8549,1.0,0.0694,0.7247,0.0,0.2583,1.0,0.0,80.0046,0.9957,1.0,0.1784,0.0,0.14,0.9996,0.4132,0.3305,0.9234,2.9376,0.7161,0.0075,1.0,0.0738,0.0,0.3807
1754698320000,170.1271,1.0,0.0694,0.726,0.0,0.2556,1.0,0.0,82.0005,0.9957,1.0,0.1749,0.0,0.1378,0.9995,0.4218,0.3238,0.9317,2.8879,0.7194,0.0071,1.0,0.0678,0.0,0.3712
1754698380000,163.6265,1.0,0.0694,0.7278,0.0,0.2535,1.0,0.0,77.1014,0.9959,1.0,0.1708,0.0,0.1408,0.9998,0.3751,0.3185,0.931,2.901,0.7136,0.0073,1.0,0.0436,0.0,0.384
1754698440000,163.483,1.0,0.0694,0.7251,0.0,0.2611,1.0,0.0,79.8156,0.9961,1.0,0.1766,0.0,0.1414,0.9996,0.3853,0.3257,0.923,2.9008,0.7085,0.0071,1.0,0.0746,0.0,0.3561
1754698500000,159.7027,1.0,0.0694,0.7263,0.0,0.2549,1.0,0.0,77.3133,0.9962,1.0,0.1786,0.0,0.1389,0.9998,0.3982,0.3306,0.926,2.8011,0.7107,0.0074,1.0,0.0462,0.0,0.3597
1754698560000,167.0674,1.0,0.0717,0.7288,0.0,0.2611,1.0,0.0,78.3189,0.9958,1.0,0.1786,112.0,0.1316,0.9997,0.3954,0.3328,0.9322,2.9427,0.7225,0.0072,1.0,0.0705,0.1111,0.3662
1754698620000,171.0339,1.0,0.0717,0.7287,0.0,0.2583,1.0,0.0,80.2262,0.9957,1.0,0.1736,0.0,0.1377,0.9997,0.4106,0.3242,0.9276,2.9096,0.7153,0.0072,1.0,0.1861,0.0,0.3842
1754698680000,172.3826,1.0,0.0717,0.7275,0.0,0.25,1.0,0.0,81.4158,0.9958,1.0,0.1778,0.0,0.1376,0.9996,0.4064,0.3316,0.9288,2.8268,0.7248,0.0071,1.0,0.0427,0.0,0.3791
1754698740000,164.3078,1.0,0.0717,0.7276,0.0,0.2472,1.0,0.0,77.5628,0.9961,1.0,0.1688,0.0,0.1215,0.9998,0.4032,0.3142,0.9389,3.2158,0.717,0.0069,1.0,0.0947,0.0,0.3749
1754698800000,167.3171,1.0,0.0717,0.7274,0.0,0.2528,1.0,0.0,78.3028,0.996,1.0,0.1751,0.0,0.1357,0.9997,0.3814,0.3273,0.9575,2.979,0.7287,0.007,1.0,0.0371,0.0,0.3516
1754698860000,171.6743,1.0,0.0694,0.7279,0.0,0.25,1.0,0.0,81.1187,0.996,1.0,0.1761,0.0,0.1313,0.9995,0.3806,0.3282,0.9395,3.0364,0.727,0.0071,1.0,0.0626,0.0,0.3846
1754698920000,170.8531,1.0,0.0694,0.7285,0.0,0.2583,1.0,0.0,80.0918,0.9962,1.0,0.1783,0.0,0.1287,0.9997,0.4065,0.3332,0.927,2.8079,0.7148,0.0069,1.0,0.0859,0.0,0.3792
1754698980000,170.0238,1.0,0.0694,0.729,0.0,0.2639,1.0,0.0,79.2,0.9964,1.0,0.1774,0.0,0.1329,0.9997,0.4165,0.3326,0.9247,2.8119,0.719,0.0072,1.0,0.0475,0.0,0.3798
1754699040000,164.3946,1.0,0.0694,0.7276,0.0,0.2583,1.0,0.0,77.7948,0.9963,1.0,0.1793,0.0,0.1287,0.9997,0.4318,0.334,0.9411,2.9558,0.7296,0.0074,1.0,0.0875,0.0,0.381
1754699100000,163.6198,1.0,0.0694,0.7279,0.0,0.2556,1.0,0.0,77.5887,0.9964,1.0,0.1823,0.0,0.1311,0.9997,0.4085,0.3392,0.9323,2.8359,0.7132,0.0074,1.0,0.052,0.0,0.377
1754699160000,163.7089,1.0,0.0694,0.7283,0.0,0.2583,1.0,0.0,77.2915,0.9962,1.0,0.1835,0.0,0.1261,0.9998,0.4012,0.3424,0.9499,2.965,0.7324,0.0073,1.0,0.0941,0.0,0.3767
1754699220000,164.1465,1.0,0.0694,0.7269,0.0,0.2528,1.0,0.0,79.2587,0.9961,1.0,0.1802,0.0,0.1357,0.9998,0.4065,0.3348,0.9294,2.8585,0.7152,0.0073,1.0,0.0568,0.0,0.3822
1754699280000,165.7103,1.0,0.0708,0.7276,0.0,0.2556,1.0,0.0,78.6741,0.9962,1.0,0.1825,54.4444,0.1358,0.9998,0.4075,0.3402,0.9356,2.9694,0.7181,0.0071,1.0,0.0645,0.0556,0.3805
1754699340000,168.3562,1.0,0.0708,0.7275,0.0,0.2556,1.0,0.0,80.5273,0.9963,1.0,0.183,0.0,0.1376,0.9997,0.4024,0.3407,0.9364,2.9286,0.7171,0.0071,1.0,0.0877,0.0,0.3822
1754699400000,166.1319,1.0,0.0731,0.7268,0.0,0.2667,1.0,0.0,80.91,0.9961,1.0,0.1897,57.0,0.1409,0.9997,0.4253,0.351,0.9393,3.0384,0.723,0.0077,1.0,0.0548,0.0556,0.3721
1754699460000,171.5864,1.0,0.0731,0.7252,0.0,0.2611,1.0,0.0,80.6927,0.9961,1.0,0.1717,0.0,0.1408,0.9996,0.4039,0.3232,0.9435,3.0558,0.8562,0.0077,1.0,0.0819,0.0,0.4011
1754699520000,163.3947,1.0,0.0731,0.7253,0.0,0.25,1.0,0.0,77.8064,0.9963,1.0,0.1758,0.0,0.13,0.9997,0.4147,0.3287,0.9619,3.0719,0.8203,0.0077,1.0,0.1192,0.0,0.4061
1754699580000,170.1578,1.0,0.0718,0.7246,0.0,0.2563,1.0,0.0,78.7582,0.9956,1.0,0.1696,0.0,0.1396,0.9996,0.4385,0.3189,0.9469,3.0388,0.8108,0.0075,1.0,0.0577,0.0,0.4047
1754699640000,171.5678,1.0,0.0718,0.7258,0.0,0.25,1.0,0.0,80.6075,0.9959,1.0,0.1758,0.0,0.1426,0.9996,0.415,0.3289,0.9447,2.9355,0.7701,0.0073,1.0,0.1137,0.0,0.397
1754699700000,167.4731,1.0,0.0694,0.7282,0.0,0.2528,1.0,0.0,79.5208,0.9962,1.0,0.1899,0.0,0.141,0.9997,0.4188,0.3532,0.9394,2.8734,0.7227,0.0074,1.0,0.1741,0.0,0.3977
1754699760000,169.2516,1.0,0.0694,0.7282,0.0,0.25,1.0,0.0,78.9179,0.9958,1.0,0.1881,0.0,0.1424,0.9996,0.4093,0.3514,0.9686,2.9689,0.736,0.0076,1.0,0.0683,0.0,0.4003
1754699820000,172.0452,1.0,0.0694,0.729,0.0,0.2417,1.0,0.0,81.2371,0.9961,1.0,0.1873,0.0,0.1396,0.9996,0.3979,0.3501,0.9455,2.9398,0.7252,0.0078,1.0,0.1222,0.0,0.4119
1754699880000,171.698,1.0,0.0694,0.7284,0.0,0.2472,1.0,0.0,79.91,0.9959,1.0,0.1882,0.0,0.1389,0.9996,0.406,0.352,0.9472,2.9158,0.7249,0.0074,1.0,0.0452,0.0,0.418
1754699940000,168.6603,1.0,0.0694,0.7298,0.0,0.2528,1.0,0.0,79.3586,0.9962,1.0,0.1957,0.0,0.1392,0.9996,0.3919,0.3661,0.9611,2.8603,0.7367,0.0076,1.0,0.0599,0.0,0.405
1754700000000,180.6331,1.0,0.0694,0.7287,0.0,0.2528,1.0,0.0,83.0053,0.996,1.0,0.1894,0.0,0.1385,0.9994,0.4124,0.3541,0.9615,3.1022,0.7334,0.0078,1.0,0.0634,0.0,0.4074
1754700060000,177.9151,1.0,0.0694,0.7281,0.0,0.2472,1.0,0.0,84.4839,0.9961,1.0,0.1925,53.3889,0.1308,0.9993,0.4482,0.3597,0.9752,2.976,0.7443,0.0078,1.0,0.1035,0.0556,0.4123
1754700120000,175.8019,1.0,0.0694,0.7287,0.0,0.2472,1.0,0.0,83.6658,0.9963,1.0,0.1904,0.0,0.1276,0.9994,0.47,0.3561,0.9809,2.958,0.7421,0.0071,1.0,0.0485,0.0,0.4111
1754700180000,166.6689,1.0,0.0694,0.7281,0.0,0.2472,1.0,0.0,79.1587,0.9963,1.0,0.191,0.0,0.136,0.9997,0.4703,0.3558,0.9741,2.9671,0.739,0.0073,1.0,0.0677,0.0,0.4065
1754700240000,167.2912,1.0,0.0703,0.727,0.0,0.25,1.0,0.0,80.9531,0.9963,1.0,0.1982,45.5,0.1532,0.9994,0.4224,0.3664,0.9686,2.9881,0.7387,0.0076,1.0,0.1299,0.0556,0.4049
1754700300000,171.7405,1.0,0.0703,0.7295,0.0,0.2583,1.0,0.0,80.8392,0.996,1.0,0.191,0.0,0.1403,0.9995,0.4229,0.3575,0.9587,3.1141,0.7262,0.0077,1.0,0.0373,0.0,0.4056
1754700360000,174.3384,1.0,0.0703,0.7253,0.0,0.2583,1.0,0.0,85.5066,0.9962,1.0,0.1957,0.0,0.1414,0.9993,0.4112,0.3608,0.9642,3.0191,0.7298,0.0078,1.0,0.0957,0.0,0.4105
1754700420000,177.1865,1.0,0.0703,0.7265,0.0,0.2583,1.0,0.0,84.8285,0.996,1.0,0.1877,0.0,0.1398,0.9994,0.4072,0.3484,0.9684,3.0214,0.7446,0.0079,1.0,0.2121,0.0,0.4028
1754700480000,184.6436,1.0,0.0703,0.7274,0.0,0.2583,1.0,0.0,87.9716,0.9961,1.0,0.1941,0.0,0.1418,0.9991,0.4176,0.3606,1.0083,3.0624,0.7706,0.0077,1.0,0.0412,0.0,0.4031
1754700540000,184.4725,1.0,0.0694,0.7301,0.0,0.2611,1.0,0.0,86.3377,0.9959,1.0,0.1945,0.0,0.1397,0.9991,0.4236,0.3639,0.9968,3.113,0.7529,0.0076,1.0,0.0955,0.0,0.4192
1754700600000,190.9418,1.0,0.0694,0.7283,0.0,0.2674,1.0,0.0,89.097,0.9958,1.0,0.1922,0.0,0.143,0.999,0.4275,0.3586,0.9764,3.0552,0.7411,0.0077,1.0,0.0675,0.0,0.4198
1754700660000,183.0488,1.0,0.0694,0.729,0.0,0.2694,1.0,0.0,86.5902,0.996,1.0,0.1948,0.0,0.1552,0.999,0.4482,0.3639,0.9662,3.1525,0.7386,0.0078,1.0,0.1025,0.0,0.4221
1754700720000,182.7814,1.0,0.0694,0.7268,0.0,0.2632,1.0,0.0,89.0055,0.9964,1.0,0.1977,0.0,0.1447,0.9988,0.4408,0.3667,0.9788,2.9924,0.7487,0.008,1.0,0.0578,0.0,0.4168
1754700780000,185.2302,1.0,0.0694,0.7288,0.0,0.2632,1.0,0.0,87.1485,0.9963,1.0,0.1969,0.0,0.1368,0.9988,0.446,0.3678,0.9698,3.1495,0.7444,0.0075,1.0,0.0631,0.0,0.4204
1754700840000,180.0763,1.0,0.0694,0.7271,0.0,0.2556,1.0,0.0,85.8326,0.9962,1.0,0.1988,0.0,0.1423,0.9989,0.4272,0.3685,0.9791,3.0019,0.7418,0.0078,1.0,0.0445,0.0,0.432
1754700900000,165.6323,1.0,0.0694,0.7255,0.0,0.2639,1.0,0.0,81.0872,0.9961,1.0,0.1967,0.0,0.145,0.9995,0.4164,0.3621,0.9558,3.0475,0.724,0.0077,1.0,0.0996,0.0,0.4272
1754700960000,163.2074,1.0,0.0694,0.725,0.0,0.2639,1.0,0.0,79.1004,0.9963,1.0,0.1979,0.0,0.156,0.9996,0.4283,0.3655,0.9697,3.1584,0.7318,0.0083,1.0,0.0687,0.0,0.3936
1754701020000,165.6281,1.0,0.0694,0.7289,0.0,0.2611,1.0,0.0,78.0265,0.9961,1.0,0.198,0.0,0.1449,0.9997,0.4472,0.3693,0.9857,3.0199,0.7436,0.008,1.0,0.0581,0.0,0.4204
1754701080000,164.1874,1.0,0.0694,0.7274,0.0,0.2611,1.0,0.0,79.4224,0.996,1.0,0.1959,0.0,0.1406,0.9997,0.4236,0.3625,0.9632,3.0853,0.7307,0.0076,1.0,0.0592,0.0,0.4232
1754701140000,169.6644,1.0,0.0694,0.7269,0.0,0.2556,1.0,0.0,81.8662,0.9963,1.0,0.1986,0.0,0.1492,0.9997,0.4286,0.3677,0.9494,2.9945,0.7299,0.0081,1.0,0.0537,0.0,0.4196
1754701200000,168.5761,1.0,0.0694,0.7257,0.0,0.2639,1.0,0.0,81.6118,0.9961,1.0,0.204,0.0,0.1549,0.9996,0.4356,0.3759,1.0024,3.1628,0.7679,0.008,1.0,0.1827,0.0,0.4198
1754701260000,160.2764,1.0,0.0694,0.7275,0.0,0.2618,1.0,0.0,76.9823,0.996,1.0,0.2062,0.0,0.1511,0.9998,0.4496,0.3824,0.9784,3.1865,0.7434,0.0082,1.0,0.062,0.0,0.4494
1754701320000,166.5486,1.0,0.0694,0.7283,0.0,0.2667,1.0,0.0,78.7694,0.9955,1.0,0.2023,0.0,0.1512,0.9998,0.4532,0.3768,0.9613,3.1294,0.735,0.0083,1.0,0.0456,0.0,0.4392
1754701380000,161.9608,1.0,0.0694,0.7285,0.0,0.2556,1.0,0.0,77.6348,0.996,1.0,0.202,0.0,0.1501,0.9998,0.4426,0.3754,0.962,3.1293,0.7274,0.008,1.0,0.1988,0.0,0.4396
1754701440000,157.9553,1.0,0.0694,0.7262,0.0,0.2575,1.0,0.0,76.7812,0.996,1.0,0.1995,0.0,0.1547,0.9997,0.4324,0.3681,0.9599,2.975,0.7279,0.0081,1.0,0.0614,0.0,0.4464
1754701500000,165.0938,1.0,0.0694,0.7263,0.0,0.2583,1.0,0.0,81.3484,0.996,1.0,0.2054,0.0,0.1397,0.9997,0.4344,0.3785,0.9692,3.2347,0.7402,0.0078,1.0,0.2079,0.0,0.4204
1754701560000,168.9411,1.0,0.0694,0.7272,0.0,0.2528,1.0,0.0,80.1043,0.9959,1.0,0.2065,0.0,0.1415,0.9996,0.4193,0.3833,0.9552,3.2223,0.7274,0.008,1.0,0.0737,0.0,0.4286
1754701620000,161.5484,1.0,0.0694,0.7261,0.0,0.2584,1.0,0.0,79.5486,0.9961,1.0,0.2038,0.0,0.146,0.9999,0.4249,0.3766,0.9675,3.1861,0.7307,0.0081,1.0,0.0815,0.0,0.4538
1754701680000,167.1211,1.0,0.0694,0.7281,0.0,0.2617,1.0,0.0,80.2521,0.9961,1.0,0.2027,0.0,0.1458,0.9997,0.4126,0.3777,0.9833,3.1824,0.7375,0.0083,1.0,0.0588,0.0,0.4281
1754701740000,166.3392,1.0,0.0694,0.7267,0.0,0.264,1.0,0.0,78.3351,0.9958,1.0,0.1942,0.0,0.1463,0.9998,0.4239,0.364,0.9791,3.1414,0.7359,0.0082,1.0,0.0638,0.0,0.4404
1754701800000,165.7628,1.0,0.0694,0.7206,0.0,0.2611,1.0,0.0,82.543,0.9962,1.0,0.1992,0.0,0.1449,0.9997,0.4439,0.3682,0.9856,3.3659,0.7423,0.0079,1.0,0.08,0.0,0.4388
1754701860000,165.0144,1.0,0.0719,0.722,0.0,0.2611,1.0,0.0,81.5501,0.9963,1.0,0.1981,59.6111,0.1461,0.9996,0.4504,0.3664,0.9883,3.2634,0.7448,0.0081,1.0,0.1161,0.0556,0.4323
1754701920000,158.6983,1.0,0.0719,0.7239,0.0,0.2583,1.0,0.0,77.7038,0.9964,1.0,0.2036,0.0,0.1462,0.9997,0.4406,0.3767,0.951,3.2707,0.727,0.0081,1.0,0.0751,0.0,0.4457
1754701980000,156.7375,1.0,0.0719,0.7255,0.0,0.2583,1.0,0.0,77.3043,0.9964,1.0,0.2068,0.0,0.1439,0.9997,0.4322,0.3817,0.9717,3.0555,0.7393,0.008,1.0,0.2106,0.0,0.4412
1754702040000,167.1682,1.0,0.0738,0.7272,0.0,0.2577,1.0,0.0,80.5923,0.9962,1.0,0.2085,48.4444,0.148,0.9997,0.4414,0.3861,0.9755,3.1814,0.7326,0.008,1.0,0.0713,0.0556,0.4293
1754702100000,165.4614,1.0,0.0738,0.7263,0.0,0.2556,1.0,0.0,80.4812,0.9963,1.0,0.211,0.0,0.1521,0.9996,0.4556,0.39,0.9958,3.113,0.7469,0.0083,1.0,0.0723,0.0,0.4352
1754702160000,168.1474,1.0,0.0714,0.7257,0.0,0.2556,1.0,0.0,81.9022,0.996,1.0,0.2031,0.0,0.1532,0.9996,0.4294,0.3753,0.9727,3.1456,0.7424,0.0083,1.0,0.0681,0.0,0.4404
1754702220000,164.9909,1.0,0.0743,0.7267,0.0,0.2556,1.0,0.0,79.5425,0.9962,1.0,0.2065,41.7222,0.1557,0.9998,0.4319,0.383,0.9682,3.1417,0.736,0.0082,1.0,0.0946,0.0,0.4425
1754702280000,167.9812,1.0,0.0743,0.728,0.0,0.25,1.0,0.0,79.0767,0.9961,1.0,0.2127,0.0,0.159,0.9997,0.4182,0.3968,0.9692,3.161,0.736,0.0087,1.0,0.0722,0.0556,0.4458
1754702340000,161.5383,1.0,0.0724,0.7262,0.0,0.2549,1.0,0.0,77.9162,0.9959,1.0,0.2067,0.0,0.1586,0.9998,0.4399,0.3842,0.9658,3.0692,0.7322,0.0084,1.0,0.0559,0.0,0.4613
1754702400000,160.1792,1.0,0.0724,0.7216,0.0,0.2611,1.0,0.0,79.1853,0.9962,1.0,0.2054,0.0,0.1574,0.9996,0.4322,0.3797,0.9817,3.18,0.7385,0.0081,1.0,0.0568,0.0,0.4349
1754702460000,165.0396,1.0,0.0746,0.7228,0.0,0.2583,1.0,0.0,81.1209,0.9963,1.0,0.2075,49.7222,0.1528,0.9997,0.4304,0.3842,1.0035,3.2065,0.7444,0.0085,1.0,0.1916,0.0556,0.4367
1754702520000,162.1996,1.0,0.0717,0.7255,0.0,0.2611,1.0,0.0,78.6102,0.9964,1.0,0.2026,0.0,0.1516,0.9997,0.4431,0.3757,0.9853,3.1005,0.7454,0.0081,1.0,0.0518,0.0,0.4505
1754702580000,165.3018,1.0,0.0717,0.7258,0.0,0.2521,1.0,0.0,80.1076,0.9963,1.0,0.2079,0.0,0.1565,0.9997,0.434,0.3856,0.9681,3.2165,0.7305,0.0085,1.0,0.0642,0.0,0.4522
1754702640000,165.9471,1.0,0.0717,0.7257,0.0,0.2611,1.0,0.0,79.7634,0.9964,1.0,0.211,0.0,0.1576,0.9996,0.4678,0.3921,0.9689,3.2127,0.7316,0.0084,1.0,0.065,0.0,0.4578
1754702700000,164.5282,1.0,0.0746,0.726,0.0,0.2667,1.0,0.0,79.8909,0.9962,1.0,0.2126,61.6111,0.1606,0.9997,0.475,0.3922,0.9734,3.1226,0.7411,0.0089,1.0,0.0554,0.0556,0.4447
1754702760000,160.0794,1.0,0.0724,0.7249,0.0,0.2549,1.0,0.0,78.6058,0.9965,1.0,0.2179,0.0,0.1589,0.9998,0.4353,0.3999,0.9625,3.0786,0.7248,0.0084,1.0,0.0542,0.0,0.4514
1754702820000,163.6042,1.0,0.0724,0.729,0.0,0.25,1.0,0.0,77.4518,0.9964,1.0,0.2086,0.0,0.1457,0.9997,0.4314,0.3892,0.9478,3.039,0.7174,0.0085,1.0,0.0638,0.0,0.4436
1754702880000,164.4121,1.0,0.0724,0.7274,0.0,0.2583,1.0,0.0,78.9107,0.9965,1.0,0.2146,0.0,0.1448,0.9996,0.4142,0.3971,0.9682,3.0047,0.733,0.0084,1.0,0.0931,0.0,0.4509
1754702940000,163.399,1.0,0.0724,0.7272,0.0,0.2611,1.0,0.0,79.2131,0.9964,1.0,0.2131,0.0,0.1546,0.9998,0.4235,0.3956,0.9707,3.1071,0.7331,0.0087,1.0,0.0751,0.0,0.4395
1754703000000,162.7918,1.0,0.073,0.7249,0.0,0.266,1.0,0.0,80.9664,0.9962,1.0,0.225,53.5,0.1629,0.9997,0.4157,0.4132,0.9829,3.37,0.7417,0.009,1.0,0.1047,0.0556,0.4665
1754703060000,161.4252,1.0,0.073,0.7275,0.0,0.2604,1.0,0.0,78.5302,0.9964,1.0,0.2166,0.0,0.1487,0.9996,0.4242,0.4009,0.9783,3.1859,0.7338,0.0088,1.0,0.1122,0.0,0.4676
1754703120000,167.5488,1.0,0.073,0.7261,0.0,0.2611,1.0,0.0,82.4689,0.9963,1.0,0.2146,0.0,0.1518,0.9995,0.4393,0.3967,0.9891,3.3691,0.7398,0.0086,1.0,0.1791,0.0,0.4584
1754703180000,167.4311,1.0,0.073,0.7263,0.0,0.2556,1.0,0.0,82.6789,0.9966,1.0,0.2212,0.0,0.1507,0.9995,0.446,0.4081,0.9709,3.0236,0.7379,0.0087,1.0,0.1001,0.0,0.4601
1754703240000,169.017,1.0,0.073,0.7243,0.0,0.2528,1.0,0.0,82.6935,0.9965,1.0,0.202,0.0,0.1536,0.9995,0.4553,0.3743,0.9803,3.311,0.8093,0.0081,1.0,0.1683,0.0,0.4609
1754703300000,164.6976,1.0,0.0694,0.7278,0.0,0.2583,1.0,0.0,78.8813,0.9966,1.0,0.2133,0.0,0.1563,0.9997,0.4593,0.3955,0.9779,3.2413,0.7405,0.0084,1.0,0.2752,0.0,0.4511
1754703360000,161.5751,1.0,0.0694,0.7277,0.0,0.2611,1.0,0.0,77.6602,0.9962,1.0,0.2118,0.0,0.1577,0.9997,0.4603,0.3929,0.972,3.232,0.7307,0.0084,1.0,0.0552,0.0,0.447
1754703420000,163.4244,1.0,0.0694,0.7282,0.0,0.2639,1.0,0.0,78.2475,0.9962,1.0,0.2158,0.0,0.1501,0.9997,0.4539,0.4013,0.981,3.0791,0.7385,0.0086,1.0,0.0726,0.0,0.4505
1754703480000,162.2245,1.0,0.0726,0.7258,0.0,0.2611,1.0,0.0,79.3277,0.9964,1.0,0.2184,52.3333,0.1592,0.9997,0.4494,0.4033,0.9914,3.2808,0.7445,0.0087,1.0,0.1633,0.0556,0.457
1754703540000,161.29,1.0,0.0726,0.7278,0.0,0.2611,1.0,0.0,77.6349,0.9966,1.0,0.2179,0.0,0.1599,0.9997,0.4606,0.4045,0.9831,3.1241,0.7376,0.0087,1.0,0.1006,0.0,0.4556
1754703600000,161.377,1.0,0.0726,0.7272,0.0,0.25,1.0,0.0,78.4227,0.9962,1.0,0.2185,0.0,0.1503,0.9997,0.4544,0.4051,0.9766,3.1204,0.7445,0.0084,1.0,0.0798,0.0,0.4645
1754703660000,168.9367,1.0,0.0726,0.7288,0.0,0.2583,1.0,0.0,80.6521,0.9964,1.0,0.216,0.0,0.1542,0.9996,0.4669,0.4037,0.9777,3.2469,0.7393,0.0084,1.0,0.0725,0.0,0.4531
1754703720000,166.2044,1.0,0.0726,0.7284,0.0,0.2472,1.0,0.0,79.8872,0.9964,1.0,0.2141,0.0,0.1535,0.9997,0.4789,0.3987,0.9998,3.0505,0.7498,0.0082,1.0,0.0588,0.0,0.4812
1754703780000,162.4982,1.0,0.0694,0.7272,0.0,0.2583,1.0,0.0,78.6458,0.9963,1.0,0.2171,0.0,0.1675,0.9997,0.5003,0.4029,0.9927,3.2407,0.741,0.0088,1.0,0.0941,0.0,0.468
1754703840000,168.1109,1.0,0.0694,0.7284,0.0,0.25,1.0,0.0,79.5851,0.9964,1.0,0.2196,0.0,0.1648,0.9996,0.4778,0.4092,0.9959,3.4334,0.7497,0.0088,1.0,0.0705,0.0,0.4631
1754703900000,164.7104,1.0,0.0694,0.7278,0.0,0.25,1.0,0.0,79.2763,0.9961,1.0,0.2194,0.0,0.1584,0.9997,0.4854,0.408,0.9891,3.4256,0.7459,0.0086,1.0,0.0645,0.0,0.4795
1754703960000,166.2445,1.0,0.0694,0.7287,0.0,0.2556,1.0,0.0,79.709,0.9962,1.0,0.2206,0.0,0.1707,0.9996,0.4749,0.4114,0.979,3.155,0.7385,0.0088,1.0,0.143,0.0,0.4647
1754704020000,165.3442,1.0,0.0694,0.73,0.0,0.2556,1.0,0.0,78.0807,0.9965,1.0,0.2181,0.0,0.1574,0.9996,0.4804,0.409,0.9809,3.2407,0.7378,0.0085,1.0,0.0866,0.0,0.479
1754704080000,169.2644,1.0,0.0694,0.7285,0.0,0.2583,1.0,0.0,79.759,0.9965,1.0,0.2171,0.0,0.1562,0.9995,0.4674,0.4041,0.9753,3.1264,0.7336,0.0081,1.0,0.0539,0.0,0.4674
1754704140000,167.9064,1.0,0.0694,0.7285,0.0,0.2556,1.0,0.0,80.5176,0.9963,1.0,0.221,0.0,0.1597,0.9996,0.4875,0.413,0.982,3.1667,0.7359,0.0086,1.0,0.0722,0.0,0.4607
1754704200000,162.5324,1.0,0.0715,0.726,0.0,0.2556,1.0,0.0,80.9596,0.9965,1.0,0.2275,48.6111,0.1639,0.9997,0.486,0.4203,1.0067,3.3052,0.7532,0.0091,1.0,0.0614,0.0556,0.4699
1754704260000,167.8336,1.0,0.0715,0.728,0.0,0.2556,1.0,0.0,80.5015,0.9963,1.0,0.2217,0.0,0.1584,0.9996,0.4835,0.4123,0.9734,3.3906,0.7314,0.009,1.0,0.0827,0.0,0.4648
1754704320000,161.7943,1.0,0.0715,0.7256,0.0,0.2611,1.0,0.0,80.756,0.9965,1.0,0.2208,0.0,0.1633,0.9996,0.5006,0.4068,0.987,3.0843,0.746,0.0086,1.0,0.0627,0.0,0.464
1754704380000,160.105,1.0,0.0715,0.726,0.0,0.2639,1.0,0.0,79.6794,0.9965,1.0,0.2232,0.0,0.1634,0.9997,0.5135,0.4118,0.9812,3.2042,0.7368,0.0086,1.0,0.0611,0.0,0.4526
1754704440000,161.0249,1.0,0.0715,0.7274,0.0,0.2667,1.0,0.0,78.0964,0.9966,1.0,0.2193,0.0,0.1599,0.9997,0.4964,0.4066,0.9642,3.0419,0.7309,0.0081,1.0,0.0589,0.0,0.459
1754704500000,165.4108,1.0,0.0694,0.7271,0.0,0.2667,1.0,0.0,81.4044,0.9962,1.0,0.2185,0.0,0.1559,0.9996,0.4915,0.4051,0.9792,3.3359,0.7323,0.0083,1.0,0.0618,0.0,0.4638
1754704560000,166.6051,1.0,0.0694,0.727,0.0,0.2667,1.0,0.0,82.6708,0.9963,1.0,0.2191,0.0,0.1527,0.9996,0.5061,0.4054,0.9915,3.1784,0.743,0.0084,1.0,0.077,0.0,0.4575
1754704620000,169.5549,1.0,0.0694,0.726,0.0,0.2639,1.0,0.0,83.9979,0.9963,1.0,0.2231,0.0,0.1571,0.9996,0.4775,0.4117,0.9766,3.197,0.7415,0.0086,1.0,0.09,0.0,0.459
1754704680000,170.0072,1.0,0.0694,0.7269,0.0,0.2611,1.0,0.0,82.5988,0.9962,1.0,0.2227,0.0,0.1622,0.9994,0.4854,0.4124,0.9893,3.1495,0.7438,0.0088,1.0,0.0532,0.0,0.4688
1754704740000,165.2598,1.0,0.0694,0.7286,0.0,0.2611,1.0,0.0,79.1633,0.9964,1.0,0.2182,0.0,0.1581,0.9998,0.5014,0.4064,0.9797,3.3771,0.7338,0.0088,1.0,0.0698,0.0,0.4592
1754704800000,173.2554,1.0,0.0694,0.7261,0.0,0.2667,1.0,0.0,85.4699,0.9963,1.0,0.2304,0.0,0.1745,0.9995,0.475,0.4247,1.0121,3.3575,0.7615,0.0091,1.0,0.0649,0.0,0.4755
1754704860000,165.9515,1.0,0.0694,0.728,0.0,0.2639,1.0,0.0,79.5867,0.9961,1.0,0.2245,0.0,0.1594,0.9997,0.5082,0.4161,1.0232,3.2738,0.7616,0.0089,1.0,0.0619,0.0,0.4978
1754704920000,165.8257,1.0,0.0694,0.7262,0.0,0.2528,1.0,0.0,81.7168,0.9961,1.0,0.2282,0.0,0.1605,0.9997,0.5003,0.4218,0.9988,3.2615,0.7456,0.0088,1.0,0.0625,0.0,0.4788
1754704980000,164.6776,1.0,0.0694,0.7259,0.0,0.2611,1.0,0.0,82.1011,0.9963,1.0,0.2287,0.0,0.1624,0.9996,0.4997,0.4209,1.0096,3.2878,0.7619,0.0088,1.0,0.0671,0.0,0.4759
1754705040000,164.6529,1.0,0.0694,0.7268,0.0,0.2611,1.0,0.0,80.2057,0.9962,1.0,0.2291,0.0,0.167,0.9997,0.5186,0.4239,0.9929,3.4113,0.7462,0.0094,1.0,0.056,0.0,0.4859
1754705100000,163.0264,1.0,0.0694,0.725,0.0,0.2611,1.0,0.0,81.9771,0.9964,1.0,0.2322,0.0,0.1681,0.9998,0.5043,0.4256,1.0094,3.3103,0.7559,0.0092,1.0,0.0982,0.0,0.4855
1754705160000,166.967,1.0,0.0694,0.7269,0.0,0.2583,1.0,0.0,81.9397,0.996,1.0,0.2266,0.0,0.157,0.9997,0.5111,0.4188,0.9954,3.2996,0.7524,0.0087,1.0,0.062,0.0,0.4891
1754705220000,160.3645,1.0,0.0694,0.7273,0.0,0.25,1.0,0.0,77.2768,0.9961,1.0,0.227,0.0,0.1642,0.9998,0.4719,0.42,1.0128,3.2207,0.7511,0.0091,1.0,0.0681,0.0,0.492
1754705280000,160.8057,1.0,0.0694,0.7263,0.0,0.25,1.0,0.0,78.7416,0.9965,1.0,0.2325,0.0,0.1655,0.9996,0.4804,0.4285,1.0195,3.4251,0.7519,0.0091,1.0,0.0753,0.0,0.4904
1754705340000,161.3307,1.0,0.0694,0.724,0.0,0.2472,1.0,0.0,78.9304,0.9962,1.0,0.2141,0.0,0.1611,0.9997,0.4907,0.3961,1.0281,3.2057,0.8014,0.0092,1.0,0.0641,0.0,0.4862
1754705400000,168.5426,1.0,0.0694,0.7205,0.0,0.2583,1.0,0.0,81.6381,0.9963,1.0,0.2045,0.0,0.1616,0.9996,0.4939,0.3824,1.03,3.4876,0.8745,0.0092,1.0,0.0697,0.0,0.4727
1754705460000,162.1915,1.0,0.0694,0.7201,0.0,0.2611,1.0,0.0,79.6905,0.9962,1.0,0.2016,0.0,0.1704,0.9998,0.4729,0.377,1.0055,3.3566,0.8556,0.0088,1.0,0.0569,0.0,0.5029
1754705520000,160.5801,1.0,0.0694,0.7218,0.0,0.2611,1.0,0.0,78.2384,0.9964,1.0,0.2023,0.0,0.1677,0.9996,0.4796,0.377,0.996,3.1967,0.8443,0.0089,1.0,0.0843,0.0,0.5027
1754705580000,163.7611,1.0,0.0694,0.7234,0.0,0.2611,1.0,0.0,78.5149,0.9964,1.0,0.2044,0.0,0.1622,0.9998,0.504,0.3822,1.0101,3.3005,0.8565,0.0088,1.0,0.142,0.0,0.4896
1754705640000,165.1722,1.0,0.0694,0.7191,0.0,0.2646,1.0,0.0,82.2904,0.9964,1.0,0.2038,0.0,0.1659,0.9996,0.5087,0.3771,1.0242,3.3143,0.8715,0.0092,1.0,0.0903,0.0,0.501
1754705700000,162.1553,1.0,0.0694,0.719,0.0,0.2611,1.0,0.0,79.9437,0.9963,1.0,0.2033,0.0,0.1722,0.9997,0.5247,0.3787,1.0151,3.3511,0.8663,0.0091,1.0,0.1743,0.0,0.4877
1754705760000,162.6495,1.0,0.0694,0.7212,0.0,0.2611,1.0,0.0,80.0833,0.9963,1.0,0.2042,0.0,0.1689,0.9997,0.5079,0.3804,1.0233,3.2426,0.8684,0.0088,1.0,0.0629,0.0,0.4905
1754705820000,162.3895,1.0,0.0694,0.7241,0.0,0.2556,1.0,0.0,78.8562,0.9964,1.0,0.2155,0.0,0.1718,0.9996,0.5032,0.3997,1.0165,3.248,0.8027,0.0089,1.0,0.0728,0.0,0.4864
1754705880000,164.6029,1.0,0.0694,0.722,0.0,0.2556,1.0,0.0,82.6098,0.9964,1.0,0.2179,0.0,0.1712,0.9997,0.4825,0.3997,1.0248,3.3789,0.8107,0.009,1.0,0.0843,0.0,0.4946
1754705940000,158.0719,1.0,0.0694,0.7214,0.0,0.2472,1.0,0.0,79.4762,0.9962,1.0,0.2078,0.0,0.1709,0.9998,0.4943,0.3821,1.0056,3.4362,0.7981,0.0093,1.0,0.1609,0.0,0.4795
1754706000000,165.829,1.0,0.0694,0.7238,0.0,0.2472,1.0,0.0,82.1615,0.996,1.0,0.218,0.0,0.163,0.9997,0.4969,0.4023,1.0185,3.45,0.7931,0.0089,1.0,0.1357,0.0,0.4559
1754706060000,170.6819,1.0,0.0694,0.7247,0.0,0.2528,1.0,0.0,82.4551,0.9961,1.0,0.2099,0.0,0.1655,0.9997,0.514,0.3926,1.0274,3.5245,0.8379,0.0089,1.0,0.0722,0.0,0.482
1754706120000,162.8406,1.0,0.0694,0.7232,0.0,0.2611,1.0,0.0,77.535,0.996,1.0,0.2082,0.0,0.1716,0.9997,0.5365,0.3903,1.0157,3.404,0.864,0.0091,1.0,0.063,0.0,0.4909
1754706180000,163.706,1.0,0.0694,0.7219,0.0,0.2639,1.0,0.0,78.3706,0.996,1.0,0.2073,0.0,0.165,0.9998,0.5289,0.3894,0.999,3.3501,0.8679,0.0094,1.0,0.1034,0.0,0.4907
1754706240000,165.1816,1.0,0.0694,0.7206,0.0,0.2611,1.0,0.0,79.5817,0.9959,1.0,0.204,0.0,0.1587,0.9997,0.524,0.382,1.0522,3.3298,0.9057,0.0088,1.0,0.0655,0.0,0.498
1754706300000,168.0223,1.0,0.0694,0.7244,0.0,0.2667,1.0,0.0,79.0555,0.9958,1.0,0.2044,0.0,0.1626,0.9997,0.5607,0.3854,1.0931,3.5187,0.9091,0.0088,1.0,0.0826,0.0,0.4937
1754706360000,169.9348,1.0,0.0694,0.7232,0.0,0.2694,1.0,0.0,81.9547,0.9962,1.0,0.2108,0.0,0.168,0.9994,0.5407,0.3941,1.0307,3.4719,0.8612,0.0091,1.0,0.0774,0.0,0.4996
1754706420000,166.3337,1.0,0.0694,0.7226,0.0,0.2611,1.0,0.0,81.5473,0.9963,1.0,0.2112,0.0,0.1615,0.9996,0.5282,0.3937,1.0128,3.4262,0.8441,0.0087,1.0,0.1182,0.0,0.4973
1754706480000,161.7833,1.0,0.0694,0.7218,0.0,0.2611,1.0,0.0,79.1795,0.9964,1.0,0.214,0.0,0.1699,0.9997,0.4961,0.3973,1.0095,3.5285,0.844,0.0088,1.0,0.0664,0.0,0.4904
1754706540000,162.5717,1.0,0.0694,0.7227,0.0,0.2667,1.0,0.0,78.6028,0.9966,1.0,0.2138,0.0,0.1613,0.9997,0.4994,0.3987,1.006,3.4016,0.8473,0.0092,1.0,0.0523,0.0,0.4843
1754706600000,167.4054,1.0,0.0694,0.7216,0.0,0.2611,1.0,0.0,82.346,0.9963,1.0,0.2205,0.0,0.1623,0.9997,0.4983,0.4088,1.0075,3.5873,0.8483,0.0094,1.0,0.061,0.0,0.4907
1754706660000,162.7735,1.0,0.0694,0.7232,0.0,0.2639,1.0,0.0,79.6694,0.9961,1.0,0.2175,0.0,0.1635,0.9997,0.4822,0.4052,1.0231,3.544,0.8531,0.0092,1.0,0.0801,0.0,0.498
1754706720000,159.1194,1.0,0.0694,0.725,0.0,0.2611,1.0,0.0,78.5979,0.9961,1.0,0.2233,0.0,0.1635,0.9997,0.5157,0.4127,1.04,3.5589,0.788,0.0091,1.0,0.0701,0.0,0.4993
1754706780000,161.9515,1.0,0.0694,0.7271,0.0,0.2611,1.0,0.0,78.9058,0.9962,1.0,0.2302,0.0,0.1656,0.9998,0.4806,0.4263,1.0313,3.5018,0.7535,0.0089,1.0,0.1049,0.0,0.4805
1754706840000,162.3132,1.0,0.0694,0.7263,0.0,0.25,1.0,0.0,79.7765,0.9962,1.0,0.2325,0.0,0.1714,0.9998,0.4772,0.4293,1.0243,3.6482,0.7529,0.0093,1.0,0.0625,0.0,0.4991
1754706900000,155.6326,1.0,0.0694,0.725,0.0,0.2528,1.0,0.0,78.8965,0.9963,1.0,0.235,0.0,0.1671,0.9998,0.4847,0.4308,1.0326,3.6786,0.7615,0.0093,1.0,0.0552,0.0,0.493
1754706960000,166.8411,1.0,0.0694,0.7252,0.0,0.2556,1.0,0.0,83.5106,0.9964,1.0,0.2356,0.0,0.173,0.9996,0.4908,0.4329,1.0353,3.4672,0.7706,0.0094,1.0,0.0781,0.0,0.4818
1754707020000,163.6125,1.0,0.0694,0.7255,0.0,0.2556,1.0,0.0,81.1798,0.9961,1.0,0.2349,0.0,0.163,0.9997,0.4965,0.4328,1.0113,3.5393,0.7552,0.009,1.0,0.0507,0.0,0.4884
1754707080000,164.8336,1.0,0.0694,0.7254,0.0,0.25,1.0,0.0,80.9946,0.9963,1.0,0.2302,0.0,0.1608,0.9997,0.5076,0.423,1.0237,3.5161,0.7664,0.0087,1.0,0.0482,0.0,0.4933
1754707140000,158.3705,1.0,0.0694,0.7258,0.0,0.2556,1.0,0.0,77.9586,0.9965,1.0,0.2328,0.0,0.1651,0.9997,0.5081,0.4288,1.0272,3.5782,0.7614,0.0089,1.0,0.0533,0.0,0.4819
1754707200000,161.375,1.0,0.0694,0.726,0.0,0.25,1.0,0.0,80.0615,0.9964,1.0,0.2303,0.0,0.167,0.9997,0.5049,0.4234,1.0688,3.5948,0.7866,0.0088,1.0,0.1408,0.0,0.494
1754707260000,156.6677,1.0,0.0694,0.726,0.0,0.2444,1.0,0.0,77.5384,0.9966,1.0,0.2314,0.0,0.1672,0.9998,0.5003,0.4261,1.0408,3.548,0.7717,0.009,1.0,0.2338,0.0,0.4896
1754707320000,162.4993,1.0,0.0694,0.7265,0.0,0.2528,1.0,0.0,78.7472,0.9962,1.0,0.2271,0.0,0.1632,0.9997,0.4926,0.419,1.049,3.7214,0.7743,0.009,1.0,0.0531,0.0,0.493
1754707380000,160.9361,1.0,0.0694,0.7259,0.0,0.2556,1.0,0.0,78.9133,0.9963,1.0,0.2312,0.0,0.1676,0.9997,0.4994,0.4273,1.0534,3.6535,0.7747,0.0089,1.0,0.1016,0.0,0.5007
1754707440000,165.4367,1.0,0.0694,0.7276,0.0,0.2611,1.0,0.0,79.8706,0.9961,1.0,0.2328,0.0,0.1617,0.9997,0.5078,0.4315,1.0303,3.5535,0.7611,0.009,1.0,0.0962,0.0,0.5003
1754707500000,163.8321,1.0,0.0694,0.7242,0.0,0.2611,1.0,0.0,81.031,0.9963,1.0,0.2334,0.0,0.1671,0.9997,0.51,0.4281,1.0494,3.6322,0.7672,0.0091,1.0,0.0697,0.0,0.5082
1754707560000,161.5719,1.0,0.0694,0.7245,0.0,0.2611,1.0,0.0,79.4286,0.9965,1.0,0.2286,0.0,0.1688,0.9997,0.4989,0.4212,1.0356,3.6257,0.7576,0.0096,1.0,0.0655,0.0,0.5039
1754707620000,166.0259,1.0,0.0694,0.7268,0.0,0.2528,1.0,0.0,79.5789,0.9963,1.0,0.2253,0.0,0.1712,0.9998,0.4915,0.419,1.0398,3.6554,0.7602,0.0091,1.0,0.0573,0.0,0.4858
1754707680000,164.7841,1.0,0.0694,0.7262,0.0,0.2472,1.0,0.0,79.8761,0.9961,1.0,0.2198,0.0,0.162,0.9997,0.5072,0.4088,1.0349,3.6725,0.7572,0.0094,1.0,0.1105,0.0,0.5082
1754707740000,165.973,1.0,0.0694,0.725,0.0,0.2472,1.0,0.0,81.0138,0.9963,1.0,0.2213,0.0,0.1728,0.9996,0.4953,0.4096,1.0458,3.7176,0.769,0.0091,1.0,0.0543,0.0,0.4857
1754707800000,165.9686,1.0,0.0694,0.7267,0.0,0.2528,1.0,0.0,81.3179,0.9963,1.0,0.2305,0.0,0.1775,0.9997,0.5211,0.4262,1.0395,3.6878,0.7705,0.0091,1.0,0.0768,0.0,0.4915
1754707860000,168.8393,1.0,0.0694,0.7281,0.0,0.2583,1.0,0.0,80.2717,0.9961,1.0,0.229,0.0,0.1687,0.9996,0.4694,0.4255,1.052,3.7636,0.7762,0.0095,1.0,0.0659,0.0,0.4941
1754707920000,160.5882,1.0,0.0694,0.7258,0.0,0.2528,1.0,0.0,80.4272,0.9962,1.0,0.2295,0.0,0.1724,0.9998,0.4807,0.4216,1.0264,3.791,0.7552,0.0088,1.0,0.0988,0.0,0.5091
1754707980000,159.9792,1.0,0.0694,0.7261,0.0,0.2556,1.0,0.0,79.7369,0.9963,1.0,0.2335,0.0,0.1634,0.9997,0.4947,0.4288,1.0287,3.7601,0.7585,0.009,1.0,0.0795,0.0,0.4883
1754708040000,157.287,1.0,0.0694,0.7235,0.0,0.2583,1.0,0.0,79.843,0.9964,1.0,0.2333,0.0,0.1646,0.9997,0.5014,0.4264,1.0319,3.6627,0.7657,0.0088,1.0,0.0561,0.0,0.4889
1754708100000,163.1567,1.0,0.0694,0.7227,0.0,0.2528,1.0,0.0,79.8373,0.9961,1.0,0.2185,0.0,0.1657,0.9997,0.5111,0.4044,1.0319,3.6864,0.7651,0.0084,1.0,0.1774,0.0,0.4949
1754708160000,163.107,1.0,0.0694,0.7258,0.0,0.2556,1.0,0.0,80.2585,0.9963,1.0,0.225,0.0,0.1637,0.9998,0.5129,0.4151,1.0243,3.7758,0.7582,0.009,1.0,0.0751,0.0,0.4846
1754708220000,164.5889,1.0,0.0694,0.7259,0.0,0.2528,1.0,0.0,81.9475,0.9961,1.0,0.228,0.0,0.158,0.9997,0.5035,0.4203,1.0213,3.6079,0.7571,0.0088,1.0,0.1635,0.0,0.4944
1754708280000,165.001,1.0,0.0694,0.7262,0.0,0.2556,1.0,0.0,81.2443,0.9959,1.0,0.2346,0.0,0.16,0.9996,0.494,0.4317,1.0372,3.7256,0.7646,0.0091,1.0,0.1303,0.0,0.4756
1754708340000,166.7106,1.0,0.0694,0.7253,0.0,0.2528,1.0,0.0,82.9771,0.996,1.0,0.2307,0.0,0.1624,0.9996,0.5051,0.4247,1.043,3.6375,0.7653,0.0089,1.0,0.1154,0.0,0.499
1754708400000,179.1086,1.0,0.0694,0.7265,0.0,0.2528,1.0,0.0,88.3396,0.9963,1.0,0.2343,0.0,0.1667,0.9994,0.5257,0.4313,1.0665,4.2105,0.7873,0.0092,1.0,0.059,0.0,0.4923
1754708460000,161.959,1.0,0.0694,0.7263,0.0,0.2444,1.0,0.0,80.5741,0.9965,1.0,0.2348,0.0,0.1676,0.9997,0.5251,0.432,1.0459,4.0664,0.7702,0.009,1.0,0.0666,0.0,0.4993
1754708520000,163.3624,1.0,0.0694,0.7277,0.0,0.2583,1.0,0.0,79.1709,0.9961,1.0,0.2309,0.0,0.1607,0.9998,0.5122,0.4281,1.067,4.2893,0.7848,0.009,1.0,0.0997,0.0,0.5063
1754708580000,165.4097,1.0,0.0694,0.7277,0.0,0.2556,1.0,0.0,79.7028,0.9959,1.0,0.2258,0.0,0.1652,0.9996,0.5396,0.4191,1.0801,4.1387,0.8057,0.0093,1.0,0.0519,0.0,0.4988
1754708640000,164.1123,1.0,0.0694,0.7281,0.0,0.2611,1.0,0.0,78.6556,0.9962,1.0,0.2274,0.0,0.1659,0.9997,0.5319,0.4231,1.1007,4.2485,0.8105,0.0092,1.0,0.0851,0.0,0.5164
1754708700000,161.5519,1.0,0.0694,0.7261,0.0,0.2556,1.0,0.0,79.3775,0.9963,1.0,0.2281,0.0,0.1604,0.9997,0.55,0.4221,1.045,4.2379,0.7753,0.0088,1.0,0.2319,0.0,0.516
1754708760000,163.4939,1.0,0.0694,0.727,0.0,0.2611,1.0,0.0,79.8302,0.9964,1.0,0.2365,0.0,0.164,0.9997,0.5436,0.4364,1.0514,3.9326,0.7791,0.0088,1.0,0.0999,0.0,0.5053
1754708820000,162.1484,1.0,0.0694,0.7258,0.0,0.2583,1.0,0.0,80.0242,0.9961,1.0,0.2316,0.0,0.1687,0.9997,0.5335,0.4266,1.0455,3.9442,0.7726,0.009,1.0,0.0549,0.0,0.5161
1754708880000,161.3212,1.0,0.0694,0.7256,0.0,0.2583,1.0,0.0,80.1459,0.9963,1.0,0.2344,0.0,0.1657,0.9997,0.5119,0.4304,1.0698,4.1293,0.7829,0.0089,1.0,0.0647,0.0,0.5213
1754708940000,167.0548,1.0,0.0694,0.7256,0.0,0.2583,1.0,0.0,82.3919,0.9963,1.0,0.2308,0.0,0.1668,0.9995,0.5096,0.4241,1.0503,3.8997,0.7804,0.009,1.0,0.1186,0.0,0.5016
1754709000000,161.5729,1.0,0.0694,0.726,0.0,0.2472,1.0,0.0,79.7855,0.9963,1.0,0.2308,0.0,0.1725,0.9997,0.4936,0.4244,1.0508,4.2604,0.7753,0.0092,1.0,0.056,0.0,0.5104
1754709060000,163.626,1.0,0.0694,0.7272,0.0,0.2528,1.0,0.0,80.3241,0.9961,1.0,0.2357,0.0,0.1689,0.9998,0.496,0.4355,1.0697,4.1774,0.7873,0.009,1.0,0.2571,0.0,0.4977
1754709120000,168.5117,1.0,0.0694,0.7276,0.0,0.2528,1.0,0.0,80.2881,0.9961,1.0,0.223,0.0,0.1667,0.9997,0.5024,0.4158,1.0423,4.299,0.7663,0.0091,1.0,0.1136,0.0,0.5139
1754709180000,161.9292,1.0,0.0694,0.7239,0.0,0.2528,1.0,0.0,79.5263,0.9961,1.0,0.2228,0.0,0.1597,0.9998,0.5187,0.413,1.053,4.0806,0.777,0.0086,1.0,0.0615,0.0,0.5049
1754709240000,160.1683,1.0,0.0694,0.7231,0.0,0.2583,1.0,0.0,79.2082,0.9963,1.0,0.2232,0.0,0.179,0.9998,0.5014,0.4106,1.0444,3.783,0.7696,0.0089,1.0,0.0663,0.0,0.5144
1754709300000,159.5455,1.0,0.0694,0.7229,0.0,0.2528,1.0,0.0,80.1644,0.9963,1.0,0.2314,0.0,0.1689,0.9998,0.5029,0.4244,1.0341,4.2054,0.7708,0.0089,1.0,0.1514,0.0,0.4983
1754709360000,168.4235,1.0,0.0694,0.7277,0.0,0.2528,1.0,0.0,81.7172,0.996,1.0,0.2321,0.0,0.1713,0.9996,0.5282,0.4301,1.0398,4.0573,0.7741,0.0091,1.0,0.0762,0.0,0.5115
1754709420000,166.5238,1.0,0.0694,0.7267,0.0,0.25,1.0,0.0,81.34,0.9962,1.0,0.2367,0.0,0.1707,0.9997,0.5004,0.4374,1.035,3.8776,0.7714,0.009,1.0,0.147,0.0,0.5154
1754709480000,165.6454,1.0,0.0694,0.7266,0.0,0.2528,1.0,0.0,80.6285,0.9962,1.0,0.235,0.0,0.1684,0.9995,0.5372,0.4323,1.0508,4.0495,0.7762,0.0089,1.0,0.1091,0.0,0.4983
1754709540000,165.5206,1.0,0.0694,0.7281,0.0,0.2583,1.0,0.0,79.4805,0.9961,1.0,0.2293,0.0,0.1647,0.9997,0.5415,0.4255,1.0402,3.8955,0.7711,0.0089,1.0,0.0872,0.0,0.5065
1754709600000,162.6445,1.0,0.0694,0.727,0.0,0.2583,1.0,0.0,79.2488,0.9964,1.0,0.2315,0.0,0.1668,0.9998,0.5497,0.4277,1.0485,4.1552,0.7751,0.0089,1.0,0.0641,0.0,0.5136
1754709660000,167.0829,1.0,0.0694,0.7276,0.0,0.2611,1.0,0.0,80.8381,0.996,1.0,0.2369,0.0,0.1689,0.9997,0.5525,0.4385,1.0442,3.9497,0.7727,0.0091,1.0,0.0859,0.0,0.5095
1754709720000,165.054,1.0,0.0694,0.7268,0.0,0.2639,1.0,0.0,80.6789,0.9962,1.0,0.2328,0.0,0.1695,0.9997,0.5296,0.4295,1.0597,3.9475,0.7873,0.0094,1.0,0.1247,0.0,0.5272
1754709780000,165.8312,1.0,0.0694,0.7261,0.0,0.25,1.0,0.0,81.3863,0.996,1.0,0.2296,0.0,0.1613,0.9997,0.5221,0.4234,1.0446,3.9345,0.7789,0.0086,1.0,0.0792,0.0,0.4965
1754709840000,171.5428,1.0,0.0694,0.726,0.0,0.25,1.0,0.0,83.9582,0.9959,1.0,0.2253,0.0,0.1648,0.9996,0.5249,0.416,1.0584,3.8467,0.7858,0.0089,1.0,0.0809,0.0,0.4997
1754709900000,161.6623,1.0,0.0694,0.7269,0.0,0.2556,1.0,0.0,79.1209,0.9963,1.0,0.2305,0.0,0.1691,0.9997,0.5114,0.4257,1.0665,4.0353,0.8011,0.0091,1.0,0.0558,0.0,0.4967
1754709960000,165.7764,1.0,0.0694,0.7247,0.0,0.2528,1.0,0.0,82.4751,0.9961,1.0,0.2317,0.0,0.17,0.9996,0.5107,0.4237,1.0498,4.0773,0.7783,0.0089,1.0,0.0579,0.0,0.5051
1754710020000,165.0753,1.0,0.0694,0.726,0.0,0.2472,1.0,0.0,81.9582,0.9963,1.0,0.229,0.0,0.1534,0.9998,0.5083,0.4218,1.0422,3.9442,0.772,0.0087,1.0,0.0692,0.0,0.5112
1754710080000,167.6529,1.0,0.0694,0.7272,0.0,0.2472,1.0,0.0,81.9106,0.9963,1.0,0.2288,0.0,0.1661,0.9996,0.5196,0.4225,1.0431,4.1733,0.7794,0.0087,1.0,0.0787,0.0,0.4969
1754710140000,168.9838,1.0,0.0694,0.7265,0.0,0.2472,1.0,0.0,82.5573,0.9962,1.0,0.2303,0.0,0.1661,0.9996,0.5292,0.4244,1.0341,3.818,0.7676,0.0088,1.0,0.1293,0.0,0.507
1754710200000,172.1024,1.0,0.0694,0.7246,0.0,0.2472,1.0,0.0,86.1261,0.9961,1.0,0.231,0.0,0.1614,0.9995,0.5149,0.4232,1.0627,4.1914,0.7871,0.0087,1.0,0.0468,0.0,0.5023
1754710260000,163.5639,1.0,0.0694,0.7265,0.0,0.2556,1.0,0.0,79.9609,0.996,1.0,0.2301,0.0,0.1629,0.9997,0.5286,0.4242,1.021,3.9996,0.7607,0.0089,1.0,0.0746,0.0,0.4984
1754710320000,160.7173,1.0,0.0694,0.7271,0.0,0.2563,1.0,0.0,79.6859,0.996,1.0,0.2305,0.0,0.1767,0.9997,0.5226,0.4245,1.0337,4.0461,0.7608,0.009,1.0,0.1865,0.0,0.4964
1754710380000,163.3318,1.0,0.0694,0.7263,0.0,0.2639,1.0,0.0,78.1034,0.9963,1.0,0.2098,0.0,0.1589,0.9998,0.511,0.3918,1.0363,3.9469,0.849,0.0089,1.0,0.0542,0.0,0.4968
1754710440000,163.0266,1.0,0.0694,0.7229,0.0,0.2667,1.0,0.0,80.5047,0.9962,1.0,0.2123,0.0,0.167,0.9997,0.5218,0.3951,1.0305,3.8864,0.8719,0.009,1.0,0.0682,0.0,0.4942
1754710500000,161.973,1.0,0.0694,0.7217,0.0,0.2577,1.0,0.0,80.4468,0.9962,1.0,0.2069,0.0,0.1577,0.9997,0.5157,0.3842,1.0349,4.1105,0.8668,0.0092,1.0,0.1605,0.0,0.5157
1754710560000,164.8268,1.0,0.0694,0.7222,0.0,0.2675,1.0,0.0,80.3224,0.9961,1.0,0.2109,0.0,0.1675,0.9997,0.5083,0.3918,1.0416,3.8125,0.8541,0.0088,1.0,0.0814,0.0,0.4811
1754710620000,158.3582,1.0,0.0694,0.7213,0.0,0.2703,1.0,0.0,78.6558,0.9963,1.0,0.2097,0.0,0.155,0.9998,0.51,0.3885,1.0407,3.8124,0.8546,0.0088,1.0,0.0567,0.0,0.5192
1754710680000,162.7709,1.0,0.0694,0.7248,0.0,0.2583,1.0,0.0,80.0368,0.9961,1.0,0.2153,0.0,0.1666,0.9997,0.4881,0.3994,1.0489,4.0156,0.8225,0.0084,1.0,0.1965,0.0,0.4907
1754710740000,162.8922,1.0,0.0694,0.7255,0.0,0.2591,1.0,0.0,80.7938,0.9963,1.0,0.2342,0.0,0.164,0.9997,0.4768,0.4313,1.032,3.7459,0.7672,0.0086,1.0,0.1057,0.0,0.4912
1754710800000,156.4559,1.0,0.0694,0.7249,0.0,0.25,1.0,0.0,79.3933,0.996,1.0,0.2369,0.0,0.1649,0.9998,0.4892,0.4359,1.0289,3.8404,0.7591,0.0091,1.0,0.0882,0.0,0.4941
1754710860000,159.7735,1.0,0.0694,0.7268,0.0,0.25,1.0,0.0,78.7562,0.996,1.0,0.2327,0.0,0.164,0.9999,0.5415,0.4305,1.0255,3.8259,0.7626,0.0093,1.0,0.0713,0.0,0.4899
1754710920000,159.0111,1.0,0.0694,0.7265,0.0,0.2549,1.0,0.0,78.3985,0.9964,1.0,0.2309,0.0,0.1634,0.9997,0.5344,0.4246,1.0426,3.7246,0.7715,0.0089,1.0,0.0557,0.0,0.5075
1754710980000,157.4094,1.0,0.0694,0.7265,0.0,0.2556,1.0,0.0,77.8942,0.9965,1.0,0.2273,0.0,0.1489,0.9998,0.5326,0.4195,1.0334,3.7704,0.7686,0.0087,1.0,0.0618,0.0,0.494
1754711040000,158.4349,1.0,0.0694,0.7262,0.0,0.2583,1.0,0.0,77.7786,0.9962,1.0,0.2292,0.0,0.1626,0.9998,0.5272,0.4224,1.0235,4.0507,0.7604,0.0087,1.0,0.0701,0.0,0.4898
1754711100000,159.6056,1.0,0.0694,0.7246,0.0,0.2528,1.0,0.0,80.0413,0.9963,1.0,0.2358,0.0,0.1635,0.9999,0.5597,0.4323,1.0329,3.916,0.7696,0.0092,1.0,0.2122,0.0,0.5027
1754711160000,161.2295,1.0,0.0694,0.7237,0.0,0.2556,1.0,0.0,81.7198,0.9964,1.0,0.2392,0.0,0.1726,0.9998,0.5162,0.4367,1.0306,3.7217,0.7673,0.009,1.0,0.1279,0.0,0.5035
1754711220000,160.6624,1.0,0.0694,0.7279,0.0,0.2528,1.0,0.0,77.2262,0.9962,1.0,0.2284,0.0,0.1683,0.9998,0.5346,0.4237,1.0235,3.7399,0.7564,0.0089,1.0,0.1361,0.0,0.5099
1754711280000,164.6846,1.0,0.0694,0.7269,0.0,0.2556,1.0,0.0,80.3397,0.9964,1.0,0.2309,0.0,0.1675,0.9997,0.5335,0.4261,1.0487,3.7789,0.7787,0.0087,1.0,0.1038,0.0,0.5056
1754711340000,155.5952,1.0,0.0694,0.727,0.0,0.2556,1.0,0.0,75.9597,0.9965,1.0,0.2298,0.0,0.162,0.9999,0.515,0.4248,1.0392,3.633,0.7651,0.0093,1.0,0.1577,0.0,0.4993
1754711400000,162.2825,1.0,0.0694,0.726,0.0,0.2639,1.0,0.0,80.2636,0.9962,1.0,0.2294,0.0,0.1584,0.9996,0.5068,0.422,1.0542,3.9101,0.7798,0.0086,1.0,0.1073,0.0,0.496
1754711460000,160.7242,1.0,0.0694,0.7254,0.0,0.2583,1.0,0.0,79.4779,0.9964,1.0,0.231,0.0,0.1699,0.9999,0.5107,0.4249,1.0309,3.6688,0.7645,0.0087,1.0,0.1039,0.0,0.5026
1754711520000,159.2794,1.0,0.0694,0.7263,0.0,0.2556,1.0,0.0,78.757,0.9966,1.0,0.2303,0.0,0.1605,0.9998,0.4925,0.4243,1.0291,3.615,0.7626,0.0089,1.0,0.0651,0.0,0.4842
1754711580000,154.0292,1.0,0.0694,0.7263,0.0,0.2611,1.0,0.0,76.2918,0.9964,1.0,0.2379,0.0,0.1624,1.0,0.4839,0.4389,1.0549,3.6776,0.7845,0.0089,1.0,0.0916,0.0,0.4831
1754711640000,159.4891,1.0,0.0694,0.7277,0.0,0.2583,1.0,0.0,77.4209,0.9962,1.0,0.2299,0.0,0.1641,0.9999,0.5081,0.4258,1.0594,3.7533,0.7785,0.0089,1.0,0.0612,0.0,0.5062
1754711700000,158.5817,1.0,0.0694,0.7261,0.0,0.2611,1.0,0.0,77.9019,0.9964,1.0,0.2323,0.0,0.1698,0.9999,0.5344,0.4284,1.0265,3.7016,0.7667,0.0091,1.0,0.1639,0.0,0.5154
1754711760000,166.1249,1.0,0.0694,0.7249,0.0,0.2611,1.0,0.0,81.8112,0.9965,1.0,0.2289,0.0,0.172,0.9998,0.4874,0.422,1.0331,3.6787,0.7691,0.0087,1.0,0.1157,0.0,0.4978
1754711820000,157.9164,1.0,0.0694,0.7259,0.0,0.2583,1.0,0.0,77.3802,0.9965,1.0,0.2342,0.0,0.1651,0.9999,0.5089,0.4313,1.0304,3.7351,0.7681,0.0091,1.0,0.1219,0.0,0.4993
1754711880000,158.6981,1.0,0.0694,0.7244,0.0,0.25,1.0,0.0,78.8535,0.9963,1.0,0.2191,0.0,0.1576,0.9998,0.5056,0.4038,1.0326,3.6853,0.8141,0.0089,1.0,0.0776,0.0,0.4931
1754711940000,165.3438,1.0,0.0694,0.7237,0.0,0.2556,1.0,0.0,81.5441,0.9963,1.0,0.2085,0.0,0.1564,0.9999,0.5315,0.3863,1.0114,3.5858,0.8394,0.009,1.0,0.0684,0.0,0.5025
1754712000000,168.0356,1.0,0.0694,0.723,0.0,0.2528,1.0,0.0,83.5987,0.9961,1.0,0.2244,0.0,0.1641,0.9996,0.5007,0.4133,1.0481,3.8594,0.84,0.009,1.0,0.0715,0.0,0.4913
1754712060000,160.0855,1.0,0.0694,0.7253,0.0,0.2611,1.0,0.0,80.362,0.9961,1.0,0.2315,0.0,0.1731,0.9999,0.4874,0.4246,1.0475,3.9714,0.7772,0.0093,1.0,0.0667,0.0,0.5198
1754712120000,167.6848,1.0,0.0694,0.7271,0.0,0.2528,1.0,0.0,81.8118,0.9958,1.0,0.2267,0.0,0.16,0.9997,0.5113,0.4198,1.056,3.7465,0.7837,0.0092,1.0,0.0524,0.0,0.4946
1754712180000,159.2691,1.0,0.0694,0.7265,0.0,0.2556,1.0,0.0,79.3372,0.9963,1.0,0.2246,0.0,0.1644,0.9998,0.5008,0.4133,1.0663,3.8738,0.7842,0.0093,1.0,0.0834,0.0,0.5012
1754712240000,158.0937,1.0,0.0694,0.7248,0.0,0.248,1.0,0.0,78.8018,0.9964,1.0,0.2286,0.0,0.1629,0.9998,0.5253,0.4196,1.0459,3.7024,0.7828,0.0094,1.0,0.0705,0.0,0.4796
1754712300000,159.122,1.0,0.0694,0.7269,0.0,0.2528,1.0,0.0,78.8427,0.9965,1.0,0.2319,0.0,0.1578,0.9999,0.4988,0.4275,1.0646,3.6394,0.7876,0.0092,1.0,0.1033,0.0,0.4913
1754712360000,164.5546,1.0,0.0694,0.7274,0.0,0.2583,1.0,0.0,80.0727,0.9964,1.0,0.2315,0.0,0.1698,0.9998,0.5326,0.4295,1.019,3.7442,0.763,0.0091,1.0,0.1444,0.0,0.4997
1754712420000,164.2413,1.0,0.0694,0.7259,0.0,0.2709,1.0,0.0,81.2014,0.9965,1.0,0.2347,0.0,0.1715,0.9996,0.4918,0.4322,1.0286,3.6034,0.7608,0.0094,1.0,0.0842,0.0,0.5181
1754712480000,161.3971,1.0,0.0694,0.7266,0.0,0.2639,1.0,0.0,79.649,0.9965,1.0,0.2283,0.0,0.1658,0.9997,0.496,0.4207,1.0211,3.711,0.7661,0.0091,1.0,0.0649,0.0,0.5075
1754712540000,154.5189,1.0,0.0694,0.7251,0.0,0.2694,1.0,0.0,77.4972,0.9966,1.0,0.2329,0.0,0.1714,0.9998,0.4903,0.4271,1.0338,3.5592,0.7696,0.0092,1.0,0.0555,0.0,0.4926
1754712600000,160.5783,1.0,0.0694,0.7272,0.0,0.2591,1.0,0.0,79.2795,0.9964,1.0,0.2308,0.0,0.1596,0.9997,0.5053,0.4249,1.0434,3.8044,0.7799,0.0094,1.0,0.1257,0.0,0.4838
1754712660000,163.5872,1.0,0.0694,0.7279,0.0,0.2556,1.0,0.0,79.2863,0.996,1.0,0.2305,0.0,0.173,0.9997,0.5279,0.4264,1.034,3.4946,0.7748,0.009,1.0,0.0819,0.0,0.5019
1754712720000,163.7405,1.0,0.0694,0.7269,0.0,0.2639,1.0,0.0,80.5942,0.9963,1.0,0.2321,0.0,0.1706,0.9997,0.555,0.4268,1.0268,3.5591,0.762,0.0088,1.0,0.1095,0.0,0.5062
1754712780000,159.1169,1.0,0.0694,0.7255,0.0,0.2583,1.0,0.0,79.2174,0.9965,1.0,0.2351,0.0,0.1636,0.9998,0.5429,0.4317,1.0211,3.7909,0.7623,0.0088,1.0,0.0569,0.0,0.4965
1754712840000,162.4576,1.0,0.0694,0.7265,0.0,0.2611,1.0,0.0,79.8027,0.9964,1.0,0.2301,0.0,0.1663,0.9996,0.5508,0.4237,1.0294,3.6168,0.765,0.0088,1.0,0.0699,0.0,0.5078
1754712900000,158.8581,1.0,0.0694,0.7249,0.0,0.2583,1.0,0.0,80.1867,0.9965,1.0,0.2316,0.0,0.1579,0.9997,0.5432,0.4247,1.0275,3.5953,0.7612,0.0088,1.0,0.0708,0.0,0.4848
1754712960000,169.5051,1.0,0.0694,0.7284,0.0,0.2611,1.0,0.0,81.0525,0.9965,1.0,0.2253,0.0,0.1666,0.9995,0.5081,0.4181,1.0446,3.8006,0.771,0.0086,1.0,0.0772,0.0,0.4804
1754713020000,162.3315,1.0,0.0694,0.7258,0.0,0.2583,1.0,0.0,79.962,0.9965,1.0,0.2161,0.0,0.1619,0.9997,0.4994,0.3999,1.0331,3.5685,0.8173,0.0087,1.0,0.1309,0.0,0.5104
1754713080000,164.2859,1.0,0.0694,0.7226,0.0,0.2667,1.0,0.0,81.9563,0.9962,1.0,0.2106,0.0,0.1653,0.9997,0.5317,0.3886,1.043,3.4428,0.8672,0.0087,1.0,0.0742,0.0,0.4881
1754713140000,160.9349,1.0,0.0694,0.7226,0.0,0.275,1.0,0.0,80.626,0.9964,1.0,0.2226,0.0,0.1708,0.9997,0.509,0.4083,1.0028,3.6145,0.7938,0.0092,1.0,0.0628,0.0,0.4799
1754713200000,167.7477,1.0,0.0694,0.7263,0.0,0.2722,1.0,0.0,81.3037,0.9963,1.0,0.2276,0.0,0.1595,0.9997,0.5122,0.42,1.0315,3.5149,0.7692,0.0087,1.0,0.0943,0.0,0.4901
1754713260000,161.6003,1.0,0.0694,0.7256,0.0,0.2659,1.0,0.0,81.0016,0.9963,1.0,0.2315,0.0,0.1597,0.9998,0.5297,0.4259,1.0161,3.5969,0.7614,0.0089,1.0,0.0771,0.0,0.5038
1754713320000,161.1694,1.0,0.0694,0.725,0.0,0.2583,1.0,0.0,80.1334,0.9965,1.0,0.2326,0.0,0.1675,0.9997,0.5172,0.4261,1.031,3.5692,0.7721,0.009,1.0,0.0594,0.0,0.492
1754713380000,165.9626,1.0,0.0694,0.7267,0.0,0.25,1.0,0.0,80.5871,0.9963,1.0,0.2326,0.0,0.1624,0.9996,0.5146,0.4292,1.0329,3.6709,0.7709,0.0092,1.0,0.1115,0.0,0.5046
1754713440000,156.6767,1.0,0.0694,0.7248,0.0,0.2549,1.0,0.0,78.1691,0.9964,1.0,0.2367,0.0,0.1729,0.9998,0.5081,0.4333,1.0412,3.6374,0.775,0.0092,1.0,0.0661,0.0,0.5078
1754713500000,156.6066,1.0,0.0694,0.7255,0.0,0.2528,1.0,0.0,77.4409,0.9966,1.0,0.2337,0.0,0.1651,0.9998,0.5196,0.4301,1.0245,3.6124,0.7649,0.009,1.0,0.0946,0.0,0.4997
1754713560000,167.3052,1.0,0.0694,0.7269,0.0,0.2507,1.0,0.0,81.1022,0.9961,1.0,0.2235,0.0,0.1735,0.9997,0.5414,0.4135,1.0204,3.552,0.7852,0.0085,1.0,0.0614,0.0,0.5029
1754713620000,164.4439,1.0,0.0694,0.7261,0.0,0.248,1.0,0.0,79.1366,0.9962,1.0,0.2223,0.0,0.1728,0.9997,0.5324,0.4106,1.0244,3.3664,0.7854,0.0088,1.0,0.07,0.0,0.5048
1754713680000,164.0713,1.0,0.0694,0.726,0.0,0.2487,1.0,0.0,80.9425,0.9962,1.0,0.2301,0.0,0.1651,0.9998,0.5156,0.4238,1.0285,3.4897,0.7715,0.0088,1.0,0.0536,0.0,0.5
1754713740000,168.4782,1.0,0.0694,0.7247,0.0,0.2556,1.0,0.0,84.8456,0.9964,1.0,0.2351,0.0,0.1708,0.9995,0.4867,0.4313,1.0552,3.6046,0.7789,0.0088,1.0,0.0772,0.0,0.5137
1754713800000,167.9915,1.0,0.0694,0.7255,0.0,0.2556,1.0,0.0,84.7008,0.9962,1.0,0.2348,0.0,0.1747,0.9995,0.4701,0.4305,1.0658,3.5632,0.7756,0.0093,1.0,0.0679,0.0,0.4899
1754713860000,163.5182,1.0,0.0694,0.7257,0.0,0.2556,1.0,0.0,80.6188,0.9959,1.0,0.232,0.0,0.1688,0.9997,0.4889,0.4272,1.0236,3.5376,0.7644,0.0093,1.0,0.2651,0.0,0.504
1754713920000,163.2717,1.0,0.0694,0.7274,0.0,0.2556,1.0,0.0,79.6367,0.9962,1.0,0.2328,0.0,0.164,0.9996,0.4919,0.4299,1.0182,3.6031,0.7613,0.0091,1.0,0.1477,0.0,0.4996
1754713980000,162.6415,1.0,0.0694,0.7271,0.0,0.2611,1.0,0.0,80.404,0.9964,1.0,0.2329,0.0,0.1592,0.9997,0.5117,0.4303,1.0234,3.4686,0.7594,0.0092,1.0,0.124,0.0,0.5026
1754714040000,167.9249,1.0,0.0694,0.7262,0.0,0.2639,1.0,0.0,82.3171,0.9961,1.0,0.2303,0.0,0.1611,0.9996,0.499,0.4247,1.038,3.6912,0.7707,0.0087,1.0,0.0582,0.0,0.4906
1754714100000,182.5617,1.0,0.0694,0.724,0.0,0.2669,1.0,0.0,89.354,0.996,1.0,0.2224,0.0,0.1747,0.9992,0.4983,0.4103,1.0438,3.4487,0.7794,0.0088,1.0,0.0706,0.0,0.5138
1754714160000,166.4278,1.0,0.0694,0.7267,0.0,0.2667,1.0,0.0,80.9247,0.9963,1.0,0.2375,0.0,0.1661,0.9996,0.5139,0.4382,1.0354,3.5079,0.776,0.0091,1.0,0.0791,0.0,0.5217
1754714220000,161.8055,1.0,0.0694,0.7255,0.0,0.2604,1.0,0.0,80.6645,0.9964,1.0,0.2301,0.0,0.1674,0.9997,0.5337,0.423,1.0257,3.4829,0.7573,0.0091,1.0,0.0804,0.0,0.5153
1754714280000,160.235,1.0,0.0694,0.7244,0.0,0.2606,1.0,0.0,81.0708,0.9965,1.0,0.2326,0.0,0.1695,0.9997,0.5475,0.4263,1.031,3.304,0.7643,0.009,1.0,0.1269,0.0,0.4928
1754714340000,163.3181,1.0,0.0694,0.7269,0.0,0.2589,1.0,0.0,81.0842,0.9963,1.0,0.2339,0.0,0.1628,0.9997,0.5378,0.4312,1.02,3.6055,0.7649,0.009,1.0,0.0885,0.0,0.5
1754714400000,167.6423,1.0,0.0694,0.7264,0.0,0.25,1.0,0.0,82.9734,0.9963,1.0,0.2353,0.0,0.1686,0.9995,0.5196,0.4335,1.0416,3.549,0.7704,0.0089,1.0,0.0796,0.0,0.4965
1754714460000,163.5333,1.0,0.0694,0.7268,0.0,0.2535,1.0,0.0,78.999,0.9963,1.0,0.2308,0.0,0.1641,0.9997,0.5468,0.4256,1.0393,3.5896,0.7666,0.0086,1.0,0.1027,0.0,0.5009
1754714520000,158.2447,1.0,0.0694,0.727,0.0,0.2577,1.0,0.0,77.3724,0.9964,1.0,0.2333,0.0,0.1607,0.9997,0.511,0.4296,1.0483,3.4326,0.7662,0.009,1.0,0.0782,0.0,0.5025
1754714580000,161.6298,1.0,0.0694,0.7276,0.0,0.2577,1.0,0.0,79.8652,0.9964,1.0,0.2338,0.0,0.1678,0.9997,0.5003,0.4319,1.0107,3.5024,0.7573,0.0089,1.0,0.0533,0.0,0.5035
1754714640000,162.4734,1.0,0.0694,0.7279,0.0,0.2681,1.0,0.0,78.3018,0.9966,1.0,0.2341,0.0,0.1631,0.9997,0.5367,0.4336,1.0165,3.6554,0.7546,0.0089,1.0,0.0726,0.0,0.5084
1754714700000,159.9162,1.0,0.0694,0.7263,0.0,0.266,1.0,0.0,78.7544,0.9964,1.0,0.2326,0.0,0.1566,0.9998,0.5233,0.4273,1.0267,3.4784,0.76,0.0087,1.0,0.0979,0.0,0.5254
1754714760000,164.4562,1.0,0.0694,0.7253,0.0,0.2493,1.0,0.0,81.8121,0.9962,1.0,0.229,0.0,0.1635,0.9996,0.5131,0.4205,1.0248,3.5156,0.7648,0.0087,1.0,0.0593,0.0,0.4906
1754714820000,161.876,1.0,0.0694,0.7266,0.0,0.2583,1.0,0.0,79.4074,0.9964,1.0,0.2287,0.0,0.1615,0.9998,0.5151,0.4214,1.0403,3.4883,0.7759,0.0086,1.0,0.0906,0.0,0.4954
1754714880000,164.322,1.0,0.0694,0.7274,0.0,0.2583,1.0,0.0,80.114,0.9964,1.0,0.2277,0.0,0.1621,0.9998,0.5235,0.4206,1.0158,3.6665,0.7576,0.0083,1.0,0.1004,0.0,0.4902
1754714940000,159.5347,1.0,0.0694,0.7266,0.0,0.2556,1.0,0.0,79.2336,0.9964,1.0,0.23,0.0,0.156,0.9998,0.51,0.4246,1.035,3.5465,0.7741,0.0086,1.0,0.0879,0.0,0.4911
1754715000000,162.8652,1.0,0.0694,0.7247,0.0,0.2474,1.0,0.0,81.6223,0.9964,1.0,0.2316,0.0,0.1605,0.9996,0.5081,0.4237,1.0253,3.639,0.7644,0.0085,1.0,0.1851,0.0,0.4847
1754715060000,159.3958,1.0,0.0694,0.7247,0.0,0.2611,1.0,0.0,80.8432,0.9965,1.0,0.2295,0.0,0.1666,0.9997,0.5143,0.4202,1.0325,3.4931,0.7629,0.0088,1.0,0.0771,0.0,0.4937
1754715120000,166.2447,1.0,0.0694,0.7271,0.0,0.2528,1.0,0.0,80.5416,0.9961,1.0,0.2256,0.0,0.1637,0.9997,0.4861,0.417,1.034,3.4498,0.7654,0.0087,1.0,0.0644,0.0,0.4926
1754715180000,162.9044,1.0,0.0694,0.7266,0.0,0.2583,1.0,0.0,80.4951,0.9965,1.0,0.2312,0.0,0.1646,0.9998,0.4885,0.4254,1.0229,3.4025,0.7579,0.0088,1.0,0.0466,0.0,0.4881
1754715240000,164.9298,1.0,0.0694,0.7287,0.0,0.2556,1.0,0.0,78.9391,0.9966,1.0,0.228,0.0,0.1684,0.9997,0.5029,0.4227,1.0238,3.4947,0.7592,0.0088,1.0,0.0797,0.0,0.487
1754715300000,160.3579,1.0,0.0694,0.7258,0.0,0.2577,1.0,0.0,79.9475,0.9967,1.0,0.2336,0.0,0.1608,0.9997,0.5006,0.4282,1.0445,3.5778,0.7754,0.0094,1.0,0.0738,0.0,0.4951
1754715360000,157.9641,1.0,0.0694,0.7251,0.0,0.2674,1.0,0.0,79.7532,0.9967,1.0,0.2355,0.0,0.1719,0.9997,0.5097,0.4308,1.0179,3.4397,0.7614,0.0089,1.0,0.0765,0.0,0.4872
1754715420000,160.9176,1.0,0.0694,0.7264,0.0,0.2703,1.0,0.0,79.0657,0.9968,1.0,0.2293,0.0,0.1673,0.9998,0.5019,0.4226,1.0115,3.3489,0.7539,0.0088,1.0,0.0638,0.0,0.4861
1754715480000,163.287,1.0,0.0694,0.7244,0.0,0.2639,1.0,0.0,82.0956,0.9965,1.0,0.2318,0.0,0.1619,0.9996,0.5189,0.4229,1.0426,3.6247,0.7769,0.009,1.0,0.074,0.0,0.495
1754715540000,167.5147,1.0,0.0694,0.7257,0.0,0.2639,1.0,0.0,83.559,0.9964,1.0,0.223,0.0,0.1578,0.9997,0.5015,0.4099,1.1086,3.4793,0.8082,0.0087,1.0,0.0633,0.0,0.4907
1754715600000,163.9926,1.0,0.0694,0.7248,0.0,0.2611,1.0,0.0,82.2869,0.9963,1.0,0.2364,0.0,0.1696,0.9997,0.5067,0.4318,1.0498,3.5214,0.7773,0.0092,1.0,0.0877,0.0,0.4819
1754715660000,162.9493,1.0,0.0694,0.7272,0.0,0.2528,1.0,0.0,79.2423,0.996,1.0,0.2256,0.0,0.169,0.9997,0.5113,0.417,1.0243,3.5084,0.7622,0.0089,1.0,0.0731,0.0,0.5049
1754715720000,165.0928,1.0,0.0694,0.7266,0.0,0.2528,1.0,0.0,80.761,0.996,1.0,0.2287,0.0,0.1647,0.9996,0.5157,0.4205,1.0369,3.5022,0.7736,0.009,1.0,0.2239,0.0,0.4954
1754715780000,167.6103,1.0,0.0694,0.7282,0.0,0.2639,1.0,0.0,80.2775,0.9962,1.0,0.2287,0.0,0.1701,0.9996,0.4771,0.4234,1.0347,3.3613,0.7637,0.0092,1.0,0.0733,0.0,0.5157
1754715840000,163.4309,1.0,0.0694,0.7268,0.0,0.2583,1.0,0.0,80.4693,0.9962,1.0,0.2307,0.0,0.17,0.9997,0.4958,0.4256,1.0109,3.4466,0.7532,0.009,1.0,0.0859,0.0,0.5007
1754715900000,165.1576,1.0,0.0694,0.7276,0.0,0.2537,1.0,0.0,80.4972,0.9961,1.0,0.2295,0.0,0.1596,0.9997,0.4894,0.4244,1.0446,3.5684,0.7626,0.009,1.0,0.1139,0.0,0.4908
1754715960000,164.9677,1.0,0.0694,0.7273,0.0,0.2611,1.0,0.0,80.4048,0.9962,1.0,0.2301,0.0,0.1627,0.9997,0.5171,0.4262,1.0269,3.3814,0.7596,0.0088,1.0,0.0651,0.0,0.4919
1754716020000,165.1617,1.0,0.0694,0.7284,0.0,0.2556,1.0,0.0,80.1143,0.9963,1.0,0.2316,0.0,0.1602,0.9996,0.5225,0.4296,1.0207,3.4292,0.7573,0.0087,1.0,0.111,0.0,0.5086
1754716080000,158.0286,1.0,0.0694,0.7242,0.0,0.2556,1.0,0.0,79.7866,0.9964,1.0,0.237,0.0,0.1655,0.9996,0.5315,0.4324,1.0136,3.3889,0.7581,0.0086,1.0,0.0569,0.0,0.508
1754716140000,161.2329,1.0,0.0694,0.7258,0.0,0.2556,1.0,0.0,80.754,0.9964,1.0,0.2298,0.0,0.1567,0.9997,0.5104,0.423,1.0159,3.5024,0.7584,0.0086,1.0,0.0843,0.0,0.4887
1754716200000,167.0747,1.0,0.0694,0.7277,0.0,0.2639,1.0,0.0,81.6142,0.9962,1.0,0.233,0.0,0.1586,0.9997,0.5194,0.4316,1.0274,3.4952,0.7676,0.0091,1.0,0.2136,0.0,0.4904
1754716260000,167.2553,1.0,0.0694,0.7271,0.0,0.2639,1.0,0.0,81.981,0.9962,1.0,0.2299,0.0,0.1552,0.9997,0.5013,0.4251,1.024,3.4428,0.7609,0.0085,1.0,0.0681,0.0,0.5112
1754716320000,168.6181,1.0,0.0694,0.7265,0.0,0.2639,1.0,0.0,83.0567,0.9963,1.0,0.2306,0.0,0.1556,0.9995,0.4872,0.4259,1.0483,3.3707,0.7738,0.0089,1.0,0.0684,0.0,0.5131
1754716380000,167.3153,1.0,0.0694,0.7289,0.0,0.2528,1.0,0.0,79.7066,0.9962,1.0,0.2262,0.0,0.1656,0.9997,0.5097,0.4212,1.0079,3.2474,0.7493,0.0087,1.0,0.0868,0.0,0.4993
1754716440000,161.7044,1.0,0.0694,0.7267,0.0,0.2583,1.0,0.0,79.5374,0.9966,1.0,0.2324,0.0,0.1613,0.9997,0.5115,0.4289,1.0008,3.6516,0.7479,0.0087,1.0,0.0602,0.0,0.5075
1754716500000,161.7677,1.0,0.0694,0.7273,0.0,0.2472,1.0,0.0,79.8898,0.9965,1.0,0.232,0.0,0.1568,0.9997,0.4813,0.4272,1.0027,3.292,0.7526,0.0084,1.0,0.0823,0.0,0.4988
1754716560000,164.9841,1.0,0.0694,0.7273,0.0,0.2472,1.0,0.0,80.0784,0.9964,1.0,0.2356,0.0,0.1711,0.9997,0.4856,0.4349,1.0024,3.5444,0.7524,0.009,1.0,0.0556,0.0,0.4949
1754716620000,161.2627,1.0,0.0694,0.7286,0.0,0.2556,1.0,0.0,78.0672,0.9963,1.0,0.2312,0.0,0.1727,0.9998,0.5139,0.4285,1.0214,3.512,0.7607,0.0086,1.0,0.0706,0.0,0.5024
1754716680000,166.2533,1.0,0.0694,0.7287,0.0,0.2556,1.0,0.0,79.1175,0.9963,1.0,0.2275,0.0,0.1711,0.9996,0.5224,0.4237,1.0152,3.2623,0.7517,0.0085,1.0,0.0528,0.0,0.5067
1754716740000,159.2452,1.0,0.0694,0.7306,0.0,0.2583,1.0,0.0,76.8107,0.9968,1.0,0.2272,0.0,0.1603,0.9997,0.5324,0.4254,1.0133,3.4915,0.7501,0.0087,1.0,0.0524,0.0,0.4973
1754716800000,165.0884,1.0,0.0694,0.7302,0.0,0.2528,1.0,0.0,79.683,0.9963,1.0,0.2285,0.0,0.1621,0.9997,0.5153,0.4273,1.0164,3.3474,0.7517,0.0088,1.0,0.0525,0.0,0.4969
1754716860000,166.2827,1.0,0.0694,0.7276,0.0,0.2556,1.0,0.0,79.6968,0.9962,1.0,0.224,0.0,0.1629,0.9998,0.5318,0.4196,1.0211,3.3706,0.7627,0.0087,1.0,0.0666,0.0,0.4994
1754716920000,162.6078,1.0,0.0694,0.7261,0.0,0.2472,1.0,0.0,79.3986,0.9962,1.0,0.2275,0.0,0.1709,0.9997,0.5369,0.4199,1.0071,3.3091,0.7576,0.0086,1.0,0.0874,0.0,0.5083
1754716980000,161.6944,1.0,0.0694,0.7277,0.0,0.2528,1.0,0.0,78.6405,0.9963,1.0,0.2278,0.0,0.168,0.9998,0.5619,0.4214,1.0221,3.2388,0.7597,0.0089,1.0,0.1839,0.0,0.4943
1754717040000,160.238,1.0,0.0694,0.7253,0.0,0.2528,1.0,0.0,79.5171,0.9963,1.0,0.2261,0.0,0.1571,0.9998,0.529,0.4163,1.0045,3.3296,0.7515,0.0085,1.0,0.0633,0.0,0.4954
1754717100000,158.4924,1.0,0.0694,0.7269,0.0,0.25,1.0,0.0,77.1295,0.9963,1.0,0.2215,0.0,0.1645,0.9998,0.5443,0.41,1.0167,3.3552,0.7596,0.0087,1.0,0.0824,0.0,0.5027
1754717160000,165.3198,1.0,0.0694,0.7289,0.0,0.2528,1.0,0.0,78.2912,0.9961,1.0,0.2237,0.0,0.1646,0.9997,0.5449,0.417,1.0117,3.3951,0.7515,0.0085,1.0,0.1154,0.0,0.4852
1754717220000,161.8995,1.0,0.0694,0.7286,0.0,0.2556,1.0,0.0,76.557,0.996,1.0,0.2243,0.0,0.1634,0.9997,0.5396,0.4175,1.0095,3.2897,0.7598,0.0084,1.0,0.0621,0.0,0.5105
1754717280000,156.8589,1.0,0.0694,0.7269,0.0,0.25,1.0,0.0,76.2985,0.9964,1.0,0.2237,0.0,0.1585,0.9998,0.52,0.4131,1.0109,3.2796,0.7592,0.0085,1.0,0.0806,0.0,0.5061
1754717340000,158.4104,1.0,0.0694,0.7262,0.0,0.2556,1.0,0.0,77.6692,0.9964,1.0,0.2213,0.0,0.1596,0.9998,0.5069,0.4073,0.9821,3.2666,0.7435,0.0083,1.0,0.1855,0.0,0.4831
1754717400000,169.5568,1.0,0.0694,0.7268,0.0,0.2528,1.0,0.0,83.0592,0.9963,1.0,0.2275,0.0,0.1598,0.9996,0.4972,0.4196,1.0318,3.4528,0.7662,0.0088,1.0,0.0513,0.0,0.4684
1754717460000,168.2943,1.0,0.0694,0.7289,0.0,0.2611,1.0,0.0,79.6619,0.9962,1.0,0.2197,0.0,0.1579,0.9997,0.4997,0.4093,1.0025,3.4951,0.7585,0.0086,1.0,0.0664,0.0,0.4881
1754717520000,158.2982,1.0,0.0694,0.7269,0.0,0.2639,1.0,0.0,78.0757,0.9962,1.0,0.2242,0.0,0.1597,0.9997,0.5065,0.4125,0.9937,3.3348,0.7485,0.0083,1.0,0.047,0.0,0.4889
1754717580000,165.5082,1.0,0.0694,0.7296,0.0,0.2611,1.0,0.0,78.3009,0.9961,1.0,0.222,0.0,0.1601,0.9997,0.495,0.4139,0.999,3.5015,0.7501,0.0087,1.0,0.0631,0.0,0.4825
1754717640000,164.0325,1.0,0.0694,0.7278,0.0,0.2556,1.0,0.0,80.8136,0.9962,1.0,0.2246,0.0,0.1531,0.9995,0.5053,0.4149,1.0344,3.4147,0.7753,0.0086,1.0,0.0612,0.0,0.5131
1754717700000,166.1756,1.0,0.0694,0.7269,0.0,0.2611,1.0,0.0,81.7418,0.9961,1.0,0.2251,0.0,0.1587,0.9996,0.4911,0.4143,1.0075,3.3986,0.758,0.0086,1.0,0.1402,0.0,0.4884
1754717760000,157.645,1.0,0.0694,0.7254,0.0,0.2583,1.0,0.0,78.3738,0.9963,1.0,0.2259,0.0,0.1619,0.9998,0.4861,0.4146,0.9971,3.2877,0.75,0.0088,1.0,0.079,0.0,0.4815
1754717820000,160.2715,1.0,0.0694,0.7264,0.0,0.2591,1.0,0.0,78.292,0.9962,1.0,0.2224,0.0,0.1652,0.9997,0.5061,0.4099,1.0234,3.4237,0.7675,0.0082,1.0,0.086,0.0,0.482
1754717880000,158.0262,1.0,0.0694,0.7262,0.0,0.2583,1.0,0.0,77.8151,0.9963,1.0,0.2259,0.0,0.1646,0.9998,0.4793,0.4162,1.0277,3.3593,0.764,0.0088,1.0,0.2498,0.0,0.4792
1754717940000,159.4933,1.0,0.0694,0.726,0.0,0.2528,1.0,0.0,78.3987,0.9962,1.0,0.2246,0.0,0.1544,0.9997,0.5089,0.4136,0.997,3.3023,0.7532,0.0081,1.0,0.0623,0.0,0.4846
1754718000000,165.5668,1.0,0.0694,0.7253,0.0,0.25,1.0,0.0,81.0551,0.9962,1.0,0.2286,0.0,0.1648,0.9997,0.5315,0.4215,1.0118,3.1641,0.7593,0.0087,1.0,0.0448,0.0,0.4855
1754718060000,160.8071,1.0,0.0694,0.7272,0.0,0.2472,1.0,0.0,77.0175,0.9962,1.0,0.2186,0.0,0.158,0.9998,0.5178,0.4052,1.0199,3.196,0.7611,0.0085,1.0,0.0725,0.0,0.4935
1754718120000,163.674,1.0,0.0694,0.727,0.0,0.2556,1.0,0.0,79.4312,0.9961,1.0,0.2208,0.0,0.1571,0.9998,0.5097,0.4075,1.0229,3.1995,0.7623,0.0085,1.0,0.0562,0.0,0.476
1754718180000,161.0761,1.0,0.0694,0.7281,0.0,0.2611,1.0,0.0,77.8046,0.9963,1.0,0.2214,0.0,0.1572,0.9998,0.5063,0.4105,1.0043,3.3176,0.7493,0.0083,1.0,0.0617,0.0,0.4674
1754718240000,161.3451,1.0,0.0694,0.7277,0.0,0.2577,1.0,0.0,79.7586,0.9964,1.0,0.2235,0.0,0.1642,0.9997,0.5126,0.4146,1.0041,3.2348,0.7482,0.0091,1.0,0.0794,0.0,0.4907
1754718300000,163.2352,1.0,0.0694,0.7271,0.0,0.2583,1.0,0.0,79.8721,0.9963,1.0,0.2251,0.0,0.1598,0.9997,0.4753,0.4155,1.0261,3.3772,0.7736,0.0088,1.0,0.0795,0.0,0.4822
1754718360000,159.0504,1.0,0.0694,0.7256,0.0,0.2583,1.0,0.0,79.6277,0.9963,1.0,0.2257,0.0,0.154,0.9998,0.4676,0.4143,0.9946,3.2303,0.7485,0.0085,1.0,0.0997,0.0,0.4759
1754718420000,157.4642,1.0,0.0694,0.726,0.0,0.2591,1.0,0.0,77.4939,0.9964,1.0,0.2213,0.0,0.1501,0.9999,0.4731,0.4089,1.002,3.2452,0.7531,0.0088,1.0,0.2199,0.0,0.4786
1754718480000,158.2214,1.0,0.0694,0.7236,0.0,0.2611,1.0,0.0,79.1422,0.9965,1.0,0.2166,0.0,0.1602,0.9998,0.4925,0.3992,1.0088,3.2839,0.752,0.009,1.0,0.0556,0.0,0.4819
1754718540000,160.7662,1.0,0.0694,0.7253,0.0,0.2583,1.0,0.0,78.5336,0.9964,1.0,0.2138,0.0,0.1604,0.9998,0.4865,0.3952,1.0094,3.2961,0.7547,0.0088,1.0,0.0611,0.0,0.4887
1754718600000,164.282,1.0,0.0694,0.7247,0.0,0.2556,1.0,0.0,80.3851,0.9963,1.0,0.2156,0.0,0.1508,0.9997,0.4854,0.3988,1.0008,3.3445,0.7558,0.0088,1.0,0.0537,0.0,0.4797
1754718660000,166.339,1.0,0.0694,0.7272,0.0,0.2583,1.0,0.0,78.5313,0.9962,1.0,0.2052,0.0,0.162,0.9997,0.5124,0.3838,1.0072,3.3327,0.7519,0.0086,1.0,0.0479,0.0,0.4812
1754718720000,163.61,1.0,0.0694,0.7257,0.0,0.2507,1.0,0.0,78.3527,0.9958,1.0,0.2113,0.0,0.1736,0.9997,0.5422,0.3926,0.9963,3.1754,0.746,0.0089,1.0,0.0484,0.0,0.4753
1754718780000,163.2676,1.0,0.0694,0.7261,0.0,0.2561,1.0,0.0,78.0641,0.9964,1.0,0.2145,0.0,0.1599,0.9998,0.5106,0.3972,0.9919,3.3706,0.7417,0.0085,1.0,0.0955,0.0,0.4868
1754718840000,160.5588,1.0,0.0694,0.7252,0.0,0.2639,1.0,0.0,78.4127,0.9964,1.0,0.2225,0.0,0.1542,0.9997,0.5182,0.409,0.9908,3.2247,0.7452,0.0085,1.0,0.0659,0.0,0.4888
1754718900000,156.0966,1.0,0.0694,0.7255,0.0,0.2556,1.0,0.0,78.111,0.9967,1.0,0.2208,0.0,0.1567,0.9999,0.5046,0.4046,1.0089,3.3875,0.7521,0.0086,1.0,0.0485,0.0,0.4793
1754718960000,162.0981,1.0,0.0694,0.727,0.0,0.2528,1.0,0.0,78.6817,0.9968,1.0,0.2218,0.0,0.1556,0.9997,0.5093,0.4088,1.0137,3.2328,0.7578,0.0084,1.0,0.0565,0.0,0.4739
1754719020000,162.6073,1.0,0.0694,0.7281,0.0,0.25,1.0,0.0,78.6849,0.9965,1.0,0.2178,0.0,0.1635,0.9997,0.4864,0.4034,0.9907,3.3453,0.7502,0.0083,1.0,0.1148,0.0,0.4845
1754719080000,170.257,1.0,0.0694,0.728,0.0,0.25,1.0,0.0,82.9828,0.9966,1.0,0.2217,0.0,0.1568,0.9995,0.4967,0.4097,1.0229,3.3455,0.7745,0.0084,1.0,0.0802,0.0,0.4706
1754719140000,160.1578,1.0,0.0694,0.7269,0.0,0.2528,1.0,0.0,78.8194,0.9964,1.0,0.2188,0.0,0.1597,0.9998,0.5097,0.4038,0.9886,3.3002,0.7419,0.0088,1.0,0.0979,0.0,0.4876
1754719200000,160.2759,1.0,0.0694,0.7239,0.0,0.2556,1.0,0.0,81.5088,0.9965,1.0,0.2309,0.0,0.1724,0.9998,0.5092,0.4211,1.0285,3.5444,0.7756,0.0091,1.0,0.0425,0.0,0.4735
1754719260000,161.1457,1.0,0.0694,0.7269,0.0,0.2556,1.0,0.0,78.6031,0.9963,1.0,0.2244,0.0,0.1668,0.9998,0.5106,0.4143,1.029,3.5166,0.7643,0.0093,1.0,0.0639,0.0,0.4795
1754719320000,159.9471,1.0,0.0694,0.7271,0.0,0.2583,1.0,0.0,78.6036,0.9962,1.0,0.2214,0.0,0.1617,0.9998,0.5161,0.4086,1.0358,3.544,0.7631,0.0086,1.0,0.1181,0.0,0.4737
1754719380000,167.0244,1.0,0.0694,0.7272,0.0,0.2556,1.0,0.0,81.3998,0.996,1.0,0.2157,0.0,0.1574,0.9997,0.4879,0.3983,1.0461,3.4021,0.7755,0.0084,1.0,0.087,0.0,0.4943
1754719440000,166.5344,1.0,0.0694,0.7279,0.0,0.2583,1.0,0.0,80.3576,0.9962,1.0,0.2203,0.0,0.1546,0.9996,0.4708,0.4081,1.0228,3.3219,0.7672,0.0084,1.0,0.0988,0.0,0.4805
1754719500000,175.0689,1.0,0.0694,0.7293,0.0,0.2528,1.0,0.0,83.6025,0.9961,1.0,0.2157,0.0,0.1556,0.9995,0.4869,0.4019,1.0343,3.4198,0.7737,0.0087,1.0,0.0604,0.0,0.4821
1754719560000,163.878,1.0,0.0694,0.7274,0.0,0.2556,1.0,0.0,80.5589,0.9963,1.0,0.2161,0.0,0.1486,0.9997,0.5263,0.3991,1.0191,3.3269,0.7606,0.0082,1.0,0.0678,0.0,0.4912
1754719620000,161.135,1.0,0.0694,0.7261,0.0,0.2611,1.0,0.0,80.0875,0.9962,1.0,0.2224,0.0,0.1568,0.9997,0.5053,0.4096,1.0246,3.4562,0.7585,0.0085,1.0,0.085,0.0,0.4645
1754719680000,162.4207,1.0,0.0694,0.7271,0.0,0.2521,1.0,0.0,79.3545,0.9962,1.0,0.2189,0.0,0.1567,0.9997,0.4937,0.4032,1.0392,3.4894,0.7649,0.0084,1.0,0.0599,0.0,0.4694
1754719740000,161.5748,1.0,0.0694,0.7261,0.0,0.2528,1.0,0.0,79.7555,0.9963,1.0,0.2187,0.0,0.1581,0.9997,0.5167,0.4012,1.0409,3.5997,0.7729,0.0084,1.0,0.0701,0.0,0.4693
1754719800000,168.7262,1.0,0.0694,0.7259,0.0,0.2556,1.0,0.0,84.1236,0.9964,1.0,0.2215,0.0,0.1625,0.9995,0.5137,0.4066,1.0272,3.5953,0.7698,0.0082,1.0,0.0938,0.0,0.4666
1754719860000,159.6172,1.0,0.0694,0.7259,0.0,0.2618,1.0,0.0,79.0159,0.9966,1.0,0.2191,0.0,0.162,0.9998,0.5399,0.4031,1.0042,3.4574,0.7586,0.0088,1.0,0.0513,0.0,0.4667
1754719920000,160.6749,1.0,0.0694,0.7259,0.0,0.2528,1.0,0.0,79.6223,0.9961,1.0,0.2215,0.0,0.1528,0.9997,0.5058,0.4078,1.0227,3.3231,0.7599,0.0089,1.0,0.0699,0.0,0.469
1754719980000,159.5235,1.0,0.0694,0.7261,0.0,0.2583,1.0,0.0,79.9462,0.9963,1.0,0.2232,0.0,0.1643,0.9997,0.494,0.4099,1.0102,3.2532,0.7542,0.0086,1.0,0.0819,0.0,0.4851
1754720040000,166.458,1.0,0.0694,0.7264,0.0,0.2556,1.0,0.0,81.9925,0.9961,1.0,0.2156,0.0,0.1586,0.9997,0.4942,0.3967,1.0158,3.4686,0.7586,0.0088,1.0,0.0636,0.0,0.4712
1754720100000,163.1567,1.0,0.0694,0.7274,0.0,0.25,1.0,0.0,79.5707,0.9962,1.0,0.2254,0.0,0.1689,0.9998,0.494,0.416,1.0266,3.3785,0.7613,0.0089,1.0,0.0475,0.0,0.4661
1754720160000,164.6971,1.0,0.0694,0.727,0.0,0.25,1.0,0.0,80.2296,0.996,1.0,0.2214,0.0,0.1663,0.9997,0.5278,0.4085,1.0233,3.4861,0.7592,0.0088,1.0,0.0624,0.0,0.4934
1754720220000,168.4387,1.0,0.0694,0.7271,0.0,0.25,1.0,0.0,81.4877,0.9962,1.0,0.2164,0.0,0.169,0.9997,0.4976,0.4017,1.0196,3.167,0.7574,0.0086,1.0,0.1044,0.0,0.4752
1754720280000,170.1265,1.0,0.0694,0.7219,0.0,0.2563,1.0,0.0,83.7638,0.9962,1.0,0.2115,0.0,0.1537,0.9996,0.5033,0.3922,1.0266,3.4606,0.7616,0.0084,1.0,0.059,0.0,0.4935
1754720340000,159.7504,1.0,0.0694,0.7226,0.0,0.2535,1.0,0.0,79.2881,0.9963,1.0,0.2062,0.0,0.1541,0.9998,0.5225,0.3809,1.0162,3.5042,0.7583,0.0087,1.0,0.0869,0.0,0.4708
1754720400000,161.2652,1.0,0.0694,0.7221,0.0,0.2556,1.0,0.0,79.2221,0.9958,1.0,0.2102,0.0,0.156,0.9997,0.5013,0.3875,1.0215,3.2435,0.7589,0.0086,1.0,0.071,0.0,0.4775
1754720460000,160.9336,1.0,0.0694,0.726,0.0,0.2611,1.0,0.0,77.929,0.9959,1.0,0.2106,0.0,0.1614,0.9999,0.4986,0.3898,1.0322,3.3791,0.7997,0.0091,1.0,0.0437,0.0,0.4618
1754720520000,167.2721,1.0,0.0694,0.725,0.0,0.2556,1.0,0.0,82.8335,0.9961,1.0,0.21,0.0,0.1562,0.9997,0.4769,0.3859,1.026,3.3251,0.7775,0.0086,1.0,0.0817,0.0,0.4797
1754720580000,156.8963,1.0,0.0694,0.7266,0.0,0.2583,1.0,0.0,77.2528,0.9963,1.0,0.2167,0.0,0.1602,0.9999,0.4697,0.399,1.0049,3.3057,0.7665,0.0088,1.0,0.0559,0.0,0.4583
1754720640000,164.6574,1.0,0.0694,0.7252,0.0,0.2556,1.0,0.0,81.8122,0.9965,1.0,0.2153,0.0,0.1566,0.9997,0.434,0.3948,1.0037,3.4016,0.7597,0.0084,1.0,0.1535,0.0,0.4674
1754720700000,164.545,1.0,0.0694,0.7242,0.0,0.2556,1.0,0.0,81.8945,0.9964,1.0,0.2145,0.0,0.1549,0.9997,0.4508,0.3923,1.0013,3.5213,0.7502,0.0083,1.0,0.0574,0.0,0.4651
1754720760000,161.4427,1.0,0.0694,0.7242,0.0,0.2583,1.0,0.0,81.3188,0.9962,1.0,0.2197,0.0,0.1515,0.9998,0.4778,0.4008,0.9983,3.3758,0.7527,0.0086,1.0,0.0731,0.0,0.4656
1754720820000,162.9843,1.0,0.0694,0.7277,0.0,0.2583,1.0,0.0,78.8824,0.9963,1.0,0.2121,0.0,0.1494,0.9998,0.4682,0.3926,1.0074,3.304,0.7513,0.0082,1.0,0.0506,0.0,0.464
1754720880000,160.5143,1.0,0.0694,0.7252,0.0,0.2583,1.0,0.0,79.0653,0.9963,1.0,0.2179,0.0,0.1585,0.9997,0.4632,0.4,0.9993,3.2467,0.7482,0.0083,1.0,0.0538,0.0,0.4697
1754720940000,163.6458,1.0,0.0694,0.725,0.0,0.2556,1.0,0.0,81.0026,0.9964,1.0,0.2135,0.0,0.1509,0.9998,0.4669,0.3914,0.999,3.314,0.7506,0.008,1.0,0.0645,0.0,0.4637
1754721000000,165.5994,1.0,0.0694,0.7225,0.0,0.2521,1.0,0.0,82.7115,0.996,1.0,0.2173,0.0,0.1608,0.9998,0.489,0.3976,1.0216,3.2971,0.7594,0.0086,1.0,0.0469,0.0,0.4551
1754721060000,163.1993,1.0,0.0694,0.7216,0.0,0.2556,1.0,0.0,79.5444,0.9959,1.0,0.1993,0.0,0.1576,0.9998,0.531,0.3712,1.0108,3.3665,0.7567,0.0083,1.0,0.0547,0.0,0.4755
1754721120000,167.0486,1.0,0.0694,0.7209,0.0,0.2583,1.0,0.0,81.9289,0.996,1.0,0.2054,0.0,0.1571,0.9998,0.5121,0.3812,1.0142,3.4215,0.7581,0.0085,1.0,0.0448,0.0,0.4838
1754721180000,162.6555,1.0,0.0694,0.7219,0.0,0.2528,1.0,0.0,80.2261,0.9958,1.0,0.2077,0.0,0.1558,0.9997,0.5268,0.3842,1.0105,3.3342,0.7576,0.0086,1.0,0.0631,0.0,0.4777
1754721240000,164.1626,1.0,0.0694,0.7277,0.0,0.2472,1.0,0.0,79.9293,0.996,1.0,0.2116,0.0,0.1514,0.9997,0.479,0.3916,1.0236,3.2492,0.7597,0.0082,1.0,0.0599,0.0,0.476
1754721300000,161.7908,1.0,0.0694,0.7268,0.0,0.2472,1.0,0.0,78.8582,0.9961,1.0,0.2157,0.0,0.1545,0.9999,0.505,0.3984,1.0271,3.2635,0.7673,0.0082,1.0,0.0664,0.0,0.4725
1754721360000,162.5813,1.0,0.0694,0.7266,0.0,0.2472,1.0,0.0,79.18,0.9964,1.0,0.2171,0.0,0.1513,0.9997,0.4962,0.3997,1.007,3.2694,0.7559,0.0085,1.0,0.0832,0.0,0.4735
1754721420000,161.7579,1.0,0.0694,0.7259,0.0,0.2528,1.0,0.0,79.1481,0.9963,1.0,0.2125,0.0,0.1564,0.9998,0.5007,0.3924,1.0335,3.3181,0.7714,0.0084,1.0,0.0824,0.0,0.4618
1754721480000,164.2527,1.0,0.0694,0.7245,0.0,0.2528,1.0,0.0,81.4299,0.9963,1.0,0.2101,0.0,0.1587,0.9996,0.5128,0.3869,1.0018,3.2557,0.7524,0.0086,1.0,0.124,0.0,0.4737
1754721540000,157.6539,1.0,0.0694,0.7247,0.0,0.2611,1.0,0.0,77.2963,0.9964,1.0,0.2064,0.0,0.1652,0.9998,0.4963,0.3804,1.006,3.2249,0.7527,0.0083,1.0,0.0677,0.0,0.4544
1754721600000,162.7376,1.0,0.0694,0.7257,0.0,0.2472,1.0,0.0,78.7668,0.9964,1.0,0.2093,0.0,0.1681,0.9997,0.4803,0.3862,1.005,3.2705,0.7527,0.0082,1.0,0.0486,0.0,0.4626
1754721660000,156.4647,1.0,0.0694,0.7271,0.0,0.2492,1.0,0.0,76.3625,0.9962,1.0,0.2176,0.0,0.164,0.9999,0.4779,0.4023,0.9966,3.2582,0.7481,0.0081,1.0,0.08,0.0,0.4643
1754721720000,160.0385,1.0,0.0694,0.7258,0.0,0.2583,1.0,0.0,79.5062,0.9964,1.0,0.22,0.0,0.1801,0.9995,0.4876,0.4044,0.9934,3.3211,0.7486,0.0083,1.0,0.0472,0.0,0.4745
1754721780000,157.2519,1.0,0.0694,0.7275,0.0,0.2694,1.0,0.0,77.5829,0.9966,1.0,0.2164,0.0,0.1744,0.9996,0.4937,0.3991,1.0131,3.1664,0.7487,0.0085,1.0,0.231,0.0,0.4663
1754721840000,161.8601,1.0,0.0694,0.7284,0.0,0.2639,1.0,0.0,78.2843,0.9964,1.0,0.2142,0.0,0.1699,0.9997,0.469,0.3969,1.0347,3.2396,0.7651,0.0085,1.0,0.0812,0.0,0.4452
1754721900000,162.1392,1.0,0.0694,0.7264,0.0,0.275,1.0,0.0,79.5438,0.9962,1.0,0.2166,0.0,0.1672,0.9996,0.4765,0.3993,1.0387,3.2355,0.7711,0.0086,1.0,0.0819,0.0,0.4586
1754721960000,163.5778,1.0,0.0694,0.7256,0.0,0.2694,1.0,0.0,80.8483,0.9963,1.0,0.225,0.0,0.1591,0.9996,0.4789,0.4138,1.0381,3.1531,0.7698,0.0086,1.0,0.0428,0.0,0.4669
1754722020000,165.9097,1.0,0.0694,0.7266,0.0,0.2583,1.0,0.0,81.1019,0.9962,1.0,0.2186,0.0,0.1595,0.9996,0.4518,0.405,1.0345,3.2371,0.7635,0.0087,1.0,0.0746,0.0,0.4789
1754722080000,167.239,1.0,0.0694,0.7262,0.0,0.2528,1.0,0.0,80.5868,0.9961,1.0,0.2174,0.0,0.1603,0.9996,0.4644,0.4013,1.0434,3.2967,0.773,0.0084,1.0,0.0714,0.0,0.4757
1754722140000,165.1543,1.0,0.0694,0.7272,0.0,0.2556,1.0,0.0,79.8844,0.9959,1.0,0.2133,0.0,0.1501,0.9997,0.4718,0.3943,1.0067,3.2197,0.7513,0.0084,1.0,0.0792,0.0,0.4734
1754722200000,168.394,1.0,0.0694,0.7266,0.0,0.2528,1.0,0.0,82.336,0.9961,1.0,0.211,0.0,0.1469,0.9997,0.4946,0.3902,1.0378,3.341,0.7714,0.0086,1.0,0.0556,0.0,0.4693
1754722260000,159.9662,1.0,0.0694,0.7264,0.0,0.2528,1.0,0.0,79.2984,0.9964,1.0,0.2195,0.0,0.1577,0.9998,0.4669,0.404,0.9983,3.1503,0.7506,0.0086,1.0,0.075,0.0,0.4526
1754722320000,160.1739,1.0,0.0694,0.7261,0.0,0.2556,1.0,0.0,78.6429,0.9963,1.0,0.2187,0.0,0.1622,0.9997,0.4683,0.4021,1.0165,3.2734,0.7642,0.0091,1.0,0.0501,0.0,0.4507
1754722380000,156.4417,1.0,0.0694,0.7245,0.0,0.2528,1.0,0.0,79.4279,0.9964,1.0,0.2186,0.0,0.163,0.9998,0.4868,0.3997,1.009,3.2318,0.7618,0.0084,1.0,0.0775,0.0,0.4613
1754722440000,162.4362,1.0,0.0694,0.7237,0.0,0.2528,1.0,0.0,81.8191,0.9964,1.0,0.2219,0.0,0.1535,0.9996,0.4907,0.4048,0.9971,3.2307,0.7534,0.0081,1.0,0.0591,0.0,0.4538
1754722500000,160.3978,1.0,0.0694,0.7262,0.0,0.2556,1.0,0.0,78.85,0.9965,1.0,0.2189,0.0,0.1553,0.9998,0.4631,0.4026,1.0037,3.3329,0.757,0.0082,1.0,0.0469,0.0,0.4491
1754722560000,160.6216,1.0,0.0694,0.7273,0.0,0.2611,1.0,0.0,78.9577,0.9965,1.0,0.2185,0.0,0.1562,0.9998,0.4769,0.4031,0.996,3.3165,0.7493,0.0085,1.0,0.0659,0.0,0.4466
1754722620000,162.0275,1.0,0.0694,0.7271,0.0,0.2659,1.0,0.0,79.2974,0.9962,1.0,0.2183,0.0,0.1573,0.9997,0.446,0.4022,0.9952,3.2763,0.7472,0.0087,1.0,0.0972,0.0,0.4611
1754722680000,158.8747,1.0,0.0694,0.7261,0.0,0.2528,1.0,0.0,78.4887,0.9966,1.0,0.219,0.0,0.156,0.9997,0.4535,0.4021,1.0194,3.2985,0.7587,0.0087,1.0,0.0576,0.0,0.4581
1754722740000,157.0129,1.0,0.0694,0.7278,0.0,0.2639,1.0,0.0,76.7096,0.9965,1.0,0.2186,0.0,0.1656,0.9999,0.4761,0.4041,0.9859,3.1837,0.7402,0.0089,1.0,0.1581,0.0,0.468
1754722800000,170.0467,1.0,0.0694,0.7263,0.0,0.2556,1.0,0.0,84.3642,0.9961,1.0,0.2232,0.0,0.1569,0.9996,0.4688,0.4102,1.0177,3.3094,0.7656,0.0087,1.0,0.1037,0.0,0.4529
1754722860000,167.154,1.0,0.0694,0.727,0.0,0.2556,1.0,0.0,82.2862,0.9961,1.0,0.219,0.0,0.161,0.9995,0.4667,0.4041,1.0275,3.3391,0.7654,0.0087,1.0,0.1075,0.0,0.4819
1754722920000,164.7739,1.0,0.0694,0.7258,0.0,0.2667,1.0,0.0,81.8887,0.9963,1.0,0.2193,0.0,0.1561,0.9997,0.4756,0.4037,1.0025,3.3928,0.7559,0.008,1.0,0.1849,0.0,0.4712
1754722980000,162.6527,1.0,0.0694,0.7245,0.0,0.2604,1.0,0.0,79.5858,0.9965,1.0,0.2117,0.0,0.1568,0.9997,0.4824,0.3936,1.0277,3.2971,0.7711,0.009,1.0,0.0892,0.0,0.4596
1754723040000,165.0869,1.0,0.0694,0.7234,0.0,0.2722,1.0,0.0,81.1326,0.9963,1.0,0.2052,0.0,0.1551,0.9995,0.4928,0.3801,1.014,3.2552,0.7548,0.0089,1.0,0.0594,0.0,0.4816
1754723100000,170.268,1.0,0.0694,0.7299,0.0,0.262,1.0,0.0,82.6806,0.9963,1.0,0.2152,0.0,0.1486,0.9997,0.4906,0.401,1.026,3.2386,0.7636,0.0088,1.0,0.0676,0.0,0.479
1754723160000,165.8968,1.0,0.0694,0.7278,0.0,0.2563,1.0,0.0,81.9737,0.9963,1.0,0.22,0.0,0.156,0.9997,0.501,0.4074,1.0171,3.2523,0.7606,0.0084,1.0,0.0679,0.0,0.4705
1754723220000,163.8074,1.0,0.0694,0.7284,0.0,0.2521,1.0,0.0,79.8687,0.9964,1.0,0.2176,0.0,0.1529,0.9996,0.4979,0.4033,1.0244,3.3372,0.757,0.0081,1.0,0.0769,0.0,0.4612
1754723280000,162.9496,1.0,0.0694,0.7265,0.0,0.2528,1.0,0.0,79.7914,0.9966,1.0,0.2209,0.0,0.1633,0.9997,0.5085,0.407,1.0208,3.3198,0.7632,0.0085,1.0,0.0861,0.0,0.4755
1754723340000,162.6141,1.0,0.0694,0.7244,0.0,0.2472,1.0,0.0,79.7023,0.9962,1.0,0.2053,0.0,0.1579,0.9997,0.4879,0.3809,1.0167,3.1315,0.7564,0.0085,1.0,0.0626,0.0,0.4716
1754723400000,166.5489,1.0,0.0694,0.7258,0.0,0.2556,1.0,0.0,82.1773,0.9962,1.0,0.21,0.0,0.1587,0.9995,0.4849,0.389,1.0207,3.4307,0.7626,0.0086,1.0,0.0485,0.0,0.4881
1754723460000,160.9434,1.0,0.0694,0.7272,0.0,0.2528,1.0,0.0,79.7536,0.9962,1.0,0.2232,0.0,0.1545,0.9996,0.4762,0.4099,1.0544,3.1073,0.7841,0.0087,1.0,0.079,0.0,0.4778
1754723520000,161.0294,1.0,0.0694,0.7259,0.0,0.2575,1.0,0.0,79.1905,0.9962,1.0,0.2165,0.0,0.1539,0.9997,0.4913,0.3992,1.0256,3.2439,0.7617,0.0087,1.0,0.1,0.0,0.4785
1754723580000,165.1075,1.0,0.0694,0.7272,0.0,0.2639,1.0,0.0,80.1686,0.9963,1.0,0.2048,0.0,0.1482,0.9998,0.4872,0.381,1.0374,3.2271,0.7735,0.0083,1.0,0.1043,0.0,0.476
1754723640000,156.5723,1.0,0.0694,0.725,0.0,0.2549,1.0,0.0,78.7697,0.9963,1.0,0.2181,0.0,0.161,0.9998,0.4562,0.4004,0.9998,3.1254,0.7497,0.0085,1.0,0.0933,0.0,0.4888
1754723700000,164.9303,1.0,0.0694,0.7265,0.0,0.2592,1.0,0.0,80.3897,0.9961,1.0,0.2168,0.0,0.1574,0.9997,0.4528,0.4003,1.0388,3.2671,0.7824,0.0083,1.0,0.2344,0.0,0.4563
1754723760000,163.8834,1.0,0.0694,0.7248,0.0,0.2611,1.0,0.0,81.2382,0.9963,1.0,0.2134,0.0,0.1539,0.9996,0.4888,0.3917,1.0245,3.3047,0.7654,0.0085,1.0,0.0776,0.0,0.4771
1754723820000,165.9692,1.0,0.0694,0.7277,0.0,0.2675,1.0,0.0,81.151,0.9963,1.0,0.2117,0.0,0.1571,0.9997,0.4946,0.3919,1.0291,3.3347,0.7623,0.0085,1.0,0.062,0.0,0.466
1754723880000,157.9238,1.0,0.0694,0.727,0.0,0.2639,1.0,0.0,78.3538,0.9966,1.0,0.2192,0.0,0.1555,0.9998,0.4822,0.4047,1.0105,3.225,0.7517,0.0087,1.0,0.0948,0.0,0.4714
1754723940000,159.2045,1.0,0.0694,0.7267,0.0,0.2639,1.0,0.0,78.2386,0.9965,1.0,0.2189,0.0,0.1582,0.9997,0.4711,0.4044,0.9898,3.181,0.7417,0.0086,1.0,0.0594,0.0,0.4626
1754724000000,161.8234,1.0,0.0694,0.727,0.0,0.2667,1.0,0.0,79.7279,0.9962,1.0,0.2176,0.0,0.1529,0.9998,0.4638,0.4007,1.0011,3.2674,0.75,0.0084,1.0,0.083,0.0,0.4695
1754724060000,168.1451,1.0,0.0694,0.7263,0.0,0.2556,1.0,0.0,82.6269,0.9959,1.0,0.2156,0.0,0.1525,0.9997,0.4551,0.3978,1.0174,3.3468,0.7603,0.0083,1.0,0.044,0.0,0.4588
1754724120000,163.3988,1.0,0.0694,0.7271,0.0,0.2603,1.0,0.0,80.159,0.9959,1.0,0.2166,0.0,0.1511,0.9998,0.4571,0.3992,0.9994,3.2013,0.7503,0.0087,1.0,0.0645,0.0,0.47
1754724180000,155.2159,1.0,0.0694,0.7244,0.0,0.2583,1.0,0.0,77.3471,0.9963,1.0,0.2081,0.0,0.161,0.9998,0.4626,0.3833,1.0023,3.2127,0.8107,0.0087,1.0,0.0417,0.0,0.468
1754724240000,156.5488,1.0,0.0694,0.7265,0.0,0.2639,1.0,0.0,76.9662,0.9964,1.0,0.2187,0.0,0.1539,0.9997,0.4824,0.4023,1.0099,3.1064,0.7552,0.0084,1.0,0.0661,0.0,0.468
1754724300000,159.3528,1.0,0.0694,0.727,0.0,0.2528,1.0,0.0,78.1735,0.9965,1.0,0.2183,0.0,0.163,0.9998,0.4976,0.4023,1.0168,3.3313,0.7546,0.0088,1.0,0.1017,0.0,0.4682
1754724360000,160.8488,1.0,0.0694,0.7257,0.0,0.2556,1.0,0.0,79.4845,0.9965,1.0,0.2156,0.0,0.167,0.9996,0.4999,0.3963,0.9979,3.3015,0.7461,0.0083,1.0,0.0494,0.0,0.4716
1754724420000,161.5639,1.0,0.0694,0.726,0.0,0.25,1.0,0.0,80.0884,0.9964,1.0,0.214,0.0,0.1551,0.9997,0.4701,0.3943,0.993,3.2095,0.7437,0.0087,1.0,0.0529,0.0,0.4616
1754724480000,157.6347,1.0,0.0694,0.725,0.0,0.2556,1.0,0.0,78.1333,0.9962,1.0,0.2206,0.0,0.1572,0.9997,0.4769,0.4049,0.9805,3.2369,0.7399,0.0087,1.0,0.0798,0.0,0.4614
1754724540000,161.3741,1.0,0.0694,0.7265,0.0,0.2556,1.0,0.0,79.302,0.9965,1.0,0.2179,0.0,0.1612,0.9997,0.459,0.4013,0.9961,3.2533,0.7437,0.0086,1.0,0.2306,0.0,0.4589
1754724600000,168.9175,1.0,0.0694,0.7259,0.0,0.2583,1.0,0.0,83.1548,0.9963,1.0,0.2219,0.0,0.1743,0.9997,0.4479,0.4083,1.0018,3.3309,0.7465,0.0092,1.0,0.0727,0.0,0.4515
1754724660000,161.7987,1.0,0.0694,0.7272,0.0,0.2556,1.0,0.0,79.3887,0.9963,1.0,0.2175,0.0,0.1612,0.9998,0.4419,0.4012,1.0019,3.2265,0.75,0.0086,1.0,0.0551,0.0,0.486
1754724720000,165.1971,1.0,0.0694,0.7278,0.0,0.2591,1.0,0.0,81.4425,0.9964,1.0,0.2206,0.0,0.1454,0.9995,0.4585,0.407,1.0012,3.3478,0.7476,0.0082,1.0,0.0764,0.0,0.4861
1754724780000,160.027,1.0,0.0694,0.7272,0.0,0.2639,1.0,0.0,79.4096,0.9963,1.0,0.2198,0.0,0.1485,0.9997,0.4793,0.406,0.9904,3.2854,0.7422,0.0085,1.0,0.1079,0.0,0.4723
1754724840000,163.7386,1.0,0.0694,0.7268,0.0,0.2667,1.0,0.0,81.0021,0.9965,1.0,0.2204,0.0,0.1624,0.9996,0.4897,0.4057,0.9885,3.3709,0.7434,0.0084,1.0,0.0534,0.0,0.4735
1754724900000,158.5278,1.0,0.0694,0.7286,0.0,0.2583,1.0,0.0,76.9603,0.9965,1.0,0.2171,0.0,0.1582,0.9997,0.4596,0.4017,0.9833,3.2843,0.7419,0.0084,1.0,0.0733,0.0,0.4626
1754724960000,161.2477,1.0,0.0694,0.729,0.0,0.2556,1.0,0.0,77.2797,0.9963,1.0,0.2182,0.0,0.1521,0.9997,0.4638,0.4058,0.9895,3.2112,0.7484,0.0084,1.0,0.0507,0.0,0.4601
1754725020000,156.83,1.0,0.0694,0.7262,0.0,0.2569,1.0,0.0,78.0614,0.9964,1.0,0.2184,0.0,0.1553,0.9998,0.4618,0.4024,1.0052,3.14,0.749,0.008,1.0,0.0783,0.0,0.4758
1754725080000,158.0639,1.0,0.0694,0.7253,0.0,0.2556,1.0,0.0,79.2881,0.9967,1.0,0.2229,0.0,0.1536,0.9997,0.4596,0.4081,0.9942,3.2564,0.7419,0.0081,1.0,0.0826,0.0,0.4595
1754725140000,160.1377,1.0,0.0694,0.7264,0.0,0.2667,1.0,0.0,79.1326,0.9965,1.0,0.2162,0.0,0.1512,0.9998,0.4547,0.3973,1.0333,3.4388,0.7747,0.0084,1.0,0.062,0.0,0.4598
1754725200000,151.8974,1.0,0.0694,0.7258,0.0,0.2667,1.0,0.0,77.103,0.9966,1.0,0.2208,0.0,0.1527,0.9999,0.4536,0.4039,0.9745,3.2613,0.7341,0.0086,1.0,0.0506,0.0,0.4562
1754725260000,151.9569,1.0,0.0694,0.7251,0.0,0.2648,1.0,0.0,77.7004,0.9967,1.0,0.2222,0.0,0.1503,0.9998,0.4556,0.4053,0.9951,3.1114,0.7414,0.0088,1.0,0.0606,0.0,0.4489
1754725320000,155.108,1.0,0.0694,0.7252,0.0,0.2639,1.0,0.0,76.5158,0.9963,1.0,0.2126,0.0,0.1512,0.9998,0.466,0.3915,0.9808,3.2856,0.7413,0.0084,1.0,0.1455,0.0,0.4625
1754725380000,154.1824,1.0,0.0694,0.7245,0.0,0.2597,1.0,0.0,75.1683,0.9963,1.0,0.2062,0.0,0.1541,0.9999,0.4694,0.3807,0.9741,3.2885,0.7434,0.0087,1.0,0.0425,0.0,0.4592
1754725440000,159.0454,1.0,0.0694,0.724,0.0,0.2528,1.0,0.0,78.6442,0.9964,1.0,0.2065,0.0,0.1497,0.9998,0.4783,0.3812,0.9828,3.3932,0.7411,0.0088,1.0,0.0553,0.0,0.479
1754725500000,160.5046,1.0,0.0694,0.7232,0.0,0.2528,1.0,0.0,79.6079,0.9966,1.0,0.2084,0.0,0.1456,0.9997,0.4826,0.3837,1.0007,3.2833,0.747,0.0082,1.0,0.0547,0.0,0.4617
1754725560000,162.3028,1.0,0.0694,0.7257,0.0,0.2611,1.0,0.0,78.9734,0.9963,1.0,0.2098,0.0,0.16,0.9998,0.4701,0.3884,1.0008,3.3586,0.7474,0.0081,1.0,0.051,0.0,0.4729
1754725620000,159.6725,1.0,0.0694,0.7256,0.0,0.2641,1.0,0.0,77.5116,0.9965,1.0,0.2021,0.0,0.1492,0.9997,0.4592,0.3755,1.0166,3.2743,0.754,0.0081,1.0,0.0666,0.0,0.479
1754725680000,160.0124,1.0,0.0694,0.7262,0.0,0.2472,1.0,0.0,76.9452,0.9964,1.0,0.2033,0.0,0.1615,0.9999,0.4594,0.378,0.9877,3.2896,0.7382,0.0082,1.0,0.0734,0.0,0.4714
1754725740000,162.7971,1.0,0.0694,0.7249,0.0,0.25,1.0,0.0,79.5101,0.9965,1.0,0.2041,0.0,0.1601,0.9998,0.4397,0.3787,1.0067,3.1729,0.754,0.0081,1.0,0.1779,0.0,0.4718
1754725800000,163.8618,1.0,0.0694,0.7228,0.0,0.2472,1.0,0.0,80.9336,0.9966,1.0,0.2059,0.0,0.1647,0.9996,0.4371,0.3807,1.0321,3.2841,0.8075,0.0086,1.0,0.05,0.0,0.4701
1754725860000,155.4315,1.0,0.0694,0.718,0.0,0.2583,1.0,0.0,76.3493,0.9966,1.0,0.1967,0.0,0.1549,0.9998,0.4717,0.3662,1.0084,3.2144,0.8921,0.0081,1.0,0.0566,0.0,0.4763
1754725920000,159.4506,1.0,0.0694,0.7185,0.0,0.2583,1.0,0.0,78.7425,0.9966,1.0,0.1963,0.0,0.158,0.9996,0.5011,0.3659,1.0244,3.191,0.8758,0.0083,1.0,0.0691,0.0,0.457
1754725980000,160.0342,1.0,0.0694,0.7218,0.0,0.2583,1.0,0.0,76.4042,0.9966,1.0,0.2011,0.0,0.1628,0.9998,0.4692,0.3766,1.0106,3.1909,0.8709,0.0087,1.0,0.0553,0.0,0.484
1754726040000,157.171,1.0,0.0722,0.7196,0.0,0.2583,1.0,0.0,76.9028,0.9966,1.0,0.1985,40.1667,0.1582,0.9999,0.4786,0.3692,1.0242,3.3269,0.8813,0.0089,1.0,0.0605,0.0556,0.4854
1754726100000,157.7352,1.0,0.0722,0.7266,0.0,0.2639,1.0,0.0,76.9127,0.9963,1.0,0.2146,0.0,0.1525,0.9997,0.4799,0.3953,1.0095,3.3719,0.772,0.0086,1.0,0.0459,0.0,0.4642
1754726160000,160.5918,1.0,0.0722,0.7255,0.0,0.2583,1.0,0.0,79.7812,0.9966,1.0,0.218,0.0,0.1558,0.9997,0.474,0.4006,1.0032,3.3619,0.7605,0.009,1.0,0.1687,0.0,0.457
1754726220000,157.7486,1.0,0.0722,0.7259,0.0,0.2583,1.0,0.0,78.6732,0.9965,1.0,0.2185,0.0,0.1555,0.9998,0.4782,0.4009,1.0065,3.2527,0.7551,0.0085,1.0,0.0951,0.0,0.462
1754726280000,159.3633,1.0,0.0722,0.7254,0.0,0.2528,1.0,0.0,79.1367,0.9964,1.0,0.2156,0.0,0.1577,0.9997,0.4824,0.397,0.9929,3.2921,0.7457,0.0087,1.0,0.0561,0.0,0.4591
1754726340000,164.6422,1.0,0.0722,0.7274,0.0,0.2591,1.0,0.0,80.1866,0.9964,1.0,0.2109,0.0,0.1437,0.9996,0.4794,0.389,0.9934,3.1062,0.7462,0.0082,1.0,0.0768,0.0,0.475
1754726400000,176.0082,1.0,0.0694,0.7261,0.0,0.2556,1.0,0.0,85.6036,0.9966,1.0,0.2211,0.0,0.1645,0.9995,0.4715,0.4067,1.0368,3.2904,0.7759,0.009,1.0,0.132,0.0,0.4529
1754726460000,160.7393,1.0,0.0694,0.7259,0.0,0.2535,1.0,0.0,77.7257,0.996,1.0,0.213,0.0,0.1563,0.9998,0.4539,0.3939,1.0131,3.2227,0.7539,0.0087,1.0,0.0728,0.0,0.4894
1754726520000,159.8731,1.0,0.0694,0.7271,0.0,0.2472,1.0,0.0,78.1223,0.9962,1.0,0.2184,0.0,0.1602,0.9997,0.4607,0.4033,1.019,3.3685,0.7544,0.0088,1.0,0.0872,0.0,0.4775
1754726580000,159.6629,1.0,0.0694,0.7267,0.0,0.2556,1.0,0.0,79.0804,0.9963,1.0,0.2178,0.0,0.1472,0.9998,0.4651,0.4009,1.0227,3.3797,0.7674,0.0084,1.0,0.0595,0.0,0.4789
1754726640000,156.4787,1.0,0.0694,0.7253,0.0,0.252,1.0,0.0,78.0738,0.9963,1.0,0.2158,0.0,0.1554,0.9997,0.4875,0.3969,1.0321,3.3134,0.7676,0.0084,1.0,0.1133,0.0,0.4615
1754726700000,159.9111,1.0,0.0694,0.7253,0.0,0.2611,1.0,0.0,79.8323,0.9964,1.0,0.2176,0.0,0.1608,0.9997,0.5021,0.3987,1.0157,3.3405,0.7604,0.0085,1.0,0.0645,0.0,0.4543
1754726760000,159.6432,1.0,0.0694,0.7272,0.0,0.266,1.0,0.0,77.7838,0.9965,1.0,0.219,0.0,0.157,0.9998,0.4593,0.4038,1.023,3.3976,0.7657,0.0085,1.0,0.3398,0.0,0.4586
1754726820000,157.546,1.0,0.0694,0.7262,0.0,0.2556,1.0,0.0,78.4482,0.9965,1.0,0.2167,0.0,0.1553,0.9997,0.5017,0.3985,1.0202,3.2899,0.758,0.0087,1.0,0.0929,0.0,0.4714
1754726880000,157.8012,1.0,0.0694,0.7244,0.0,0.2583,1.0,0.0,79.2886,0.9966,1.0,0.2186,0.0,0.153,0.9997,0.5165,0.3994,1.0326,3.4046,0.7718,0.0083,1.0,0.0654,0.0,0.4631
1754726940000,156.5778,1.0,0.0694,0.7246,0.0,0.2583,1.0,0.0,79.1176,0.9964,1.0,0.2202,0.0,0.1527,0.9997,0.4726,0.402,0.9994,3.2449,0.7472,0.0082,1.0,0.0969,0.0,0.4582
1754727000000,163.4339,1.0,0.0694,0.7252,0.0,0.2611,1.0,0.0,82.0306,0.9965,1.0,0.2204,0.0,0.1565,0.9997,0.4761,0.4039,1.024,3.3094,0.7669,0.0082,1.0,0.1294,0.0,0.4615
1754727060000,156.1395,1.0,0.0694,0.728,0.0,0.2583,1.0,0.0,76.4305,0.9965,1.0,0.2156,0.0,0.1563,0.9997,0.4718,0.3986,1.0051,3.2818,0.746,0.0086,1.0,0.0689,0.0,0.4638
1754727120000,163.044,1.0,0.0694,0.7276,0.0,0.2583,1.0,0.0,80.3151,0.9964,1.0,0.2199,0.0,0.1572,0.9997,0.4982,0.4066,0.9999,3.259,0.7505,0.0086,1.0,0.074,0.0,0.478
1754727180000,162.0705,1.0,0.0694,0.7264,0.0,0.2556,1.0,0.0,79.5822,0.9963,1.0,0.2151,0.0,0.1513,0.9998,0.4806,0.397,1.0084,3.4156,0.7515,0.0082,1.0,0.0604,0.0,0.4744
1754727240000,162.1886,1.0,0.0694,0.7269,0.0,0.2604,1.0,0.0,78.6101,0.9962,1.0,0.2198,0.0,0.162,0.9998,0.4871,0.4053,1.0178,3.3009,0.7571,0.0086,1.0,0.0724,0.0,0.4707
1754727300000,159.516,1.0,0.0694,0.7259,0.0,0.2639,1.0,0.0,79.1595,0.9961,1.0,0.2215,0.0,0.1515,0.9998,0.474,0.4074,1.0078,3.2497,0.754,0.0083,1.0,0.0949,0.0,0.479
1754727360000,169.0522,1.0,0.0694,0.726,0.0,0.2591,1.0,0.0,83.3406,0.9962,1.0,0.2189,0.0,0.1583,0.9997,0.4757,0.4023,1.0089,3.4328,0.7576,0.0083,1.0,0.0571,0.0,0.4718
1754727420000,160.4864,1.0,0.0694,0.7256,0.0,0.2528,1.0,0.0,79.3625,0.9961,1.0,0.2162,0.0,0.1528,0.9997,0.4793,0.3974,0.9868,3.3214,0.7454,0.0084,1.0,0.0645,0.0,0.4739
1754727480000,160.4744,1.0,0.0658,0.7267,0.0,0.2563,1.0,0.0,79.6313,0.9963,0.9474,0.2164,0.0,0.1562,0.9998,0.4899,0.398,1.0119,3.2806,0.7563,0.0081,1.0,0.0526,0.0,0.4627
1754727540000,161.3903,1.0,0.0661,0.7261,0.0,0.2528,1.0,0.0,79.7835,0.9961,0.9474,0.2142,0.0,0.1469,0.9997,0.4824,0.3938,1.0086,3.3331,0.7544,0.0077,1.0,0.0576,0.0,0.4506
1754727600000,168.4223,1.0,0.0699,0.7256,0.0,0.2542,1.0,0.0,83.1263,0.9963,0.9474,0.2153,0.0,0.1518,0.9995,0.4858,0.3947,0.9956,3.2472,0.7462,0.008,1.0,0.0826,0.0,0.4654
1754727660000,159.2626,1.0,0.0699,0.7259,0.0,0.248,1.0,0.0,79.7554,0.9967,1.0,0.2179,0.0,0.1551,0.9997,0.4904,0.4006,1.0152,3.1572,0.7577,0.0087,1.0,0.0807,0.0,0.4767
1754727720000,158.957,1.0,0.0699,0.7258,0.0,0.2533,1.0,0.0,78.8112,0.9965,1.0,0.216,0.0,0.1542,0.9997,0.4954,0.397,0.989,3.2505,0.7418,0.0087,1.0,0.1457,0.0,0.4589
1754727780000,153.2603,1.0,0.0699,0.7246,0.0,0.2521,1.0,0.0,78.0741,0.9969,1.0,0.215,0.0,0.1482,0.9999,0.5033,0.3938,0.9873,3.1708,0.7444,0.0085,1.0,0.079,0.0,0.4646
1754727840000,162.4853,1.0,0.0699,0.7259,0.0,0.2632,1.0,0.0,80.3406,0.9966,1.0,0.2149,0.0,0.1637,0.9996,0.4875,0.3952,1.0179,3.1853,0.7627,0.009,1.0,0.2799,0.0,0.4446
1754727900000,158.0699,1.0,0.0694,0.7261,0.0,0.2604,1.0,0.0,78.5407,0.9966,1.0,0.2199,0.0,0.1534,0.9998,0.479,0.4027,1.0264,3.2455,0.763,0.0083,1.0,0.1081,0.0,0.4619
1754727960000,163.032,1.0,0.0694,0.7276,0.0,0.2611,1.0,0.0,80.2389,0.9964,1.0,0.2143,0.0,0.1485,0.9997,0.4756,0.3954,1.0123,3.2655,0.7472,0.0085,1.0,0.0819,0.0,0.4562
1754728020000,161.6078,1.0,0.0694,0.7249,0.0,0.2544,1.0,0.0,81.5559,0.9964,1.0,0.2134,0.0,0.1467,0.9998,0.4617,0.3908,1.0223,3.2817,0.76,0.0086,1.0,0.119,0.0,0.4511
1754728080000,159.588,1.0,0.0694,0.726,0.0,0.255,1.0,0.0,79.8192,0.9965,1.0,0.2201,0.0,0.1484,0.9998,0.4533,0.4036,1.0176,3.2082,0.7542,0.0085,1.0,0.0519,0.0,0.4506
1754728140000,162.5791,1.0,0.0694,0.7257,0.0,0.2603,1.0,0.0,80.9318,0.9964,1.0,0.2161,0.0,0.1545,0.9998,0.4569,0.3975,0.9876,3.5053,0.7478,0.0088,1.0,0.0808,0.0,0.4716
1754728200000,161.3795,1.0,0.0694,0.7222,0.0,0.2611,1.0,0.0,81.3644,0.9965,1.0,0.221,0.0,0.1534,0.9996,0.4633,0.4044,1.0038,3.3518,0.7554,0.0088,1.0,0.0795,0.0,0.4571
1754728260000,160.4543,1.0,0.0694,0.7249,0.0,0.2577,1.0,0.0,77.8541,0.9961,1.0,0.2167,0.0,0.1594,0.9998,0.4754,0.4016,1.0032,3.2552,0.7498,0.0085,1.0,0.053,0.0,0.4525
1754728320000,161.5382,1.0,0.0694,0.7228,0.0,0.252,1.0,0.0,80.4545,0.9959,1.0,0.2181,0.0,0.1522,0.9997,0.4758,0.4006,1.0322,3.3986,0.7677,0.0084,1.0,0.0577,0.0,0.4847
1754728380000,161.5776,1.0,0.0694,0.726,0.0,0.2528,1.0,0.0,75.7746,0.9961,1.0,0.2113,0.0,0.1523,0.9998,0.4692,0.394,1.0148,3.3265,0.7566,0.0081,1.0,0.072,0.0,0.477
1754728440000,157.3605,1.0,0.0694,0.7232,0.0,0.2604,1.0,0.0,77.8995,0.9963,1.0,0.217,0.0,0.1534,0.9998,0.4593,0.3995,1.0145,3.4144,0.7587,0.0083,1.0,0.0559,0.0,0.471
1754728500000,158.2767,1.0,0.0694,0.7242,0.0,0.2583,1.0,0.0,79.7864,0.9966,1.0,0.2179,0.0,0.1599,0.9997,0.4854,0.399,1.0318,3.2165,0.7618,0.0086,1.0,0.159,0.0,0.4707
1754728560000,158.1186,1.0,0.0694,0.7246,0.0,0.2556,1.0,0.0,79.688,0.9966,1.0,0.2241,0.0,0.1664,0.9997,0.4538,0.4091,1.0102,3.3277,0.7495,0.0085,1.0,0.0861,0.0,0.4543
1754728620000,158.8305,1.0,0.0694,0.7259,0.0,0.2611,1.0,0.0,78.3296,0.9961,1.0,0.2172,0.0,0.1637,0.9998,0.4778,0.3998,0.9983,3.3125,0.7466,0.0084,1.0,0.1533,0.0,0.4513
1754728680000,156.83,1.0,0.0694,0.7265,0.0,0.2611,1.0,0.0,77.8599,0.9965,1.0,0.2153,0.0,0.1499,0.9998,0.48,0.3957,1.0031,3.3261,0.7452,0.0082,1.0,0.0896,0.0,0.4655
1754728740000,155.111,1.0,0.0694,0.7258,0.0,0.2583,1.0,0.0,75.8449,0.9963,1.0,0.2136,0.0,0.1503,0.9998,0.4397,0.3941,1.0185,3.1211,0.7544,0.0085,1.0,0.0634,0.0,0.4571
1754728800000,160.2717,1.0,0.0694,0.7255,0.0,0.2639,1.0,0.0,79.2308,0.9963,1.0,0.2134,0.0,0.1526,0.9998,0.4656,0.3927,1.0123,3.4192,0.7483,0.0082,1.0,0.0946,0.0,0.4572
1754728860000,161.8477,1.0,0.0694,0.7258,0.0,0.2667,1.0,0.0,80.7547,0.9962,1.0,0.2151,0.0,0.1556,0.9998,0.4607,0.3955,1.009,3.1914,0.7513,0.0082,1.0,0.0717,0.0,0.4477
1754728920000,152.8669,1.0,0.0694,0.7245,0.0,0.2556,1.0,0.0,77.2939,0.9966,1.0,0.2177,0.0,0.1562,0.9999,0.4494,0.3974,0.9947,3.1928,0.7487,0.0082,1.0,0.0641,0.0,0.4617
1754728980000,157.3463,1.0,0.0694,0.725,0.0,0.2583,1.0,0.0,79.3726,0.9965,1.0,0.2179,0.0,0.1532,0.9997,0.4688,0.3981,0.9978,3.4171,0.7553,0.0082,1.0,0.1217,0.0,0.4508
1754729040000,160.7779,1.0,0.0694,0.7263,0.0,0.2639,1.0,0.0,79.3457,0.9965,1.0,0.2186,0.0,0.1495,0.9998,0.4774,0.4007,1.0126,3.1769,0.7609,0.0087,1.0,0.0744,0.0,0.4556
1754729100000,158.6949,1.0,0.0694,0.7235,0.0,0.2639,1.0,0.0,80.5035,0.9962,1.0,0.212,0.0,0.1607,0.9997,0.4624,0.3864,1.0198,3.2395,0.7658,0.0083,1.0,0.1341,0.0,0.462
1754729160000,163.065,1.0,0.0694,0.7226,0.0,0.2611,1.0,0.0,79.5238,0.9964,1.0,0.2053,0.0,0.1485,0.9998,0.4685,0.3798,1.0494,3.5104,0.8721,0.0083,1.0,0.0632,0.0,0.4377
1754729220000,157.9829,1.0,0.0694,0.7183,0.0,0.2556,1.0,0.0,79.42,0.9964,1.0,0.2,0.0,0.1585,0.9998,0.4729,0.3685,1.0107,3.2584,0.8672,0.0082,1.0,0.0602,0.0,0.4732
1754729280000,157.0267,1.0,0.0694,0.7207,0.0,0.2563,1.0,0.0,78.0015,0.9965,1.0,0.1991,0.0,0.161,0.9998,0.4729,0.3692,1.0031,3.229,0.8367,0.0083,1.0,0.0948,0.0,0.4548
1754729340000,154.8371,1.0,0.0694,0.7208,0.0,0.2583,1.0,0.0,78.2255,0.9966,1.0,0.2041,0.0,0.1603,0.9998,0.4744,0.3745,1.0073,3.3514,0.8249,0.0081,1.0,0.0802,0.0,0.4516
1754729400000,160.1405,1.0,0.0694,0.7225,0.0,0.2556,1.0,0.0,79.648,0.9966,1.0,0.2068,0.0,0.1499,0.9997,0.4721,0.3808,1.0222,3.3363,0.8157,0.008,1.0,0.058,0.0,0.4462
1754729460000,161.5119,1.0,0.0694,0.7248,0.0,0.2583,1.0,0.0,80.6617,0.9963,1.0,0.2164,0.0,0.1598,0.9999,0.4731,0.3972,1.0193,3.3599,0.7661,0.0083,1.0,0.1895,0.0,0.4647
1754729520000,156.2608,1.0,0.0694,0.7236,0.0,0.2583,1.0,0.0,77.9626,0.9964,1.0,0.2087,0.0,0.1494,0.9998,0.4897,0.384,1.0183,3.265,0.7966,0.0085,1.0,0.0755,0.0,0.4723
1754729580000,155.235,1.0,0.0694,0.7214,0.0,0.2556,1.0,0.0,77.5999,0.9961,1.0,0.2053,0.0,0.1561,0.9998,0.5051,0.3779,1.011,3.2535,0.8237,0.0087,1.0,0.1164,0.0,0.4586
1754729640000,153.7631,1.0,0.0694,0.7205,0.0,0.2556,1.0,0.0,76.3113,0.9963,1.0,0.1996,0.0,0.1553,0.9999,0.4704,0.3702,1.0214,3.2126,0.8451,0.0082,1.0,0.0596,0.0,0.4646
1754729700000,157.4801,1.0,0.0694,0.7188,0.0,0.2577,1.0,0.0,77.7476,0.9963,1.0,0.196,0.0,0.1529,0.9997,0.4756,0.3651,0.9891,3.393,0.8689,0.0087,1.0,0.0596,0.0,0.4508
1754729760000,159.7713,1.0,0.0694,0.7213,0.0,0.2556,1.0,0.0,79.9229,0.9963,1.0,0.2143,0.0,0.1501,0.9997,0.4924,0.3953,0.9947,3.1952,0.7594,0.0085,1.0,0.1067,0.0,0.4538
1754729820000,154.9203,1.0,0.0694,0.7176,0.0,0.2556,1.0,0.0,78.1109,0.9964,1.0,0.2023,0.0,0.1429,0.9999,0.4826,0.3714,0.9873,3.2196,0.7997,0.0082,1.0,0.0587,0.0,0.4527
1754729880000,156.7875,1.0,0.0694,0.7246,0.0,0.2639,1.0,0.0,77.8373,0.9964,1.0,0.2087,0.0,0.1518,0.9998,0.4718,0.3837,0.9757,3.2504,0.7523,0.0083,1.0,0.1451,0.0,0.4389
1754729940000,160.1994,1.0,0.0694,0.7237,0.0,0.2639,1.0,0.0,79.0433,0.9961,1.0,0.1973,0.0,0.1578,0.9998,0.4789,0.3649,1.0059,3.2318,0.8207,0.0086,1.0,0.0564,0.0,0.4501
1754730000000,160.2156,1.0,0.0694,0.7244,0.0,0.2611,1.0,0.0,80.6412,0.9961,1.0,0.2175,0.0,0.1513,0.9998,0.4633,0.3966,1.0065,3.4559,0.7652,0.0081,1.0,0.0903,0.0,0.4616
1754730060000,159.1512,1.0,0.0694,0.7254,0.0,0.2667,1.0,0.0,79.2353,0.9961,1.0,0.2108,0.0,0.1527,0.9998,0.4703,0.3865,0.997,3.3014,0.7523,0.0085,1.0,0.0915,0.0,0.4668
1754730120000,156.9923,1.0,0.0694,0.7254,0.0,0.2583,1.0,0.0,78.5696,0.9962,1.0,0.2144,0.0,0.1631,0.9998,0.4669,0.3926,0.9966,3.3412,0.754,0.0082,1.0,0.0698,0.0,0.4393
1754730180000,164.1462,1.0,0.0694,0.7279,0.0,0.2583,1.0,0.0,79.7013,0.9959,1.0,0.2124,0.0,0.156,0.9996,0.461,0.3934,1.007,3.3147,0.7571,0.0083,1.0,0.0727,0.0,0.4424
1754730240000,155.3027,1.0,0.0694,0.726,0.0,0.25,1.0,0.0,77.4277,0.9964,1.0,0.2102,0.0,0.1516,0.9998,0.4621,0.3873,1.0173,3.3713,0.7572,0.0082,1.0,0.101,0.0,0.4675
1754730300000,156.1023,1.0,0.0694,0.726,0.0,0.2583,1.0,0.0,78.1458,0.9964,1.0,0.2121,0.0,0.1434,0.9998,0.4831,0.3896,1.0418,3.4085,0.7695,0.008,1.0,0.0583,0.0,0.4531
1754730360000,159.0597,1.0,0.0694,0.7248,0.0,0.25,1.0,0.0,80.9916,0.9966,1.0,0.2141,0.0,0.1479,0.9996,0.47,0.3923,1.024,3.3531,0.7566,0.0082,1.0,0.0447,0.0,0.4379
1754730420000,153.0082,1.0,0.0694,0.7263,0.0,0.2528,1.0,0.0,75.9294,0.9965,1.0,0.2152,0.0,0.1583,0.9998,0.4444,0.3961,0.9984,3.2842,0.7463,0.0086,1.0,0.0547,0.0,0.4407
1754730480000,154.5643,1.0,0.0694,0.7238,0.0,0.2583,1.0,0.0,79.5402,0.9964,1.0,0.2196,0.0,0.1505,0.9997,0.444,0.4001,0.9993,3.3729,0.7498,0.0079,1.0,0.0956,0.0,0.4491
1754730540000,156.2767,1.0,0.0694,0.7258,0.0,0.2528,1.0,0.0,77.9136,0.9965,1.0,0.2202,0.0,0.1624,0.9997,0.4588,0.4034,1.0116,3.349,0.7572,0.0083,1.0,0.0421,0.0,0.4437
1754730600000,160.3042,1.0,0.0694,0.7256,0.0,0.2583,1.0,0.0,79.7143,0.9964,1.0,0.2162,0.0,0.1579,0.9996,0.4576,0.397,1.0134,3.3952,0.7591,0.0081,1.0,0.1095,0.0,0.4716
1754730660000,161.6559,1.0,0.0694,0.7268,0.0,0.2639,1.0,0.0,79.6131,0.9958,1.0,0.2082,0.0,0.1555,0.9999,0.4649,0.3832,1.0079,3.3388,0.7559,0.0083,1.0,0.0708,0.0,0.4532
1754730720000,152.6292,1.0,0.0694,0.7242,0.0,0.2639,1.0,0.0,76.9358,0.9964,1.0,0.215,0.0,0.155,0.9999,0.4906,0.393,0.9925,3.3061,0.7462,0.0082,1.0,0.0542,0.0,0.4511
1754730780000,156.1902,1.0,0.0694,0.7224,0.0,0.2583,1.0,0.0,78.9946,0.9965,1.0,0.2098,0.0,0.1548,0.9997,0.5035,0.3842,1.0159,3.3702,0.8193,0.0081,1.0,0.0761,0.0,0.4513
1754730840000,152.3634,1.0,0.0694,0.7207,0.0,0.2563,1.0,0.0,77.1713,0.9963,1.0,0.2054,0.0,0.1657,0.9998,0.4733,0.3759,1.0088,3.3918,0.8328,0.0082,1.0,0.0725,0.0,0.4543
1754730900000,159.0813,1.0,0.0694,0.7214,0.0,0.2472,1.0,0.0,79.8106,0.9965,1.0,0.2047,0.0,0.1562,0.9998,0.48,0.3762,1.0052,3.2688,0.8307,0.0083,1.0,0.1617,0.0,0.4581
1754730960000,155.6641,1.0,0.0694,0.7219,0.0,0.2528,1.0,0.0,77.9619,0.9963,1.0,0.2011,0.0,0.1509,0.9998,0.5037,0.3705,1.0054,3.2943,0.8172,0.0083,1.0,0.0697,0.0,0.4624
1754731020000,155.8935,1.0,0.0694,0.7196,0.0,0.25,1.0,0.0,78.2245,0.9964,1.0,0.1964,0.0,0.1601,0.9996,0.5142,0.3617,1.0195,3.2828,0.813,0.0081,1.0,0.0708,0.0,0.4512
1754731080000,155.0611,1.0,0.0694,0.7254,0.0,0.2583,1.0,0.0,78.4718,0.9966,1.0,0.2183,0.0,0.1471,0.9997,0.4886,0.3986,1.0058,3.505,0.7532,0.0081,1.0,0.0514,0.0,0.4427
1754731140000,151.3674,1.0,0.0694,0.721,0.0,0.2583,1.0,0.0,79.0248,0.9965,1.0,0.205,0.0,0.1592,0.9998,0.4931,0.3727,0.9999,3.2013,0.7443,0.0082,1.0,0.0973,0.0,0.4382
1754731200000,154.2828,1.0,0.0694,0.7209,0.0,0.2577,1.0,0.0,77.8046,0.9963,1.0,0.2001,0.0,0.1502,0.9999,0.4657,0.3672,1.0057,3.3745,0.7561,0.0086,1.0,0.0511,0.0,0.428
1754731260000,158.5061,1.0,0.0694,0.7178,0.0,0.2639,1.0,0.0,79.6129,0.9963,1.0,0.1954,0.0,0.1578,0.9999,0.4801,0.3606,0.9983,3.4252,0.7478,0.0081,1.0,0.0576,0.0,0.4439
1754731320000,157.8611,1.0,0.0694,0.7199,0.0,0.2639,1.0,0.0,76.665,0.9959,1.0,0.1917,0.0,0.1433,0.9999,0.4903,0.3577,1.0021,3.2029,0.7489,0.0078,1.0,0.0593,0.0,0.4819
1754731380000,159.7635,1.0,0.0694,0.7223,0.0,0.2639,1.0,0.0,79.4694,0.9963,1.0,0.2004,0.0,0.1539,0.9998,0.4825,0.3713,1.006,3.2788,0.7553,0.0082,1.0,0.0558,0.0,0.4597
1754731440000,162.1543,1.0,0.0694,0.7197,0.0,0.2556,1.0,0.0,82.8752,0.9964,1.0,0.2039,0.0,0.1569,0.9996,0.5218,0.3746,1.0043,3.3015,0.7633,0.0084,1.0,0.0572,0.0,0.4614
1754731500000,155.7935,1.0,0.0694,0.7216,0.0,0.2528,1.0,0.0,78.488,0.9962,1.0,0.2007,0.0,0.1595,0.9998,0.4896,0.3694,1.001,3.5491,0.7755,0.0083,1.0,0.0695,0.0,0.4604
1754731560000,154.6224,1.0,0.0694,0.7247,0.0,0.25,1.0,0.0,77.8275,0.996,1.0,0.2112,0.0,0.1642,0.9999,0.5097,0.3865,0.9955,3.2986,0.7447,0.0084,1.0,0.0435,0.0,0.4585
1754731620000,158.8871,1.0,0.0694,0.7254,0.0,0.2528,1.0,0.0,77.3915,0.9962,1.0,0.211,0.0,0.161,0.9998,0.4778,0.3886,1.0081,3.3087,0.7555,0.0079,1.0,0.1145,0.0,0.4372
1754731680000,156.1476,1.0,0.0694,0.7227,0.0,0.2528,1.0,0.0,77.9914,0.9963,1.0,0.2025,0.0,0.158,0.9998,0.4772,0.372,0.9931,3.2989,0.7417,0.0083,1.0,0.0731,0.0,0.4503
1754731740000,155.8383,1.0,0.0694,0.7224,0.0,0.2639,1.0,0.0,78.2344,0.9964,1.0,0.2015,0.0,0.1504,0.9998,0.4822,0.3694,0.9971,3.3821,0.7492,0.008,1.0,0.0694,0.0,0.4403
1754731800000,159.6115,1.0,0.0694,0.7244,0.0,0.2583,1.0,0.0,80.8554,0.9962,1.0,0.2126,0.0,0.1498,0.9999,0.4633,0.389,1.0101,3.3233,0.7578,0.0084,1.0,0.1084,0.0,0.4387
1754731860000,159.3799,1.0,0.0694,0.7247,0.0,0.2722,1.0,0.0,77.9497,0.9963,1.0,0.2014,0.0,0.1567,0.9999,0.4803,0.374,1.0045,3.4094,0.7537,0.0083,1.0,0.0484,0.0,0.4626
1754731920000,155.0716,1.0,0.0694,0.7231,0.0,0.2667,1.0,0.0,77.0167,0.9962,1.0,0.1971,0.0,0.1517,0.9998,0.4649,0.3639,1.0113,3.3434,0.7543,0.0079,1.0,0.0599,0.0,0.4612
1754731980000,152.9173,1.0,0.0694,0.7208,0.0,0.2667,1.0,0.0,78.0439,0.9964,1.0,0.2009,0.0,0.15,0.9999,0.4742,0.3669,1.008,3.3847,0.7561,0.0079,1.0,0.0606,0.0,0.4549
1754732040000,156.8902,1.0,0.0694,0.7235,0.0,0.2694,1.0,0.0,79.3474,0.9963,1.0,0.2045,0.0,0.1467,0.9998,0.466,0.3755,1.003,3.2823,0.7533,0.008,1.0,0.0482,0.0,0.4416
1754732100000,156.5774,1.0,0.0694,0.7237,0.0,0.2611,1.0,0.0,79.4741,0.9963,1.0,0.2067,0.0,0.1518,0.9998,0.4476,0.3794,0.9996,3.3085,0.7451,0.0083,1.0,0.0713,0.0,0.4546
1754732160000,155.9611,1.0,0.0694,0.7238,0.0,0.2618,1.0,0.0,78.3748,0.9963,1.0,0.2089,0.0,0.156,0.9998,0.4614,0.3839,1.0032,3.2768,0.7522,0.0082,1.0,0.0629,0.0,0.4459
1754732220000,156.2969,1.0,0.0694,0.7243,0.0,0.2528,1.0,0.0,78.2304,0.9965,1.0,0.1994,0.0,0.1459,0.9997,0.4531,0.3674,1.002,3.3317,0.7494,0.0078,1.0,0.0612,0.0,0.453
1754732280000,160.0726,1.0,0.0694,0.7232,0.0,0.25,1.0,0.0,79.9517,0.9965,1.0,0.2004,0.0,0.1544,0.9997,0.4407,0.3685,1.0127,3.4711,0.7594,0.0081,1.0,0.0788,0.0,0.4395
1754732340000,152.8218,1.0,0.0694,0.7218,0.0,0.2472,1.0,0.0,78.8238,0.9965,1.0,0.2049,0.0,0.1499,0.9998,0.4461,0.3744,0.9937,3.2934,0.7519,0.0083,1.0,0.0492,0.0,0.4313
1754732400000,166.1925,1.0,0.0694,0.7244,0.0,0.2528,1.0,0.0,84.4373,0.9962,1.0,0.2141,0.0,0.1478,0.9997,0.4531,0.3921,1.007,3.4616,0.766,0.0083,1.0,0.0566,0.0,0.4366
1754732460000,156.1422,1.0,0.0694,0.7251,0.0,0.2591,1.0,0.0,79.6179,0.9963,1.0,0.215,0.0,0.1504,0.9998,0.4725,0.3926,1.0003,3.3851,0.7526,0.0084,1.0,0.0599,0.0,0.4476
1754732520000,155.4522,1.0,0.0694,0.7235,0.0,0.2611,1.0,0.0,78.9615,0.9964,1.0,0.2133,0.0,0.1547,0.9998,0.4614,0.3885,1.0008,3.2068,0.7528,0.0083,1.0,0.0763,0.0,0.4464
1754732580000,155.9204,1.0,0.0694,0.7258,0.0,0.2694,1.0,0.0,77.434,0.9964,1.0,0.2088,0.0,0.152,0.9998,0.4629,0.3835,1.0012,3.1561,0.7455,0.0079,1.0,0.0849,0.0,0.4365
1754732640000,150.0201,1.0,0.0694,0.7239,0.0,0.2648,1.0,0.0,76.72,0.9969,1.0,0.2186,0.0,0.1602,0.9999,0.435,0.3983,0.99,3.2882,0.7437,0.0082,1.0,0.1198,0.0,0.4412
1754732700000,155.9891,1.0,0.0694,0.7245,0.0,0.2556,1.0,0.0,78.2295,0.9966,1.0,0.2136,0.0,0.1587,0.9999,0.4342,0.3902,0.9823,3.3434,0.744,0.0087,1.0,0.0818,0.0,0.4465
1754732760000,152.0929,1.0,0.0694,0.7242,0.0,0.2639,1.0,0.0,75.8854,0.9964,1.0,0.2119,0.0,0.1518,0.9999,0.4431,0.3872,0.9926,3.4763,0.7431,0.0079,1.0,0.0614,0.0,0.4459
1754732820000,152.0127,1.0,0.0694,0.7245,0.0,0.2626,1.0,0.0,75.7088,0.9965,1.0,0.2154,0.0,0.1557,0.9999,0.4535,0.3951,0.9958,3.2497,0.7427,0.0087,1.0,0.1004,0.0,0.4445
1754732880000,153.3975,1.0,0.0694,0.7262,0.0,0.2577,1.0,0.0,76.2249,0.9964,1.0,0.2155,0.0,0.1437,0.9999,0.474,0.3965,0.9935,3.3756,0.7506,0.0086,1.0,0.0829,0.0,0.4526
1754732940000,151.5283,1.0,0.0694,0.7242,0.0,0.2575,1.0,0.0,76.4988,0.9966,1.0,0.2166,0.0,0.1545,0.9998,0.4651,0.3956,1.0016,3.4303,0.7455,0.0082,1.0,0.0905,0.0,0.4527
1754733000000,154.4717,1.0,0.0694,0.7237,0.0,0.2583,1.0,0.0,78.1232,0.9965,1.0,0.215,0.0,0.1564,0.9999,0.4706,0.3934,1.0049,3.2786,0.751,0.0085,1.0,0.0629,0.0,0.4487
1754733060000,152.1874,1.0,0.0694,0.7238,0.0,0.2556,1.0,0.0,77.1595,0.9965,1.0,0.2142,0.0,0.1483,0.9999,0.4403,0.3917,0.9835,3.3937,0.7359,0.0083,1.0,0.0659,0.0,0.4363
1754733120000,156.3293,1.0,0.0694,0.7256,0.0,0.2556,1.0,0.0,78.5597,0.9962,1.0,0.2119,0.0,0.1491,0.9999,0.4596,0.3883,0.991,3.4068,0.7457,0.0081,1.0,0.0576,0.0,0.4349
1754733180000,149.5361,1.0,0.0694,0.7249,0.0,0.2694,1.0,0.0,75.4928,0.9966,1.0,0.2158,0.0,0.1562,0.9999,0.4575,0.3957,0.9866,3.3628,0.7373,0.0084,1.0,0.1381,0.0,0.4277
1754733240000,149.2481,1.0,0.0694,0.725,0.0,0.2722,1.0,0.0,75.9117,0.9968,1.0,0.2143,0.0,0.1525,0.9999,0.4436,0.3922,0.9893,3.173,0.7349,0.0084,1.0,0.0634,0.0,0.4333
1754733300000,155.4966,1.0,0.0694,0.7243,0.0,0.2667,1.0,0.0,78.3383,0.9967,1.0,0.2143,0.0,0.1529,0.9999,0.451,0.3916,1.0078,3.373,0.7483,0.0085,1.0,0.0729,0.0,0.4276
1754733360000,157.41,1.0,0.0694,0.7258,0.0,0.2639,1.0,0.0,77.5446,0.9966,1.0,0.2147,0.0,0.1606,0.9999,0.4454,0.3951,0.9876,3.2266,0.7397,0.0084,1.0,0.0993,0.0,0.4323
1754733420000,150.0952,1.0,0.0694,0.7241,0.0,0.2611,1.0,0.0,76.0454,0.9967,1.0,0.2106,0.0,0.1493,0.9999,0.4692,0.385,0.9592,3.3431,0.7264,0.0082,1.0,0.062,0.0,0.4427
1754733480000,149.5112,1.0,0.0694,0.724,0.0,0.2603,1.0,0.0,75.7898,0.997,1.0,0.2147,0.0,0.1511,0.9999,0.4358,0.3925,0.9943,3.3756,0.7475,0.008,1.0,0.1008,0.0,0.4374
1754733540000,156.1297,1.0,0.0694,0.7261,0.0,0.2556,1.0,0.0,76.9603,0.9967,1.0,0.2043,0.0,0.1478,0.9998,0.4374,0.3759,0.9829,3.3937,0.7382,0.0082,1.0,0.104,0.0,0.4293
1754733600000,160.8829,1.0,0.0694,0.7234,0.0,0.2667,1.0,0.0,81.6513,0.9961,1.0,0.2159,0.0,0.1544,0.9996,0.4331,0.3939,1.0077,3.7638,0.7555,0.0082,1.0,0.0481,0.0,0.4292
1754733660000,156.7956,1.0,0.0694,0.7268,0.0,0.2592,1.0,0.0,75.5704,0.9962,1.0,0.2069,0.0,0.1621,0.9998,0.4457,0.3812,0.9943,3.4413,0.7444,0.0082,1.0,0.0664,0.0,0.4469
1754733720000,155.4799,1.0,0.0694,0.7263,0.0,0.2583,1.0,0.0,76.5158,0.9963,1.0,0.2085,0.0,0.1467,0.9999,0.4693,0.3836,0.987,3.2724,0.7335,0.0084,1.0,0.0675,0.0,0.4303
1754733780000,156.4965,1.0,0.0694,0.7251,0.0,0.2528,1.0,0.0,75.8126,0.9961,1.0,0.1944,0.0,0.1474,0.9999,0.476,0.3598,0.983,3.4163,0.7343,0.0079,1.0,0.0444,0.0,0.4332
1754733840000,154.3936,1.0,0.0694,0.7247,0.0,0.2444,1.0,0.0,78.1125,0.9965,1.0,0.2128,0.0,0.1562,0.9998,0.4593,0.3889,0.9926,3.2197,0.737,0.0087,1.0,0.1391,0.0,0.4338
1754733900000,153.9394,1.0,0.0694,0.7246,0.0,0.2556,1.0,0.0,76.8623,0.9963,1.0,0.2155,0.0,0.1533,0.9999,0.4339,0.3955,1.0103,3.2951,0.752,0.0086,1.0,0.0475,0.0,0.4234
1754733960000,161.305,1.0,0.0725,0.7256,0.0,0.2583,1.0,0.0,79.233,0.9963,1.0,0.2115,65.2778,0.1491,0.9998,0.4431,0.3892,1.0076,3.3419,0.7592,0.0084,1.0,0.1605,0.0556,0.437
1754734020000,160.102,1.0,0.0725,0.726,0.0,0.2556,1.0,0.0,78.0251,0.9961,1.0,0.2093,0.0,0.1484,0.9998,0.4614,0.3867,1.0274,3.2393,0.7676,0.0082,1.0,0.0438,0.0,0.4523
1754734080000,155.8931,1.0,0.0725,0.7244,0.0,0.2556,1.0,0.0,77.7368,0.9963,1.0,0.2121,0.0,0.154,0.9998,0.4528,0.3887,1.0174,3.2819,0.7568,0.0085,1.0,0.2664,0.0,0.4493
1754734140000,157.9974,1.0,0.0725,0.7244,0.0,0.2611,1.0,0.0,79.1835,0.9966,1.0,0.2044,0.0,0.1369,0.9998,0.4714,0.375,1.0061,3.3961,0.7503,0.0073,1.0,0.0835,0.0,0.4477
1754734200000,160.8051,1.0,0.0725,0.7249,0.0,0.2667,1.0,0.0,80.3997,0.996,1.0,0.2033,0.0,0.1497,0.9998,0.4486,0.3734,0.9958,3.5159,0.7536,0.0077,1.0,0.2019,0.0,0.4279
1754734260000,157.3886,1.0,0.0715,0.7241,0.0,0.2688,1.0,0.0,79.2987,0.9963,1.0,0.2053,67.2222,0.1522,0.9998,0.4672,0.3758,0.9929,3.2895,0.7483,0.0078,1.0,0.0696,0.0556,0.4376
1754734320000,153.8154,1.0,0.0715,0.7255,0.0,0.2674,1.0,0.0,77.6026,0.9964,1.0,0.21,0.0,0.1443,0.9997,0.4426,0.3845,0.984,3.3083,0.7431,0.0077,1.0,0.0866,0.0,0.4246
1754734380000,147.9924,1.0,0.0715,0.7233,0.0,0.2674,1.0,0.0,76.8811,0.9964,1.0,0.2107,0.0,0.1474,0.9999,0.4526,0.3828,0.9903,3.1254,0.7412,0.0082,1.0,0.1428,0.0,0.4275
1754734440000,159.8219,1.0,0.0732,0.7267,0.0,0.2591,1.0,0.0,78.3364,0.9966,1.0,0.2026,59.5,0.1431,0.9998,0.4594,0.3736,0.9931,3.4518,0.7506,0.008,1.0,0.0828,0.0556,0.4128
1754734500000,160.1395,1.0,0.0732,0.7239,0.0,0.2556,1.0,0.0,79.1446,0.9963,1.0,0.1924,0.0,0.1452,0.9997,0.4233,0.356,0.9934,3.3509,0.8187,0.0083,1.0,0.0608,0.0,0.4316
1754734560000,158.0582,1.0,0.0712,0.7237,0.0,0.261,1.0,0.0,80.6025,0.9966,1.0,0.204,0.0,0.15,0.9997,0.441,0.3737,0.9876,3.3388,0.7724,0.0078,1.0,0.0487,0.0,0.4188
1754734620000,154.4967,1.0,0.0712,0.7246,0.0,0.2688,1.0,0.0,76.6187,0.9966,1.0,0.1985,0.0,0.1449,0.9999,0.4533,0.3659,0.969,3.2999,0.77,0.0079,1.0,0.053,0.0,0.4318
1754734680000,150.9647,1.0,0.0712,0.7235,0.0,0.2639,1.0,0.0,76.3287,0.9964,1.0,0.1944,0.0,0.1513,0.9999,0.4542,0.3566,0.9687,3.2498,0.7609,0.0079,1.0,0.0618,0.0,0.4375
1754734740000,159.5979,1.0,0.0694,0.7233,0.0,0.2493,1.0,0.0,78.9449,0.9963,1.0,0.1932,0.0,0.1492,0.9998,0.4636,0.3549,0.9784,3.2635,0.7774,0.0075,1.0,0.0579,0.0,0.415
1754734800000,154.0791,1.0,0.0694,0.7247,0.0,0.2556,1.0,0.0,77.9446,0.9966,1.0,0.2008,0.0,0.1416,0.9999,0.4525,0.3686,0.9754,3.3847,0.748,0.0078,1.0,0.1055,0.0,0.4269
1754734860000,156.7842,1.0,0.0694,0.7238,0.0,0.2556,1.0,0.0,78.9978,0.9966,1.0,0.2051,0.0,0.149,0.9999,0.4226,0.3749,0.9691,3.1434,0.7384,0.008,1.0,0.0529,0.0,0.4221
1754734920000,159.4102,1.0,0.0694,0.7254,0.0,0.2556,1.0,0.0,79.3393,0.9966,1.0,0.2018,0.0,0.1429,0.9998,0.4111,0.3695,0.9887,3.3006,0.7434,0.0083,1.0,0.0581,0.0,0.4242
1754734980000,159.7274,1.0,0.0694,0.7269,0.0,0.2556,1.0,0.0,77.9563,0.9963,1.0,0.2021,0.0,0.1416,0.9999,0.4615,0.3734,1.0153,3.2003,0.7627,0.008,1.0,0.0447,0.0,0.4226
1754735040000,154.6369,1.0,0.0694,0.7206,0.0,0.2583,1.0,0.0,78.3653,0.9967,1.0,0.1957,0.0,0.1447,0.9998,0.4501,0.3592,1.0114,3.3744,0.8314,0.0083,1.0,0.1287,0.0,0.4262
1754735100000,157.9244,1.0,0.0694,0.7234,0.0,0.2583,1.0,0.0,77.7088,0.9964,1.0,0.1944,5.5,0.1465,0.9998,0.4446,0.3593,1.0064,3.4055,0.8091,0.0082,1.0,0.0477,0.0,0.4254
1754735160000,152.6301,1.0,0.073,0.7216,0.0,0.2556,1.0,0.0,76.9443,0.9966,1.0,0.1963,61.9444,0.1463,0.9999,0.4838,0.3613,1.0046,3.344,0.82,0.008,1.0,0.0641,0.0556,0.4435
1754735220000,157.5186,1.0,0.073,0.7233,0.0,0.2611,1.0,0.0,78.0688,0.9963,1.0,0.1902,0.0,0.1461,0.9998,0.4642,0.3524,0.9958,3.1547,0.8084,0.008,1.0,0.0607,0.0,0.4356
1754735280000,155.4311,1.0,0.073,0.7241,0.0,0.2549,1.0,0.0,79.9229,0.9968,1.0,0.209,0.0,0.1451,0.9998,0.4392,0.3816,0.9933,3.2093,0.7626,0.0077,1.0,0.0677,0.0,0.43
1754735340000,161.6444,1.0,0.0763,0.7263,0.0,0.2528,1.0,0.0,78.9405,0.9964,1.0,0.203,68.9444,0.1432,0.9999,0.4436,0.374,1.0087,3.1654,0.7575,0.0079,1.0,0.0501,0.0556,0.4307
1754735400000,160.0881,1.0,0.0763,0.726,0.0,0.2556,1.0,0.0,79.9978,0.9963,1.0,0.2052,0.0,0.1376,0.9999,0.4376,0.3769,0.9785,3.2298,0.7404,0.0078,1.0,0.0796,0.0,0.4384
1754735460000,153.7259,1.0,0.0728,0.7256,0.0,0.2639,1.0,0.0,76.3426,0.9963,1.0,0.2021,0.0,0.1447,0.9999,0.4317,0.3716,0.9735,3.2119,0.739,0.0078,1.0,0.0625,0.0,0.4215
1754735520000,156.1396,1.0,0.0747,0.7248,0.0,0.2556,1.0,0.0,78.5019,0.9965,1.0,0.2063,60.2222,0.1463,0.9998,0.4354,0.3779,0.974,3.4025,0.7339,0.0081,1.0,0.0994,0.0556,0.4185
1754735580000,152.9385,1.0,0.0747,0.7245,0.0,0.2611,1.0,0.0,78.8995,0.9966,1.0,0.2066,0.0,0.1422,0.9999,0.44,0.3769,0.9613,3.2219,0.7339,0.0079,1.0,0.0465,0.0,0.4203
1754735640000,151.7499,1.0,0.0714,0.7255,0.0,0.2611,1.0,0.0,77.6452,0.9967,1.0,0.2047,0.0,0.1379,0.9999,0.4522,0.3738,0.9676,3.4224,0.7316,0.0078,1.0,0.0477,0.0,0.4125
1754735700000,148.3331,1.0,0.0714,0.7237,0.0,0.2583,1.0,0.0,76.8586,0.9968,1.0,0.2051,0.0,0.1443,0.9999,0.4483,0.3727,0.9823,3.1899,0.7336,0.0082,1.0,0.1448,0.0,0.4029
1754735760000,157.1439,1.0,0.0714,0.7236,0.0,0.2583,1.0,0.0,79.5621,0.9967,1.0,0.2071,0.0,0.1435,0.9997,0.4357,0.3777,0.9879,3.1765,0.7425,0.0079,1.0,0.115,0.0,0.4073
1754735820000,152.8849,1.0,0.0694,0.7246,0.0,0.2528,1.0,0.0,77.6993,0.9966,1.0,0.2043,0.0,0.1447,0.9998,0.4349,0.3738,0.9912,3.1641,0.7462,0.0077,1.0,0.0855,0.0,0.4085
1754735880000,154.1703,1.0,0.0694,0.7249,0.0,0.2535,1.0,0.0,77.6346,0.9966,1.0,0.2065,0.0,0.1516,0.9998,0.4179,0.3782,0.9968,3.2859,0.7427,0.0079,1.0,0.0791,0.0,0.4017
1754735940000,157.0893,1.0,0.0694,0.7251,0.0,0.2639,1.0,0.0,78.5393,0.9969,1.0,0.2048,0.0,0.1458,0.9997,0.421,0.3757,0.9793,3.3522,0.7386,0.0082,1.0,0.051,0.0,0.4326
1754736000000,154.5851,1.0,0.0694,0.725,0.0,0.2694,1.0,0.0,78.1084,0.9968,1.0,0.206,0.0,0.1514,0.9999,0.4189,0.377,0.9948,3.0935,0.7422,0.0079,1.0,0.0466,0.0,0.4276
1754736060000,155.3097,1.0,0.0694,0.725,0.0,0.2632,1.0,0.0,77.6287,0.9964,1.0,0.2078,0.0,0.1528,0.9998,0.4226,0.3804,0.9829,3.0608,0.736,0.0081,1.0,0.0708,0.0,0.4284
1754736120000,154.1562,1.0,0.0694,0.7266,0.0,0.2618,1.0,0.0,76.3204,0.9964,1.0,0.205,0.0,0.1486,0.9999,0.454,0.3776,0.9996,3.2025,0.7434,0.0078,1.0,0.061,0.0,0.4212
1754736180000,156.026,1.0,0.0694,0.7239,0.0,0.2611,1.0,0.0,79.9927,0.9966,1.0,0.2096,0.0,0.1478,0.9998,0.4554,0.3829,1.0065,3.1291,0.7501,0.0079,1.0,0.0517,0.0,0.4247
1754736240000,150.9509,1.0,0.0694,0.7235,0.0,0.2639,1.0,0.0,77.7318,0.9969,1.0,0.2099,0.0,0.1412,0.9998,0.4542,0.3824,0.9926,3.157,0.7465,0.0079,1.0,0.0591,0.0,0.4278
1754736300000,158.3626,1.0,0.0694,0.7257,0.0,0.2556,1.0,0.0,79.0298,0.9967,1.0,0.2007,0.0,0.1483,0.9998,0.4431,0.3683,0.9952,3.1828,0.7513,0.0077,1.0,0.0851,0.0,0.4254
1754736360000,157.8549,1.0,0.0694,0.7229,0.0,0.2444,1.0,0.0,80.8532,0.9967,1.0,0.2063,0.0,0.1479,0.9997,0.4271,0.3756,0.9795,3.1375,0.7394,0.008,1.0,0.1771,0.0,0.4231
1754736420000,157.393,1.0,0.0694,0.7251,0.0,0.2417,1.0,0.0,77.2433,0.9969,1.0,0.2038,0.0,0.1541,0.9999,0.4392,0.376,0.9811,3.1821,0.738,0.008,1.0,0.0473,0.0,0.4199
1754736480000,156.5711,1.0,0.0694,0.7233,0.0,0.2493,1.0,0.0,78.934,0.9966,1.0,0.2043,0.0,0.1481,0.9998,0.4525,0.3739,0.9817,3.4044,0.7433,0.0079,1.0,0.0975,0.0,0.4304
1754736540000,157.1174,1.0,0.0694,0.7251,0.0,0.2507,1.0,0.0,79.1685,0.9967,1.0,0.2009,0.0,0.145,0.9998,0.4289,0.3686,1.0127,3.2478,0.7609,0.0078,1.0,0.0756,0.0,0.4204
1754736600000,158.0743,1.0,0.0742,0.7246,0.0,0.2528,1.0,0.0,79.8488,0.9964,1.0,0.2099,60.3333,0.1496,0.9997,0.4447,0.383,0.9911,3.2515,0.7752,0.0078,1.0,0.0443,0.0556,0.4133
1754736660000,152.2714,1.0,0.0778,0.7254,0.0,0.2694,1.0,0.0,77.3896,0.9965,1.0,0.2051,63.5556,0.1363,0.9998,0.4526,0.3757,0.9965,3.1587,0.7375,0.0078,1.0,0.0902,0.0,0.4321
1754736720000,153.6918,1.0,0.0778,0.7246,0.0,0.2778,1.0,0.0,78.7689,0.9966,1.0,0.205,0.0,0.1398,0.9998,0.451,0.3738,1.0042,3.1751,0.7647,0.0075,1.0,0.0511,0.0556,0.4166
1754736780000,162.0439,1.0,0.0778,0.7252,0.0,0.2778,1.0,0.0,81.8378,0.9963,1.0,0.2001,0.0,0.14,0.9997,0.4389,0.3669,0.9911,3.1842,0.7522,0.0078,1.0,0.0864,0.0,0.4177
1754736840000,155.8449,1.0,0.0778,0.7245,0.0,0.2694,1.0,0.0,78.5633,0.9965,1.0,0.2075,0.0,0.1472,0.9998,0.435,0.3805,1.0031,3.0907,0.7571,0.0077,1.0,0.0454,0.0,0.4206
1754736900000,159.9434,1.0,0.0731,0.7263,0.0,0.2688,1.0,0.0,78.8823,0.9966,1.0,0.2042,0.0,0.1432,0.9998,0.4231,0.3755,1.0313,3.0869,0.7635,0.0079,1.0,0.0578,0.0,0.4247
1754736960000,152.9926,1.0,0.0694,0.7236,0.0,0.2583,1.0,0.0,78.3502,0.9966,1.0,0.2078,0.0,0.1444,0.9999,0.4332,0.3787,0.9719,3.2396,0.7322,0.0078,1.0,0.0948,0.0,0.4207
1754737020000,150.7959,1.0,0.0694,0.7241,0.0,0.2528,1.0,0.0,76.3322,0.9965,1.0,0.2073,0.0,0.1441,0.9999,0.449,0.3781,0.9824,3.1139,0.7412,0.0078,1.0,0.0682,0.0,0.422
1754737080000,151.6718,1.0,0.0723,0.7255,0.0,0.2528,1.0,0.0,77.0362,0.9966,1.0,0.2064,63.2222,0.1445,0.9999,0.4497,0.3791,0.9906,3.2028,0.7344,0.0078,1.0,0.0768,0.0556,0.4178
1754737140000,152.1285,1.0,0.0723,0.7258,0.0,0.2556,1.0,0.0,76.8007,0.9965,1.0,0.2034,0.0,0.1384,0.9999,0.4229,0.3751,0.9648,3.2055,0.7308,0.0078,1.0,0.2238,0.0,0.4206
1754737200000,160.0881,1.0,0.0723,0.724,0.0,0.25,1.0,0.0,80.231,0.9967,1.0,0.2084,0.0,0.1478,0.9997,0.4401,0.3802,1.0118,3.3559,0.7602,0.008,1.0,0.0642,0.0,0.414
1754737260000,160.1348,1.0,0.0723,0.7238,0.0,0.2528,1.0,0.0,80.4143,0.9961,1.0,0.2041,0.0,0.1495,0.9998,0.4379,0.374,1.0055,3.4706,0.7573,0.0079,1.0,0.0825,0.0,0.4356
1754737320000,149.2168,1.0,0.0723,0.7228,0.0,0.2521,1.0,0.0,76.8874,0.9965,1.0,0.208,0.0,0.1482,0.9999,0.4783,0.3788,0.9857,3.2641,0.7514,0.0082,1.0,0.1202,0.0,0.4285
1754737380000,153.1693,1.0,0.0694,0.7247,0.0,0.2556,1.0,0.0,76.4566,0.9962,1.0,0.201,0.0,0.1438,1.0,0.4708,0.3683,0.9916,3.2685,0.7505,0.0082,1.0,0.0951,0.0,0.4162
1754737440000,154.7663,1.0,0.0694,0.7229,0.0,0.2528,1.0,0.0,79.006,0.9963,1.0,0.2032,0.0,0.1467,0.9998,0.4715,0.3701,0.9839,3.3141,0.7506,0.008,1.0,0.0658,0.0,0.4264
1754737500000,158.5387,1.0,0.0694,0.7241,0.0,0.2639,1.0,0.0,78.7599,0.9965,1.0,0.2038,0.0,0.1482,0.9998,0.4515,0.3742,0.9874,3.4233,0.7486,0.0082,1.0,0.107,0.0,0.4182
1754737560000,157.7549,1.0,0.0694,0.7238,0.0,0.2634,1.0,0.0,79.3644,0.9964,1.0,0.2104,0.0,0.1474,0.9998,0.4349,0.3849,0.9811,3.265,0.7462,0.0077,1.0,0.0896,0.0,0.4244
1754737620000,155.126,1.0,0.0694,0.7241,0.0,0.2674,1.0,0.0,78.4521,0.9963,1.0,0.2044,0.0,0.1446,0.9999,0.45,0.375,0.9708,3.1955,0.7593,0.0077,1.0,0.0942,0.0,0.4345
1754737680000,159.2879,1.0,0.0694,0.7222,0.0,0.2611,1.0,0.0,79.0692,0.9961,1.0,0.1887,0.0,0.149,0.9998,0.4093,0.3485,0.9994,3.2006,0.8675,0.0084,1.0,0.0761,0.0,0.4261
1754737740000,158.846,1.0,0.0694,0.7239,0.0,0.2722,1.0,0.0,80.7458,0.9965,1.0,0.2043,0.0,0.1342,0.9997,0.3837,0.3721,0.9953,3.3112,0.7611,0.0076,1.0,0.2919,0.0,0.4327
1754737800000,157.863,1.0,0.0694,0.725,0.0,0.2694,1.0,0.0,79.4786,0.9964,1.0,0.2063,0.0,0.1468,0.9997,0.4276,0.3777,0.9753,3.317,0.7407,0.0077,1.0,0.1136,0.0,0.4199
1754737860000,157.3686,1.0,0.0694,0.7254,0.0,0.2675,1.0,0.0,78.4518,0.9967,1.0,0.1993,0.0,0.147,0.9998,0.4703,0.3669,0.9708,3.2647,0.7388,0.0081,1.0,0.0406,0.0,0.4307
1754737920000,154.5058,1.0,0.0694,0.7234,0.0,0.2639,1.0,0.0,79.2018,0.9968,1.0,0.2097,0.0,0.146,0.9996,0.4436,0.3817,0.9994,3.2101,0.7596,0.0077,1.0,0.0558,0.0,0.4223
1754737980000,156.2086,1.0,0.0694,0.7268,0.0,0.2667,1.0,0.0,76.7404,0.9965,1.0,0.1999,0.0,0.1391,0.9998,0.4719,0.3687,0.9786,3.4001,0.7468,0.0081,1.0,0.0756,0.0,0.4231
1754738040000,152.1808,1.0,0.0694,0.726,0.0,0.266,1.0,0.0,76.2727,0.9965,1.0,0.2041,0.0,0.1463,0.9998,0.4528,0.3741,0.97,3.2566,0.7352,0.0083,1.0,0.1316,0.0,0.4256
1754738100000,155.2261,1.0,0.0694,0.7258,0.0,0.2639,1.0,0.0,76.8487,0.9965,1.0,0.2044,0.0,0.1413,0.9999,0.4303,0.3766,0.9911,3.2242,0.7482,0.0077,1.0,0.0581,0.0,0.4092
1754738160000,155.762,1.0,0.0694,0.7236,0.0,0.2667,1.0,0.0,78.4628,0.9964,1.0,0.2044,0.0,0.1425,0.9997,0.4193,0.3736,0.9827,3.1755,0.7455,0.0083,1.0,0.0584,0.0,0.4209
1754738220000,157.0501,1.0,0.0694,0.7265,0.0,0.2611,1.0,0.0,76.9816,0.9967,1.0,0.2004,0.0,0.1393,0.9998,0.421,0.3689,0.988,3.186,0.7455,0.0083,1.0,0.0857,0.0,0.4194
1754738280000,156.8365,1.0,0.0694,0.7273,0.0,0.2611,1.0,0.0,76.161,0.9964,1.0,0.2008,0.0,0.145,0.9999,0.4129,0.3704,0.9865,3.1288,0.7416,0.0075,1.0,0.0615,0.0,0.4262
1754738340000,155.7699,1.0,0.0694,0.7265,0.0,0.2611,1.0,0.0,76.9347,0.9963,1.0,0.2014,0.0,0.1478,0.9998,0.4399,0.3709,0.9705,3.164,0.741,0.008,1.0,0.1006,0.0,0.4291
1754738400000,153.3994,1.0,0.0694,0.7243,0.0,0.2639,1.0,0.0,76.8296,0.9962,1.0,0.2035,0.0,0.1441,0.9998,0.4335,0.3723,0.9625,3.3208,0.7323,0.0081,1.0,0.0768,0.0,0.4094
1754738460000,151.8213,1.0,0.0694,0.7252,0.0,0.2667,1.0,0.0,76.1741,0.9967,1.0,0.2022,0.0,0.1413,0.9999,0.4369,0.3715,0.9544,3.3193,0.7281,0.0078,1.0,0.0727,0.0,0.4114
1754738520000,152.9269,1.0,0.0694,0.7229,0.0,0.2549,1.0,0.0,77.5488,0.9965,1.0,0.2037,0.0,0.1441,0.9998,0.4435,0.3713,0.9624,3.1098,0.7331,0.0082,1.0,0.0713,0.0,0.4122
1754738580000,158.0588,1.0,0.0694,0.7258,0.0,0.2583,1.0,0.0,79.543,0.9966,1.0,0.2012,0.0,0.1359,0.9997,0.445,0.3684,0.9677,3.2794,0.7358,0.0079,1.0,0.0517,0.0,0.4177
1754738640000,157.1463,1.0,0.0694,0.7248,0.0,0.2611,1.0,0.0,79.4879,0.9965,1.0,0.2046,0.0,0.1381,0.9997,0.4342,0.3743,0.9891,3.0886,0.7448,0.0076,1.0,0.1017,0.0,0.4142
1754738700000,155.057,1.0,0.0694,0.7247,0.0,0.2653,1.0,0.0,77.769,0.9967,1.0,0.2034,0.0,0.14,0.9998,0.4378,0.3732,0.9589,3.1197,0.7297,0.0081,1.0,0.0807,0.0,0.4163
1754738760000,156.9855,1.0,0.0694,0.7254,0.0,0.2667,1.0,0.0,78.471,0.9965,1.0,0.2068,0.0,0.1453,0.9999,0.4324,0.3791,0.9657,3.119,0.727,0.0078,1.0,0.0588,0.0,0.4153
1754738820000,153.1298,1.0,0.0694,0.7239,0.0,0.2702,1.0,0.0,77.7584,0.9965,1.0,0.2116,0.0,0.1391,0.9999,0.4354,0.3845,0.9685,3.0816,0.7325,0.0083,1.0,0.0635,0.0,0.4285
1754738880000,157.9202,1.0,0.0694,0.7252,0.0,0.2694,1.0,0.0,78.2677,0.9967,1.0,0.2066,0.0,0.1375,0.9999,0.436,0.3791,0.9693,3.137,0.7324,0.0077,1.0,0.0551,0.0,0.4187
1754738940000,159.0335,1.0,0.0694,0.7242,0.0,0.2675,1.0,0.0,81.2682,0.9969,1.0,0.2041,0.0,0.1449,0.9999,0.4353,0.3731,1.0027,3.167,0.7535,0.0082,1.0,0.0698,0.0,0.429
1754739000000,162.3733,1.0,0.0694,0.7246,0.0,0.2639,1.0,0.0,81.646,0.9965,1.0,0.2039,0.0,0.1417,0.9997,0.4328,0.3731,0.9863,3.2571,0.7549,0.0081,1.0,0.0855,0.0,0.4138
1754739060000,152.2397,1.0,0.0694,0.7247,0.0,0.2558,1.0,0.0,76.1191,0.9964,1.0,0.206,0.0,0.1461,0.9999,0.4469,0.3774,0.9832,3.1412,0.7366,0.0079,1.0,0.1039,0.0,0.4205
1754739120000,156.1494,1.0,0.0694,0.7252,0.0,0.2611,1.0,0.0,79.189,0.9967,1.0,0.2112,0.0,0.1438,0.9998,0.4407,0.3867,0.961,3.2871,0.7313,0.0083,1.0,0.0511,0.0,0.4215
1754739180000,157.0829,1.0,0.0694,0.7259,0.0,0.2639,1.0,0.0,78.3156,0.9963,1.0,0.2039,0.0,0.1432,0.9998,0.4161,0.3762,0.9526,3.0826,0.7288,0.0078,1.0,0.1455,0.0,0.4184
1754739240000,150.7152,1.0,0.0694,0.7238,0.0,0.2667,1.0,0.0,76.1739,0.9968,1.0,0.2074,0.0,0.1465,0.9998,0.4396,0.3811,0.957,3.0972,0.7284,0.008,1.0,0.0708,0.0,0.4265
1754739300000,149.597,1.0,0.0744,0.7248,0.0,0.2528,1.0,0.0,76.0112,0.9968,1.0,0.2068,119.8889,0.1345,0.9999,0.4703,0.3787,0.9918,3.2714,0.7407,0.008,1.0,0.0503,0.1111,0.4208
1754739360000,155.5896,1.0,0.0744,0.7245,0.0,0.2639,1.0,0.0,77.6832,0.9967,1.0,0.2071,0.0,0.1556,0.9998,0.4625,0.38,0.9695,3.3384,0.7353,0.008,1.0,0.0731,0.0,0.4385
1754739420000,154.0879,1.0,0.0744,0.7252,0.0,0.2611,1.0,0.0,77.7801,0.9965,1.0,0.2002,0.0,0.1461,0.9999,0.4582,0.3678,0.9636,3.0775,0.7315,0.008,1.0,0.2066,0.0,0.4265
1754739480000,158.7159,1.0,0.0778,0.7242,0.0,0.2694,1.0,0.0,79.469,0.9964,1.0,0.2042,55.0,0.1501,0.9997,0.4304,0.3734,0.9743,3.2569,0.7362,0.0083,1.0,0.0638,0.0556,0.4147
1754739540000,154.8338,1.0,0.0778,0.7229,0.0,0.2694,1.0,0.0,79.9375,0.9971,1.0,0.2063,0.0,0.1439,0.9997,0.4335,0.3756,0.9659,3.1058,0.7338,0.0081,1.0,0.0571,0.0,0.4279
1754739600000,153.6832,1.0,0.0728,0.7235,0.0,0.275,1.0,0.0,78.9366,0.9968,1.0,0.2099,0.0,0.1551,0.9997,0.4276,0.3822,0.9605,3.2209,0.7317,0.0082,1.0,0.0947,0.0,0.4078
1754739660000,157.2601,1.0,0.075,0.7253,0.0,0.2667,1.0,0.0,79.1024,0.9967,1.0,0.2056,62.6667,0.1472,0.9998,0.4389,0.3767,0.9762,3.1082,0.738,0.008,1.0,0.072,0.0556,0.414
1754739720000,153.1584,1.0,0.075,0.7237,0.0,0.2611,1.0,0.0,78.5662,0.9967,1.0,0.2103,0.0,0.1431,0.9998,0.4568,0.3838,0.9876,3.0683,0.7456,0.008,1.0,0.0752,0.0,0.4365
1754739780000,155.28,1.0,0.0716,0.7222,0.0,0.2583,1.0,0.0,78.766,0.9967,1.0,0.1962,0.0,0.1467,0.9998,0.446,0.3599,0.984,3.1048,0.7436,0.0081,1.0,0.0614,0.0,0.411
1754739840000,157.7478,1.0,0.0716,0.7234,0.0,0.2591,1.0,0.0,80.6568,0.9969,1.0,0.2039,0.0,0.1458,0.9997,0.4467,0.3724,0.9763,3.1662,0.7394,0.0081,1.0,0.0782,0.0,0.4258
1754739900000,154.9253,1.0,0.0721,0.7245,0.0,0.2528,1.0,0.0,78.6237,0.9967,1.0,0.2084,63.7778,0.1458,0.9998,0.4464,0.3801,0.9802,3.0822,0.7479,0.0078,1.0,0.1115,0.0,0.416
1754739960000,162.1115,1.0,0.0737,0.7253,0.0,0.2556,1.0,0.0,80.3398,0.9966,1.0,0.2047,0.0,0.1396,0.9998,0.4289,0.3754,0.981,3.1271,0.7373,0.0077,1.0,0.0882,0.0556,0.4103
1754740020000,157.19,1.0,0.0737,0.7264,0.0,0.2583,1.0,0.0,77.1414,0.9965,1.0,0.2062,0.0,0.1501,0.9998,0.4365,0.3804,0.9538,3.0925,0.7241,0.0082,1.0,0.0626,0.0,0.4321
1754740080000,154.0512,1.0,0.0737,0.7243,0.0,0.2639,1.0,0.0,78.1723,0.9966,1.0,0.2064,0.0,0.1404,0.9999,0.4388,0.3777,0.9535,3.1882,0.7227,0.0078,1.0,0.0541,0.0,0.4424
1754740140000,148.8144,1.0,0.0737,0.7236,0.0,0.27,1.0,0.0,76.1016,0.9968,1.0,0.206,0.0,0.1481,0.9999,0.4636,0.3765,0.9514,3.1467,0.7208,0.0083,1.0,0.0828,0.0,0.4193
1754740200000,153.0852,1.0,0.0737,0.726,0.0,0.2759,1.0,0.0,76.5966,0.9969,1.0,0.2059,0.0,0.1499,0.9998,0.4358,0.3775,0.9529,3.2215,0.7253,0.0081,1.0,0.0998,0.0,0.4189
1754740260000,158.2457,1.0,0.0694,0.7244,0.0,0.2722,1.0,0.0,80.2907,0.9969,1.0,0.2076,0.0,0.1449,0.9998,0.4017,0.3789,0.9623,3.0892,0.728,0.0083,1.0,0.0424,0.0,0.4232
1754740320000,155.2716,1.0,0.0725,0.7239,0.0,0.2771,1.0,0.0,77.9258,0.9966,1.0,0.2104,60.5,0.1482,0.9998,0.4249,0.3846,0.9608,3.0763,0.7355,0.008,1.0,0.0655,0.0556,0.442
1754740380000,158.8323,1.0,0.0725,0.726,0.0,0.2743,1.0,0.0,78.8243,0.9965,1.0,0.2046,4.1667,0.146,0.9999,0.4465,0.3768,0.9894,3.0396,0.7554,0.0081,1.0,0.0691,0.0,0.435
1754740440000,152.6781,1.0,0.0741,0.7231,0.0,0.2667,1.0,0.0,78.2152,0.9966,1.0,0.206,50.5556,0.1494,0.9999,0.4317,0.3757,1.0121,3.0563,0.7629,0.0079,1.0,0.0618,0.0556,0.4325
1754740500000,149.8417,1.0,0.0741,0.7241,0.0,0.2631,1.0,0.0,76.5486,0.9968,1.0,0.2101,0.0,0.1485,0.9999,0.4556,0.3835,0.9989,3.0561,0.7493,0.0084,1.0,0.108,0.0,0.4156
1754740560000,161.8657,1.0,0.0759,0.7255,0.0,0.2528,1.0,0.0,80.6103,0.9966,1.0,0.2093,50.3889,0.1507,0.9997,0.4492,0.3837,0.9965,3.1942,0.7458,0.008,1.0,0.1019,0.0556,0.4112
1754740620000,151.8731,1.0,0.0728,0.7278,0.0,0.2611,1.0,0.0,74.7553,0.9966,1.0,0.2074,0.0,0.1532,0.9999,0.4461,0.3824,0.9596,2.9902,0.7263,0.0081,1.0,0.0749,0.0,0.4428
1754740680000,154.5449,1.0,0.0728,0.7239,0.0,0.2528,1.0,0.0,80.0772,0.9969,1.0,0.2175,0.0,0.1528,0.9998,0.4265,0.3961,0.9648,3.0846,0.7302,0.0081,1.0,0.071,0.0,0.4263
1754740740000,158.4771,1.0,0.0713,0.7254,0.0,0.2583,1.0,0.0,80.2305,0.9966,1.0,0.2052,0.0,0.1492,0.9999,0.4139,0.3759,1.0043,3.1793,0.7567,0.008,1.0,0.0998,0.0,0.4307
1754740800000,156.6619,1.0,0.0713,0.7225,0.0,0.2556,1.0,0.0,82.186,0.9968,1.0,0.2128,0.0,0.1488,0.9998,0.425,0.3853,0.9787,3.1825,0.7399,0.0081,1.0,0.0884,0.0,0.41
1754740860000,147.2002,1.0,0.0694,0.7249,0.0,0.2556,1.0,0.0,74.4811,0.9969,1.0,0.2164,0.0,0.1593,1.0,0.4422,0.3955,0.9764,3.1614,0.7336,0.0084,1.0,0.1003,0.0,0.4341
1754740920000,153.0608,1.0,0.0694,0.7242,0.0,0.25,1.0,0.0,78.4206,0.9966,1.0,0.2086,0.0,0.1443,0.9999,0.4513,0.3801,0.9681,3.2976,0.7319,0.0082,1.0,0.043,0.0,0.4232
1754740980000,148.2407,1.0,0.0694,0.7238,0.0,0.2528,1.0,0.0,76.4376,0.9966,1.0,0.2056,0.0,0.1511,0.9998,0.4318,0.3739,0.9639,2.9803,0.7321,0.0081,1.0,0.0661,0.0,0.412
1754741040000,153.8178,1.0,0.0694,0.7236,0.0,0.2556,1.0,0.0,79.0258,0.9966,1.0,0.215,0.0,0.1557,0.9997,0.4128,0.3921,0.985,3.228,0.742,0.0084,1.0,0.0602,0.0,0.4022
1754741100000,155.9047,1.0,0.0694,0.7239,0.0,0.2548,1.0,0.0,78.9234,0.9963,1.0,0.2064,0.0,0.1417,0.9999,0.4238,0.3775,0.9826,3.162,0.7373,0.0078,1.0,0.0698,0.0,0.4207
1754741160000,159.7898,1.0,0.0694,0.7251,0.0,0.25,1.0,0.0,79.6272,0.9964,1.0,0.2023,0.0,0.1435,0.9997,0.4185,0.3712,0.9796,3.1863,0.7393,0.0077,1.0,0.065,0.0,0.4259
1754741220000,156.9501,1.0,0.0694,0.7245,0.0,0.2556,1.0,0.0,79.5076,0.9967,1.0,0.2062,0.0,0.1475,0.9999,0.4254,0.3769,0.9807,3.1515,0.7373,0.0079,1.0,0.0709,0.0,0.4198
1754741280000,153.7685,1.0,0.0694,0.7244,0.0,0.2639,1.0,0.0,78.8427,0.9969,1.0,0.2067,0.0,0.1464,0.9998,0.46,0.377,0.9616,3.1008,0.7297,0.0083,1.0,0.0672,0.0,0.4224
1754741340000,154.446,1.0,0.0694,0.7255,0.0,0.2694,1.0,0.0,77.195,0.9969,1.0,0.2096,0.0,0.1493,0.9998,0.4556,0.3846,0.9813,3.0318,0.737,0.008,1.0,0.1115,0.0,0.4089
1754741400000,155.9678,1.0,0.0694,0.7242,0.0,0.2639,1.0,0.0,80.1944,0.9967,1.0,0.213,0.0,0.1472,0.9997,0.436,0.388,0.964,3.0983,0.7291,0.008,1.0,0.1159,0.0,0.4095
1754741460000,159.378,1.0,0.0694,0.7262,0.0,0.2667,1.0,0.0,80.2413,0.9963,1.0,0.2043,0.0,0.1389,0.9998,0.4128,0.3766,0.9611,3.0807,0.7286,0.0078,1.0,0.0866,0.0,0.4277
1754741520000,156.0093,1.0,0.0694,0.7237,0.0,0.2694,1.0,0.0,79.9485,0.9965,1.0,0.2087,0.0,0.1436,0.9997,0.43,0.3812,0.9701,3.0979,0.7288,0.0077,1.0,0.0661,0.0,0.4207
1754741580000,152.2686,1.0,0.0694,0.7242,0.0,0.2806,1.0,0.0,78.3927,0.997,1.0,0.214,0.0,0.1451,0.9998,0.4397,0.3906,0.9748,3.1974,0.7301,0.0079,1.0,0.0588,0.0,0.4189
1754741640000,151.7556,1.0,0.0694,0.7246,0.0,0.2694,1.0,0.0,77.7457,0.9968,1.0,0.2132,0.0,0.1469,0.9998,0.4539,0.3892,0.9647,3.0677,0.7236,0.0081,1.0,0.087,0.0,0.412
1754741700000,151.3339,1.0,0.0694,0.7258,0.0,0.2694,1.0,0.0,75.9956,0.9967,1.0,0.2122,0.0,0.1512,0.9999,0.4304,0.3893,0.9738,3.0752,0.7296,0.0085,1.0,0.0707,0.0,0.4169
1754741760000,160.5439,1.0,0.0694,0.7258,0.0,0.275,1.0,0.0,79.2968,0.9964,1.0,0.2042,0.0,0.1517,0.9997,0.4472,0.376,0.986,3.1749,0.7388,0.008,1.0,0.0636,0.0,0.4395
1754741820000,149.1993,1.0,0.0694,0.726,0.0,0.2639,1.0,0.0,74.4595,0.9965,1.0,0.2075,0.0,0.1558,0.9999,0.4342,0.3806,0.9857,3.1304,0.7405,0.0082,1.0,0.1022,0.0,0.4359
1754741880000,155.8265,1.0,0.0694,0.7237,0.0,0.2694,1.0,0.0,77.7484,0.9965,1.0,0.2057,0.0,0.1443,0.9998,0.4436,0.3768,0.9798,3.0589,0.7388,0.0082,1.0,0.0884,0.0,0.4223
1754741940000,151.7051,1.0,0.0694,0.7243,0.0,0.2694,1.0,0.0,76.5295,0.9967,1.0,0.2106,0.0,0.1453,0.9998,0.4385,0.3851,0.9876,3.0456,0.7416,0.0085,1.0,0.056,0.0,0.4255
1754742000000,158.82,1.0,0.0694,0.7245,0.0,0.2667,1.0,0.0,80.1606,0.9964,1.0,0.2102,0.0,0.14,0.9996,0.4382,0.3837,1.0099,3.2586,0.7509,0.0079,1.0,0.059,0.0,0.4279
1754742060000,153.8193,1.0,0.0694,0.7255,0.0,0.2694,1.0,0.0,76.9968,0.9964,1.0,0.2149,0.0,0.1552,0.9998,0.455,0.3938,0.9896,3.088,0.741,0.0085,1.0,0.0525,0.0,0.4247
1754742120000,150.5251,1.0,0.0694,0.7239,0.0,0.266,1.0,0.0,78.8912,0.9966,1.0,0.2171,0.0,0.144,0.9997,0.4631,0.3942,0.9775,3.0413,0.7374,0.0086,1.0,0.0663,0.0,0.4327
1754742180000,154.358,1.0,0.0694,0.7241,0.0,0.2583,1.0,0.0,79.3986,0.9967,1.0,0.2139,0.0,0.1465,0.9998,0.441,0.39,0.9619,3.1589,0.7307,0.0083,1.0,0.055,0.0,0.4166
1754742240000,151.9875,1.0,0.0694,0.7236,0.0,0.2639,1.0,0.0,79.1787,0.9971,1.0,0.2228,0.0,0.1426,0.9998,0.4292,0.4037,0.9673,3.0326,0.7273,0.0086,1.0,0.0565,0.0,0.4311
1754742300000,149.8901,1.0,0.0694,0.7248,0.0,0.2639,1.0,0.0,77.063,0.9971,1.0,0.2165,0.0,0.1512,0.9999,0.4324,0.3958,0.9634,3.1738,0.7228,0.0085,1.0,0.0567,0.0,0.42
1754742360000,154.5898,1.0,0.0694,0.723,0.0,0.2611,1.0,0.0,79.6562,0.9968,1.0,0.2111,0.0,0.1501,0.9998,0.4286,0.3843,0.9712,3.1412,0.7323,0.0083,1.0,0.065,0.0,0.4142
1754742420000,156.9642,1.0,0.0694,0.725,0.0,0.2556,1.0,0.0,79.5583,0.997,1.0,0.2116,0.0,0.1537,0.9998,0.444,0.388,0.9815,3.1118,0.741,0.0083,1.0,0.1006,0.0,0.4249
1754742480000,147.9344,1.0,0.0694,0.7182,0.0,0.2583,1.0,0.0,77.9315,0.9968,1.0,0.209,0.0,0.1557,0.9997,0.4104,0.3809,1.0152,3.1364,0.7533,0.0088,1.0,0.0955,0.0,0.4288
1754742540000,157.3959,1.0,0.0694,0.7224,0.0,0.2556,1.0,0.0,79.6016,0.9969,1.0,0.207,0.0,0.1522,0.9998,0.4283,0.3808,0.9714,3.099,0.7304,0.0083,1.0,0.0559,0.0,0.4228
1754742600000,162.3478,1.0,0.0694,0.7251,0.0,0.2556,1.0,0.0,82.1619,0.9968,1.0,0.2162,0.0,0.1585,0.9997,0.4331,0.3959,0.9932,3.1431,0.7468,0.0081,1.0,0.0732,0.0,0.4337
1754742660000,148.7185,1.0,0.0694,0.7239,0.0,0.2611,1.0,0.0,76.9827,0.9968,1.0,0.2153,0.0,0.1516,0.9998,0.4313,0.3918,0.9948,3.0439,0.7413,0.0086,1.0,0.0576,0.0,0.4305
1754742720000,155.9611,1.0,0.0694,0.7239,0.0,0.2528,1.0,0.0,79.6914,0.9967,1.0,0.2136,0.0,0.1444,0.9997,0.4464,0.3892,0.9832,2.9543,0.7317,0.0083,1.0,0.0423,0.0,0.4248
1754742780000,151.6125,1.0,0.0694,0.7242,0.0,0.2639,1.0,0.0,77.6489,0.9966,1.0,0.2071,0.0,0.148,0.9998,0.4674,0.3776,0.9918,3.0941,0.7402,0.0086,1.0,0.0674,0.0,0.4165
1754742840000,151.6064,1.0,0.0694,0.7247,0.0,0.275,1.0,0.0,76.6066,0.9969,1.0,0.2112,0.0,0.1469,0.9998,0.4471,0.3865,0.9699,3.1058,0.7247,0.008,1.0,0.0531,0.0,0.408
1754742900000,156.1013,1.0,0.0694,0.7253,0.0,0.2667,1.0,0.0,78.3384,0.997,1.0,0.213,0.0,0.1416,0.9999,0.431,0.3904,0.9747,3.0816,0.7299,0.0079,1.0,0.0893,0.0,0.418
1754742960000,150.6601,1.0,0.0694,0.7241,0.0,0.2667,1.0,0.0,76.163,0.9968,1.0,0.2122,0.0,0.1582,0.9999,0.4482,0.3875,0.9645,3.1062,0.7167,0.0082,1.0,0.0646,0.0,0.4215
1754743020000,153.6492,1.0,0.0694,0.7269,0.0,0.2611,1.0,0.0,75.5703,0.9967,1.0,0.2078,0.0,0.1498,0.9999,0.4449,0.3824,0.9551,2.914,0.7202,0.0085,1.0,0.0658,0.0,0.4207
1754743080000,153.7456,1.0,0.0694,0.7238,0.0,0.2639,1.0,0.0,79.8458,0.9969,1.0,0.2137,0.0,0.1455,0.9998,0.4403,0.3885,0.9667,3.0989,0.7296,0.0084,1.0,0.0746,0.0,0.4233
1754743140000,145.7053,1.0,0.0694,0.7218,0.0,0.2639,1.0,0.0,77.3563,0.9971,1.0,0.2182,0.0,0.1419,0.9999,0.4288,0.3941,0.9562,3.0358,0.7254,0.0083,1.0,0.0662,0.0,0.4132
1754743200000,150.8519,1.0,0.0694,0.7214,0.0,0.2667,1.0,0.0,78.5708,0.9967,1.0,0.2068,0.0,0.1446,0.9998,0.4201,0.3761,0.9686,2.9511,0.73,0.0081,1.0,0.0499,0.0,0.3994
1754743260000,150.1402,1.0,0.0694,0.7225,0.0,0.2639,1.0,0.0,78.1592,0.9968,1.0,0.212,0.0,0.1426,0.9998,0.4226,0.3854,0.9812,3.1712,0.7301,0.0081,1.0,0.0684,0.0,0.4173
1754743320000,156.3969,1.0,0.0694,0.7235,0.0,0.2583,1.0,0.0,80.4856,0.9966,1.0,0.2113,0.0,0.1482,0.9996,0.4171,0.3848,0.9734,3.0963,0.7309,0.0081,1.0,0.0702,0.0,0.4213
1754743380000,149.9848,1.0,0.0694,0.7234,0.0,0.2611,1.0,0.0,76.9074,0.9968,1.0,0.2139,0.0,0.1494,0.9998,0.445,0.3899,0.9697,2.9401,0.7294,0.0084,1.0,0.0413,0.0,0.4217
1754743440000,147.3335,1.0,0.0694,0.7217,0.0,0.25,1.0,0.0,78.4205,0.9968,1.0,0.2115,0.0,0.1523,0.9999,0.4082,0.3828,0.9776,2.8824,0.7267,0.0082,1.0,0.071,0.0,0.4288
1754743500000,147.1017,1.0,0.0694,0.7241,0.0,0.2639,1.0,0.0,75.4784,0.9969,1.0,0.2126,0.0,0.1543,0.9998,0.4037,0.3877,0.9911,3.068,0.7374,0.0084,1.0,0.1113,0.0,0.4134
1754743560000,149.2331,1.0,0.0694,0.7234,0.0,0.2667,1.0,0.0,77.4706,0.9967,1.0,0.2109,0.0,0.1599,0.9998,0.4417,0.3839,0.9714,2.9938,0.7277,0.0084,1.0,0.0957,0.0,0.426
1754743620000,151.6852,1.0,0.0694,0.7249,0.0,0.2694,1.0,0.0,77.5727,0.9968,1.0,0.2095,0.0,0.1386,0.9998,0.4304,0.3831,0.9734,3.0876,0.7379,0.0076,1.0,0.0426,0.0,0.4127
1754743680000,152.2314,1.0,0.0694,0.7245,0.0,0.2667,1.0,0.0,78.3046,0.9969,1.0,0.2142,0.0,0.1347,0.9998,0.449,0.3905,0.9776,2.968,0.7301,0.0079,1.0,0.0655,0.0,0.4313
1754743740000,153.5229,1.0,0.0694,0.7248,0.0,0.2667,1.0,0.0,78.275,0.9969,1.0,0.2146,0.0,0.1493,0.9999,0.4639,0.3918,0.9703,3.1009,0.73,0.0085,1.0,0.0719,0.0,0.4365
1754743800000,151.2153,1.0,0.0694,0.7241,0.0,0.2611,1.0,0.0,76.9259,0.9969,1.0,0.2063,0.0,0.1443,0.9999,0.4546,0.3769,0.9762,2.983,0.7356,0.0081,1.0,0.0588,0.0,0.4375
1754743860000,149.164,1.0,0.0694,0.7244,0.0,0.2556,1.0,0.0,75.9313,0.9967,1.0,0.2135,0.0,0.1426,0.9999,0.4519,0.3901,0.9581,3.0891,0.7195,0.0083,1.0,0.0733,0.0,0.4228
1754743920000,150.4169,1.0,0.0694,0.7239,0.0,0.2583,1.0,0.0,77.2069,0.9969,1.0,0.2162,0.0,0.1447,0.9999,0.4429,0.3938,0.9505,2.9078,0.7175,0.0083,1.0,0.0901,0.0,0.4315
1754743980000,155.0654,1.0,0.0694,0.7226,0.0,0.2528,1.0,0.0,80.1756,0.9969,1.0,0.2144,0.0,0.1483,0.9998,0.4486,0.3891,0.9729,3.2335,0.7372,0.0079,1.0,0.0735,0.0,0.4219
1754744040000,153.8227,1.0,0.0694,0.7225,0.0,0.2583,1.0,0.0,78.9859,0.9969,1.0,0.2097,0.0,0.1451,0.9997,0.43,0.3815,0.9698,3.1184,0.7264,0.0079,1.0,0.0831,0.0,0.4138
1754744100000,146.6781,1.0,0.0694,0.7222,0.0,0.2583,1.0,0.0,76.4753,0.997,1.0,0.2163,0.0,0.1498,0.9999,0.4271,0.3923,0.9702,3.1384,0.7204,0.0082,1.0,0.0663,0.0,0.4105
1754744160000,152.6525,1.0,0.0694,0.7241,0.0,0.2694,1.0,0.0,79.6837,0.9969,1.0,0.2184,0.0,0.1507,0.9998,0.4329,0.3978,0.9753,3.0818,0.726,0.008,1.0,0.0645,0.0,0.4276
1754744220000,156.4975,1.0,0.0694,0.7245,0.0,0.2722,1.0,0.0,79.3389,0.997,1.0,0.2106,0.0,0.1477,0.9997,0.3993,0.3857,0.9696,3.0033,0.7224,0.0082,1.0,0.0412,0.0,0.4082
1754744280000,153.7108,1.0,0.0694,0.721,0.0,0.2694,1.0,0.0,81.7089,0.9971,1.0,0.2159,0.0,0.1447,0.9997,0.4008,0.3899,0.9652,3.1267,0.7224,0.0084,1.0,0.0608,0.0,0.4127
1754744340000,158.1434,1.0,0.0694,0.7238,0.0,0.2702,1.0,0.0,80.278,0.9972,1.0,0.2126,0.0,0.1421,0.9997,0.414,0.3881,0.9561,3.2287,0.7185,0.0081,1.0,0.058,0.0,0.4037
1754744400000,157.9279,1.0,0.0694,0.7245,0.0,0.2639,1.0,0.0,81.52,0.9968,1.0,0.2141,0.0,0.1445,0.9998,0.4429,0.3904,0.9746,3.073,0.7284,0.0081,1.0,0.1819,0.0,0.4155
1754744460000,154.4844,1.0,0.0694,0.7217,0.0,0.2556,1.0,0.0,81.6959,0.9969,1.0,0.2181,0.0,0.1494,0.9997,0.4575,0.3943,0.9871,3.123,0.7412,0.0086,1.0,0.0579,0.0,0.4196
1754744520000,158.3147,1.0,0.0694,0.7238,0.0,0.2604,1.0,0.0,81.0964,0.9967,1.0,0.2104,0.0,0.1426,0.9998,0.4481,0.3831,0.9853,3.0058,0.7429,0.0081,1.0,0.0602,0.0,0.4297
1754744580000,152.7406,1.0,0.0694,0.7219,0.0,0.2667,1.0,0.0,79.9734,0.9966,1.0,0.2169,0.0,0.1503,0.9997,0.4125,0.3925,0.9837,3.0938,0.7382,0.0083,1.0,0.0906,0.0,0.4141
1754744640000,155.0045,1.0,0.0694,0.7242,0.0,0.2667,1.0,0.0,79.1063,0.9969,1.0,0.2187,0.0,0.1524,0.9996,0.4335,0.3977,0.9794,2.9931,0.7317,0.0082,1.0,0.0836,0.0,0.428
1754744700000,160.3209,1.0,0.0694,0.7249,0.0,0.2611,1.0,0.0,80.2354,0.9967,1.0,0.2137,0.0,0.1483,0.9998,0.4236,0.391,0.9723,3.1163,0.7271,0.0083,1.0,0.0509,0.0,0.4247
1754744760000,155.6584,1.0,0.0694,0.7232,0.0,0.2583,1.0,0.0,80.2972,0.9969,1.0,0.2131,0.0,0.1485,0.9998,0.4419,0.387,0.9876,3.0161,0.7396,0.008,1.0,0.0867,0.0,0.4306
1754744820000,151.7209,1.0,0.0694,0.7227,0.0,0.2556,1.0,0.0,78.6416,0.9971,1.0,0.2162,0.0,0.1508,0.9998,0.4585,0.3919,0.9686,3.0431,0.7292,0.0083,1.0,0.0867,0.0,0.4363
1754744880000,151.3212,1.0,0.0694,0.7229,0.0,0.2556,1.0,0.0,78.2713,0.9968,1.0,0.2156,0.0,0.1524,0.9999,0.4847,0.3935,0.9776,3.0456,0.7364,0.0085,1.0,0.0754,0.0,0.4138
1754744940000,153.1854,1.0,0.0694,0.723,0.0,0.2528,1.0,0.0,76.8395,0.9968,1.0,0.201,0.0,0.1527,0.9998,0.4785,0.3699,0.9961,3.0951,0.7391,0.0083,1.0,0.0735,0.0,0.427
1754745000000,154.8227,1.0,0.0694,0.7213,0.0,0.2603,1.0,0.0,78.222,0.9967,1.0,0.2023,0.0,0.1524,0.9997,0.4769,0.3714,0.9886,2.9647,0.7297,0.0083,1.0,0.0695,0.0,0.4318
1754745060000,154.241,1.0,0.0694,0.7234,0.0,0.2688,1.0,0.0,79.3597,0.997,1.0,0.2134,0.0,0.1455,0.9998,0.4899,0.3879,0.9717,3.1849,0.7243,0.0086,1.0,0.0751,0.0,0.4368
1754745120000,157.2253,1.0,0.0694,0.7238,0.0,0.2667,1.0,0.0,79.6139,0.9966,1.0,0.2096,0.0,0.1503,0.9997,0.4785,0.3832,0.9799,2.9487,0.7254,0.0082,1.0,0.0957,0.0,0.4162
1754745180000,154.9261,1.0,0.0694,0.7231,0.0,0.2618,1.0,0.0,80.037,0.9968,1.0,0.2099,0.0,0.1435,0.9997,0.4537,0.3818,0.9797,2.9596,0.7265,0.0083,1.0,0.0587,0.0,0.436
1754745240000,161.0764,1.0,0.0694,0.7261,0.0,0.2583,1.0,0.0,80.4831,0.9964,1.0,0.206,0.0,0.1458,0.9997,0.4418,0.3786,0.9858,2.9275,0.7322,0.0085,1.0,0.074,0.0,0.4114
1754745300000,151.1625,1.0,0.0694,0.723,0.0,0.2556,1.0,0.0,76.0792,0.9964,1.0,0.201,0.0,0.1545,0.9999,0.4439,0.3693,0.9804,2.9306,0.728,0.0083,1.0,0.1217,0.0,0.4377
1754745360000,154.1848,1.0,0.0694,0.7222,0.0,0.2556,1.0,0.0,78.4992,0.9967,1.0,0.2077,0.0,0.1592,0.9998,0.4324,0.3798,0.972,3.0256,0.7353,0.0082,1.0,0.0724,0.0,0.4363
1754745420000,157.2607,1.0,0.0694,0.7254,0.0,0.2583,1.0,0.0,79.4667,0.997,1.0,0.2149,0.0,0.1509,0.9997,0.4271,0.3927,0.974,2.8411,0.7311,0.0084,1.0,0.0449,0.0,0.4284
1754745480000,157.0884,1.0,0.0694,0.7252,0.0,0.2556,1.0,0.0,78.9966,0.9967,1.0,0.214,0.0,0.1539,0.9998,0.4479,0.3919,0.9878,3.1029,0.7447,0.0085,1.0,0.0384,0.0,0.4291
1754745540000,150.2593,1.0,0.0694,0.7239,0.0,0.2528,1.0,0.0,78.1793,0.997,1.0,0.2203,0.0,0.1541,0.9998,0.4675,0.4016,0.9647,2.8918,0.7241,0.0081,1.0,0.0439,0.0,0.4305
1754745600000,157.4768,1.0,0.0694,0.724,0.0,0.2528,1.0,0.0,80.6748,0.997,1.0,0.2206,0.0,0.1479,0.9996,0.4568,0.4018,0.9767,3.0125,0.7409,0.0081,1.0,0.054,0.0,0.4315
1754745660000,153.1366,1.0,0.0694,0.7232,0.0,0.2528,1.0,0.0,80.3362,0.9968,1.0,0.2168,0.0,0.1468,0.9999,0.4475,0.3935,0.9915,2.9851,0.7463,0.0085,1.0,0.0564,0.0,0.4351
1754745720000,154.1407,1.0,0.0694,0.7235,0.0,0.2611,1.0,0.0,81.0447,0.9971,1.0,0.2198,0.0,0.1514,0.9997,0.4753,0.3986,1.0139,3.0215,0.7511,0.0086,1.0,0.0496,0.0,0.4255
1754745780000,150.8906,1.0,0.0694,0.7199,0.0,0.2674,1.0,0.0,78.1855,0.9968,1.0,0.1992,0.0,0.1498,0.9999,0.479,0.3647,1.0094,2.9539,0.8637,0.0084,1.0,0.0817,0.0,0.4248
1754745840000,158.4136,1.0,0.0694,0.7216,0.0,0.2667,1.0,0.0,80.3499,0.9969,1.0,0.1964,0.0,0.1495,0.9997,0.4644,0.3609,0.989,2.9859,0.8158,0.0085,1.0,0.2595,0.0,0.435
1754745900000,153.0483,1.0,0.0694,0.7254,0.0,0.2768,1.0,0.0,78.9381,0.997,1.0,0.2143,0.0,0.147,0.9998,0.4657,0.3924,0.9858,3.0535,0.7378,0.0087,1.0,0.0699,0.0,0.4234
1754745960000,151.1647,1.0,0.0694,0.7223,0.0,0.2649,1.0,0.0,80.7178,0.9971,1.0,0.226,0.0,0.1416,0.9996,0.4604,0.4091,0.9693,2.981,0.7257,0.0083,1.0,0.0386,0.0,0.4171
1754746020000,148.0161,1.0,0.0694,0.7201,0.0,0.2646,1.0,0.0,78.0339,0.9972,1.0,0.2061,0.0,0.1495,0.9998,0.4681,0.3752,0.9634,2.9699,0.722,0.0081,1.0,0.2293,0.0,0.4155
1754746080000,147.539,1.0,0.0694,0.7215,0.0,0.2667,1.0,0.0,76.8551,0.9973,1.0,0.207,0.0,0.1457,0.9998,0.4549,0.3774,0.9602,2.8436,0.7177,0.0087,1.0,0.0615,0.0,0.4149
1754746140000,153.9128,1.0,0.0694,0.7213,0.0,0.2722,1.0,0.0,80.4978,0.9972,1.0,0.2035,0.0,0.1454,0.9998,0.4538,0.3717,0.9782,2.8874,0.7764,0.008,1.0,0.0593,0.0,0.413
1754746200000,159.7231,1.0,0.0694,0.7211,0.0,0.2611,1.0,0.0,82.636,0.9972,1.0,0.2014,0.0,0.1497,0.9997,0.4507,0.3686,0.9677,2.9947,0.8049,0.0084,1.0,0.0907,0.0,0.4329
1754746260000,149.4311,1.0,0.0694,0.7196,0.0,0.2631,1.0,0.0,78.4661,0.9967,1.0,0.1987,0.0,0.1568,0.9999,0.4568,0.3629,0.9735,2.9634,0.799,0.0083,1.0,0.1153,0.0,0.4239
1754746320000,151.883,1.0,0.0694,0.7219,0.0,0.2639,1.0,0.0,77.3834,0.9966,1.0,0.198,0.0,0.1471,0.9998,0.46,0.3638,0.9675,2.9518,0.7883,0.0085,1.0,0.1082,0.0,0.4207
1754746380000,151.3794,1.0,0.0694,0.7212,0.0,0.2507,1.0,0.0,78.0927,0.9969,1.0,0.2004,0.0,0.1463,0.9997,0.4499,0.368,0.9754,2.9041,0.7853,0.0081,1.0,0.0578,0.0,0.4421
1754746440000,149.3511,1.0,0.0694,0.7253,0.0,0.2639,1.0,0.0,75.6233,0.997,1.0,0.21,0.0,0.1504,0.9998,0.4436,0.3861,0.9668,3.0183,0.7328,0.0081,1.0,0.0435,0.0,0.4203
1754746500000,151.3453,1.0,0.0694,0.7239,0.0,0.2583,1.0,0.0,76.6828,0.9969,1.0,0.2148,0.0,0.1501,0.9999,0.4372,0.3931,1.0205,2.9322,0.7318,0.0085,1.0,0.0756,0.0,0.4275
1754746560000,152.2974,1.0,0.0694,0.7244,0.0,0.2583,1.0,0.0,78.1064,0.9972,1.0,0.2169,0.0,0.1477,0.9999,0.4407,0.3957,0.9613,2.8574,0.7165,0.0084,1.0,0.0436,0.0,0.4306
1754746620000,154.8112,1.0,0.0694,0.7241,0.0,0.2604,1.0,0.0,80.1901,0.9971,1.0,0.2105,0.0,0.1476,0.9998,0.454,0.3833,0.9813,2.7906,0.7375,0.0081,1.0,0.0434,0.0,0.4153
1754746680000,154.5828,1.0,0.0694,0.7233,0.0,0.2537,1.0,0.0,80.9125,0.9971,1.0,0.2208,0.0,0.1473,0.9997,0.465,0.4009,0.9571,2.8375,0.7184,0.0084,1.0,0.0479,0.0,0.4144
1754746740000,150.8722,1.0,0.0694,0.7245,0.0,0.2583,1.0,0.0,77.5262,0.9973,1.0,0.2144,0.0,0.1468,0.9998,0.436,0.3906,0.9571,2.9241,0.7175,0.0079,1.0,0.0432,0.0,0.4239
1754746800000,154.2159,1.0,0.0694,0.7243,0.0,0.2555,1.0,0.0,79.3341,0.9969,1.0,0.2169,0.0,0.1469,0.9997,0.4207,0.3955,0.9679,3.0108,0.7247,0.0085,1.0,0.0405,0.0,0.4114
1754746860000,154.3833,1.0,0.0694,0.7235,0.0,0.2528,1.0,0.0,79.1051,0.9968,1.0,0.2142,0.0,0.1501,0.9997,0.4204,0.39,0.9824,3.007,0.7343,0.0084,1.0,0.1417,0.0,0.4218
1754746920000,153.5686,1.0,0.0694,0.7221,0.0,0.25,1.0,0.0,80.3921,0.9971,1.0,0.2209,0.0,0.1448,0.9999,0.4163,0.4006,0.9783,3.0054,0.737,0.0084,1.0,0.0955,0.0,0.4226
1754746980000,146.7156,1.0,0.0694,0.7221,0.0,0.2472,1.0,0.0,76.5799,0.9972,1.0,0.2208,0.0,0.154,0.9999,0.424,0.3999,0.9624,2.9236,0.7211,0.0082,1.0,0.0746,0.0,0.4309
1754747040000,151.8079,1.0,0.0694,0.7238,0.0,0.2667,1.0,0.0,77.6383,0.9972,1.0,0.2129,0.0,0.147,0.9998,0.4197,0.3884,0.9819,3.0095,0.7336,0.0084,1.0,0.0791,0.0,0.4195
1754747100000,153.4652,1.0,0.0694,0.7218,0.0,0.2681,1.0,0.0,81.4654,0.9971,1.0,0.2219,0.0,0.1499,0.9998,0.4411,0.4011,0.9947,3.1151,0.7447,0.0086,1.0,0.1353,0.0,0.4161
1754747160000,149.6213,1.0,0.0694,0.722,0.0,0.2667,1.0,0.0,79.0004,0.9971,1.0,0.2184,0.0,0.1514,0.9998,0.4335,0.3942,0.9676,2.9949,0.7249,0.0084,1.0,0.0902,0.0,0.4233
1754747220000,152.149,1.0,0.0694,0.7227,0.0,0.2674,1.0,0.0,79.7653,0.9972,1.0,0.2176,0.0,0.1488,0.9997,0.4128,0.3941,0.9866,2.9243,0.7402,0.0086,1.0,0.0618,0.0,0.4173
1754747280000,150.6909,1.0,0.0694,0.7222,0.0,0.2639,1.0,0.0,78.1359,0.9971,1.0,0.2154,0.0,0.1427,0.9997,0.439,0.3906,0.973,2.8949,0.7251,0.0084,1.0,0.0814,0.0,0.4207
1754747340000,148.4819,1.0,0.0694,0.719,0.0,0.2722,1.0,0.0,77.7538,0.9971,1.0,0.2083,0.0,0.1534,0.9998,0.4461,0.3789,0.9617,3.0383,0.7211,0.0086,1.0,0.0585,0.0,0.4121
1754747400000,147.3958,1.0,0.0694,0.7185,0.0,0.2688,1.0,0.0,77.8552,0.9972,1.0,0.2035,0.0,0.1513,1.0,0.434,0.3704,0.9649,2.8699,0.7185,0.0083,1.0,0.0619,0.0,0.4148
1754747460000,148.4656,1.0,0.0694,0.7184,0.0,0.2667,1.0,0.0,78.5512,0.997,1.0,0.206,0.0,0.144,0.9998,0.435,0.3742,0.9719,3.0389,0.7208,0.0084,1.0,0.0596,0.0,0.4069
1754747520000,148.5889,1.0,0.0694,0.7191,0.0,0.2611,1.0,0.0,77.7316,0.9969,1.0,0.2069,0.0,0.1519,0.9999,0.436,0.3749,0.979,2.9003,0.7254,0.0086,1.0,0.0467,0.0,0.4178
1754747580000,145.572,1.0,0.0694,0.7197,0.0,0.2583,1.0,0.0,77.1091,0.9969,1.0,0.203,0.0,0.1432,0.9999,0.4301,0.3679,0.9697,2.9085,0.7248,0.0086,1.0,0.0752,0.0,0.417
1754747640000,149.4251,1.0,0.0694,0.7205,0.0,0.2639,1.0,0.0,77.8211,0.9969,1.0,0.2117,0.0,0.1426,0.9998,0.4063,0.3838,0.9708,2.9125,0.7234,0.0082,1.0,0.0748,0.0,0.4117
1754747700000,154.4538,1.0,0.0694,0.7236,0.0,0.2611,1.0,0.0,79.7546,0.9969,1.0,0.2147,0.0,0.1418,0.9997,0.4292,0.3899,0.9931,3.015,0.7394,0.0084,1.0,0.1624,0.0,0.4168
1754747760000,147.7874,1.0,0.0694,0.7226,0.0,0.2618,1.0,0.0,77.9239,0.9972,1.0,0.2174,0.0,0.1533,0.9999,0.4378,0.3942,0.9678,2.9449,0.7217,0.0085,1.0,0.0502,0.0,0.4288
1754747820000,146.8745,1.0,0.0694,0.7218,0.0,0.2667,1.0,0.0,78.2394,0.9972,1.0,0.2198,0.0,0.1458,0.9999,0.4244,0.3973,0.9625,2.9234,0.723,0.0083,1.0,0.0475,0.0,0.4219
1754747880000,147.8666,1.0,0.0694,0.723,0.0,0.2639,1.0,0.0,76.6942,0.997,1.0,0.2093,0.0,0.1497,0.9998,0.4161,0.3815,0.9588,2.9069,0.7519,0.0084,1.0,0.0314,0.0,0.4158
1754747940000,154.0147,1.0,0.0694,0.7244,0.0,0.2611,1.0,0.0,77.2844,0.9974,1.0,0.2073,0.0,0.1465,0.9998,0.4136,0.3806,0.9589,2.8559,0.7617,0.008,1.0,0.0405,0.0,0.4135
1754748000000,161.31,1.0,0.0694,0.723,0.0,0.2598,1.0,0.0,82.6729,0.9967,1.0,0.211,0.0,0.1575,0.9997,0.4169,0.3858,0.9979,3.1276,0.7783,0.0084,1.0,0.0451,0.0,0.4162
1754748060000,153.6241,1.0,0.0694,0.723,0.0,0.2467,1.0,0.0,78.1814,0.9966,1.0,0.2127,0.0,0.1521,0.9997,0.4478,0.3892,0.9949,2.9654,0.7697,0.0086,1.0,0.0705,0.0,0.4436
1754748120000,147.8443,1.0,0.0694,0.7218,0.0,0.2521,1.0,0.0,77.0162,0.9968,1.0,0.2163,0.0,0.1593,0.9998,0.4271,0.3926,0.9823,2.8805,0.7317,0.0089,1.0,0.2686,0.0,0.4356
1754748180000,150.9203,1.0,0.0694,0.7239,0.0,0.2583,1.0,0.0,76.9461,0.9969,1.0,0.2174,0.0,0.1541,0.9998,0.4303,0.3965,0.9939,3.0184,0.7464,0.0085,1.0,0.0898,0.0,0.4223
1754748240000,146.6223,1.0,0.0694,0.7229,0.0,0.2583,1.0,0.0,76.2162,0.997,1.0,0.2172,0.0,0.1503,0.9999,0.4303,0.394,0.9813,2.8001,0.7297,0.0086,1.0,0.0809,0.0,0.4455
1754748300000,153.1321,1.0,0.0694,0.722,0.0,0.2495,1.0,0.0,79.911,0.9971,1.0,0.2181,0.0,0.1538,0.9998,0.4333,0.3957,0.9735,2.8815,0.7278,0.0083,1.0,0.0674,0.0,0.418
1754748360000,153.8436,1.0,0.0694,0.7238,0.0,0.2555,1.0,0.0,78.109,0.9969,1.0,0.2101,0.0,0.1502,0.9998,0.4365,0.3835,0.9744,2.8255,0.7283,0.0084,1.0,0.0747,0.0,0.4175
1754748420000,149.0515,1.0,0.0694,0.7239,0.0,0.2556,1.0,0.0,76.2832,0.997,1.0,0.2198,0.0,0.1474,0.9998,0.4429,0.4007,0.9667,2.9508,0.7189,0.0086,1.0,0.0677,0.0,0.4233
1754748480000,151.1283,1.0,0.0694,0.7232,0.0,0.2563,1.0,0.0,77.9163,0.997,1.0,0.2136,0.0,0.1502,0.9998,0.4533,0.3895,0.9846,2.8653,0.758,0.0085,1.0,0.0594,0.0,0.4335
1754748540000,145.9969,1.0,0.0694,0.7187,0.0,0.2611,1.0,0.0,76.4298,0.9971,1.0,0.2048,0.0,0.15,0.9998,0.4569,0.3739,0.9736,2.8437,0.8141,0.0084,1.0,0.0392,0.0,0.4313
1754748600000,143.7243,1.0,0.0694,0.7215,0.0,0.2667,1.0,0.0,76.0218,0.9971,1.0,0.2093,0.0,0.1406,0.9999,0.4458,0.3798,0.9664,2.9941,0.7586,0.0082,1.0,0.0452,0.0,0.413
1754748660000,155.0024,1.0,0.0694,0.7225,0.0,0.2639,1.0,0.0,80.8125,0.9968,1.0,0.2054,0.0,0.1474,0.9997,0.4317,0.3739,0.9998,3.0081,0.7708,0.0082,1.0,0.0356,0.0,0.4111
1754748720000,175.4144,1.0,0.0694,0.7228,0.0,0.2611,1.0,0.0,91.8405,0.9968,1.0,0.2177,0.0,0.1474,0.9991,0.4119,0.3954,1.0047,3.0656,0.7474,0.0084,1.0,0.0466,0.0,0.416
1754748780000,142.3974,1.0,0.0694,0.7213,0.0,0.2583,1.0,0.0,76.8752,0.9975,1.0,0.2216,0.0,0.1479,0.9997,0.4013,0.398,0.969,2.9105,0.7211,0.0083,1.0,0.0538,0.0,0.412
1754748840000,142.6348,1.0,0.0694,0.7225,0.0,0.2657,1.0,0.0,75.4434,0.9974,1.0,0.2217,0.0,0.1473,0.9999,0.4064,0.4012,0.966,2.8698,0.7175,0.0085,1.0,0.0481,0.0,0.4015
1754748900000,146.4348,1.0,0.0694,0.7209,0.0,0.2611,1.0,0.0,78.1814,0.9972,1.0,0.2125,0.0,0.1472,0.9998,0.4075,0.3851,0.994,2.895,0.735,0.0085,1.0,0.2227,0.0,0.4169
1754748960000,148.6253,1.0,0.0694,0.7219,0.0,0.2611,1.0,0.0,78.3829,0.9973,1.0,0.2192,0.0,0.1461,0.9997,0.4156,0.3964,0.9723,3.0229,0.719,0.0085,1.0,0.0484,0.0,0.4145
1754749020000,147.1155,1.0,0.0694,0.7226,0.0,0.2639,1.0,0.0,77.105,0.9972,1.0,0.222,0.0,0.1464,0.9998,0.3971,0.4013,0.9707,2.889,0.7171,0.0089,1.0,0.0659,0.0,0.4074
1754749080000,147.5185,1.0,0.0694,0.723,0.0,0.2702,1.0,0.0,76.8281,0.9973,1.0,0.2121,0.0,0.1532,0.9997,0.4069,0.3845,0.9796,3.0893,0.7223,0.0085,1.0,0.0607,0.0,0.4118
1754749140000,151.2532,1.0,0.0694,0.7252,0.0,0.2722,1.0,0.0,76.5224,0.9973,1.0,0.2145,0.0,0.1497,0.9998,0.4335,0.3922,0.9741,2.8541,0.7243,0.0082,1.0,0.108,0.0,0.4138
1754749200000,148.9742,1.0,0.0694,0.7249,0.0,0.2611,1.0,0.0,76.4963,0.9972,1.0,0.2172,0.0,0.1522,0.9998,0.4365,0.3951,0.9847,2.8078,0.7268,0.0087,1.0,0.0616,0.0,0.4182
1754749260000,151.6155,1.0,0.0694,0.7247,0.0,0.2639,1.0,0.0,77.9168,0.997,1.0,0.2177,0.0,0.1524,0.9996,0.4444,0.3958,0.9692,2.8291,0.717,0.0084,1.0,0.0549,0.0,0.415
1754749320000,147.7341,1.0,0.0694,0.7238,0.0,0.2583,1.0,0.0,76.5232,0.9971,1.0,0.218,0.0,0.1508,0.9998,0.4406,0.3964,0.9772,2.8516,0.7194,0.0084,1.0,0.1874,0.0,0.416
1754749380000,152.3418,1.0,0.0694,0.7248,0.0,0.2472,1.0,0.0,77.9746,0.9972,1.0,0.2126,0.0,0.1427,0.9998,0.4131,0.3881,0.9665,2.8923,0.7155,0.0083,1.0,0.0505,0.0,0.4202
1754749440000,150.0314,1.0,0.0694,0.7215,0.0,0.2556,1.0,0.0,81.9604,0.9973,1.0,0.2216,0.0,0.1443,0.9996,0.4071,0.3981,0.9806,2.8784,0.717,0.0087,1.0,0.1028,0.0,0.4126
1754749500000,148.8737,1.0,0.0694,0.7212,0.0,0.2583,1.0,0.0,79.6842,0.9975,1.0,0.2212,0.0,0.1524,0.9998,0.399,0.3979,0.9834,2.9467,0.7232,0.0086,1.0,0.0895,0.0,0.3965
1754749560000,149.4991,1.0,0.0694,0.7222,0.0,0.2584,1.0,0.0,80.4352,0.9973,1.0,0.2194,0.0,0.1533,0.9997,0.3893,0.396,0.9724,2.8621,0.7163,0.0088,1.0,0.0639,0.0,0.4026
1754749620000,148.0763,1.0,0.0694,0.7234,0.0,0.2556,1.0,0.0,78.6304,0.9974,1.0,0.2194,0.0,0.1475,0.9997,0.4006,0.3973,0.9695,2.7968,0.713,0.0084,1.0,0.047,0.0,0.4049
1754749680000,148.6968,1.0,0.0694,0.721,0.0,0.2561,1.0,0.0,80.3317,0.9972,1.0,0.2166,0.0,0.1472,0.9998,0.4083,0.3896,0.9697,2.9293,0.7154,0.0084,1.0,0.0506,0.0,0.3987
1754749740000,149.5131,1.0,0.0694,0.7234,0.0,0.2667,1.0,0.0,79.2913,0.9973,1.0,0.2163,0.0,0.1476,0.9999,0.4124,0.3928,0.9478,2.9171,0.7044,0.0087,1.0,0.171,0.0,0.3947
1754749800000,153.636,1.0,0.0694,0.7221,0.0,0.2611,1.0,0.0,81.5501,0.9971,1.0,0.2156,0.0,0.1486,0.9997,0.3871,0.3891,0.9591,2.9342,0.7144,0.0086,1.0,0.1116,0.0,0.3885
1754749860000,147.0065,1.0,0.0694,0.7205,0.0,0.2611,1.0,0.0,78.9779,0.9972,1.0,0.2206,0.0,0.1438,0.9998,0.41,0.3961,0.9588,2.783,0.7118,0.0088,1.0,0.0671,0.0,0.4016
1754749920000,148.2305,1.0,0.0694,0.7227,0.0,0.2603,1.0,0.0,78.0499,0.997,1.0,0.218,0.0,0.1511,0.9998,0.4242,0.3936,0.969,2.8642,0.7159,0.0085,1.0,0.0812,0.0,0.3963
1754749980000,148.0435,1.0,0.0694,0.7234,0.0,0.2694,1.0,0.0,77.4685,0.9968,1.0,0.215,0.0,0.1609,0.9999,0.4346,0.3904,0.9633,2.811,0.7168,0.009,1.0,0.0521,0.0,0.4117
1754750040000,153.6648,1.0,0.0694,0.7241,0.0,0.2667,1.0,0.0,78.5161,0.9973,1.0,0.2157,0.0,0.1488,0.9996,0.4671,0.3921,0.9697,2.7033,0.7185,0.0085,1.0,0.0357,0.0,0.4084
1754750100000,149.3383,1.0,0.0694,0.724,0.0,0.2528,1.0,0.0,77.0663,0.9973,1.0,0.2138,0.0,0.1478,0.9997,0.4696,0.3883,0.9728,2.9542,0.7213,0.0085,1.0,0.0621,0.0,0.416
1754750160000,152.9415,1.0,0.0694,0.723,0.0,0.2528,1.0,0.0,79.835,0.9972,1.0,0.2137,0.0,0.1401,0.9997,0.4256,0.3869,0.9648,2.8697,0.7106,0.0086,1.0,0.0448,0.0,0.4076
1754750220000,152.7524,1.0,0.0694,0.7241,0.0,0.2444,1.0,0.0,79.1305,0.9972,1.0,0.2156,0.0,0.1456,0.9996,0.3985,0.3923,0.9778,2.6828,0.7191,0.0087,1.0,0.0482,0.0,0.4006
1754750280000,149.1379,1.0,0.0694,0.7225,0.0,0.2472,1.0,0.0,77.1823,0.9974,1.0,0.2078,0.0,0.1472,0.9996,0.4099,0.3785,0.9482,2.7941,0.7503,0.0085,1.0,0.0665,0.0,0.4058
1754750340000,149.2322,1.0,0.0694,0.725,0.0,0.2528,1.0,0.0,76.2792,0.9973,1.0,0.2111,0.0,0.1487,0.9998,0.4035,0.3854,0.943,2.7201,0.7138,0.0085,1.0,0.0644,0.0,0.409
1754750400000,147.6182,1.0,0.0694,0.7242,0.0,0.2472,1.0,0.0,77.6183,0.9974,1.0,0.2209,0.0,0.1563,0.9998,0.4207,0.4003,0.9543,2.9,0.7124,0.0082,1.0,0.0779,0.0,0.4011
1754750460000,152.045,1.0,0.0694,0.7238,0.0,0.25,1.0,0.0,78.8548,0.9975,1.0,0.2118,0.0,0.1433,0.9997,0.4204,0.3845,0.955,2.8157,0.7075,0.0082,1.0,0.0618,0.0,0.4053
1754750520000,147.9116,1.0,0.0694,0.7231,0.0,0.2556,1.0,0.0,77.5284,0.9973,1.0,0.2101,0.0,0.1454,0.9998,0.4378,0.3814,0.9569,2.7513,0.7353,0.0082,1.0,0.0568,0.0,0.3944
1754750580000,141.6404,1.0,0.0694,0.719,0.0,0.2563,1.0,0.0,76.7248,0.9974,1.0,0.2017,0.0,0.1369,0.9998,0.4142,0.365,0.9546,2.8018,0.7868,0.0087,1.0,0.0488,0.0,0.4038
1754750640000,144.2386,1.0,0.0694,0.724,0.0,0.2583,1.0,0.0,75.367,0.9975,1.0,0.2112,0.0,0.1402,0.9998,0.406,0.3831,0.9539,2.8327,0.7077,0.0079,1.0,0.0552,0.0,0.3875
1754750700000,145.0902,1.0,0.0694,0.7234,0.0,0.2667,1.0,0.0,77.4959,0.9975,1.0,0.2169,0.0,0.1447,0.9999,0.4028,0.3914,0.9565,2.8782,0.7162,0.0079,1.0,0.1787,0.0,0.3935
1754750760000,145.3234,1.0,0.0694,0.7217,0.0,0.2667,1.0,0.0,76.7419,0.9974,1.0,0.2167,0.0,0.1441,0.9998,0.4033,0.3904,0.9754,2.9233,0.7224,0.0082,1.0,0.0948,0.0,0.3954
1754750820000,150.2365,1.0,0.0694,0.7249,0.0,0.2583,1.0,0.0,77.015,0.9974,1.0,0.2115,0.0,0.1444,0.9999,0.3849,0.3855,0.9617,2.8722,0.7128,0.0078,1.0,0.0943,0.0,0.3995
1754750880000,150.3893,1.0,0.0694,0.7219,0.0,0.2556,1.0,0.0,79.776,0.9972,1.0,0.2148,0.0,0.147,0.9996,0.379,0.3873,0.9964,2.7926,0.7348,0.0082,1.0,0.0668,0.0,0.4046
1754750940000,143.0274,1.0,0.0694,0.7245,0.0,0.2556,1.0,0.0,75.2299,0.9973,1.0,0.2147,0.0,0.1389,0.9998,0.3851,0.3895,0.9721,2.6986,0.7175,0.0082,1.0,0.0645,0.0,0.3977
1754751000000,144.2854,1.0,0.0694,0.7231,0.0,0.2528,1.0,0.0,76.2651,0.9973,1.0,0.2115,0.0,0.1369,0.9999,0.3982,0.3822,0.9704,2.7674,0.7137,0.008,1.0,0.0877,0.0,0.3983
1754751060000,142.4665,1.0,0.0694,0.7215,0.0,0.2583,1.0,0.0,75.3828,0.9973,1.0,0.2108,0.0,0.14,0.9999,0.4131,0.3798,0.9515,2.8511,0.7115,0.0079,1.0,0.088,0.0,0.4029
1754751120000,140.5415,1.0,0.0694,0.7198,0.0,0.2583,1.0,0.0,76.708,0.9975,1.0,0.2107,0.0,0.1421,0.9998,0.4183,0.3791,0.9416,2.8392,0.7351,0.0083,1.0,0.0814,0.0,0.3889
1754751180000,144.4129,1.0,0.0694,0.7205,0.0,0.2556,1.0,0.0,78.1187,0.9977,1.0,0.2096,0.0,0.1519,0.9997,0.4208,0.378,0.9495,2.7833,0.7481,0.0085,1.0,0.0553,0.0,0.3905
1754751240000,145.2823,1.0,0.0694,0.7218,0.0,0.2583,1.0,0.0,76.197,0.9975,1.0,0.2031,0.0,0.1455,0.9996,0.4247,0.3675,0.9573,2.876,0.7374,0.0085,1.0,0.038,0.0,0.3869
1754751300000,143.1384,1.0,0.0694,0.7221,0.0,0.2528,1.0,0.0,75.732,0.9974,1.0,0.212,0.0,0.1448,0.9998,0.4163,0.3825,0.9537,2.8039,0.7118,0.0083,1.0,0.078,0.0,0.3742
1754751360000,146.7349,1.0,0.0694,0.7244,0.0,0.2528,1.0,0.0,75.0671,0.9974,1.0,0.2057,0.0,0.1483,0.9998,0.4114,0.3752,0.9435,2.8336,0.7066,0.0085,1.0,0.1137,0.0,0.3828
1754751420000,145.1823,1.0,0.0694,0.7238,0.0,0.2556,1.0,0.0,76.4731,0.9975,1.0,0.2139,0.0,0.1404,0.9998,0.4218,0.3882,0.9495,2.7222,0.7042,0.0083,1.0,0.0403,0.0,0.4042
1754751480000,144.4181,1.0,0.0694,0.7199,0.0,0.2583,1.0,0.0,75.2961,0.9973,1.0,0.1909,0.0,0.1388,0.9999,0.4115,0.349,0.9431,2.8779,0.8132,0.0084,1.0,0.0511,0.0,0.3954
1754751540000,143.8092,1.0,0.0694,0.7178,0.0,0.2556,1.0,0.0,75.9859,0.9976,1.0,0.1897,0.0,0.1341,0.9999,0.4019,0.3448,0.9444,2.7599,0.8004,0.0078,1.0,0.0736,0.0,0.3976
1754751600000,149.4949,1.0,0.0694,0.7181,0.0,0.2521,1.0,0.0,79.1094,0.9974,1.0,0.1888,0.0,0.1405,0.9999,0.3821,0.3438,0.9722,2.8169,0.8052,0.0079,1.0,0.0692,0.0,0.3701
1754751660000,150.1243,1.0,0.0694,0.7211,0.0,0.2528,1.0,0.0,80.4501,0.9972,1.0,0.209,0.0,0.1354,0.9998,0.3828,0.3778,0.9665,2.7121,0.7132,0.0083,1.0,0.078,0.0,0.3877
1754751720000,143.6481,1.0,0.0694,0.722,0.0,0.2472,1.0,0.0,77.0063,0.9976,1.0,0.215,0.0,0.1448,0.9999,0.3997,0.387,0.9741,2.9512,0.7197,0.0084,1.0,0.0639,0.0,0.3897
1754751780000,146.5544,1.0,0.0694,0.7228,0.0,0.2528,1.0,0.0,76.7766,0.9973,1.0,0.2049,0.0,0.1412,0.9999,0.3735,0.3707,0.9433,2.7241,0.701,0.0078,1.0,0.0473,0.0,0.3945
1754751840000,144.2826,1.0,0.0694,0.724,0.0,0.2556,1.0,0.0,75.1759,0.9974,1.0,0.2057,0.0,0.1285,0.9998,0.3667,0.3731,0.931,2.9232,0.6971,0.0078,1.0,0.0594,0.0,0.3757
1754751900000,148.9338,1.0,0.0694,0.7235,0.0,0.2522,1.0,0.0,77.4617,0.9974,1.0,0.2015,0.0,0.1399,0.9998,0.3714,0.3657,0.9499,2.7955,0.7095,0.0078,1.0,0.0897,0.0,0.3821
1754751960000,146.5967,1.0,0.0694,0.724,0.0,0.2611,1.0,0.0,75.6358,0.9975,1.0,0.2026,0.0,0.1423,0.9999,0.3769,0.3683,0.9375,2.7191,0.6967,0.0075,1.0,0.0319,0.0,0.3673
1754752020000,142.5718,1.0,0.0694,0.7231,0.0,0.2528,1.0,0.0,75.8094,0.9975,1.0,0.2063,0.0,0.1428,0.9999,0.3661,0.3727,0.9413,2.7607,0.6997,0.0077,1.0,0.0371,0.0,0.3828
1754752080000,145.6391,1.0,0.0694,0.7221,0.0,0.2639,1.0,0.0,75.4222,0.9976,1.0,0.2044,0.0,0.134,0.9998,0.3806,0.3695,0.9437,2.9075,0.698,0.0078,1.0,0.0333,0.0,0.3698
1754752140000,142.5433,1.0,0.0694,0.7195,0.0,0.2639,1.0,0.0,76.3095,0.9976,1.0,0.2026,0.0,0.14,0.9998,0.3765,0.3666,0.9501,2.8384,0.7063,0.0078,1.0,0.0573,0.0,0.3743
1754752200000,142.2494,1.0,0.0694,0.7183,0.0,0.2667,1.0,0.0,76.0097,0.9976,1.0,0.1971,0.0,0.1527,0.9998,0.3857,0.3575,0.945,2.8068,0.7072,0.008,1.0,0.0594,0.0,0.3633
1754752260000,141.6494,1.0,0.0694,0.7184,0.0,0.2583,1.0,0.0,75.594,0.9976,1.0,0.1916,0.0,0.1366,0.9999,0.3863,0.3477,0.9448,2.764,0.6976,0.008,1.0,0.073,0.0,0.3781
1754752320000,143.362,1.0,0.0694,0.7204,0.0,0.2667,1.0,0.0,76.2777,0.9976,1.0,0.1942,0.0,0.1322,0.9997,0.3853,0.3512,0.9571,2.7703,0.7064,0.0077,1.0,0.0445,0.0,0.3638
1754752380000,137.2896,1.0,0.0694,0.7212,0.0,0.2611,1.0,0.0,74.7117,0.9977,1.0,0.2018,0.0,0.1343,0.9999,0.3654,0.3624,0.9776,2.6851,0.7189,0.0081,1.0,0.0396,0.0,0.3574
1754752440000,142.105,1.0,0.0694,0.7237,0.0,0.2556,1.0,0.0,73.3355,0.9976,1.0,0.1953,0.0,0.1305,0.9998,0.3697,0.3561,0.9487,2.6836,0.6964,0.0078,1.0,0.1161,0.0,0.3535
1754752500000,146.6047,1.0,0.0694,0.7217,0.0,0.2493,1.0,0.0,78.5788,0.9975,1.0,0.2004,0.0,0.1276,0.9999,0.3675,0.3631,0.9623,2.7921,0.7054,0.008,1.0,0.0842,0.0,0.3459
1754752560000,139.4736,1.0,0.0694,0.7227,0.0,0.2472,1.0,0.0,73.6988,0.9977,1.0,0.2024,0.0,0.1343,0.9998,0.3718,0.366,0.9321,2.9995,0.691,0.0079,1.0,0.0989,0.0,0.3519
1754752620000,143.7837,1.0,0.0694,0.7214,0.0,0.25,1.0,0.0,75.385,0.9974,1.0,0.1898,0.0,0.1389,0.9999,0.346,0.3442,0.9373,2.6583,0.6922,0.008,1.0,0.0629,0.0,0.358
1754752680000,143.0636,1.0,0.0694,0.7224,0.0,0.2556,1.0,0.0,75.6685,0.9973,1.0,0.1981,0.0,0.1341,0.9999,0.3351,0.3587,0.9361,3.0062,0.7044,0.0084,1.0,0.0556,0.0,0.3498
1754752740000,142.8153,1.0,0.0694,0.7204,0.0,0.2556,1.0,0.0,76.1943,0.9974,1.0,0.2002,0.0,0.1313,0.9999,0.3492,0.361,0.93,2.6874,0.6909,0.008,1.0,0.0994,0.0,0.3492
1754752800000,147.0503,1.0,0.0694,0.7221,0.0,0.2639,1.0,0.0,78.3988,0.9976,1.0,0.2027,0.0,0.1312,0.9997,0.3485,0.3664,0.947,2.7576,0.7072,0.0079,1.0,0.0405,0.0,0.3676
1754752860000,144.8943,1.0,0.0694,0.723,0.0,0.2556,1.0,0.0,75.6494,0.9974,1.0,0.198,0.0,0.131,0.9998,0.3596,0.3598,0.941,2.7484,0.7045,0.0078,1.0,0.0998,0.0,0.3622
1754752920000,145.8521,1.0,0.0694,0.7218,0.0,0.2604,1.0,0.0,78.0831,0.9973,1.0,0.1967,0.0,0.1363,0.9997,0.3425,0.3552,0.9418,2.8152,0.7024,0.0078,1.0,0.0458,0.0,0.3571
1754752980000,149.3616,1.0,0.0694,0.724,0.0,0.2583,1.0,0.0,77.6694,0.9976,1.0,0.1991,0.0,0.1468,0.9998,0.3622,0.3629,0.9331,2.9553,0.7057,0.0076,1.0,0.0536,0.0,0.3422
1754753040000,144.264,1.0,0.0694,0.7234,0.0,0.25,1.0,0.0,75.909,0.9976,1.0,0.1959,0.0,0.1301,0.9998,0.3813,0.3563,0.9348,2.7395,0.7038,0.0076,1.0,0.0449,0.0,0.3533
1754753100000,147.5136,1.0,0.0694,0.7233,0.0,0.25,1.0,0.0,76.0051,0.9973,1.0,0.1933,0.0,0.134,0.9998,0.3779,0.3533,0.9465,2.7658,0.7079,0.0078,1.0,0.1387,0.0,0.3618
1754753160000,146.2956,1.0,0.0694,0.723,0.0,0.2535,1.0,0.0,76.5951,0.9975,1.0,0.1946,0.0,0.1305,0.9998,0.3913,0.354,0.9279,2.7118,0.6943,0.0078,1.0,0.0454,0.0,0.3546
1754753220000,147.8528,1.0,0.0694,0.7253,0.0,0.25,1.0,0.0,76.1429,0.9972,1.0,0.1923,0.0,0.1327,0.9997,0.3776,0.3516,0.9367,2.878,0.7001,0.0074,1.0,0.0913,0.0,0.3419
1754753280000,139.3696,1.0,0.0694,0.7218,0.0,0.2549,1.0,0.0,74.8117,0.9976,1.0,0.1957,0.0,0.1283,0.9998,0.3651,0.3526,0.9163,2.7137,0.689,0.0077,1.0,0.037,0.0,0.3507
1754753340000,143.154,1.0,0.0694,0.723,0.0,0.2577,1.0,0.0,76.8615,0.9976,1.0,0.1903,0.0,0.1267,0.9998,0.3268,0.3442,0.9226,2.6346,0.6937,0.0079,1.0,0.0605,0.0,0.3384
1754753400000,152.1647,1.0,0.0694,0.7225,0.0,0.2583,1.0,0.0,80.938,0.9972,1.0,0.1936,0.0,0.1249,0.9998,0.3253,0.3506,0.9275,2.7856,0.7009,0.008,1.0,0.0723,0.0,0.3355
1754753460000,144.7745,1.0,0.0694,0.7225,0.0,0.2528,1.0,0.0,76.8528,0.9972,1.0,0.1903,0.0,0.1229,0.9999,0.3374,0.3443,0.9206,2.7397,0.7038,0.0078,1.0,0.0528,0.0,0.3513
1754753520000,136.8925,1.0,0.0694,0.7221,0.0,0.2556,1.0,0.0,74.2266,0.9977,1.0,0.1991,0.0,0.1266,0.9998,0.3383,0.3591,0.9251,2.706,0.7011,0.0082,1.0,0.0356,0.0,0.3395
1754753580000,143.4907,1.0,0.0694,0.7231,0.0,0.2583,1.0,0.0,76.4256,0.9976,1.0,0.1936,0.0,0.122,0.9998,0.3246,0.3498,0.9114,2.804,0.6908,0.0077,1.0,0.0672,0.0,0.3404
1754753640000,145.4938,1.0,0.0694,0.7234,0.0,0.2639,1.0,0.0,76.4584,0.9977,1.0,0.1921,0.0,0.1313,0.9998,0.3372,0.3476,0.9182,2.6946,0.6951,0.0076,1.0,0.0476,0.0,0.3463
1754753700000,140.7099,1.0,0.0694,0.7235,0.0,0.2694,1.0,0.0,73.8504,0.9975,1.0,0.1921,0.0,0.1278,0.9999,0.3624,0.3472,0.9143,2.9154,0.6906,0.0079,1.0,0.1062,0.0,0.3478
1754753760000,145.1067,1.0,0.0694,0.7235,0.0,0.2639,1.0,0.0,75.6149,0.9974,1.0,0.1927,0.0,0.1313,0.9998,0.3697,0.3503,0.9129,2.7376,0.6891,0.0078,1.0,0.0722,0.0,0.342
1754753820000,145.5292,1.0,0.0694,0.723,0.0,0.2639,1.0,0.0,76.4028,0.9976,1.0,0.1902,0.0,0.13,0.9999,0.3442,0.3447,0.9188,2.7581,0.6908,0.0075,1.0,0.1541,0.0,0.3391
1754753880000,139.6263,1.0,0.0694,0.724,0.0,0.2611,1.0,0.0,72.9655,0.9975,1.0,0.1909,0.0,0.1266,0.9998,0.3547,0.3472,0.9155,2.6745,0.6894,0.0074,1.0,0.066,0.0,0.3466
1754753940000,140.5972,1.0,0.0694,0.7241,0.0,0.2639,1.0,0.0,72.9377,0.9974,1.0,0.1884,0.0,0.1306,0.9998,0.3574,0.3425,0.9117,2.5634,0.6845,0.0073,1.0,0.0434,0.0,0.3468
1754754000000,142.8664,1.0,0.0694,0.7246,0.0,0.2583,1.0,0.0,74.6802,0.9974,1.0,0.1876,0.0,0.1251,0.9999,0.3468,0.3409,0.8986,2.6873,0.6773,0.0075,1.0,0.0727,0.0,0.3455
1754754060000,143.5672,1.0,0.0694,0.7244,0.0,0.2667,1.0,0.0,75.2592,0.9976,1.0,0.1882,0.0,0.1336,1.0,0.3332,0.3423,0.8986,2.8484,0.6795,0.0076,1.0,0.0589,0.0,0.3335
1754754120000,145.6461,1.0,0.0694,0.7265,0.0,0.2639,1.0,0.0,74.867,0.9975,1.0,0.1872,0.0,0.1421,0.9997,0.3399,0.3431,0.9004,2.7136,0.6739,0.0078,1.0,0.0483,0.0,0.3353
1754754180000,144.4942,1.0,0.0694,0.7245,0.0,0.2667,1.0,0.0,75.5129,0.9974,1.0,0.1844,0.0,0.1367,0.9998,0.3596,0.3358,0.8978,2.7214,0.6797,0.0074,1.0,0.0431,0.0,0.3357
1754754240000,139.8378,1.0,0.0694,0.7225,0.0,0.2556,1.0,0.0,74.1073,0.9977,1.0,0.1889,0.0,0.1254,0.9998,0.3429,0.3417,0.8813,2.8265,0.6728,0.0074,1.0,0.05,0.0,0.3376
1754754300000,149.9668,1.0,0.0694,0.7235,0.0,0.2528,1.0,0.0,77.6351,0.9973,1.0,0.1787,0.0,0.1189,0.9999,0.3508,0.3247,0.8919,2.7094,0.677,0.0071,1.0,0.0359,0.0,0.3299
1754754360000,149.4803,1.0,0.0694,0.7246,0.0,0.2646,1.0,0.0,76.6982,0.9973,1.0,0.1828,0.0,0.1319,0.9998,0.3481,0.3341,0.8985,2.6755,0.6821,0.0075,1.0,0.0265,0.0,0.3177
1754754420000,141.2523,1.0,0.0694,0.7245,0.0,0.2591,1.0,0.0,73.4342,0.9975,1.0,0.1806,0.0,0.1275,0.9999,0.3494,0.3299,0.8967,2.629,0.6812,0.0075,1.0,0.0488,0.0,0.3461
1754754480000,145.3791,1.0,0.0694,0.7227,0.0,0.2556,1.0,0.0,77.2504,0.9975,1.0,0.1849,0.0,0.1246,0.9997,0.3469,0.3344,0.8892,2.7212,0.6788,0.0073,1.0,0.2481,0.0,0.3143
1754754540000,136.5844,1.0,0.0694,0.7233,0.0,0.2591,1.0,0.0,71.3836,0.9972,1.0,0.1798,0.0,0.1278,1.0,0.3482,0.3257,0.9014,2.6627,0.679,0.0076,1.0,0.0348,0.0,0.3366
1754754600000,138.9575,1.0,0.0694,0.7224,0.0,0.2583,1.0,0.0,73.158,0.9975,1.0,0.1863,0.0,0.1246,0.9998,0.3372,0.3365,0.9037,2.6358,0.6877,0.0073,1.0,0.0311,0.0,0.3171
1754754660000,143.2007,1.0,0.0694,0.723,0.0,0.2556,1.0,0.0,75.4858,0.9972,1.0,0.1808,0.0,0.1298,0.9998,0.3208,0.3274,0.9076,2.6276,0.684,0.0074,1.0,0.27,0.0,0.3161
1754754720000,138.0031,1.0,0.0694,0.7216,0.0,0.2528,1.0,0.0,75.1177,0.9977,1.0,0.1849,0.0,0.1236,0.9997,0.2951,0.3327,0.8971,2.7154,0.6851,0.0072,1.0,0.0728,0.0,0.3211
1754754780000,145.2213,1.0,0.0694,0.7232,0.0,0.2556,1.0,0.0,75.7274,0.9975,1.0,0.1782,0.0,0.1247,0.9997,0.2979,0.3243,0.8972,2.6389,0.6825,0.0071,1.0,0.0376,0.0,0.3104
1754754840000,144.1756,1.0,0.0694,0.7235,0.0,0.2563,1.0,0.0,75.6828,0.9975,1.0,0.1827,0.0,0.1274,0.9997,0.3018,0.3314,0.894,2.6881,0.6813,0.0075,1.0,0.0397,0.0,0.3105
1754754900000,150.2658,1.0,0.0694,0.7246,0.0,0.2618,1.0,0.0,77.7796,0.9972,1.0,0.1751,0.0,0.1186,0.9997,0.2947,0.3197,0.9121,2.732,0.6894,0.0074,1.0,0.0419,0.0,0.3091
1754754960000,140.2325,1.0,0.0694,0.7229,0.0,0.2611,1.0,0.0,74.6122,0.9974,1.0,0.1833,0.0,0.1189,0.9998,0.3135,0.333,0.9025,2.7069,0.6828,0.0072,1.0,0.0673,0.0,0.3305
1754755020000,142.9592,1.0,0.0694,0.7233,0.0,0.2583,1.0,0.0,75.3976,0.9977,1.0,0.1794,0.0,0.1195,0.9998,0.2989,0.3259,0.8957,2.5558,0.6806,0.0073,1.0,0.047,0.0,0.3127
1754755080000,148.7372,1.0,0.0694,0.7243,0.0,0.2639,1.0,0.0,77.7716,0.9974,1.0,0.1748,0.0,0.1209,0.9998,0.2969,0.3188,0.9095,2.7147,0.6949,0.0073,1.0,0.1031,0.0,0.3097
1754755140000,142.3567,1.0,0.0694,0.7203,0.0,0.2583,1.0,0.0,77.7514,0.9977,1.0,0.1744,0.0,0.1226,0.9999,0.2874,0.3149,0.8688,2.6462,0.6761,0.0072,1.0,0.1279,0.0,0.3165
1754755200000,164.7539,1.0,0.0694,0.7237,0.0,0.2583,1.0,0.0,85.1775,0.9972,1.0,0.1682,0.0,0.1115,0.9997,0.3099,0.3054,0.9108,3.0764,0.7062,0.0066,1.0,0.051,0.0,0.3031
1754755260000,148.2586,1.0,0.0694,0.724,0.0,0.2528,1.0,0.0,75.9903,0.9972,1.0,0.1683,0.0,0.1159,0.9999,0.3057,0.3067,0.9262,2.9941,0.6991,0.0072,1.0,0.0582,0.0,0.3268
1754755320000,160.1695,1.0,0.0694,0.7263,0.0,0.2535,1.0,0.0,81.11,0.9974,1.0,0.1791,0.0,0.1277,0.9997,0.2962,0.3282,0.9331,3.0562,0.7089,0.0077,1.0,0.0649,0.0,0.3117
1754755380000,144.2282,1.0,0.0694,0.7276,0.0,0.25,1.0,0.0,72.0492,0.9975,1.0,0.178,0.0,0.1223,0.9998,0.3182,0.3281,0.9193,3.1076,0.6919,0.0081,1.0,0.0467,0.0,0.3326
1754755440000,137.7613,1.0,0.0694,0.7253,0.0,0.2556,1.0,0.0,71.9765,0.9974,1.0,0.1843,0.0,0.1274,0.9998,0.3342,0.3359,0.9102,2.851,0.6917,0.0081,1.0,0.073,0.0,0.3326
1754755500000,139.8856,1.0,0.0694,0.7268,0.0,0.2556,1.0,0.0,71.8382,0.9974,1.0,0.1823,0.0,0.1253,0.9999,0.351,0.3333,0.9055,2.99,0.6887,0.0082,1.0,0.0705,0.0,0.3274
1754755560000,139.4893,1.0,0.0694,0.7247,0.0,0.2611,1.0,0.0,71.5661,0.9977,1.0,0.1787,0.0,0.1311,0.9997,0.3594,0.3267,0.9015,2.9139,0.6878,0.0083,1.0,0.0706,0.0,0.3336
1754755620000,141.2962,1.0,0.0694,0.7225,0.0,0.2611,1.0,0.0,71.114,0.9976,1.0,0.1705,0.0,0.1247,0.9997,0.3338,0.3149,0.9065,3.0084,0.6835,0.0079,1.0,0.0561,0.0,0.3263
1754755680000,135.5048,1.0,0.0694,0.725,0.0,0.2667,1.0,0.0,70.921,0.9975,1.0,0.1837,0.0,0.1269,0.9998,0.3378,0.3351,0.8967,2.7125,0.6819,0.008,1.0,0.0605,0.0,0.3306
1754755740000,132.2872,1.0,0.0694,0.7265,0.0,0.2583,1.0,0.0,68.366,0.9979,1.0,0.1833,0.0,0.1257,0.9999,0.3385,0.3363,0.9105,2.6828,0.6919,0.0079,1.0,0.1218,0.0,0.325
1754755800000,138.7453,1.0,0.0694,0.7244,0.0,0.2556,1.0,0.0,73.0227,0.9976,1.0,0.1871,0.0,0.1215,0.9996,0.3271,0.3407,0.9001,2.7577,0.68,0.0081,1.0,0.0633,0.0,0.3226
1754755860000,136.7118,1.0,0.0694,0.7249,0.0,0.2528,1.0,0.0,71.7599,0.9977,1.0,0.182,0.0,0.1256,0.9999,0.361,0.3316,0.8853,2.7661,0.6775,0.0079,1.0,0.0478,0.0,0.3318
1754755920000,134.1494,1.0,0.0694,0.7227,0.0,0.2583,1.0,0.0,72.1479,0.9979,1.0,0.183,0.0,0.1188,0.9999,0.3481,0.3305,0.8901,2.8503,0.6827,0.0077,1.0,0.0859,0.0,0.3158
1754755980000,134.2403,1.0,0.0694,0.7228,0.0,0.2583,1.0,0.0,72.5581,0.9975,1.0,0.188,0.0,0.1247,0.9999,0.3411,0.3393,0.9058,2.6127,0.6887,0.0078,1.0,0.0377,0.0,0.3163
1754756040000,136.4159,1.0,0.0694,0.7217,0.0,0.2611,1.0,0.0,75.0922,0.9974,1.0,0.183,0.0,0.1207,0.9998,0.3628,0.3295,0.8989,2.6957,0.6931,0.0074,1.0,0.0928,0.0,0.3246
1754756100000,139.4413,1.0,0.0694,0.7242,0.0,0.2639,1.0,0.0,75.0632,0.9976,1.0,0.1835,0.0,0.1213,0.9998,0.3511,0.3327,0.9159,2.8076,0.6972,0.0077,1.0,0.0709,0.0,0.3138
1754756160000,135.3274,1.0,0.0694,0.7211,0.0,0.2611,1.0,0.0,76.158,0.9976,1.0,0.1787,0.0,0.1227,0.9999,0.3564,0.3202,0.9116,2.5,0.7026,0.0073,1.0,0.1172,0.0,0.3132
1754756220000,133.2362,1.0,0.0694,0.7234,0.0,0.2556,1.0,0.0,71.2579,0.9974,1.0,0.174,0.0,0.1261,1.0,0.3389,0.3153,0.8829,2.7422,0.6832,0.0073,1.0,0.0815,0.0,0.2914
1754756280000,142.7573,1.0,0.0694,0.7242,0.0,0.2639,1.0,0.0,74.8707,0.9972,1.0,0.1705,0.0,0.1161,0.9997,0.3303,0.3098,0.8995,2.6873,0.7014,0.0072,1.0,0.0547,0.0,0.3074
1754756340000,138.2804,1.0,0.0694,0.7217,0.0,0.2611,1.0,0.0,74.5842,0.9969,1.0,0.1755,0.0,0.1226,0.9999,0.3199,0.3173,0.9086,2.8161,0.7019,0.0075,1.0,0.055,0.0,0.3093
1754756400000,135.9302,1.0,0.0694,0.7229,0.0,0.2556,1.0,0.0,72.8359,0.9974,1.0,0.1747,0.0,0.1171,0.9999,0.3272,0.3162,0.898,2.8603,0.6936,0.0071,1.0,0.0763,0.0,0.3081
1754756460000,136.3149,1.0,0.0694,0.7215,0.0,0.2583,1.0,0.0,74.6692,0.9972,1.0,0.1701,0.0,0.1178,0.9998,0.3001,0.3063,0.8969,2.7596,0.6974,0.007,1.0,0.0667,0.0,0.3005
1754756520000,137.5504,1.0,0.0694,0.722,0.0,0.25,1.0,0.0,76.1243,0.9973,1.0,0.1728,0.0,0.1168,0.9997,0.2892,0.311,0.911,2.7995,0.7011,0.0069,1.0,0.0872,0.0,0.2942
1754756580000,135.5818,1.0,0.0694,0.7219,0.0,0.25,1.0,0.0,74.5706,0.9973,1.0,0.1691,0.0,0.1166,0.9998,0.2682,0.305,0.895,2.6498,0.6968,0.0071,1.0,0.0436,0.0,0.2899
1754756640000,138.8828,1.0,0.0694,0.7225,0.0,0.25,1.0,0.0,75.8256,0.997,1.0,0.1705,0.0,0.1199,0.9999,0.2576,0.308,0.9084,2.6432,0.7063,0.0072,1.0,0.0453,0.0,0.2914
1754756700000,136.9135,1.0,0.0694,0.7234,0.0,0.2444,1.0,0.0,73.5998,0.9971,1.0,0.1666,0.0,0.1099,0.9998,0.2819,0.3009,0.8921,2.6868,0.6934,0.0069,1.0,0.0603,0.0,0.2957
1754756760000,141.4621,1.0,0.0694,0.7237,0.0,0.2556,1.0,0.0,75.5423,0.9971,1.0,0.1637,0.0,0.1124,0.9998,0.2753,0.297,0.9043,2.6988,0.6962,0.0068,1.0,0.0619,0.0,0.29
1754756820000,142.1757,1.0,0.0694,0.7255,0.0,0.2528,1.0,0.0,73.8252,0.9966,1.0,0.16,0.0,0.1129,0.9999,0.2683,0.2915,0.9094,2.6419,0.701,0.0071,1.0,0.0371,0.0,0.2897
1754756880000,141.1584,1.0,0.0694,0.7238,0.0,0.2556,1.0,0.0,74.7007,0.9969,1.0,0.1639,0.0,0.1123,1.0,0.2664,0.2976,0.8983,2.606,0.6968,0.0071,1.0,0.0719,0.0,0.2767
1754756940000,140.8966,1.0,0.0694,0.7223,0.0,0.2639,1.0,0.0,76.4063,0.9971,1.0,0.1624,0.0,0.1059,0.9998,0.2811,0.2927,0.9066,2.6513,0.7065,0.007,1.0,0.0502,0.0,0.2878
1754757000000,141.8292,1.0,0.0694,0.7203,0.0,0.2611,1.0,0.0,79.7767,0.9973,1.0,0.1678,0.0,0.1117,0.9997,0.2772,0.3006,0.8854,2.7326,0.695,0.0071,1.0,0.0726,0.0,0.2813
1754757060000,139.187,1.0,0.0694,0.7237,0.0,0.2639,1.0,0.0,75.1715,0.9971,1.0,0.1627,0.0,0.1052,0.9998,0.2776,0.2932,0.8945,2.6169,0.6986,0.0064,1.0,0.047,0.0,0.2778
1754757120000,142.5577,1.0,0.0694,0.723,0.0,0.2611,1.0,0.0,77.4021,0.9969,1.0,0.162,0.0,0.1075,0.9998,0.2844,0.2922,0.8945,2.8349,0.6964,0.0063,1.0,0.0743,0.0,0.2813
1754757180000,133.8229,1.0,0.0694,0.7198,0.0,0.2611,1.0,0.0,75.3698,0.9972,1.0,0.1668,0.0,0.1157,0.9999,0.2893,0.2977,0.8878,2.9213,0.6954,0.007,1.0,0.0598,0.0,0.2773
1754757240000,140.451,1.0,0.0694,0.7223,0.0,0.2528,1.0,0.0,77.9954,0.9972,1.0,0.1561,0.0,0.1068,0.9999,0.2839,0.2813,0.8637,2.7304,0.6799,0.0067,1.0,0.0896,0.0,0.2618
1754757300000,142.3273,1.0,0.0694,0.7221,0.0,0.2528,1.0,0.0,77.0822,0.997,1.0,0.155,0.0,0.1054,0.9998,0.2779,0.2794,0.888,2.7562,0.7002,0.0064,1.0,0.0537,0.0,0.268
1754757360000,134.615,1.0,0.0694,0.7202,0.0,0.25,1.0,0.0,76.6463,0.9969,1.0,0.1616,0.0,0.1041,0.9999,0.2726,0.289,0.8777,2.8003,0.6915,0.0062,1.0,0.065,0.0,0.2657
1754757420000,140.067,1.0,0.0694,0.7214,0.0,0.2528,1.0,0.0,78.8621,0.9975,1.0,0.1568,0.0,0.1055,0.9999,0.261,0.2815,0.8898,2.8504,0.692,0.0063,1.0,0.0424,0.0,0.2602
1754757480000,148.5333,1.0,0.0694,0.7241,0.0,0.2493,1.0,0.0,78.4652,0.9972,1.0,0.1549,0.0,0.1084,0.9997,0.2606,0.2814,0.8914,2.8679,0.6903,0.0065,1.0,0.0333,0.0,0.2625
1754757540000,140.6213,1.0,0.0694,0.7238,0.0,0.25,1.0,0.0,75.6251,0.9976,1.0,0.1556,0.0,0.1017,0.9998,0.2796,0.281,0.8798,2.6408,0.6866,0.0066,1.0,0.1519,0.0,0.2788
1754757600000,143.594,1.0,0.0694,0.7235,0.0,0.25,1.0,0.0,76.8255,0.997,1.0,0.1504,0.0,0.1059,0.9999,0.2932,0.2727,0.8729,2.809,0.6918,0.0063,1.0,0.0496,0.0,0.2698
1754757660000,140.9486,1.0,0.0694,0.7217,0.0,0.2563,1.0,0.0,77.2332,0.9969,1.0,0.1541,0.0,0.1079,0.9998,0.2971,0.2776,0.8688,2.4376,0.6843,0.0063,1.0,0.0369,0.0,0.2732
1754757720000,136.7578,1.0,0.0694,0.7202,0.0,0.2556,1.0,0.0,77.7244,0.997,1.0,0.1567,0.0,0.1064,0.9998,0.2865,0.2804,0.8694,2.6486,0.6837,0.0065,1.0,0.0741,0.0,0.2677
1754757780000,137.5612,1.0,0.0694,0.7233,0.0,0.2556,1.0,0.0,75.6548,0.9973,1.0,0.1539,0.0,0.1024,0.9998,0.2831,0.277,0.8875,2.6604,0.6944,0.0061,1.0,0.0495,0.0,0.2549
1754757840000,136.4503,1.0,0.0694,0.7195,0.0,0.2667,1.0,0.0,76.2014,0.9973,1.0,0.1572,0.0,0.1014,0.9998,0.3044,0.2803,0.8827,2.6835,0.6991,0.0063,1.0,0.0568,0.0,0.2605
1754757900000,141.563,1.0,0.0694,0.7227,0.0,0.2583,1.0,0.0,76.4155,0.997,1.0,0.1501,0.0,0.1081,0.9999,0.2922,0.2713,0.8831,2.6606,0.6981,0.0063,1.0,0.0657,0.0,0.2558
1754757960000,136.1724,1.0,0.0694,0.7222,0.0,0.2722,1.0,0.0,75.5105,0.9972,1.0,0.154,0.0,0.1033,0.9998,0.2964,0.2773,0.8843,2.8329,0.6939,0.0061,1.0,0.0961,0.0,0.2683
1754758020000,139.0533,1.0,0.0694,0.7235,0.0,0.2639,1.0,0.0,75.9481,0.9976,1.0,0.1535,0.0,0.0982,0.9998,0.2894,0.2767,0.8846,2.675,0.6939,0.0065,1.0,0.0773,0.0,0.2517
1754758080000,138.7456,1.0,0.0694,0.7247,0.0,0.2611,1.0,0.0,73.5095,0.997,1.0,0.1495,0.0,0.103,0.9999,0.2872,0.2709,0.8737,2.7439,0.6888,0.0063,1.0,0.0464,0.0,0.2641
1754758140000,139.3276,1.0,0.0694,0.7221,0.0,0.2556,1.0,0.0,76.5491,0.9971,1.0,0.1478,0.0,0.0989,0.9999,0.2836,0.2662,0.873,2.7589,0.6872,0.0065,1.0,0.069,0.0,0.2606
1754758200000,139.3832,1.0,0.0694,0.7217,0.0,0.2583,1.0,0.0,76.7967,0.997,1.0,0.1412,0.0,0.1067,0.9997,0.27,0.2535,0.8783,2.6465,0.6952,0.0064,1.0,0.0624,0.0,0.2527
1754758260000,140.2035,1.0,0.0694,0.7232,0.0,0.2556,1.0,0.0,74.997,0.9972,1.0,0.1395,0.0,0.1063,0.9998,0.2678,0.2521,0.8821,2.7483,0.694,0.0061,1.0,0.0568,0.0,0.2366
1754758320000,139.5073,1.0,0.0694,0.7221,0.0,0.2528,1.0,0.0,76.0099,0.997,1.0,0.142,0.0,0.0989,0.9999,0.2753,0.2562,0.8773,2.5906,0.6824,0.006,1.0,0.0749,0.0,0.2553
1754758380000,139.6375,1.0,0.0694,0.7194,0.0,0.2556,1.0,0.0,75.4904,0.9974,1.0,0.1359,0.0,0.1008,0.9999,0.2832,0.248,0.8639,2.7236,0.8451,0.0059,1.0,0.0343,0.0,0.2475
1754758440000,149.0984,1.0,0.0694,0.7121,0.0,0.2591,1.0,0.0,79.2088,0.997,1.0,0.125,0.0,0.1008,0.9996,0.2626,0.2304,0.8626,2.5692,0.947,0.006,1.0,0.0493,0.0,0.2528
1754758500000,143.3259,1.0,0.0694,0.7081,0.0,0.2556,1.0,0.0,80.0244,0.9971,1.0,0.1284,0.0,0.0987,0.9998,0.2572,0.2349,0.8728,2.8303,0.9282,0.0058,1.0,0.0441,0.0,0.258
1754758560000,142.4649,1.0,0.0694,0.7162,0.0,0.2556,1.0,0.0,78.5537,0.9971,1.0,0.1334,0.0,0.0957,0.9997,0.2504,0.2426,0.8737,2.7278,0.8115,0.006,1.0,0.0453,0.0,0.2447
1754758620000,142.5112,1.0,0.0694,0.722,0.0,0.2528,1.0,0.0,78.3069,0.9972,1.0,0.1408,0.0,0.0986,0.9997,0.2482,0.253,0.8732,2.7693,0.6996,0.0062,1.0,0.043,0.0,0.2467
1754758680000,138.9277,1.0,0.0694,0.722,0.0,0.2639,1.0,0.0,75.5948,0.9971,1.0,0.1418,0.0,0.0958,0.9998,0.2406,0.2554,0.8607,2.6641,0.6899,0.0063,1.0,0.0358,0.0,0.2469
1754758740000,147.4592,1.0,0.0694,0.7248,0.0,0.2722,1.0,0.0,77.2624,0.9973,1.0,0.1352,0.0,0.0908,0.9998,0.2565,0.2455,0.8637,2.539,0.6882,0.0058,1.0,0.0718,0.0,0.2498
1754758800000,153.2016,1.0,0.0694,0.7247,0.0,0.2694,1.0,0.0,84.2355,0.9975,1.0,0.134,0.0,0.0932,0.9998,0.2686,0.2418,1.0805,2.8428,0.7572,0.006,1.0,0.0375,0.0,0.2402
1754758860000,145.3186,1.0,0.0694,0.7271,0.0,0.2639,1.0,0.0,77.8443,0.9973,1.0,0.1317,0.0,0.0903,0.9998,0.2506,0.2383,1.1616,3.0962,0.7908,0.0059,1.0,0.0353,0.0,0.2318
1754758920000,146.2855,1.0,0.0694,0.7271,0.0,0.2556,1.0,0.0,78.1453,0.9975,1.0,0.1307,0.0,0.095,0.9998,0.2496,0.2359,1.1833,2.68,0.7843,0.0059,1.0,0.059,0.0,0.2267
1754758980000,158.0493,1.0,0.0694,0.7311,0.0,0.25,1.0,0.0,80.0745,0.9975,1.0,0.1266,0.0,0.0887,0.9997,0.2394,0.2332,1.2427,2.5665,0.8064,0.0059,1.0,0.0717,0.0,0.225
1754759040000,147.4963,1.0,0.0694,0.7259,0.0,0.2556,1.0,0.0,80.5021,0.9974,1.0,0.1338,0.0,0.084,0.9999,0.2521,0.2417,1.2614,2.6527,0.8078,0.0057,1.0,0.0472,0.0,0.2279
1754759100000,169.9191,1.0,0.0694,0.7251,0.0,0.2528,1.0,0.0,93.0566,0.9969,1.0,0.1329,0.0,0.0895,0.9995,0.2642,0.2392,1.2663,2.794,0.8133,0.0061,1.0,0.063,0.0,0.2282
1754759160000,162.4458,1.0,0.0694,0.7293,0.0,0.2583,1.0,0.0,86.0334,0.9973,1.0,0.1279,0.0,0.0858,0.9994,0.2821,0.2328,1.2164,2.5888,0.8049,0.0056,1.0,0.0563,0.0,0.2373
1754759220000,149.0958,1.0,0.0694,0.7277,0.0,0.2583,1.0,0.0,80.499,0.9973,1.0,0.1259,0.0,0.0861,0.9996,0.2569,0.2278,1.1731,2.7514,0.7828,0.0061,1.0,0.0764,0.0,0.2248
1754759280000,150.7773,1.0,0.0694,0.7275,0.0,0.2583,1.0,0.0,81.382,0.997,1.0,0.1301,0.0,0.085,0.9998,0.2244,0.2356,1.1742,2.8041,0.7854,0.0058,1.0,0.0608,0.0,0.2077
1754759340000,148.0735,1.0,0.0694,0.729,0.0,0.2694,1.0,0.0,77.5935,0.9974,1.0,0.1286,0.0,0.0831,0.9997,0.2268,0.2342,1.1281,2.7905,0.7665,0.0057,1.0,0.0577,0.0,0.2233
1754759400000,156.9611,1.0,0.0694,0.7301,0.0,0.2648,1.0,0.0,81.6789,0.9972,1.0,0.1256,0.0,0.0877,0.9997,0.2361,0.2303,1.096,2.6678,0.7593,0.0058,1.0,0.0989,0.0,0.2264
1754759460000,146.8147,1.0,0.0694,0.7292,0.0,0.2611,1.0,0.0,79.1349,0.9979,1.0,0.1302,0.0,0.084,0.9996,0.2282,0.2366,1.065,2.5705,0.7405,0.0059,1.0,0.0533,0.0,0.227
1754759520000,146.9801,1.0,0.0694,0.7318,0.0,0.2722,1.0,0.0,75.6484,0.9973,1.0,0.1254,0.0,0.0864,0.9998,0.2533,0.2307,1.0206,2.7577,0.7319,0.0056,1.0,0.035,0.0,0.2154
1754759580000,150.0717,1.0,0.0694,0.7306,0.0,0.2722,1.0,0.0,77.4314,0.9973,1.0,0.1184,0.0,0.0778,0.9998,0.2511,0.2169,1.0234,2.6808,0.7375,0.0054,1.0,0.0369,0.0,0.2262
1754759640000,149.5612,1.0,0.0694,0.7266,0.0,0.2618,1.0,0.0,81.3046,0.9971,1.0,0.1214,0.0,0.0848,0.9996,0.2321,0.219,1.0157,2.5653,0.731,0.0054,1.0,0.0558,0.0,0.218
1754759700000,150.6234,1.0,0.0694,0.7279,0.0,0.2591,1.0,0.0,80.9976,0.9974,1.0,0.1194,0.0,0.0795,0.9996,0.2225,0.2169,1.027,2.589,0.7403,0.0057,1.0,0.081,0.0,0.2094
1754759760000,160.5308,1.0,0.0694,0.7294,0.0,0.2583,1.0,0.0,83.2457,0.9975,1.0,0.115,0.0,0.0807,0.9996,0.2094,0.2099,1.0149,2.5985,0.7311,0.0056,1.0,0.0463,0.0,0.208
1754759820000,152.8113,1.0,0.0694,0.7282,0.0,0.2617,1.0,0.0,81.9877,0.9978,1.0,0.1193,0.0,0.079,0.9999,0.2008,0.2162,1.0025,2.5987,0.735,0.0055,1.0,0.0655,0.0,0.2065
1754759880000,157.1642,1.0,0.0694,0.7287,0.0,0.2639,1.0,0.0,83.0664,0.9975,1.0,0.118,0.0,0.079,0.9995,0.19,0.2136,1.0017,2.6163,0.7321,0.0055,1.0,0.0889,0.0,0.2038
1754759940000,165.0383,1.0,0.0694,0.7281,0.0,0.2583,1.0,0.0,88.3139,0.9972,1.0,0.1156,0.0,0.0774,0.9994,0.2018,0.2104,0.9923,2.7196,0.7262,0.0056,1.0,0.0664,0.0,0.2047
1754760000000,158.033,1.0,0.0694,0.7282,0.0,0.2667,1.0,0.0,86.067,0.9971,1.0,0.1184,0.0,0.0797,0.9996,0.2035,0.2141,0.9772,2.503,0.7243,0.0054,1.0,0.096,0.0,0.2003
1754760060000,157.8351,1.0,0.0694,0.7248,0.0,0.2639,1.0,0.0,87.5634,0.997,1.0,0.1172,0.0,0.0815,0.9994,0.2015,0.2102,0.9708,2.4662,0.7254,0.0056,1.0,0.0582,0.0,0.2047
1754760120000,162.4475,1.0,0.0694,0.7288,0.0,0.2611,1.0,0.0,87.7862,0.9975,1.0,0.1117,0.0,0.0786,0.9993,0.2014,0.2034,0.9469,2.6386,0.7188,0.0056,1.0,0.0413,0.0,0.2017
1754760180000,151.7616,1.0,0.0694,0.7307,0.0,0.25,1.0,0.0,81.815,0.9974,1.0,0.1121,0.0,0.0786,0.9996,0.2025,0.2051,0.9336,2.7435,0.7034,0.0056,1.0,0.038,0.0,0.2074
1754760240000,149.3325,1.0,0.0694,0.7309,0.0,0.25,1.0,0.0,78.3452,0.9973,1.0,0.1171,0.0,0.0767,0.9996,0.2214,0.2142,0.9276,2.5729,0.7128,0.0054,1.0,0.0599,0.0,0.2035
1754760300000,154.3995,1.0,0.0694,0.7301,0.0,0.25,1.0,0.0,81.5547,0.9973,1.0,0.1139,0.0,0.0733,0.9999,0.2188,0.2076,0.9155,2.696,0.7076,0.0053,1.0,0.0623,0.0,0.1996
1754760360000,143.2271,1.0,0.0694,0.7283,0.0,0.25,1.0,0.0,77.6593,0.9977,1.0,0.1152,0.0,0.08,0.9999,0.2208,0.2097,0.8965,2.5308,0.7002,0.0054,1.0,0.048,0.0,0.1968
1754760420000,150.6323,1.0,0.0694,0.7278,0.0,0.2577,1.0,0.0,80.4529,0.9974,1.0,0.1113,0.0,0.0783,0.9999,0.2183,0.2022,0.9136,2.694,0.7101,0.0054,1.0,0.0947,0.0,0.1915
1754760480000,142.9755,1.0,0.0694,0.7269,0.0,0.2528,1.0,0.0,77.6056,0.9971,1.0,0.1125,0.0,0.0756,0.9997,0.2161,0.2033,0.9,2.4968,0.6963,0.0053,1.0,0.0325,0.0,0.1927
1754760540000,150.1936,1.0,0.0694,0.7282,0.0,0.2444,1.0,0.0,80.8314,0.9972,1.0,0.1119,0.0,0.0828,0.9998,0.2256,0.2029,0.8921,2.6382,0.6962,0.0054,1.0,0.0359,0.0,0.1826
1754760600000,163.1571,1.0,0.0694,0.7278,0.0,0.2556,1.0,0.0,86.3864,0.9972,1.0,0.1046,0.0,0.0766,0.9997,0.22,0.1906,0.9064,2.5306,0.7008,0.0052,1.0,0.0586,0.0,0.1889
1754760660000,149.9814,1.0,0.0694,0.727,0.0,0.2639,1.0,0.0,81.4238,0.9973,1.0,0.1116,0.0,0.0785,0.9998,0.2118,0.2022,0.8586,2.5163,0.6914,0.0052,1.0,0.0529,0.0,0.1929
1754760720000,156.6923,1.0,0.0694,0.73,0.0,0.2611,1.0,0.0,82.6111,0.9977,1.0,0.1069,0.0,0.0726,0.9995,0.2024,0.1952,0.8644,2.5329,0.6889,0.005,1.0,0.0302,0.0,0.1876
1754760780000,155.0789,1.0,0.0694,0.727,0.0,0.2639,1.0,0.0,83.1866,0.9975,1.0,0.1057,0.0,0.0779,0.9998,0.1929,0.1918,0.8481,2.5863,0.6886,0.0047,1.0,0.0758,0.0,0.1838
1754760840000,146.5761,1.0,0.0694,0.7265,0.0,0.2639,1.0,0.0,81.4018,0.9979,1.0,0.105,0.0,0.0713,0.9998,0.1907,0.1898,0.837,2.4795,0.6787,0.005,1.0,0.0279,0.0,0.1804
1754760900000,147.3195,1.0,0.0694,0.7269,0.0,0.2583,1.0,0.0,78.3179,0.997,1.0,0.1024,0.0,0.0697,0.9996,0.1936,0.1853,0.8411,2.8497,0.6742,0.0051,1.0,0.0391,0.0,0.1809
1754760960000,154.0087,1.0,0.0694,0.7247,0.0,0.2472,1.0,0.0,86.4186,0.997,1.0,0.1059,0.0,0.07,0.9995,0.2014,0.1895,0.8321,2.6165,0.6766,0.0052,1.0,0.0404,0.0,0.1777
1754761020000,143.406,1.0,0.0694,0.7254,0.0,0.25,1.0,0.0,82.4003,0.9977,1.0,0.1041,0.0,0.0677,0.9996,0.1821,0.1862,0.8147,2.801,0.6702,0.0051,1.0,0.0693,0.0,0.1807
1754761080000,148.5361,1.0,0.0694,0.7269,0.0,0.25,1.0,0.0,81.0737,0.9975,1.0,0.1049,0.0,0.0652,0.9997,0.1794,0.1893,0.8204,2.6217,0.6652,0.0051,1.0,0.0463,0.0,0.1697
1754761140000,148.7332,1.0,0.0694,0.7286,0.0,0.2556,1.0,0.0,80.2606,0.9975,1.0,0.0994,0.0,0.0642,0.9999,0.1747,0.1803,0.8197,2.6701,0.6725,0.0048,1.0,0.0438,0.0,0.1797
1754761200000,152.7462,1.0,0.0694,0.7258,0.0,0.2528,1.0,0.0,86.12,0.9976,1.0,0.1039,0.0,0.0682,0.9996,0.1703,0.1868,0.8391,2.7721,0.6804,0.0046,1.0,0.0351,0.0,0.1709
1754761260000,150.396,1.0,0.0694,0.7277,0.0,0.2639,1.0,0.0,84.0153,0.9978,1.0,0.1042,0.0,0.0665,0.9996,0.1756,0.1868,0.8403,2.5819,0.676,0.0048,1.0,0.1075,0.0,0.1758
1754761320000,142.8477,1.0,0.0694,0.7262,0.0,0.2611,1.0,0.0,83.9121,0.9976,1.0,0.1018,0.0,0.0673,0.9998,0.1853,0.1822,0.8361,2.6162,0.6764,0.0047,1.0,0.0666,0.0,0.1731
1754761380000,151.9415,1.0,0.0694,0.7224,0.0,0.2528,1.0,0.0,78.9174,0.9975,1.0,0.0886,0.0,0.0696,0.9995,0.1799,0.164,0.8143,2.5655,0.9445,0.0051,1.0,0.0653,0.0,0.1679
1754761440000,149.7521,1.0,0.0694,0.72,0.0,0.2535,1.0,0.0,84.8243,0.9975,1.0,0.0982,0.0,0.0658,0.9997,0.1711,0.1753,0.8209,2.5391,0.7408,0.0046,1.0,0.0329,0.0,0.1762
1754761500000,156.568,1.0,0.0694,0.7284,0.0,0.25,1.0,0.0,85.263,0.9968,1.0,0.0933,0.0,0.0663,0.9996,0.171,0.1693,0.8092,2.4961,0.6663,0.0045,1.0,0.1038,0.0,0.1706
1754761560000,155.1785,1.0,0.0694,0.7321,0.0,0.2591,1.0,0.0,80.1527,0.9973,1.0,0.0956,0.0,0.0676,0.9997,0.1651,0.1751,0.8158,2.6321,0.6745,0.0047,1.0,0.0496,0.0,0.1657
1754761620000,138.9732,1.0,0.0694,0.7133,0.0,0.2556,1.0,0.0,77.0278,0.9971,1.0,0.084,0.0,0.0696,0.9997,0.1481,0.1535,0.8143,2.4109,0.993,0.0047,1.0,0.1233,0.0,0.172
1754761680000,141.7653,1.0,0.0694,0.7188,0.0,0.25,1.0,0.0,79.8437,0.9978,1.0,0.0891,0.0,0.0669,0.9996,0.1436,0.1604,0.822,2.6299,0.8448,0.0047,1.0,0.0419,0.0,0.1629
1754761740000,145.0536,1.0,0.0694,0.7258,0.0,0.2466,1.0,0.0,80.5221,0.9972,1.0,0.0968,0.0,0.0682,0.9998,0.1583,0.1733,0.8141,2.6835,0.6679,0.0047,1.0,0.0661,0.0,0.1559
1754761800000,143.2284,1.0,0.0694,0.7292,0.0,0.2556,1.0,0.0,77.1493,0.9973,1.0,0.0963,0.0,0.0694,0.9998,0.1613,0.1748,0.8228,2.5764,0.6725,0.0048,1.0,0.0412,0.0,0.1632
1754761860000,141.141,1.0,0.0694,0.7269,0.0,0.2611,1.0,0.0,79.7095,0.9975,1.0,0.0972,0.0,0.0652,0.9999,0.1578,0.1753,0.816,2.5252,0.6693,0.0047,1.0,0.0636,0.0,0.1585
1754761920000,152.218,1.0,0.0694,0.7288,0.0,0.2604,1.0,0.0,80.7715,0.9973,1.0,0.0932,0.0,0.0671,0.9998,0.1874,0.1706,0.8079,2.6755,0.6699,0.0048,1.0,0.0647,0.0,0.1642
1754761980000,143.0374,1.0,0.0694,0.7256,0.0,0.2639,1.0,0.0,80.9853,0.9972,1.0,0.094,0.0,0.0624,0.9997,0.1772,0.1686,0.8325,2.6001,0.6771,0.0049,1.0,0.0868,0.0,0.1673
1754762040000,152.1417,1.0,0.0694,0.726,0.0,0.2694,1.0,0.0,87.923,0.9975,1.0,0.0995,0.0,0.0617,0.9997,0.1806,0.1781,0.8092,2.4867,0.6713,0.0046,1.0,0.0644,0.0,0.157
1754762100000,151.0331,1.0,0.0694,0.7263,0.0,0.2722,1.0,0.0,85.0159,0.9975,1.0,0.0985,0.0,0.0654,0.9996,0.16,0.1777,0.8133,2.6621,0.668,0.0046,1.0,0.0648,0.0,0.162
1754762160000,155.1984,1.0,0.0694,0.7267,0.0,0.2667,1.0,0.0,85.6631,0.9973,1.0,0.0904,0.0,0.0643,0.9996,0.1736,0.1631,0.8096,2.6585,0.6661,0.0044,1.0,0.0292,0.0,0.1635
1754762220000,154.8161,1.0,0.0694,0.7246,0.0,0.2667,1.0,0.0,86.2189,0.9975,1.0,0.0902,0.0,0.0649,0.9997,0.1558,0.1628,0.7959,2.55,0.6575,0.0044,1.0,0.0709,0.0,0.1637
1754762280000,159.7365,1.0,0.0694,0.7277,0.0,0.2611,1.0,0.0,88.0623,0.9973,1.0,0.0921,0.0,0.0634,0.9994,0.156,0.1665,0.8107,2.5079,0.6703,0.0046,1.0,0.0386,0.0,0.1583
1754762340000,167.1366,1.0,0.0694,0.7318,0.0,0.2556,1.0,0.0,83.3904,0.9973,1.0,0.0854,0.0,0.0625,0.9997,0.155,0.1575,0.7986,2.6951,0.6639,0.0043,1.0,0.1338,0.0,0.1579
1754762400000,183.5851,1.0,0.0694,0.7288,0.0,0.2556,1.0,0.0,98.0297,0.9969,1.0,0.0881,0.0,0.063,0.9992,0.1586,0.161,0.8277,2.6059,0.6815,0.0044,1.0,0.0735,0.0,0.1531
1754762460000,166.5787,1.0,0.0694,0.7285,0.0,0.25,1.0,0.0,89.5977,0.9971,1.0,0.0885,0.0,0.0648,0.9995,0.1543,0.1609,0.8091,2.4087,0.6734,0.0045,1.0,0.0763,0.0,0.1675
1754762520000,155.0111,1.0,0.0694,0.7268,0.0,0.2556,1.0,0.0,82.658,0.9975,1.0,0.0889,0.0,0.0638,0.9996,0.1504,0.1609,0.8134,2.8142,0.6671,0.0047,1.0,0.0771,0.0,0.1565
1754762580000,178.2017,1.0,0.0694,0.7311,0.0,0.2583,1.0,0.0,93.8458,0.9972,1.0,0.0852,0.0,0.0575,0.9992,0.1436,0.157,0.8255,2.4465,0.6749,0.0045,1.0,0.0502,0.0,0.1492
1754762640000,174.7332,1.0,0.0694,0.73,0.0,0.2583,1.0,0.0,99.5868,0.9977,1.0,0.0891,0.0,0.0617,0.9989,0.1385,0.1623,0.8236,2.6087,0.672,0.0046,1.0,0.0412,0.0,0.1568
1754762700000,182.4646,1.0,0.0694,0.7269,0.0,0.2583,1.0,0.0,100.1661,0.9973,1.0,0.0895,0.0,0.0587,0.9983,0.1536,0.1618,0.8399,2.6214,0.6801,0.0045,1.0,0.0863,0.0,0.1579
1754762760000,164.3723,1.0,0.0694,0.7309,0.0,0.2556,1.0,0.0,85.641,0.9975,1.0,0.0874,0.0,0.0634,0.9994,0.135,0.1604,0.8009,2.5068,0.6635,0.0044,1.0,0.0883,0.0,0.1536
1754762820000,171.0796,1.0,0.0694,0.7317,0.0,0.2583,1.0,0.0,87.5023,0.9971,1.0,0.0877,0.0,0.0599,0.9995,0.1219,0.1613,0.8107,2.6432,0.6772,0.0044,1.0,0.0486,0.0,0.1609
1754762880000,152.0232,1.0,0.0694,0.7294,0.0,0.2556,1.0,0.0,80.4143,0.9973,1.0,0.0883,0.0,0.0611,0.9996,0.1478,0.1607,0.8238,2.4912,0.6839,0.0043,1.0,0.0277,0.0,0.1558
1754762940000,144.4082,1.0,0.0694,0.7223,0.0,0.2583,1.0,0.0,81.0962,0.9972,1.0,0.0873,0.0,0.0594,0.9998,0.1438,0.1566,0.7978,2.4977,0.6665,0.0044,1.0,0.0584,0.0,0.1561
1754763000000,146.2624,1.0,0.0694,0.7238,0.0,0.2528,1.0,0.0,81.1983,0.9974,1.0,0.0845,0.0,0.0624,0.9999,0.1418,0.1527,0.8181,2.6749,0.6756,0.0044,1.0,0.119,0.0,0.146
1754763060000,142.0399,1.0,0.0694,0.724,0.0,0.2583,1.0,0.0,83.2556,0.9973,1.0,0.0851,0.0,0.0598,0.9999,0.1401,0.1516,0.8062,2.6554,0.669,0.0044,1.0,0.1071,0.0,0.1547
1754763120000,174.9051,1.0,0.0694,0.7295,0.0,0.2611,1.0,0.0,92.1486,0.9965,1.0,0.0786,0.0,0.0622,0.9991,0.1387,0.144,0.82,2.5047,0.6793,0.0042,1.0,0.0797,0.0,0.1459
1754763180000,152.0999,1.0,0.0694,0.7239,0.0,0.2556,1.0,0.0,87.3143,0.997,1.0,0.083,0.0,0.0602,0.9996,0.1629,0.1476,0.8114,2.5273,0.677,0.0044,1.0,0.074,0.0,0.15
1754763240000,159.4169,1.0,0.0694,0.7266,0.0,0.2583,1.0,0.0,87.0677,0.997,1.0,0.0798,0.0,0.0592,0.9997,0.1532,0.1445,0.8046,2.4544,0.6697,0.0041,1.0,0.0867,0.0,0.1402
1754763300000,153.4941,1.0,0.0694,0.7285,0.0,0.2556,1.0,0.0,82.6058,0.997,1.0,0.0805,0.0,0.0576,0.9998,0.1671,0.146,0.8156,2.4153,0.674,0.0044,1.0,0.1184,0.0,0.1449
1754763360000,156.3877,1.0,0.0694,0.7278,0.0,0.2528,1.0,0.0,82.5094,0.9974,1.0,0.0807,0.0,0.0573,0.9997,0.1582,0.1462,0.8265,2.6381,0.6743,0.0042,1.0,0.0425,0.0,0.1462
1754763420000,179.49,1.0,0.0694,0.7277,0.0,0.2583,1.0,0.0,96.4887,0.9966,1.0,0.0806,0.0,0.0532,0.9984,0.1753,0.1455,0.8281,2.7305,0.688,0.0042,1.0,0.0469,0.0,0.1469
1754763480000,180.8096,1.0,0.0694,0.7265,0.0,0.2556,1.0,0.0,100.9274,0.9977,1.0,0.0847,0.0,0.0559,0.9988,0.1571,0.1524,0.8447,2.2823,0.6972,0.0042,1.0,0.0764,0.0,0.1492
1754763540000,142.3597,1.0,0.0694,0.7274,0.0,0.2583,1.0,0.0,77.854,0.998,1.0,0.0857,0.0,0.0599,0.9998,0.1625,0.1541,0.7991,2.3188,0.6697,0.0047,1.0,0.025,0.0,0.153
1754763600000,149.201,1.0,0.0694,0.7299,0.0,0.2611,1.0,0.0,76.8444,0.9972,1.0,0.0775,0.0,0.0553,0.9999,0.1478,0.1417,0.8214,2.7475,0.672,0.0043,1.0,0.0567,0.0,0.1482
1754763660000,157.5287,1.0,0.0694,0.7306,0.0,0.2591,1.0,0.0,81.4341,0.9972,1.0,0.0754,0.0,0.0549,0.9998,0.1632,0.1388,0.7959,2.4804,0.6549,0.0039,1.0,0.0269,0.0,0.1424
1754763720000,149.5647,1.0,0.0694,0.7116,0.0,0.2611,1.0,0.0,82.5497,0.9972,1.0,0.0685,0.0,0.0588,0.9998,0.1515,0.1267,0.8054,2.6673,1.1726,0.0042,1.0,0.0838,0.0,0.1416
1754763780000,160.6845,1.0,0.0694,0.7063,0.0,0.2583,1.0,0.0,84.7666,0.997,1.0,0.0641,0.0,0.0545,0.9997,0.1469,0.1214,0.8108,2.3841,1.2829,0.0038,1.0,0.0494,0.0,0.1421
1754763840000,152.134,1.0,0.0694,0.7141,0.0,0.2611,1.0,0.0,78.8998,0.9965,1.0,0.0689,0.0,0.0603,0.9997,0.1471,0.1299,0.8013,2.4194,1.0551,0.0042,1.0,0.0701,0.0,0.1417
1754763900000,156.5285,1.0,0.0694,0.729,0.0,0.2583,1.0,0.0,81.6179,0.9973,1.0,0.0738,0.0,0.0561,0.9998,0.1508,0.1348,0.8128,2.3709,0.6633,0.0041,1.0,0.107,0.0,0.1478
1754763960000,154.5065,1.0,0.0694,0.7285,0.0,0.2639,1.0,0.0,83.1746,0.9972,1.0,0.0787,0.0,0.0559,0.9998,0.1501,0.1433,0.8278,2.4453,0.6762,0.0044,1.0,0.0844,0.0,0.137
1754764020000,146.308,1.0,0.0694,0.7278,0.0,0.2583,1.0,0.0,80.1087,0.9974,1.0,0.0746,0.0,0.0525,0.9999,0.1467,0.135,0.8076,2.4947,0.6712,0.0042,1.0,0.0564,0.0,0.1421
1754764080000,142.7031,1.0,0.0694,0.7269,0.0,0.2639,1.0,0.0,80.8462,0.9976,1.0,0.0786,0.0,0.0536,0.9999,0.1435,0.1423,0.806,2.6836,0.6699,0.004,1.0,0.0514,0.0,0.1344
1754764140000,163.9647,1.0,0.0694,0.732,0.0,0.2604,1.0,0.0,84.9219,0.9972,1.0,0.0733,0.0,0.0533,0.9995,0.1532,0.1347,0.7988,2.5392,0.6732,0.0041,1.0,0.0506,0.0,0.1355
1754764200000,154.2022,1.0,0.0694,0.7275,0.0,0.2535,1.0,0.0,87.6074,0.9981,1.0,0.0766,0.0,0.0549,0.9999,0.1474,0.1383,0.804,2.6637,0.6648,0.0038,1.0,0.0416,0.0,0.14
1754764260000,157.1732,1.0,0.0694,0.7273,0.0,0.2556,1.0,0.0,85.2925,0.9973,1.0,0.0761,0.0,0.0528,0.9997,0.1546,0.1376,0.8011,2.5924,0.6686,0.0039,1.0,0.0315,0.0,0.1382
1754764320000,149.6495,1.0,0.0694,0.7265,0.0,0.2583,1.0,0.0,82.4096,0.9977,1.0,0.0759,0.0,0.0542,0.9997,0.1503,0.136,0.8037,2.7223,0.6661,0.0039,1.0,0.1248,0.0,0.1404
1754764380000,158.5542,1.0,0.0694,0.7276,0.0,0.2583,1.0,0.0,84.9461,0.9972,1.0,0.0731,0.0,0.0549,0.9997,0.1435,0.1329,0.7977,2.3526,0.6633,0.004,1.0,0.0375,0.0,0.1391
1754764440000,154.7766,1.0,0.0694,0.7285,0.0,0.2611,1.0,0.0,84.0137,0.9976,1.0,0.0712,0.0,0.0551,0.9997,0.1319,0.1297,0.7834,2.4256,0.6587,0.0039,1.0,0.1839,0.0,0.1455
1754764500000,158.2127,1.0,0.0694,0.7264,0.0,0.2611,1.0,0.0,85.8799,0.9971,1.0,0.0725,0.0,0.0553,0.9997,0.1278,0.1313,0.8127,2.7204,0.67,0.0041,1.0,0.0748,0.0,0.1308
1754764560000,149.5731,1.0,0.0694,0.7243,0.0,0.2667,1.0,0.0,86.5346,0.9979,1.0,0.0771,0.0,0.0519,0.9997,0.1361,0.138,0.8109,2.3683,0.6723,0.0038,1.0,0.0338,0.0,0.1353
1754764620000,145.2336,1.0,0.0694,0.7283,0.0,0.2639,1.0,0.0,79.4031,0.9974,1.0,0.0725,0.0,0.0527,0.9999,0.1275,0.131,0.795,2.257,0.6651,0.004,1.0,0.0627,0.0,0.1295
1754764680000,158.8999,1.0,0.0694,0.7295,0.0,0.2611,1.0,0.0,85.6974,0.9971,1.0,0.0713,0.0,0.0536,0.9996,0.1211,0.1297,0.8055,2.4334,0.6745,0.004,1.0,0.0573,0.0,0.1373
1754764740000,138.3867,1.0,0.0694,0.7216,0.0,0.2705,1.0,0.0,82.7149,0.997,1.0,0.074,0.0,0.0492,0.9998,0.1353,0.1311,0.8076,2.4278,0.6723,0.004,1.0,0.075,0.0,0.1372
1754764800000,144.8425,1.0,0.0694,0.7273,0.0,0.2694,1.0,0.0,84.8222,0.9972,1.0,0.0746,0.0,0.051,0.9999,0.1353,0.1335,0.8075,2.4992,0.6712,0.004,1.0,0.0705,0.0,0.1317
1754764860000,157.3173,1.0,0.0694,0.7299,0.0,0.2611,1.0,0.0,85.8404,0.9973,1.0,0.0696,0.0,0.0501,0.9996,0.1336,0.1264,0.8055,2.222,0.6739,0.0039,1.0,0.068,0.0,0.1377
1754764920000,148.3705,1.0,0.0694,0.7278,0.0,0.2611,1.0,0.0,80.8545,0.9976,1.0,0.0692,0.0,0.0515,0.9999,0.1533,0.125,0.805,2.5154,0.6707,0.0037,1.0,0.0778,0.0,0.1343
1754764980000,142.1849,1.0,0.0694,0.7261,0.0,0.25,1.0,0.0,80.2553,0.9971,1.0,0.0717,0.0,0.0525,0.9998,0.1389,0.1288,0.79,2.5677,0.6628,0.0039,1.0,0.032,0.0,0.1348
1754765040000,144.6504,1.0,0.0694,0.7225,0.0,0.2556,1.0,0.0,84.3209,0.9974,1.0,0.0689,0.0,0.0484,0.9997,0.1428,0.1226,0.7972,2.6549,0.668,0.0039,1.0,0.0997,0.0,0.131
1754765100000,145.1865,1.0,0.0694,0.7266,0.0,0.2556,1.0,0.0,79.5439,0.9975,1.0,0.0655,0.0,0.0471,0.9998,0.1381,0.118,0.8155,2.6756,0.6761,0.0036,1.0,0.0787,0.0,0.1245
1754765160000,150.6546,1.0,0.0694,0.7241,0.0,0.2556,1.0,0.0,86.442,0.9966,1.0,0.0679,0.0,0.0483,0.9999,0.1346,0.1215,0.81,2.8628,0.6745,0.0035,1.0,0.083,0.0,0.1359
1754765220000,159.2579,1.0,0.0694,0.728,0.0,0.2556,1.0,0.0,89.3581,0.9976,1.0,0.0668,0.0,0.0474,0.9998,0.1325,0.1206,0.7814,2.2077,0.6711,0.0035,1.0,0.1413,0.0,0.1292
1754765280000,152.3277,1.0,0.0694,0.726,0.0,0.2583,1.0,0.0,85.3387,0.997,1.0,0.0687,0.0,0.0498,0.9997,0.1222,0.1236,0.7951,2.4053,0.6657,0.0038,1.0,0.0453,0.0,0.1282
1754765340000,155.4075,1.0,0.0694,0.7273,0.0,0.2639,1.0,0.0,85.096,0.9972,1.0,0.0647,0.0,0.05,0.9999,0.1249,0.1169,0.7904,2.3759,0.6569,0.0035,1.0,0.07,0.0,0.1246
1754765400000,155.9823,1.0,0.0694,0.7312,0.0,0.2583,1.0,0.0,82.3772,0.9973,1.0,0.0668,0.0,0.0508,0.9997,0.1128,0.123,0.8029,2.6588,0.6768,0.0039,1.0,0.0931,0.0,0.125
1754765460000,153.4995,1.0,0.0694,0.7284,0.0,0.25,1.0,0.0,82.9417,0.9971,1.0,0.0663,0.0,0.0479,1.0,0.1243,0.1201,0.8153,2.2381,0.6679,0.0036,1.0,0.0328,0.0,0.1298
1754765520000,155.3971,1.0,0.0694,0.7264,0.0,0.2583,1.0,0.0,82.0252,0.9967,1.0,0.0638,0.0,0.0517,0.9999,0.1306,0.116,0.8093,2.6478,0.6678,0.0039,1.0,0.0374,0.0,0.1277
1754765580000,158.4345,1.0,0.0694,0.7322,0.0,0.2611,1.0,0.0,81.5628,0.9964,1.0,0.0627,0.0,0.0489,0.9998,0.1312,0.1157,0.7988,2.4606,0.6653,0.0035,1.0,0.0862,0.0,0.1267
1754765640000,176.7116,1.0,0.0694,0.731,0.0,0.2556,1.0,0.0,88.5599,0.9962,1.0,0.0593,0.0,0.0512,0.9995,0.1346,0.1093,0.7992,2.4023,0.6643,0.0037,1.0,0.0673,0.0,0.1273
1754765700000,156.8005,1.0,0.0694,0.7322,0.0,0.2583,1.0,0.0,83.1323,0.9971,1.0,0.0631,0.0,0.0488,0.9997,0.1286,0.1162,0.786,2.3877,0.6627,0.0037,1.0,0.0302,0.0,0.1245
1754765760000,157.0172,1.0,0.0694,0.7292,0.0,0.25,1.0,0.0,88.6546,0.997,1.0,0.0675,0.0,0.047,0.9994,0.1471,0.1224,0.7911,2.4433,0.6612,0.0033,1.0,0.025,0.0,0.1258
1754765820000,174.9176,1.0,0.0694,0.7292,0.0,0.2556,1.0,0.0,90.1799,0.9969,1.0,0.0595,0.0,0.0462,0.9995,0.1385,0.1089,0.7924,2.4957,0.6539,0.0038,1.0,0.0403,0.0,0.1233
1754765880000,163.3187,1.0,0.0694,0.7297,0.0,0.2466,1.0,0.0,89.7343,0.9968,1.0,0.0658,0.0,0.0478,0.9993,0.1264,0.12,0.7776,2.6558,0.6633,0.004,1.0,0.0712,0.0,0.1239
1754765940000,164.8094,1.0,0.0694,0.7311,0.0,0.2556,1.0,0.0,87.3674,0.9977,1.0,0.0612,0.0,0.0479,0.9999,0.1307,0.1125,0.796,2.3438,0.6694,0.0036,1.0,0.0195,0.0,0.1246
1754766000000,156.8393,1.0,0.0694,0.7322,0.0,0.2528,1.0,0.0,80.5034,0.9969,1.0,0.0677,0.0,0.0519,0.9999,0.1321,0.1246,0.7913,2.4508,0.6698,0.0037,1.0,0.052,0.0,0.1237
1754766060000,153.9134,1.0,0.0694,0.7281,0.0,0.2528,1.0,0.0,81.9987,0.9969,1.0,0.0625,0.0,0.0503,0.9999,0.1379,0.1138,0.7829,2.3982,0.6607,0.0038,1.0,0.05,0.0,0.1308
1754766120000,186.8437,1.0,0.0694,0.7293,0.0,0.2556,1.0,0.0,97.1304,0.9963,1.0,0.0607,0.0,0.0463,0.9996,0.1429,0.1109,0.7926,2.5398,0.6568,0.0036,1.0,0.073,0.0,0.1323
1754766180000,149.7618,1.0,0.0694,0.7275,0.0,0.2611,1.0,0.0,81.3011,0.9971,1.0,0.0594,0.0,0.0473,0.9997,0.1376,0.1075,0.7932,2.7221,0.6668,0.0035,1.0,0.1051,0.0,0.129
1754766240000,148.9155,1.0,0.0694,0.7256,0.0,0.2639,1.0,0.0,80.9583,0.9968,1.0,0.0627,0.0,0.0497,1.0,0.1439,0.1132,0.7951,2.8052,0.6628,0.0035,1.0,0.2276,0.0,0.1191
1754766300000,151.0561,1.0,0.0694,0.7258,0.0,0.2611,1.0,0.0,87.522,0.9973,1.0,0.0624,0.0,0.0486,0.9997,0.1325,0.1124,0.8032,2.3102,0.6712,0.0037,1.0,0.0431,0.0,0.1249
1754766360000,154.1301,1.0,0.0694,0.7253,0.0,0.2694,1.0,0.0,89.1974,0.997,1.0,0.0655,0.0,0.0495,0.9997,0.1456,0.1174,0.8028,2.4013,0.6776,0.0035,1.0,0.0817,0.0,0.1266
1754766420000,150.3527,1.0,0.0694,0.7237,0.0,0.2694,1.0,0.0,86.2845,0.9972,1.0,0.0637,0.0,0.0478,0.9998,0.1349,0.1145,0.8016,2.2857,0.6666,0.0035,1.0,0.0708,0.0,0.1255
1754766480000,152.9865,1.0,0.0694,0.7224,0.0,0.2611,1.0,0.0,84.8146,0.9971,1.0,0.0626,0.0,0.0487,0.9999,0.1289,0.1127,0.7907,2.4702,0.6623,0.0034,1.0,0.0722,0.0,0.1201
1754766540000,149.2957,1.0,0.0694,0.7188,0.0,0.2611,1.0,0.0,83.9673,0.9973,1.0,0.0611,0.0,0.0453,0.9997,0.1257,0.1106,0.8101,2.7791,0.6686,0.0034,1.0,0.0855,0.0,0.1209
1754766600000,155.7009,1.0,0.0694,0.7219,0.0,0.2639,1.0,0.0,87.9837,0.9973,1.0,0.0628,0.0,0.0471,0.9995,0.1224,0.1117,0.8044,2.7265,0.6627,0.0034,1.0,0.0777,0.0,0.1206
1754766660000,151.5092,1.0,0.0694,0.7254,0.0,0.2639,1.0,0.0,85.6228,0.9964,1.0,0.0593,0.0,0.0497,0.9997,0.1138,0.1068,0.8162,2.532,0.6721,0.0034,1.0,0.1353,0.0,0.1247
1754766720000,162.9666,1.0,0.0694,0.7247,0.0,0.2556,1.0,0.0,89.4961,0.9967,1.0,0.0586,0.0,0.0473,0.9997,0.1224,0.1059,0.8187,2.5124,0.6791,0.0035,1.0,0.069,0.0,0.1233
1754766780000,159.5231,1.0,0.0694,0.7286,0.0,0.2528,1.0,0.0,86.1112,0.9971,1.0,0.0552,0.0,0.0461,0.9998,0.1332,0.1004,0.7936,2.4308,0.6668,0.0034,1.0,0.0333,0.0,0.1247
1754766840000,153.1338,1.0,0.0694,0.7282,0.0,0.2556,1.0,0.0,84.9702,0.9972,1.0,0.0591,0.0,0.0462,0.9995,0.1432,0.1078,0.7946,2.4727,0.6716,0.0033,1.0,0.0391,0.0,0.1204
1754766900000,147.5712,1.0,0.0694,0.7237,0.0,0.2528,1.0,0.0,86.1405,0.9972,1.0,0.0621,0.0,0.0443,0.9996,0.1343,0.1112,0.7979,2.3804,0.6669,0.0036,1.0,0.084,0.0,0.1197
1754766960000,158.1525,1.0,0.0694,0.7257,0.0,0.25,1.0,0.0,86.1607,0.9973,1.0,0.059,0.0,0.0451,0.9991,0.1272,0.1059,0.8033,2.5857,0.6794,0.0031,1.0,0.064,0.0,0.1198
1754767020000,152.7949,1.0,0.0694,0.7219,0.0,0.2556,1.0,0.0,86.196,0.9966,1.0,0.0547,0.0,0.0439,0.9999,0.1264,0.0978,0.8066,2.2113,0.6868,0.003,1.0,0.0696,0.0,0.1181
1754767080000,161.2952,1.0,0.0694,0.727,0.0,0.2583,1.0,0.0,90.575,0.9967,1.0,0.0571,0.0,0.0451,0.9996,0.1254,0.1031,0.8346,2.3103,0.6915,0.0034,1.0,0.0479,0.0,0.1127
1754767140000,159.8806,1.0,0.0694,0.7239,0.0,0.2556,1.0,0.0,89.746,0.9971,1.0,0.056,0.0,0.0434,0.9997,0.1278,0.1007,0.8121,2.168,0.6739,0.0032,1.0,0.0429,0.0,0.1221
1754767200000,162.1753,1.0,0.0694,0.724,0.0,0.2611,1.0,0.0,91.5478,0.9965,1.0,0.0566,0.0,0.0431,0.9997,0.1199,0.1017,0.8178,2.2938,0.6834,0.0032,1.0,0.0979,0.0,0.1171
1754767260000,161.8358,1.0,0.0694,0.719,0.0,0.2639,1.0,0.0,93.7793,0.9967,1.0,0.059,0.0,0.0445,0.9996,0.1001,0.1039,0.8137,2.6276,0.6784,0.0035,1.0,0.0705,0.0,0.1172
1754767320000,155.8061,1.0,0.0694,0.7222,0.0,0.2611,1.0,0.0,88.8522,0.9963,1.0,0.0578,0.0,0.044,0.9995,0.0975,0.1033,0.7981,2.428,0.6742,0.0032,1.0,0.0771,0.0,0.1177
1754767380000,153.5936,1.0,0.0694,0.7245,0.0,0.2611,1.0,0.0,89.1837,0.9966,1.0,0.0579,0.0,0.0447,0.9998,0.1206,0.1035,0.7984,2.6642,0.6813,0.0033,1.0,0.0574,0.0,0.1134
1754767440000,162.0328,1.0,0.0694,0.7253,0.0,0.2639,1.0,0.0,92.7904,0.9969,1.0,0.0595,0.0,0.0455,0.9992,0.1157,0.1061,0.8158,2.4104,0.6645,0.0034,1.0,0.0159,0.0,0.1205
1754767500000,163.8495,1.0,0.0694,0.7292,0.0,0.2618,1.0,0.0,86.9152,0.9965,1.0,0.0593,0.0,0.0482,0.9995,0.1126,0.1083,0.8184,2.9597,0.6946,0.0034,1.0,0.0585,0.0,0.1181
1754767560000,155.0213,1.0,0.0694,0.733,0.0,0.2583,1.0,0.0,82.5586,0.9977,1.0,0.0565,0.0,0.0448,0.9999,0.1086,0.104,0.8021,2.6244,0.671,0.0034,1.0,0.0713,0.0,0.1263
1754767620000,148.233,1.0,0.0694,0.7344,0.0,0.2528,1.0,0.0,76.655,0.9972,1.0,0.0556,0.0,0.0448,0.9997,0.1129,0.1027,0.8107,2.5636,0.6768,0.0032,1.0,0.0499,0.0,0.12
1754767680000,137.7584,1.0,0.0694,0.7248,0.0,0.2521,1.0,0.0,82.9469,0.9975,1.0,0.0653,0.0,0.0459,1.0,0.1138,0.1165,0.8126,2.3581,0.681,0.0034,1.0,0.0595,0.0,0.1232
1754767740000,151.1039,1.0,0.0694,0.723,0.0,0.2535,1.0,0.0,86.7904,0.9969,1.0,0.0614,0.0,0.0444,0.9999,0.1256,0.1099,0.8025,2.2487,0.6766,0.0035,1.0,0.0499,0.0,0.122
1754767800000,165.3915,1.0,0.0694,0.721,0.0,0.25,1.0,0.0,94.3406,0.9979,1.0,0.0571,0.0,0.0437,0.9996,0.1243,0.1014,0.8004,2.586,0.6718,0.0032,1.0,0.1155,0.0,0.1203
1754767860000,154.0054,1.0,0.0694,0.7293,0.0,0.2563,1.0,0.0,84.2894,0.997,1.0,0.0572,0.0,0.0463,0.9998,0.1244,0.1039,0.8165,2.711,0.6797,0.0035,1.0,0.1105,0.0,0.1149
1754767920000,151.6501,1.0,0.0694,0.7249,0.0,0.2548,1.0,0.0,87.0845,0.9975,1.0,0.0577,0.0,0.0436,0.9998,0.1142,0.103,0.7959,2.7945,0.6839,0.0032,1.0,0.0372,0.0,0.1214
1754767980000,169.6341,1.0,0.0694,0.7316,0.0,0.2583,1.0,0.0,89.6641,0.9968,1.0,0.0539,0.0,0.0441,0.9999,0.1203,0.0988,0.797,2.6998,0.6668,0.0035,1.0,0.1727,0.0,0.1162
1754768040000,152.4704,1.0,0.0694,0.7253,0.0,0.2611,1.0,0.0,84.0616,0.997,1.0,0.0586,0.0,0.0451,0.9998,0.1282,0.1057,0.7958,2.7367,0.6808,0.0034,1.0,0.0839,0.0,0.1241
1754768100000,152.49,1.0,0.0694,0.7279,0.0,0.2521,1.0,0.0,84.1982,0.9974,1.0,0.0564,0.0,0.0447,0.9998,0.1351,0.1018,0.8096,2.4594,0.6828,0.0032,1.0,0.1728,0.0,0.123
1754768160000,157.3999,1.0,0.0694,0.7265,0.0,0.2528,1.0,0.0,86.9687,0.9973,1.0,0.0527,0.0,0.0435,0.9998,0.1467,0.0953,0.8068,2.6243,0.6844,0.0032,1.0,0.0949,0.0,0.1205
1754768220000,163.9,1.0,0.0694,0.7254,0.0,0.2528,1.0,0.0,89.0542,0.9976,1.0,0.0539,0.0,0.0441,0.9997,0.1371,0.0963,0.8182,2.4446,0.6847,0.0033,1.0,0.075,0.0,0.1171
1754768280000,153.9483,1.0,0.0694,0.73,0.0,0.25,1.0,0.0,83.4333,0.9971,1.0,0.0539,0.0,0.0448,0.9998,0.1385,0.0979,0.7848,2.6833,0.6757,0.0033,1.0,0.0708,0.0,0.1175
1754768340000,157.8924,1.0,0.0694,0.7271,0.0,0.2556,1.0,0.0,86.9363,0.9971,1.0,0.0533,0.0,0.0454,1.0,0.1375,0.097,0.7989,2.35,0.6785,0.0032,1.0,0.0835,0.0,0.1157
1754768400000,164.3528,1.0,0.0694,0.7231,0.0,0.25,1.0,0.0,89.3561,0.9975,1.0,0.0538,0.0,0.0417,0.9992,0.1233,0.0966,0.7997,2.3304,0.671,0.0031,1.0,0.0452,0.0,0.1163
1754768460000,151.9787,1.0,0.0694,0.7231,0.0,0.2583,1.0,0.0,90.7364,0.9974,1.0,0.0558,0.0,0.0428,0.9994,0.1207,0.0998,0.8057,2.1531,0.6821,0.003,1.0,0.1374,0.0,0.1214
1754768520000,161.9046,1.0,0.0694,0.7232,0.0,0.2583,1.0,0.0,92.3379,0.9972,1.0,0.0538,0.0,0.0429,0.9994,0.1161,0.0969,0.803,2.7066,0.6748,0.0033,1.0,0.0195,0.0,0.1166
1754768580000,148.2567,1.0,0.0694,0.7255,0.0,0.2759,1.0,0.0,81.7835,0.9966,1.0,0.0537,0.0,0.0453,0.9998,0.1311,0.0973,0.7851,2.7706,0.6721,0.0035,1.0,0.0295,0.0,0.1163
1754768640000,160.5061,1.0,0.0694,0.7266,0.0,0.2694,1.0,0.0,85.9498,0.9967,1.0,0.0537,0.0,0.0438,0.9999,0.1229,0.0971,0.7924,2.7125,0.6714,0.0032,1.0,0.1027,0.0,0.1181
1754768700000,154.0903,1.0,0.0694,0.7244,0.0,0.2611,1.0,0.0,86.4692,0.997,1.0,0.0552,0.0,0.0455,1.0,0.1356,0.0996,0.7835,2.0876,0.6661,0.0034,1.0,0.0708,0.0,0.1166
1754768760000,154.4403,1.0,0.0694,0.7253,0.0,0.2639,1.0,0.0,82.2351,0.9964,1.0,0.0528,0.0,0.0424,1.0,0.1347,0.0956,0.8069,2.3209,0.6771,0.0033,1.0,0.2072,0.0,0.1195
1754768820000,148.7725,1.0,0.0694,0.724,0.0,0.2667,1.0,0.0,85.916,0.9971,1.0,0.0571,0.0,0.0424,0.9999,0.1315,0.102,0.7953,2.3482,0.6819,0.0032,1.0,0.0576,0.0,0.1147
1754768880000,163.8252,1.0,0.0694,0.729,0.0,0.2583,1.0,0.0,84.426,0.996,1.0,0.0523,0.0,0.0421,0.9999,0.1125,0.0959,0.8164,2.2882,0.673,0.0031,1.0,0.025,0.0,0.1137
1754768940000,155.9711,1.0,0.0694,0.7254,0.0,0.2583,1.0,0.0,86.381,0.9967,1.0,0.0527,0.0,0.0429,0.9997,0.1117,0.0953,0.782,2.313,0.6743,0.0032,1.0,0.1335,0.0,0.1203
1754769000000,167.4582,1.0,0.0694,0.7291,0.0,0.2556,1.0,0.0,89.5573,0.9971,1.0,0.0497,0.0,0.0403,0.9999,0.1089,0.0903,0.7979,2.5706,0.6696,0.0031,1.0,0.0194,0.0,0.1116
1754769060000,141.118,1.0,0.0694,0.7229,0.0,0.2528,1.0,0.0,81.7872,0.9967,1.0,0.0519,0.0,0.0431,0.9996,0.1117,0.0927,0.8053,2.5749,0.6798,0.0032,1.0,0.0435,0.0,0.1125
1754769120000,156.6603,1.0,0.0694,0.7279,0.0,0.2563,1.0,0.0,85.5836,0.9974,1.0,0.0538,0.0,0.043,0.9999,0.1154,0.0978,0.7976,2.4212,0.6737,0.0031,1.0,0.0505,0.0,0.107
1754769180000,148.7661,1.0,0.0694,0.7259,0.0,0.2466,1.0,0.0,82.8011,0.9972,1.0,0.0528,0.0,0.0414,1.0,0.1149,0.0948,0.7843,2.3404,0.6681,0.0031,1.0,0.1097,0.0,0.1149
1754769240000,169.8137,1.0,0.0694,0.7285,0.0,0.2556,1.0,0.0,91.2559,0.9971,1.0,0.0533,0.0,0.0414,0.9997,0.1228,0.0969,0.7889,2.4502,0.6585,0.0034,1.0,0.1588,0.0,0.111
1754769300000,155.7215,1.0,0.0694,0.7224,0.0,0.2528,1.0,0.0,87.906,0.9972,1.0,0.0529,0.0,0.0427,0.9998,0.1146,0.0947,0.79,2.4937,0.665,0.0033,1.0,0.052,0.0,0.1117
1754769360000,148.1005,1.0,0.0694,0.7221,0.0,0.2528,1.0,0.0,87.6362,0.9976,1.0,0.0542,0.0,0.0423,0.9999,0.1243,0.0964,0.7878,2.6675,0.6705,0.0031,1.0,0.0428,0.0,0.108
1754769420000,168.0674,1.0,0.0694,0.7278,0.0,0.25,1.0,0.0,86.2031,0.9964,1.0,0.0504,0.0,0.0408,1.0,0.1176,0.0921,0.7891,2.4813,0.6661,0.003,1.0,0.0688,0.0,0.1064
1754769480000,156.0157,1.0,0.0694,0.7281,0.0,0.2583,1.0,0.0,81.6281,0.9966,1.0,0.0512,0.0,0.0422,0.9996,0.119,0.0928,0.8185,2.571,0.6682,0.003,1.0,0.0666,0.0,0.1132
1754769540000,153.7391,1.0,0.0694,0.7243,0.0,0.2549,1.0,0.0,87.3085,0.9971,1.0,0.0532,0.0,0.0409,1.0,0.1253,0.0951,0.814,2.3839,0.6859,0.0031,1.0,0.0842,0.0,0.1123
1754769600000,165.5315,1.0,0.0694,0.7256,0.0,0.2528,1.0,0.0,87.2253,0.9968,1.0,0.0583,0.0,0.0463,1.0,0.1132,0.1051,0.8045,2.5883,0.6935,0.0034,1.0,0.1116,0.0,0.1162
1754769660000,162.5731,1.0,0.0694,0.7286,0.0,0.2521,1.0,0.0,88.1126,0.9962,1.0,0.0549,0.0,0.045,0.9996,0.1214,0.0995,0.8174,2.8795,0.6966,0.0034,1.0,0.0467,0.0,0.1234
1754769720000,152.284,1.0,0.0694,0.7284,0.0,0.2611,1.0,0.0,82.7639,0.9972,1.0,0.0514,0.0,0.0428,1.0,0.1083,0.0932,0.8167,2.404,0.6869,0.0033,1.0,0.12,0.0,0.1188
1754769780000,149.6366,1.0,0.0694,0.7286,0.0,0.2694,1.0,0.0,84.6772,0.9974,1.0,0.0546,0.0,0.0387,0.9999,0.1208,0.0985,0.8,2.7518,0.6789,0.003,1.0,0.0885,0.0,0.1119
1754769840000,167.205,1.0,0.0694,0.7254,0.0,0.2583,1.0,0.0,90.2557,0.9963,1.0,0.0502,0.0,0.0426,0.9996,0.1165,0.0909,0.8188,2.9405,0.6909,0.0031,1.0,0.0269,0.0,0.1157
1754769900000,152.8593,1.0,0.0694,0.7246,0.0,0.2583,1.0,0.0,85.4613,0.9968,1.0,0.0536,0.0,0.0416,0.9998,0.1276,0.0962,0.8214,2.3252,0.6946,0.0032,1.0,0.1175,0.0,0.1138
1754769960000,155.5806,1.0,0.0694,0.7239,0.0,0.2556,1.0,0.0,85.6377,0.9972,1.0,0.0525,0.0,0.042,1.0,0.1181,0.0945,0.833,2.5099,0.6889,0.003,1.0,0.0246,0.0,0.12
1754770020000,170.8322,1.0,0.0694,0.7324,0.0,0.257,1.0,0.0,90.021,0.9971,1.0,0.0486,0.0,0.039,0.9999,0.1232,0.0894,0.8158,1.9925,0.6887,0.0033,1.0,0.0742,0.0,0.1158
1754770080000,155.5526,1.0,0.0694,0.7256,0.0,0.2583,1.0,0.0,83.7479,0.9963,1.0,0.0504,0.0,0.0409,0.9998,0.1196,0.0914,0.803,2.6647,0.6764,0.0031,1.0,0.0669,0.0,0.1127
1754770140000,162.7746,1.0,0.0694,0.7319,0.0,0.2534,1.0,0.0,82.3914,0.9969,1.0,0.053,0.0,0.0447,0.9999,0.1151,0.0975,0.8046,2.6986,0.674,0.0033,1.0,0.0945,0.0,0.1169
1754770200000,161.9688,1.0,0.0694,0.7245,0.0,0.2639,1.0,0.0,86.6766,0.9967,1.0,0.0519,0.0,0.0434,1.0,0.1301,0.0944,0.8006,2.2242,0.6966,0.0034,1.0,0.1235,0.0,0.1192
1754770260000,169.1913,1.0,0.0694,0.7294,0.0,0.2591,1.0,0.0,87.1369,0.997,1.0,0.0504,0.0,0.0416,0.9996,0.1292,0.0924,0.8232,2.7279,0.6985,0.0034,1.0,0.0741,0.0,0.1232
1754770320000,152.8884,1.0,0.0694,0.7244,0.0,0.2591,1.0,0.0,84.0036,0.9973,1.0,0.0527,0.0,0.0413,1.0,0.1217,0.0949,0.7857,2.4916,0.6849,0.0033,1.0,0.0872,0.0,0.1161
1754770380000,159.3125,1.0,0.0694,0.7161,0.0,0.2556,1.0,0.0,92.0813,0.9972,1.0,0.0542,0.0,0.0445,0.9999,0.134,0.0966,0.8066,2.7961,0.6866,0.0033,1.0,0.1599,0.0,0.1147
1754770440000,159.9337,1.0,0.0694,0.7113,0.0,0.2611,1.0,0.0,88.4212,0.9972,1.0,0.0502,0.0,0.0395,0.9998,0.131,0.0906,0.8163,2.5213,0.6816,0.0031,1.0,0.1047,0.0,0.1113
1754770500000,152.3952,1.0,0.0694,0.7182,0.0,0.2528,1.0,0.0,82.0124,0.9962,1.0,0.0543,0.0,0.0449,1.0,0.1257,0.0994,0.7985,2.6238,0.664,0.0034,1.0,0.0773,0.0,0.11
1754770560000,157.3046,1.0,0.0694,0.714,0.0,0.2535,1.0,0.0,90.9681,0.9973,1.0,0.0562,0.0,0.0444,0.9999,0.1304,0.1009,0.8125,2.672,0.6791,0.0032,1.0,0.1318,0.0,0.1194
1754770620000,159.3402,1.0,0.0694,0.7213,0.0,0.2592,1.0,0.0,85.5591,0.997,1.0,0.051,0.0,0.041,0.9999,0.1319,0.0932,0.8155,2.4611,0.6788,0.0034,1.0,0.0366,0.0,0.1174
1754770680000,154.9648,1.0,0.0694,0.7152,0.0,0.2722,1.0,0.0,89.6462,0.9969,1.0,0.0539,0.0,0.0426,0.9998,0.1292,0.0967,0.8072,2.3976,0.6851,0.0033,1.0,0.0542,0.0,0.1145
1754770740000,161.7325,1.0,0.0694,0.7233,0.0,0.2639,1.0,0.0,87.1485,0.9969,1.0,0.05,0.0,0.0411,0.9997,0.1214,0.0911,0.8246,2.5188,0.6786,0.0031,1.0,0.0463,0.0,0.1144
1754770800000,153.17,1.0,0.0694,0.7217,0.0,0.2667,1.0,0.0,83.1698,0.9963,1.0,0.0527,0.0,0.0436,0.9995,0.1288,0.0949,0.8185,2.4178,0.6914,0.0034,1.0,0.1099,0.0,0.1148
1754770860000,154.067,1.0,0.0694,0.7212,0.0,0.2703,1.0,0.0,82.7076,0.9964,1.0,0.0502,0.0,0.0425,0.9995,0.1378,0.0911,0.8291,2.6073,0.6805,0.0032,1.0,0.0939,0.0,0.1149
1754770920000,149.3437,1.0,0.0694,0.7225,0.0,0.2528,1.0,0.0,82.8123,0.9962,1.0,0.0474,0.0,0.0394,0.9997,0.1354,0.0853,0.7972,2.226,0.6716,0.0031,1.0,0.1047,0.0,0.1114
1754770980000,138.4181,1.0,0.0694,0.7248,0.0,0.2591,1.0,0.0,79.2878,0.9973,1.0,0.0524,0.0,0.0418,0.9998,0.1217,0.0932,0.7872,2.3865,0.6829,0.0032,1.0,0.0489,0.0,0.1099
1754771040000,150.4154,1.0,0.0694,0.7219,0.0,0.2639,1.0,0.0,85.9805,0.9961,1.0,0.0522,0.0,0.0418,1.0,0.1263,0.093,0.7973,2.2547,0.6838,0.0033,1.0,0.0992,0.0,0.1146
1754771100000,153.1933,1.0,0.0694,0.7214,0.0,0.2639,1.0,0.0,82.6904,0.9964,1.0,0.0521,0.0,0.043,0.9998,0.1321,0.0935,0.8126,2.6957,0.6942,0.0032,1.0,0.1138,0.0,0.1139
1754771160000,151.5562,1.0,0.0694,0.7188,0.0,0.2591,1.0,0.0,87.7002,0.9966,1.0,0.0537,0.0,0.0437,0.9998,0.1307,0.0953,0.8055,2.5442,0.6836,0.0033,1.0,0.0542,0.0,0.1136
1754771220000,139.1875,1.0,0.0694,0.7192,0.0,0.2583,1.0,0.0,81.9257,0.9973,1.0,0.053,0.0,0.0408,0.9999,0.1263,0.0939,0.807,2.3518,0.6871,0.0029,1.0,0.1447,0.0,0.1172
1754771280000,149.366,1.0,0.0694,0.7197,0.0,0.2556,1.0,0.0,86.9804,0.9975,1.0,0.0512,0.0,0.0415,0.9996,0.1144,0.0903,0.8065,2.2727,0.6787,0.0031,1.0,0.112,0.0,0.1093
1754771340000,141.3691,1.0,0.0694,0.7253,0.0,0.2583,1.0,0.0,78.8343,0.9967,1.0,0.0514,0.0,0.0418,0.9999,0.1161,0.0924,0.815,2.4994,0.6859,0.0031,1.0,0.0659,0.0,0.1076
1754771400000,145.1315,1.0,0.0694,0.7221,0.0,0.2528,1.0,0.0,83.7647,0.9971,1.0,0.0603,0.0,0.0449,0.9998,0.1204,0.1072,0.7976,2.6174,0.6838,0.0033,1.0,0.077,0.0,0.1087
1754771460000,146.988,1.0,0.0694,0.7277,0.0,0.2583,1.0,0.0,79.9286,0.9974,1.0,0.0514,0.0,0.0419,1.0,0.1161,0.0929,0.7912,2.4173,0.6948,0.0033,1.0,0.0716,0.0,0.1233
1754771520000,153.4896,1.0,0.0694,0.722,0.0,0.2528,1.0,0.0,84.1108,0.997,1.0,0.0523,0.0,0.042,0.9998,0.1158,0.0936,0.8057,2.3402,0.6802,0.0033,1.0,0.0534,0.0,0.1133
1754771580000,146.256,1.0,0.0694,0.7231,0.0,0.25,1.0,0.0,86.0115,0.9975,1.0,0.053,0.0,0.0409,0.9999,0.1133,0.0944,0.7888,2.3575,0.6802,0.003,1.0,0.0865,0.0,0.1116
1754771640000,156.5283,1.0,0.0694,0.7233,0.0,0.2592,1.0,0.0,86.3942,0.9976,1.0,0.0543,0.0,0.0437,0.9997,0.1176,0.0975,0.8043,2.7175,0.6824,0.0033,1.0,0.1181,0.0,0.1116
1754771700000,156.0289,1.0,0.0694,0.7213,0.0,0.2549,1.0,0.0,89.3219,0.9963,1.0,0.0543,0.0,0.0452,0.9999,0.1224,0.0968,0.8104,2.3318,0.6749,0.0035,1.0,0.0615,0.0,0.1152
1754771760000,136.0176,1.0,0.0694,0.7214,0.0,0.2542,1.0,0.0,77.0626,0.9973,1.0,0.0538,0.0,0.043,1.0,0.1211,0.0954,0.8128,2.8857,0.6764,0.0032,1.0,0.0694,0.0,0.1174
1754771820000,153.8716,1.0,0.0694,0.7244,0.0,0.264,1.0,0.0,82.0607,0.9966,1.0,0.0518,0.0,0.0419,0.9998,0.1351,0.0932,0.7941,2.3722,0.6916,0.003,1.0,0.0541,0.0,0.111
1754771880000,146.592,1.0,0.0694,0.7189,0.0,0.2634,1.0,0.0,84.5812,0.9965,1.0,0.0535,0.0,0.0428,0.9999,0.1185,0.095,0.7984,2.4314,0.6961,0.0033,1.0,0.0788,0.0,0.1174
1754771940000,144.7771,1.0,0.0694,0.7222,0.0,0.2583,1.0,0.0,80.7108,0.9961,1.0,0.0547,0.0,0.0423,0.9997,0.1136,0.0981,0.8183,2.4076,0.6922,0.0031,1.0,0.0712,0.0,0.1122
1754772000000,146.0831,1.0,0.0694,0.7212,0.0,0.2556,1.0,0.0,80.7714,0.9961,1.0,0.0539,0.0,0.0443,1.0,0.1089,0.0964,0.8256,2.4027,0.6979,0.0032,1.0,0.1016,0.0,0.1265
1754772060000,144.5358,1.0,0.0694,0.7227,0.0,0.2549,1.0,0.0,81.8636,0.9965,1.0,0.0574,0.0,0.0446,0.9999,0.1256,0.1028,0.8112,2.304,0.7032,0.0034,1.0,0.0346,0.0,0.1351
1754772120000,150.2434,1.0,0.0694,0.7219,0.0,0.2563,1.0,0.0,87.175,0.9967,1.0,0.0525,0.0,0.042,0.9998,0.1294,0.0939,0.8016,2.3664,0.6938,0.0031,1.0,0.062,0.0,0.1196
1754772180000,153.1523,1.0,0.0694,0.7273,0.0,0.2556,1.0,0.0,81.5287,0.9958,1.0,0.053,0.0,0.0457,0.9999,0.1339,0.0965,0.8078,2.6128,0.6853,0.0033,1.0,0.0291,0.0,0.1124
1754772240000,144.2864,1.0,0.0694,0.7259,0.0,0.2639,1.0,0.0,82.1875,0.9969,1.0,0.0574,0.0,0.0429,0.9996,0.1257,0.1034,0.7829,2.3146,0.6812,0.0032,1.0,0.0498,0.0,0.1192
1754772300000,165.2136,1.0,0.0694,0.7284,0.0,0.2583,1.0,0.0,86.8871,0.996,1.0,0.0547,0.0,0.043,0.9997,0.134,0.1003,0.7891,2.446,0.6787,0.0032,1.0,0.0616,0.0,0.1153
1754772360000,144.6636,1.0,0.0694,0.726,0.0,0.2528,1.0,0.0,77.0621,0.9966,1.0,0.0556,0.0,0.0447,0.9996,0.1479,0.1011,0.7866,2.7923,0.6707,0.0037,1.0,0.0235,0.0,0.1167
1754772420000,162.4567,1.0,0.0694,0.7239,0.0,0.2521,1.0,0.0,90.1872,0.9968,1.0,0.0554,0.0,0.0436,0.9998,0.1465,0.1001,0.7999,2.6975,0.6742,0.0031,1.0,0.0962,0.0,0.1118
1754772480000,149.6093,1.0,0.0694,0.7204,0.0,0.2494,1.0,0.0,84.2547,0.9961,1.0,0.0564,0.0,0.0452,0.9996,0.1251,0.1009,0.7874,2.5167,0.6699,0.0033,1.0,0.1345,0.0,0.1143
1754772540000,156.4903,1.0,0.0694,0.7258,0.0,0.2535,1.0,0.0,82.8466,0.9973,1.0,0.0551,0.0,0.0455,1.0,0.1207,0.0999,0.8045,2.8914,0.6906,0.0034,1.0,0.0679,0.0,0.117
1754772600000,155.4037,1.0,0.0694,0.722,0.0,0.2549,1.0,0.0,84.925,0.9972,1.0,0.0567,0.0,0.0462,0.9996,0.1236,0.101,0.8093,2.1238,0.6827,0.0034,1.0,0.1418,0.0,0.1139
1754772660000,141.4029,1.0,0.0694,0.7259,0.0,0.2583,1.0,0.0,78.3853,0.9967,1.0,0.0498,0.0,0.0429,0.9999,0.1304,0.0897,0.8012,2.8516,0.6759,0.0032,1.0,0.1791,0.0,0.1196
1754772720000,155.2442,1.0,0.0694,0.7223,0.0,0.2639,1.0,0.0,85.1987,0.9965,1.0,0.056,0.0,0.0445,0.9996,0.1319,0.1002,0.7926,2.5585,0.6684,0.0035,1.0,0.1341,0.0,0.1081
1754772780000,140.8873,1.0,0.0694,0.7209,0.0,0.2632,1.0,0.0,83.0617,0.9974,1.0,0.0548,0.0,0.0415,0.9999,0.1342,0.0968,0.8052,2.7928,0.6709,0.0033,1.0,0.089,0.0,0.1146
1754772840000,137.6798,1.0,0.0694,0.7218,0.0,0.2611,1.0,0.0,79.3015,0.9971,1.0,0.0594,0.0,0.046,0.9998,0.1406,0.1053,0.7979,2.4137,0.6739,0.0036,1.0,0.0807,0.0,0.1088
1754772900000,165.0934,1.0,0.0694,0.7299,0.0,0.2639,1.0,0.0,85.6496,0.9969,1.0,0.0556,0.0,0.0449,0.9994,0.1232,0.1018,0.777,2.6463,0.6651,0.0033,1.0,0.0769,0.0,0.1149
1754772960000,151.9761,1.0,0.0694,0.7234,0.0,0.2556,1.0,0.0,84.6887,0.9969,1.0,0.0537,0.0,0.0449,0.9998,0.1242,0.0971,0.7806,2.2218,0.662,0.0037,1.0,0.0585,0.0,0.1152
1754773020000,161.5537,1.0,0.0694,0.7252,0.0,0.2611,1.0,0.0,84.3616,0.9971,1.0,0.0559,0.0,0.0429,0.9997,0.1175,0.1015,0.8225,2.4816,0.6833,0.0033,1.0,0.0883,0.0,0.1148
1754773080000,145.5415,1.0,0.0694,0.7208,0.0,0.2611,1.0,0.0,85.4664,0.9976,1.0,0.0623,0.0,0.0492,0.9999,0.1144,0.1107,0.8001,2.9797,0.6824,0.0034,1.0,0.0551,0.0,0.1197
1754773140000,179.4886,1.0,0.0694,0.723,0.0,0.2583,1.0,0.0,95.6544,0.9966,1.0,0.0573,0.0,0.0462,0.9996,0.1172,0.1037,0.7849,2.409,0.6688,0.0033,1.0,0.069,0.0,0.1184
1754773200000,171.2876,1.0,0.0694,0.7297,0.0,0.2611,1.0,0.0,83.8606,0.9961,1.0,0.0654,0.0,0.0541,0.9998,0.1204,0.1206,0.7899,2.4703,0.6844,0.0039,1.0,0.0708,0.0,0.1198
1754773260000,178.9647,1.0,0.0694,0.7342,0.0,0.2556,1.0,0.0,81.586,0.996,1.0,0.061,0.0,0.0529,0.9997,0.1467,0.1156,0.8136,2.5686,0.6773,0.0034,1.0,0.0529,0.0,0.1379
1754773320000,129.1906,1.0,0.0694,0.7158,0.0,0.2528,1.0,0.0,67.908,0.9972,1.0,0.0788,0.0,0.0607,0.9999,0.1546,0.1431,0.8131,2.4055,0.6849,0.0037,1.0,0.0584,0.0,0.1473
1754773380000,126.847,1.0,0.0694,0.7139,0.0,0.2611,1.0,0.0,67.2327,0.9971,1.0,0.0819,0.0,0.0626,0.9997,0.1519,0.1472,0.789,2.3215,0.669,0.0035,1.0,0.0488,0.0,0.1518
1754773440000,103.9058,1.0,0.0694,0.7079,0.0,0.2611,1.0,0.0,57.4805,0.9969,1.0,0.1014,0.0,0.0753,0.9998,0.1603,0.1785,0.7876,2.4329,0.6679,0.0038,1.0,0.0951,0.0,0.1527
1754773500000,93.0358,1.0,0.0694,0.7039,0.0,0.2639,1.0,0.0,54.4122,0.9976,1.0,0.1144,0.0,0.0827,0.9999,0.1636,0.1974,0.7883,2.6971,0.6763,0.0038,1.0,0.1446,0.0,0.1628
1754773560000,123.915,1.0,0.0694,0.7152,0.0,0.2632,1.0,0.0,65.1918,0.997,1.0,0.0938,0.0,0.0766,0.9998,0.1703,0.1692,0.8145,2.4054,0.6815,0.0039,1.0,0.0619,0.0,0.1651
1754773620000,97.666,1.0,0.0694,0.7063,0.0,0.2631,1.0,0.0,55.714,0.9974,1.0,0.1121,0.0,0.0772,0.9999,0.1676,0.196,0.7863,2.3174,0.6633,0.0042,1.0,0.0295,0.0,0.1731
1754773680000,123.1319,1.0,0.0694,0.7162,0.0,0.2639,1.0,0.0,63.3196,0.9967,1.0,0.0838,0.0,0.0608,0.9999,0.1739,0.1533,0.8082,2.5633,0.6726,0.0036,1.0,0.0806,0.0,0.1769
1754773740000,117.6956,1.0,0.0694,0.7149,0.0,0.2583,1.0,0.0,60.3124,0.9969,1.0,0.086,0.0,0.072,0.9999,0.1993,0.1559,0.8049,2.4373,0.6799,0.0036,1.0,0.0504,0.0,0.1618
1754773800000,121.8194,1.0,0.0694,0.7077,0.0,0.2611,1.0,0.0,67.4398,0.9969,1.0,0.0884,0.0,0.0703,0.9999,0.1986,0.1568,0.7995,2.6408,0.6779,0.0036,1.0,0.0817,0.0,0.1644
1754773860000,121.8713,1.0,0.0694,0.7112,0.0,0.2583,1.0,0.0,66.3231,0.9963,1.0,0.0879,0.0,0.0665,0.9997,0.1883,0.1589,0.7788,2.4209,0.6636,0.0037,1.0,0.087,0.0,0.1757
1754773920000,121.6756,1.0,0.0694,0.7065,0.0,0.2528,1.0,0.0,68.1233,0.9968,1.0,0.0853,0.0,0.0674,0.9998,0.2022,0.1523,0.7865,2.4498,0.6666,0.0038,1.0,0.0286,0.0,0.1593
1754773980000,128.0107,1.0,0.0694,0.7101,0.0,0.2577,1.0,0.0,69.2767,0.9969,1.0,0.0861,0.0,0.0647,0.9998,0.1799,0.1549,0.7879,2.3244,0.6734,0.0034,1.0,0.1065,0.0,0.148
1754774040000,122.3447,1.0,0.0694,0.71,0.0,0.2632,1.0,0.0,65.7309,0.9969,1.0,0.0874,0.0,0.071,1.0,0.1636,0.1566,0.8246,2.4764,0.687,0.0036,1.0,0.1077,0.0,0.1517
1754774100000,124.1686,1.0,0.0694,0.7078,0.0,0.2556,1.0,0.0,65.8697,0.9968,1.0,0.0868,0.0,0.0712,0.9997,0.1696,0.1553,0.7916,2.4877,0.6733,0.0037,1.0,0.1017,0.0,0.1538
1754774160000,121.6734,1.0,0.0694,0.7095,0.0,0.2528,1.0,0.0,64.9146,0.9971,1.0,0.0894,0.0,0.0668,0.9998,0.1704,0.16,0.7923,2.5737,0.6682,0.0039,1.0,0.0303,0.0,0.1542
1754774220000,135.5364,1.0,0.0694,0.7235,0.0,0.2583,1.0,0.0,70.6344,0.9964,1.0,0.0776,0.0,0.0573,0.9999,0.1565,0.1413,0.7841,2.5366,0.6638,0.0034,1.0,0.1159,0.0,0.1533
1754774280000,159.7457,1.0,0.0694,0.7269,0.0,0.2556,1.0,0.0,79.4668,0.996,1.0,0.068,0.0,0.0557,0.9999,0.166,0.1257,0.7976,2.6072,0.6725,0.0032,1.0,0.0842,0.0,0.1472
1754774340000,149.9406,1.0,0.0694,0.7237,0.0,0.2556,1.0,0.0,76.9112,0.9963,1.0,0.0713,0.0,0.0577,0.9998,0.1606,0.1309,0.7877,2.5543,0.7217,0.0036,1.0,0.0385,0.0,0.1465
1754774400000,148.1625,1.0,0.0694,0.7097,0.0,0.2556,1.0,0.0,76.1995,0.9966,1.0,0.0657,0.0,0.0554,0.9997,0.1597,0.1224,0.788,2.4765,1.1568,0.0033,1.0,0.0445,0.0,0.1485
1754774460000,151.5718,1.0,0.0694,0.7059,0.0,0.2611,1.0,0.0,79.5849,0.997,1.0,0.0637,0.0,0.0596,0.9997,0.1663,0.1193,0.7899,2.3817,1.1578,0.0037,1.0,0.0487,0.0,0.1464
1754774520000,150.3567,1.0,0.0694,0.7072,0.0,0.2583,1.0,0.0,77.5686,0.9965,1.0,0.0645,0.0,0.0564,0.9995,0.1643,0.1207,0.7831,2.6364,1.0924,0.0036,1.0,0.1286,0.0,0.1428
1754774580000,150.1836,1.0,0.0694,0.7092,0.0,0.2611,1.0,0.0,75.7232,0.9961,1.0,0.0647,0.0,0.0599,0.9999,0.1622,0.1224,0.7953,2.5206,1.0503,0.0039,1.0,0.0983,0.0,0.1509
1754774640000,152.0114,1.0,0.0694,0.7086,0.0,0.2583,1.0,0.0,75.5321,0.9964,1.0,0.0628,0.0,0.0566,0.9997,0.1432,0.1184,0.7809,2.2986,1.0344,0.0037,1.0,0.0534,0.0,0.153
1754774700000,156.971,1.0,0.0694,0.7066,0.0,0.2528,1.0,0.0,78.0409,0.9962,1.0,0.0635,0.0,0.0581,0.9997,0.1503,0.12,0.7895,2.5268,1.0166,0.0035,1.0,0.0538,0.0,0.1498
1754774760000,157.7888,1.0,0.0694,0.7079,0.0,0.2556,1.0,0.0,79.5464,0.9963,1.0,0.0641,0.0,0.057,0.9995,0.1579,0.1204,0.7807,2.3675,1.0114,0.0034,1.0,0.0867,0.0,0.1491
1754774820000,159.8746,1.0,0.0694,0.7117,0.0,0.2472,1.0,0.0,76.0636,0.9959,1.0,0.0641,0.0,0.0597,0.9996,0.1538,0.1211,0.7953,2.3515,0.9694,0.0037,1.0,0.0425,0.0,0.1523
1754774880000,148.7333,1.0,0.0694,0.725,0.0,0.2556,1.0,0.0,76.2645,0.9966,1.0,0.0735,0.0,0.0575,0.9999,0.159,0.1344,0.7856,2.4388,0.6686,0.0037,1.0,0.0684,0.0,0.1506
1754774940000,151.3739,1.0,0.0694,0.7219,0.0,0.2556,1.0,0.0,80.0989,0.9966,1.0,0.0762,0.0,0.0567,0.9997,0.1724,0.1384,0.8067,2.3299,0.679,0.0034,1.0,0.1209,0.0,0.1454
1754775000000,153.3909,1.0,0.0694,0.7215,0.0,0.2583,1.0,0.0,81.5039,0.9964,1.0,0.0796,0.0,0.0599,0.9999,0.1665,0.1444,0.7952,2.4797,0.676,0.0035,1.0,0.1573,0.0,0.1429
1754775060000,158.7019,1.0,0.0694,0.7252,0.0,0.2556,1.0,0.0,77.6796,0.996,1.0,0.0747,0.0,0.0613,0.9998,0.1647,0.1374,0.8207,2.5422,0.6823,0.0036,1.0,0.0213,0.0,0.1553
1754775120000,160.4487,1.0,0.0694,0.7242,0.0,0.2583,1.0,0.0,83.4807,0.9965,1.0,0.0755,0.0,0.0573,0.9996,0.1647,0.1386,0.7998,2.7006,0.6866,0.0036,1.0,0.0724,0.0,0.1558
1754775180000,152.9855,1.0,0.0694,0.7218,0.0,0.2618,1.0,0.0,83.0688,0.996,1.0,0.0768,0.0,0.0596,0.9996,0.1579,0.1389,0.787,2.3215,0.6738,0.0039,1.0,0.0587,0.0,0.152
1754775240000,155.8862,1.0,0.0694,0.7238,0.0,0.2604,1.0,0.0,78.7602,0.9959,1.0,0.0731,0.0,0.0599,0.9997,0.1453,0.134,0.7845,2.5625,0.6721,0.0038,1.0,0.1021,0.0,0.1495
1754775300000,147.0435,1.0,0.0694,0.7224,0.0,0.2611,1.0,0.0,75.8018,0.9965,1.0,0.075,0.0,0.0584,0.9999,0.1493,0.137,0.7967,2.3366,0.6715,0.0038,1.0,0.0874,0.0,0.1527
1754775360000,150.759,1.0,0.0694,0.7227,0.0,0.2639,1.0,0.0,79.0649,0.9967,1.0,0.0783,0.0,0.058,0.9995,0.1672,0.1425,0.7799,2.5128,0.6592,0.0039,1.0,0.0863,0.0,0.1445
1754775420000,149.5771,1.0,0.0694,0.7232,0.0,0.2528,1.0,0.0,76.789,0.996,1.0,0.0775,0.0,0.0596,0.9998,0.1515,0.1418,0.7895,2.6921,0.6672,0.004,1.0,0.1292,0.0,0.1484
1754775480000,156.9905,1.0,0.0694,0.7244,0.0,0.2583,1.0,0.0,76.9953,0.9962,1.0,0.0753,0.0,0.0633,0.9998,0.1663,0.1385,0.7952,2.4498,0.6751,0.004,1.0,0.0876,0.0,0.1537
1754775540000,155.9667,1.0,0.0694,0.7252,0.0,0.2564,1.0,0.0,80.4733,0.9963,1.0,0.072,0.0,0.0601,0.9999,0.1492,0.1323,0.7894,2.6554,0.6728,0.0038,1.0,0.0908,0.0,0.1576
1754775600000,150.9567,1.0,0.0694,0.7234,0.0,0.2528,1.0,0.0,77.8655,0.9965,1.0,0.0812,0.0,0.061,0.9998,0.1464,0.1483,0.8144,2.6802,0.6847,0.0037,1.0,0.0934,0.0,0.152
1754775660000,152.8445,1.0,0.0694,0.7229,0.0,0.2556,1.0,0.0,81.7761,0.9971,1.0,0.0822,0.0,0.062,0.9998,0.1583,0.149,0.8026,2.5356,0.6724,0.0039,1.0,0.1036,0.0,0.1646
1754775720000,151.751,1.0,0.0694,0.7226,0.0,0.2611,1.0,0.0,80.3291,0.9968,1.0,0.0813,0.0,0.0619,0.9998,0.15,0.1476,0.7896,2.4469,0.6679,0.004,1.0,0.0689,0.0,0.1552
1754775780000,147.587,1.0,0.0694,0.7247,0.0,0.2583,1.0,0.0,75.2832,0.9964,1.0,0.0814,0.0,0.0584,0.9999,0.1528,0.1488,0.7771,2.4461,0.6622,0.0038,1.0,0.1301,0.0,0.1569
1754775840000,154.6511,1.0,0.0694,0.7237,0.0,0.2556,1.0,0.0,79.8079,0.996,1.0,0.0812,0.0,0.0624,0.9996,0.1563,0.148,0.7918,2.4224,0.6644,0.0038,1.0,0.0759,0.0,0.1611
1754775900000,145.3314,1.0,0.0694,0.7172,0.0,0.2583,1.0,0.0,78.3597,0.9969,1.0,0.0815,0.0,0.0604,0.9995,0.1782,0.1458,0.8045,2.5597,0.6921,0.0036,1.0,0.0462,0.0,0.1651
1754775960000,150.9235,1.0,0.0694,0.7231,0.0,0.2583,1.0,0.0,81.319,0.9964,1.0,0.0813,0.0,0.062,0.9998,0.1875,0.1479,0.7908,2.4356,0.6723,0.0038,1.0,0.0579,0.0,0.1477
1754776020000,148.9229,1.0,0.0694,0.7199,0.0,0.2611,1.0,0.0,82.0686,0.9967,1.0,0.084,0.0,0.0678,1.0,0.1667,0.1514,0.7891,2.1819,0.663,0.004,1.0,0.0767,0.0,0.1563
1754776080000,142.0457,1.0,0.0694,0.727,0.0,0.2639,1.0,0.0,73.6842,0.996,1.0,0.0855,0.0,0.066,0.9999,0.1558,0.1579,0.7979,2.4112,0.6647,0.0039,1.0,0.0534,0.0,0.1577
1754776140000,150.2227,1.0,0.0694,0.7258,0.0,0.2639,1.0,0.0,77.755,0.9965,1.0,0.0793,0.0,0.0633,0.9997,0.1761,0.1458,0.7754,2.6809,0.66,0.004,1.0,0.0567,0.0,0.1579
1754776200000,148.7293,1.0,0.0694,0.7226,0.0,0.2639,1.0,0.0,76.5964,0.9965,1.0,0.0837,0.0,0.0641,0.9998,0.1711,0.1521,0.8139,2.5851,0.6729,0.0041,1.0,0.0711,0.0,0.1562
1754776260000,154.643,1.0,0.0694,0.7282,0.0,0.2583,1.0,0.0,76.8294,0.9959,1.0,0.0766,0.0,0.062,0.9999,0.1615,0.1417,0.8064,2.8525,0.6683,0.0039,1.0,0.0938,0.0,0.1583
1754776320000,162.8085,1.0,0.0694,0.728,0.0,0.2618,1.0,0.0,80.6746,0.9969,1.0,0.079,0.0,0.063,0.9996,0.1594,0.1455,0.8139,2.5469,0.676,0.0037,1.0,0.0314,0.0,0.1554
1754776380000,145.8754,1.0,0.0694,0.7202,0.0,0.2611,1.0,0.0,79.4271,0.9963,1.0,0.0851,0.0,0.0665,0.9999,0.1642,0.1536,0.7979,2.4553,0.6575,0.0039,1.0,0.0715,0.0,0.1506
1754776440000,148.0577,1.0,0.0694,0.7215,0.0,0.2583,1.0,0.0,80.9744,0.9967,1.0,0.0846,0.0,0.0668,0.9998,0.1592,0.1532,0.7696,2.3437,0.6518,0.0039,1.0,0.0711,0.0,0.1483
1754776500000,146.2959,1.0,0.0694,0.7217,0.0,0.2611,1.0,0.0,76.6119,0.9965,1.0,0.0828,0.0,0.0656,0.9999,0.1529,0.1507,0.7681,2.4608,0.6501,0.004,1.0,0.0227,0.0,0.1514
1754776560000,151.485,1.0,0.0694,0.7236,0.0,0.2639,1.0,0.0,80.2823,0.9965,1.0,0.0873,0.0,0.0661,0.9997,0.1479,0.1589,0.7866,2.5593,0.6709,0.0042,1.0,0.0672,0.0,0.1503
1754776620000,144.4426,1.0,0.0694,0.7224,0.0,0.2583,1.0,0.0,78.0089,0.9966,1.0,0.0852,0.0,0.0644,1.0,0.1656,0.1535,0.802,2.2443,0.6671,0.004,1.0,0.0391,0.0,0.1585
1754776680000,143.8373,1.0,0.0694,0.7203,0.0,0.2639,1.0,0.0,76.0956,0.9966,1.0,0.0845,0.0,0.0679,0.9999,0.1658,0.1526,0.7918,2.8603,0.6678,0.0041,1.0,0.1131,0.0,0.1511
1754776740000,148.2179,1.0,0.0694,0.72,0.0,0.2521,1.0,0.0,79.9439,0.9967,1.0,0.0883,0.0,0.0681,0.9999,0.1614,0.159,0.7928,2.4187,0.6745,0.0042,1.0,0.0452,0.0,0.1522
1754776800000,149.1821,1.0,0.0694,0.7195,0.0,0.2556,1.0,0.0,78.837,0.9962,1.0,0.0937,0.0,0.0726,0.9998,0.1488,0.1687,0.8205,2.4514,0.6783,0.0041,1.0,0.04,0.0,0.154
1754776860000,147.1238,1.0,0.0694,0.7203,0.0,0.2528,1.0,0.0,81.172,0.9964,1.0,0.0891,0.0,0.0703,0.9998,0.1592,0.1614,0.7995,2.7071,0.6673,0.0044,1.0,0.0587,0.0,0.1672
1754776920000,139.7875,1.0,0.0694,0.7212,0.0,0.25,1.0,0.0,76.0383,0.9969,1.0,0.095,0.0,0.0701,0.9999,0.1675,0.1716,0.8101,2.6843,0.6676,0.0042,1.0,0.0617,0.0,0.1562
1754776980000,153.4276,1.0,0.0694,0.7235,0.0,0.25,1.0,0.0,79.9968,0.9967,1.0,0.0917,0.0,0.0701,0.9997,0.1681,0.1671,0.8004,2.5846,0.6704,0.0043,1.0,0.0393,0.0,0.1615
1754777040000,159.5981,1.0,0.0694,0.7255,0.0,0.2611,1.0,0.0,80.2929,0.9967,1.0,0.0928,0.0,0.0723,0.9994,0.1744,0.1703,0.8092,2.496,0.6733,0.0042,1.0,0.0724,0.0,0.1655
1754777100000,150.0378,1.0,0.0694,0.7198,0.0,0.2611,1.0,0.0,80.3003,0.9967,1.0,0.0962,0.0,0.0749,0.9998,0.1547,0.1737,0.8105,2.4783,0.6757,0.0045,1.0,0.0865,0.0,0.1708
1754777160000,150.8936,1.0,0.0694,0.7238,0.0,0.2611,1.0,0.0,75.1886,0.9959,1.0,0.0917,0.0,0.0724,0.9998,0.1543,0.1683,0.7941,2.3869,0.664,0.0043,1.0,0.0722,0.0,0.171
1754777220000,142.2765,1.0,0.0694,0.7244,0.0,0.2583,1.0,0.0,73.1994,0.9963,1.0,0.0943,0.0,0.0742,0.9999,0.1515,0.1728,0.8017,2.451,0.6608,0.0044,1.0,0.0687,0.0,0.1714
1754777280000,155.0613,1.0,0.0694,0.7219,0.0,0.2639,1.0,0.0,79.7996,0.9969,1.0,0.0985,0.0,0.076,0.9994,0.1707,0.1784,0.7888,2.2894,0.6648,0.0045,1.0,0.033,0.0,0.1679
1754777340000,156.6301,1.0,0.0694,0.7271,0.0,0.2694,1.0,0.0,78.2463,0.9966,1.0,0.0946,0.0,0.075,0.9996,0.174,0.1747,0.8042,2.519,0.6681,0.0045,1.0,0.0594,0.0,0.1791
1754777400000,157.4206,1.0,0.0694,0.7259,0.0,0.2694,1.0,0.0,76.3524,0.9964,1.0,0.089,0.0,0.0697,0.9994,0.1688,0.1643,0.8158,2.6126,0.6698,0.0043,1.0,0.0505,0.0,0.1834
1754777460000,149.7114,1.0,0.0694,0.7226,0.0,0.2694,1.0,0.0,77.9166,0.9966,1.0,0.0949,0.0,0.0719,0.9998,0.1858,0.1728,0.8283,2.568,0.6771,0.0041,1.0,0.0553,0.0,0.1809
1754777520000,148.5534,1.0,0.0694,0.7246,0.0,0.2639,1.0,0.0,76.0108,0.9967,1.0,0.0984,0.0,0.075,0.9998,0.1826,0.1798,0.8109,2.4573,0.6701,0.0044,1.0,0.0505,0.0,0.1761
1754777580000,147.4929,1.0,0.0694,0.7239,0.0,0.2583,1.0,0.0,76.6463,0.9965,1.0,0.1016,0.0,0.0755,0.9998,0.1867,0.1857,0.7804,2.5059,0.6504,0.0045,1.0,0.0765,0.0,0.1799
1754777640000,148.8861,1.0,0.0694,0.7226,0.0,0.2639,1.0,0.0,78.0812,0.9968,1.0,0.0998,0.0,0.0736,0.9997,0.19,0.181,0.8014,2.4223,0.6558,0.0045,1.0,0.0653,0.0,0.1835
1754777700000,156.5298,1.0,0.0694,0.721,0.0,0.2556,1.0,0.0,85.2144,0.9965,1.0,0.0996,0.0,0.0732,0.9994,0.1822,0.1802,0.7985,2.702,0.6637,0.0042,1.0,0.0644,0.0,0.1766
1754777760000,160.5637,1.0,0.0694,0.7241,0.0,0.2549,1.0,0.0,82.0974,0.9962,1.0,0.0971,0.0,0.0735,0.9996,0.1758,0.1778,0.8122,2.6276,0.6655,0.0044,1.0,0.0401,0.0,0.1753
1754777820000,155.0217,1.0,0.0694,0.725,0.0,0.2528,1.0,0.0,79.1281,0.9964,1.0,0.0994,0.0,0.0717,0.9996,0.1689,0.182,0.7996,2.6986,0.6626,0.0046,1.0,0.0315,0.0,0.1854
1754777880000,151.5387,1.0,0.0694,0.7255,0.0,0.2507,1.0,0.0,79.2127,0.9968,1.0,0.1032,0.0,0.0765,0.9998,0.1613,0.1893,0.8095,2.5251,0.6551,0.0043,1.0,0.0614,0.0,0.1843
1754777940000,141.6896,1.0,0.0694,0.7225,0.0,0.2466,1.0,0.0,76.0324,0.9966,1.0,0.1016,0.0,0.0766,0.9997,0.1678,0.1846,0.7857,2.4215,0.6576,0.0044,1.0,0.0547,0.0,0.1859
1754778000000,148.3494,1.0,0.0694,0.7232,0.0,0.257,1.0,0.0,77.143,0.997,1.0,0.1072,0.0,0.0822,0.9997,0.1629,0.1944,0.802,2.7686,0.662,0.0048,1.0,0.0707,0.0,0.1779
1754778060000,156.2837,1.0,0.0694,0.7208,0.0,0.2603,1.0,0.0,79.4676,0.9962,1.0,0.0905,0.0,0.0804,0.9998,0.1506,0.1684,0.7996,2.6195,0.8467,0.0047,1.0,0.0361,0.0,0.1833
1754778120000,149.236,1.0,0.0694,0.7059,0.0,0.2575,1.0,0.0,79.0575,0.9962,1.0,0.0883,0.0,0.0701,0.9996,0.1851,0.1635,0.7994,2.561,1.102,0.0043,1.0,0.0452,0.0,0.1887
1754778180000,158.8668,1.0,0.0694,0.7118,0.0,0.2611,1.0,0.0,78.2201,0.9964,1.0,0.0864,0.0,0.0795,0.9998,0.1876,0.1631,0.7947,2.517,1.0121,0.0045,1.0,0.0515,0.0,0.1885
1754778240000,150.9731,1.0,0.0694,0.7115,0.0,0.2618,1.0,0.0,73.0595,0.9966,1.0,0.0829,0.0,0.0771,0.9999,0.1968,0.1576,0.7956,2.4713,1.0091,0.0046,1.0,0.055,0.0,0.1898
1754778300000,145.5783,1.0,0.0694,0.7222,0.0,0.266,1.0,0.0,71.4994,0.9969,1.0,0.0951,0.0,0.0766,0.9997,0.1906,0.1772,0.8039,2.6352,0.7821,0.0046,1.0,0.0838,0.0,0.1877
1754778360000,148.3842,1.0,0.0694,0.7244,0.0,0.2639,1.0,0.0,75.679,0.997,1.0,0.108,0.0,0.0789,0.9997,0.179,0.1964,0.8098,2.4169,0.6701,0.005,1.0,0.0423,0.0,0.192
1754778420000,146.0313,1.0,0.0694,0.7219,0.0,0.2694,1.0,0.0,76.9036,0.9969,1.0,0.1071,0.0,0.077,0.9997,0.1828,0.1943,0.803,2.5663,0.6654,0.0045,1.0,0.1027,0.0,0.192
1754778480000,138.9986,1.0,0.0694,0.7221,0.0,0.2694,1.0,0.0,73.7775,0.997,1.0,0.1062,0.0,0.0794,0.9999,0.1728,0.1928,0.8055,2.4957,0.6758,0.0049,1.0,0.0633,0.0,0.1853
1754778540000,157.1713,1.0,0.0694,0.7269,0.0,0.2667,1.0,0.0,79.8808,0.9967,1.0,0.1057,0.0,0.076,0.9996,0.1853,0.1942,0.8186,2.4467,0.6803,0.0049,1.0,0.0831,0.0,0.1926
1754778600000,148.3663,1.0,0.0694,0.7225,0.0,0.2667,1.0,0.0,77.9858,0.9965,1.0,0.1135,0.0,0.0859,0.9998,0.1942,0.2058,0.8137,2.6234,0.6787,0.0053,1.0,0.0349,0.0,0.1919
1754778660000,152.8319,1.0,0.0694,0.7255,0.0,0.2583,1.0,0.0,77.6457,0.9962,1.0,0.109,0.0,0.0866,0.9999,0.1924,0.2003,0.8108,2.8468,0.6733,0.005,1.0,0.0493,0.0,0.2105
1754778720000,152.652,1.0,0.0694,0.7235,0.0,0.2611,1.0,0.0,79.2047,0.9962,1.0,0.1078,0.0,0.0764,0.9998,0.2058,0.196,0.8103,2.5155,0.6636,0.0049,1.0,0.0456,0.0,0.2121
1754778780000,152.8649,1.0,0.0694,0.7221,0.0,0.2556,1.0,0.0,79.1317,0.9962,1.0,0.1062,0.0,0.0787,0.9998,0.1953,0.1937,0.8136,2.6043,0.6744,0.0046,1.0,0.0667,0.0,0.1944
1754778840000,152.2162,1.0,0.0694,0.7243,0.0,0.2583,1.0,0.0,77.8115,0.9968,1.0,0.1103,0.0,0.0828,0.9999,0.2182,0.2015,0.805,2.75,0.6723,0.005,1.0,0.0446,0.0,0.1966
1754778900000,163.7741,1.0,0.0694,0.7275,0.0,0.2667,1.0,0.0,80.8612,0.9964,1.0,0.1085,0.0,0.0847,0.9996,0.2217,0.2006,0.8115,2.7284,0.6714,0.0049,1.0,0.0323,0.0,0.1977
1754778960000,154.8848,1.0,0.0694,0.7282,0.0,0.2639,1.0,0.0,76.7925,0.996,1.0,0.1096,0.0,0.0881,0.9999,0.2335,0.2032,0.8086,2.5158,0.6669,0.005,1.0,0.0688,0.0,0.2028
1754779020000,152.3099,1.0,0.0694,0.727,0.0,0.2556,1.0,0.0,76.1968,0.9964,1.0,0.1117,0.0,0.0842,0.9999,0.2294,0.2057,0.8067,2.4717,0.6706,0.005,1.0,0.1053,0.0,0.2114
1754779080000,151.2004,1.0,0.0694,0.7277,0.0,0.25,1.0,0.0,72.8833,0.9961,1.0,0.1104,0.0,0.0848,0.9997,0.2144,0.2037,0.8133,2.5602,0.6662,0.0049,1.0,0.0583,0.0,0.2088
1754779140000,153.4811,1.0,0.0694,0.7285,0.0,0.2556,1.0,0.0,74.8111,0.9964,1.0,0.1115,0.0,0.0825,0.9999,0.2153,0.2073,0.8331,2.4988,0.6727,0.005,1.0,0.0446,0.0,0.2104
1754779200000,157.318,1.0,0.0694,0.727,0.0,0.2528,1.0,0.0,76.8449,0.9964,1.0,0.1107,0.0,0.0827,0.9997,0.2278,0.2049,0.8122,2.6076,0.6728,0.0048,1.0,0.034,0.0,0.2176
1754779260000,147.3585,1.0,0.0694,0.7235,0.0,0.2472,1.0,0.0,75.5308,0.9969,1.0,0.1158,0.0,0.0829,0.9998,0.2346,0.2108,0.8049,2.4706,0.6661,0.005,1.0,0.0507,0.0,0.2151
1754779320000,149.7977,1.0,0.0694,0.7236,0.0,0.2528,1.0,0.0,77.2616,0.9966,1.0,0.1166,0.0,0.0883,0.9998,0.2176,0.213,0.8014,2.6382,0.6634,0.0049,1.0,0.0795,0.0,0.208
1754779380000,153.6692,1.0,0.0694,0.7253,0.0,0.2528,1.0,0.0,76.3395,0.9961,1.0,0.1128,0.0,0.0816,0.9999,0.2081,0.207,0.7996,2.558,0.6679,0.0047,1.0,0.06,0.0,0.2104
1754779440000,155.2435,1.0,0.0694,0.7249,0.0,0.2583,1.0,0.0,76.6669,0.9961,1.0,0.1127,0.0,0.0842,0.9999,0.2133,0.2072,0.7936,2.5205,0.6544,0.0048,1.0,0.0574,0.0,0.2053
1754779500000,142.8081,1.0,0.0694,0.7231,0.0,0.2583,1.0,0.0,72.8885,0.9964,1.0,0.1151,0.0,0.0848,0.9999,0.2024,0.2097,0.8016,2.5555,0.6622,0.0049,1.0,0.0335,0.0,0.2055
1754779560000,154.6167,1.0,0.0694,0.7291,0.0,0.2618,1.0,0.0,75.7789,0.9965,1.0,0.1128,0.0,0.0825,0.9998,0.2051,0.2094,0.8145,2.607,0.6626,0.0049,1.0,0.0699,0.0,0.2137
1754779620000,150.4912,1.0,0.0694,0.7248,0.0,0.2667,1.0,0.0,75.8423,0.9965,1.0,0.1164,0.0,0.0812,0.9998,0.2014,0.2137,0.8114,2.4608,0.6612,0.0048,1.0,0.0679,0.0,0.2156
1754779680000,146.9027,1.0,0.0694,0.7218,0.0,0.2611,1.0,0.0,76.393,0.9972,1.0,0.1195,0.0,0.0889,0.9998,0.1908,0.2163,0.8153,2.7989,0.6705,0.0052,1.0,0.0556,0.0,0.2089
1754779740000,145.2584,1.0,0.0694,0.7255,0.0,0.2611,1.0,0.0,73.0601,0.997,1.0,0.1147,0.0,0.0885,0.9999,0.2082,0.2099,0.8142,2.6163,0.6652,0.0053,1.0,0.0883,0.0,0.2053
1754779800000,143.8469,1.0,0.0694,0.7249,0.0,0.2611,1.0,0.0,72.9494,0.9968,1.0,0.1181,0.0,0.0869,0.9999,0.2206,0.2158,0.8072,2.566,0.6665,0.005,1.0,0.0801,0.0,0.2086
1754779860000,152.2119,1.0,0.0694,0.7241,0.0,0.2548,1.0,0.0,76.8359,0.9966,1.0,0.1158,0.0,0.0861,0.9999,0.2156,0.2122,0.8064,2.6663,0.6645,0.0051,1.0,0.0916,0.0,0.2168
1754779920000,147.2877,1.0,0.0694,0.7272,0.0,0.2498,1.0,0.0,72.9727,0.9965,1.0,0.1224,0.0,0.0866,0.9999,0.2221,0.2258,0.8046,2.5604,0.66,0.0052,1.0,0.0751,0.0,0.2143
1754779980000,148.2636,1.0,0.0694,0.7256,0.0,0.2556,1.0,0.0,76.09,0.9969,1.0,0.1224,0.0,0.092,0.9998,0.2128,0.2252,0.842,2.6354,0.6825,0.0054,1.0,0.0326,0.0,0.227
1754780040000,148.2665,1.0,0.0694,0.7266,0.0,0.2611,1.0,0.0,73.9175,0.9967,1.0,0.1255,0.0,0.0946,0.9997,0.2146,0.2312,0.8317,2.386,0.6764,0.0057,1.0,0.0378,0.0,0.2289
1754780100000,139.8597,1.0,0.0694,0.7236,0.0,0.2528,1.0,0.0,73.9127,0.997,1.0,0.1281,0.0,0.088,0.9999,0.2083,0.2333,0.8129,2.48,0.6713,0.0054,1.0,0.0577,0.0,0.2343
1754780160000,141.5161,1.0,0.0694,0.7256,0.0,0.2528,1.0,0.0,72.1273,0.997,1.0,0.1276,0.0,0.0932,0.9999,0.2217,0.2334,0.8264,2.5149,0.6677,0.0054,1.0,0.1186,0.0,0.223
1754780220000,144.414,1.0,0.0694,0.7241,0.0,0.2603,1.0,0.0,75.0735,0.9965,1.0,0.1213,0.0,0.0894,0.9998,0.2299,0.2207,0.8176,2.6716,0.6705,0.0054,1.0,0.0461,0.0,0.2385
1754780280000,148.6344,1.0,0.0694,0.7266,0.0,0.2639,1.0,0.0,74.1214,0.9968,1.0,0.1226,0.0,0.0893,0.9999,0.2333,0.2254,0.8201,2.6292,0.6767,0.0056,1.0,0.0627,0.0,0.2153
1754780340000,149.5562,1.0,0.0694,0.7244,0.0,0.2611,1.0,0.0,76.0406,0.9966,1.0,0.1204,0.0,0.084,0.9999,0.2265,0.2199,0.821,2.6198,0.6755,0.0048,1.0,0.0631,0.0,0.2333
1754780400000,150.34,1.0,0.0694,0.7227,0.0,0.2592,1.0,0.0,79.7095,0.9968,1.0,0.1343,0.0,0.0959,0.9999,0.2324,0.2433,0.8612,2.6148,0.6972,0.0052,1.0,0.0795,0.0,0.2178
1754780460000,155.0805,1.0,0.0694,0.7277,0.0,0.2583,1.0,0.0,77.6983,0.9964,1.0,0.1273,0.0,0.0939,0.9997,0.234,0.236,0.8653,2.7,0.6973,0.0052,1.0,0.0701,0.0,0.239
1754780520000,157.0077,1.0,0.0694,0.7282,0.0,0.2604,1.0,0.0,75.7105,0.9964,1.0,0.1255,0.0,0.0927,0.9998,0.2369,0.2344,0.8528,2.7569,0.689,0.0054,1.0,0.0846,0.0,0.2498
1754780580000,153.4266,1.0,0.0694,0.7257,0.0,0.2667,1.0,0.0,77.8182,0.996,1.0,0.1256,0.0,0.0942,0.9998,0.2313,0.2316,0.8373,2.5992,0.6789,0.0052,1.0,0.0448,0.0,0.2668
1754780640000,158.0976,1.0,0.0694,0.7243,0.0,0.2713,1.0,0.0,79.9046,0.9961,1.0,0.1321,0.0,0.0976,0.9996,0.2292,0.2421,0.8463,2.5576,0.6873,0.0057,1.0,0.0436,0.0,0.2485
1754780700000,146.1296,1.0,0.0694,0.7226,0.0,0.2667,1.0,0.0,72.1919,0.9961,1.0,0.1247,0.0,0.0944,0.9999,0.251,0.2296,0.8466,2.7253,0.6828,0.0057,1.0,0.0269,0.0,0.2574
1754780760000,150.0536,1.0,0.0694,0.7227,0.0,0.2618,1.0,0.0,76.5268,0.9964,1.0,0.1284,0.0,0.0925,0.9998,0.2599,0.2357,0.8471,2.452,0.6861,0.0054,1.0,0.061,0.0,0.2492
1754780820000,156.2362,1.0,0.0694,0.7247,0.0,0.2611,1.0,0.0,78.1357,0.9963,1.0,0.1334,0.0,0.0936,0.9998,0.2419,0.2455,0.8571,2.6907,0.6973,0.0053,1.0,0.0824,0.0,0.2557
1754780880000,160.4053,1.0,0.0694,0.725,0.0,0.2604,1.0,0.0,78.4766,0.9961,1.0,0.1294,0.0,0.0924,0.9996,0.2586,0.2378,0.8658,2.494,0.6953,0.0055,1.0,0.0736,0.0,0.2658
1754780940000,152.3842,1.0,0.0694,0.7248,0.0,0.2577,1.0,0.0,76.8229,0.9965,1.0,0.1314,0.0,0.0927,0.9999,0.269,0.2406,0.8691,2.6253,0.6953,0.0059,1.0,0.0903,0.0,0.2465
1754781000000,158.19,1.0,0.0694,0.725,0.0,0.262,1.0,0.0,79.2265,0.9964,1.0,0.1329,0.0,0.0953,0.9997,0.2739,0.2443,0.8704,2.7152,0.6982,0.0061,1.0,0.0527,0.0,0.2559
1754781060000,152.577,1.0,0.0694,0.7243,0.0,0.2556,1.0,0.0,76.5074,0.9965,1.0,0.1307,0.0,0.0954,0.9998,0.2515,0.2395,0.8592,2.5832,0.6874,0.0057,1.0,0.0514,0.0,0.2569
1754781120000,149.3754,1.0,0.0694,0.722,0.0,0.2591,1.0,0.0,78.2624,0.9968,1.0,0.1351,0.0,0.0939,0.9997,0.2682,0.2454,0.8597,2.9823,0.6917,0.0056,1.0,0.1054,0.0,0.2656
1754781180000,152.7597,1.0,0.0694,0.7251,0.0,0.2611,1.0,0.0,74.9272,0.9963,1.0,0.1304,0.0,0.0937,0.9998,0.2607,0.2407,0.86,2.5512,0.6852,0.0054,1.0,0.0557,0.0,0.2479
1754781240000,157.9394,1.0,0.0694,0.727,0.0,0.2611,1.0,0.0,77.703,0.9962,1.0,0.1271,0.0,0.0943,0.9998,0.2585,0.2354,0.8669,2.6547,0.692,0.0058,1.0,0.0657,0.0,0.2562
1754781300000,154.2056,1.0,0.0694,0.7277,0.0,0.2583,1.0,0.0,75.9767,0.9961,1.0,0.1313,0.0,0.1002,0.9998,0.2582,0.2428,0.8689,2.6868,0.6963,0.0057,1.0,0.0625,0.0,0.2661
1754781360000,151.6001,1.0,0.0694,0.725,0.0,0.2549,1.0,0.0,77.443,0.9961,1.0,0.1373,0.0,0.0967,0.9999,0.2497,0.2514,0.8573,2.729,0.6877,0.0054,1.0,0.1068,0.0,0.2553
1754781420000,153.7614,1.0,0.0694,0.7236,0.0,0.2549,1.0,0.0,79.0828,0.9966,1.0,0.1354,0.0,0.0985,0.9997,0.2586,0.2468,0.8555,2.5798,0.6921,0.006,1.0,0.0617,0.0,0.264
1754781480000,157.9844,1.0,0.0694,0.7265,0.0,0.2583,1.0,0.0,79.7785,0.9963,1.0,0.1341,0.0,0.0981,0.9998,0.2424,0.2458,0.8457,2.6635,0.6894,0.0059,1.0,0.0648,0.0,0.2534
1754781540000,163.2129,1.0,0.0694,0.7269,0.0,0.2639,1.0,0.0,79.4168,0.9964,1.0,0.1322,0.0,0.0992,0.9997,0.2321,0.2444,0.8594,2.66,0.6941,0.0057,1.0,0.0417,0.0,0.2578
1754781600000,153.8176,1.0,0.0694,0.7245,0.0,0.2639,1.0,0.0,77.4756,0.9965,1.0,0.14,0.0,0.0988,0.9998,0.2236,0.2561,0.8569,2.5479,0.6923,0.0059,1.0,0.0539,0.0,0.2725
1754781660000,161.5192,1.0,0.0694,0.7259,0.0,0.2694,1.0,0.0,80.1163,0.9966,1.0,0.1412,0.0,0.1012,0.9996,0.2203,0.26,0.8752,2.7894,0.6984,0.0057,1.0,0.0398,0.0,0.2679
1754781720000,151.5034,1.0,0.0694,0.7264,0.0,0.2583,1.0,0.0,75.2855,0.9967,1.0,0.1404,0.0,0.096,0.9999,0.2433,0.2585,0.8616,2.7688,0.6848,0.0058,1.0,0.0891,0.0,0.273
1754781780000,154.1944,1.0,0.0694,0.7258,0.0,0.2703,1.0,0.0,77.247,0.9968,1.0,0.1386,0.0,0.0999,0.9997,0.2472,0.2541,0.8585,2.6683,0.6853,0.0059,1.0,0.0414,0.0,0.2735
1754781840000,151.9933,1.0,0.0694,0.7246,0.0,0.2611,1.0,0.0,77.66,0.997,1.0,0.1412,0.0,0.1061,0.9997,0.2728,0.2572,0.8697,2.7721,0.7004,0.0057,1.0,0.0518,0.0,0.2683
1754781900000,157.3636,1.0,0.0694,0.7272,0.0,0.2556,1.0,0.0,78.6053,0.9965,1.0,0.1384,0.0,0.1074,0.9998,0.2568,0.2561,0.8612,2.8376,0.6905,0.0059,1.0,0.0749,0.0,0.2621
1754781960000,154.3281,1.0,0.0694,0.7217,0.0,0.2528,1.0,0.0,75.2884,0.9965,1.0,0.1304,0.0,0.1071,0.9998,0.2724,0.2424,0.8461,2.7259,0.6816,0.0061,1.0,0.0589,0.0,0.2777
1754782020000,151.9801,1.0,0.0694,0.723,0.0,0.2528,1.0,0.0,74.4269,0.9965,1.0,0.134,0.0,0.1023,0.9998,0.2629,0.2492,0.8449,2.7283,0.6783,0.0059,1.0,0.041,0.0,0.2788
1754782080000,150.9611,1.0,0.0694,0.7256,0.0,0.2444,1.0,0.0,75.0661,0.9966,1.0,0.1419,0.0,0.114,0.9998,0.2736,0.2623,0.8562,2.8147,0.6778,0.0064,1.0,0.0598,0.0,0.2803
1754782140000,157.7416,1.0,0.0694,0.725,0.0,0.2528,1.0,0.0,77.4127,0.9968,1.0,0.1377,0.0,0.1081,0.9999,0.2821,0.2544,0.857,2.5951,0.6866,0.006,1.0,0.0646,0.0,0.286
1754782200000,153.4059,1.0,0.0694,0.7224,0.0,0.25,1.0,0.0,77.0087,0.9969,1.0,0.142,0.0,0.1137,0.9998,0.2935,0.2597,0.8721,2.6424,0.6962,0.0059,1.0,0.0516,0.0,0.2787
1754782260000,157.2115,1.0,0.0694,0.7248,0.0,0.2611,1.0,0.0,76.3328,0.9967,1.0,0.1331,0.0,0.1038,0.9998,0.2964,0.2472,0.8565,2.6158,0.6897,0.0059,1.0,0.0447,0.0,0.2797
1754782320000,152.3,1.0,0.0694,0.7252,0.0,0.2556,1.0,0.0,76.3712,0.9971,1.0,0.1458,0.0,0.107,0.9997,0.3103,0.2673,0.8674,2.7057,0.7004,0.0064,1.0,0.0447,0.0,0.2746
1754782380000,151.2264,1.0,0.0694,0.7264,0.0,0.2556,1.0,0.0,74.945,0.9968,1.0,0.1495,0.0,0.1098,0.9997,0.3047,0.2748,0.8743,2.7785,0.7074,0.0063,1.0,0.059,0.0,0.277
1754782440000,153.6177,1.0,0.0694,0.7258,0.0,0.2694,1.0,0.0,75.7478,0.9965,1.0,0.1412,0.0,0.1071,0.9999,0.3025,0.2599,0.8605,2.7341,0.7004,0.0061,1.0,0.0482,0.0,0.2955
1754782500000,150.0472,1.0,0.0694,0.7258,0.0,0.2694,1.0,0.0,75.0522,0.9965,1.0,0.1485,0.0,0.1082,0.9998,0.2847,0.2732,0.8654,2.6904,0.6967,0.0063,1.0,0.0851,0.0,0.2817
1754782560000,147.4821,1.0,0.0694,0.725,0.0,0.2632,1.0,0.0,74.2992,0.9966,1.0,0.148,0.0,0.1105,0.9998,0.3014,0.2719,0.8608,2.7735,0.6921,0.006,1.0,0.0535,0.0,0.2945
1754782620000,149.1963,1.0,0.0694,0.7259,0.0,0.2646,1.0,0.0,73.9258,0.9968,1.0,0.1481,0.0,0.108,0.9999,0.2944,0.272,0.8561,2.8367,0.6941,0.0059,1.0,0.0471,0.0,0.2895
1754782680000,148.8708,1.0,0.0694,0.7213,0.0,0.2611,1.0,0.0,77.0824,0.9967,1.0,0.1438,0.0,0.1086,0.9999,0.2901,0.2618,0.8769,2.7406,0.6984,0.0061,1.0,0.05,0.0,0.2904
1754782740000,152.1126,1.0,0.0694,0.7253,0.0,0.2675,1.0,0.0,75.0446,0.9968,1.0,0.1457,0.0,0.1132,0.9999,0.3082,0.2686,0.8816,2.6978,0.6995,0.0063,1.0,0.0293,0.0,0.2832
1754782800000,147.7685,1.0,0.0694,0.7245,0.0,0.2583,1.0,0.0,74.1413,0.9968,1.0,0.1466,0.0,0.1131,1.0,0.3031,0.2687,0.8632,2.6784,0.6957,0.0062,1.0,0.0399,0.0,0.3028
1754782860000,152.3545,1.0,0.0694,0.7238,0.0,0.2583,1.0,0.0,77.1497,0.9961,1.0,0.1452,0.0,0.1024,0.9998,0.2944,0.2671,0.8691,2.6221,0.6948,0.0058,1.0,0.0363,0.0,0.2937
1754782920000,156.4605,1.0,0.0694,0.723,0.0,0.2639,1.0,0.0,77.522,0.9965,1.0,0.1443,0.0,0.1105,0.9997,0.3058,0.2647,0.8725,2.5948,0.7005,0.0061,1.0,0.037,0.0,0.2988
1754782980000,153.9346,1.0,0.0694,0.7235,0.0,0.2631,1.0,0.0,77.9012,0.9964,1.0,0.1469,0.0,0.111,0.9998,0.2897,0.2684,0.8404,2.6682,0.6772,0.0063,1.0,0.0791,0.0,0.2917
1754783040000,151.9233,1.0,0.0694,0.724,0.0,0.25,1.0,0.0,76.8735,0.9968,1.0,0.1496,0.0,0.1138,0.9999,0.2917,0.2735,0.8528,2.5234,0.6809,0.0062,1.0,0.0506,0.0,0.2826
1754783100000,157.172,1.0,0.0694,0.7273,0.0,0.2556,1.0,0.0,76.3824,0.9968,1.0,0.1493,0.0,0.1137,0.9997,0.2813,0.2764,0.8713,2.7082,0.6942,0.0062,1.0,0.0425,0.0,0.2883
1754783160000,161.5811,1.0,0.0694,0.727,0.0,0.2466,1.0,0.0,79.9266,0.9968,1.0,0.1484,0.0,0.1094,0.9997,0.2897,0.2734,0.8584,2.6378,0.6838,0.0061,1.0,0.0367,0.0,0.2913
1754783220000,151.8874,1.0,0.0694,0.7247,0.0,0.2583,1.0,0.0,76.3949,0.9969,1.0,0.1533,0.0,0.1162,0.9999,0.3,0.2807,0.8594,2.807,0.7005,0.0063,1.0,0.0532,0.0,0.3099
1754783280000,145.0087,1.0,0.0694,0.7277,0.0,0.2528,1.0,0.0,70.7612,0.997,1.0,0.1505,0.0,0.1147,0.9999,0.2944,0.2779,0.8574,2.5136,0.6857,0.0067,1.0,0.0419,0.0,0.2993
1754783340000,153.2571,1.0,0.0694,0.7277,0.0,0.2535,1.0,0.0,74.2101,0.997,1.0,0.1543,0.0,0.1171,0.9999,0.2967,0.2844,0.8695,2.5898,0.6982,0.0066,1.0,0.0781,0.0,0.2972
1754783400000,156.303,1.0,0.0694,0.7279,0.0,0.2507,1.0,0.0,74.3843,0.9966,1.0,0.1511,0.0,0.1066,0.9998,0.296,0.28,0.8637,2.8255,0.69,0.0062,1.0,0.076,0.0,0.3041
1754783460000,155.9315,1.0,0.0694,0.7283,0.0,0.25,1.0,0.0,76.2163,0.9967,1.0,0.152,0.0,0.1071,0.9999,0.3144,0.2812,0.8754,2.5684,0.6925,0.0062,1.0,0.0761,0.0,0.3084
1754783520000,150.2329,1.0,0.0694,0.7248,0.0,0.2548,1.0,0.0,74.6528,0.9968,1.0,0.1573,0.0,0.1172,0.9998,0.3031,0.2881,0.8661,2.6841,0.6871,0.0066,1.0,0.0476,0.0,0.2955
1754783580000,150.8501,1.0,0.0694,0.726,0.0,0.2577,1.0,0.0,76.228,0.9967,1.0,0.1566,0.0,0.1116,0.9998,0.284,0.2873,0.8575,2.6378,0.687,0.0065,1.0,0.2032,0.0,0.3083
1754783640000,154.0588,1.0,0.0694,0.7244,0.0,0.2556,1.0,0.0,76.9454,0.9969,1.0,0.1539,0.0,0.1191,0.9998,0.2811,0.2818,0.8673,2.6088,0.6946,0.0064,1.0,0.0599,0.0,0.2994
1754783700000,156.8376,1.0,0.0694,0.7257,0.0,0.2611,1.0,0.0,77.7055,0.9963,1.0,0.1556,0.0,0.1128,0.9998,0.3021,0.286,0.876,2.7597,0.7003,0.0068,1.0,0.0265,0.0,0.3
1754783760000,150.8674,1.0,0.0694,0.7249,0.0,0.2556,1.0,0.0,76.7258,0.9962,1.0,0.1576,0.0,0.1201,0.9999,0.3072,0.2877,0.8722,2.6744,0.6955,0.0068,1.0,0.084,0.0,0.32
1754783820000,147.0156,1.0,0.0694,0.725,0.0,0.2556,1.0,0.0,75.0568,0.9965,1.0,0.1621,0.0,0.1228,1.0,0.3007,0.2972,0.8624,2.6469,0.6933,0.0069,1.0,0.041,0.0,0.3028
1754783880000,148.7973,1.0,0.0694,0.7272,0.0,0.2556,1.0,0.0,74.6143,0.9967,1.0,0.1578,0.0,0.1228,0.9999,0.3068,0.2899,0.8698,2.6658,0.69,0.0065,1.0,0.0467,0.0,0.308
1754783940000,157.0788,1.0,0.0694,0.726,0.0,0.25,1.0,0.0,77.462,0.9963,1.0,0.1565,0.0,0.1153,0.9999,0.3211,0.2884,0.8711,2.6248,0.6931,0.0069,1.0,0.0641,0.0,0.3111
1754784000000,128.1647,1.0,0.0694,0.7135,0.0,0.25,1.0,0.0,70.6337,0.9969,1.0,0.2158,0.0,0.1412,0.9999,0.3357,0.3797,0.8974,3.0346,0.7134,0.0073,1.0,0.0705,0.0,0.3178
1754784060000,155.6623,1.0,0.0694,0.724,0.0,0.2444,1.0,0.0,77.3149,0.996,1.0,0.1697,0.0,0.1288,0.9999,0.3349,0.3111,0.8947,2.7662,0.7044,0.0069,1.0,0.0604,0.0,0.3565
1754784120000,164.0962,1.0,0.0694,0.7256,0.0,0.2556,1.0,0.0,77.6321,0.9953,1.0,0.1654,0.0,0.1397,0.9999,0.3437,0.3059,0.8943,2.7647,0.7026,0.0072,1.0,0.0728,0.0,0.3423
1754784180000,169.1528,1.0,0.0694,0.7277,0.0,0.2583,1.0,0.0,78.7431,0.9956,1.0,0.1575,0.0,0.1246,0.9998,0.3449,0.2938,0.8952,2.7012,0.7001,0.0066,1.0,0.0947,0.0,0.3649
1754784240000,172.3383,1.0,0.0694,0.7283,0.0,0.25,1.0,0.0,78.7436,0.9956,1.0,0.1607,0.0,0.1328,0.9998,0.3649,0.2997,0.9073,2.7697,0.707,0.0069,1.0,0.068,0.0,0.3515
1754784300000,164.5938,1.0,0.0694,0.7249,0.0,0.25,1.0,0.0,77.8921,0.9958,1.0,0.1619,0.0,0.1303,0.9997,0.3925,0.2996,0.899,2.7936,0.7026,0.0069,1.0,0.0633,0.0,0.3578
1754784360000,169.5764,1.0,0.0694,0.7256,0.0,0.25,1.0,0.0,80.2721,0.9957,1.0,0.165,0.0,0.13,0.9997,0.3978,0.3061,0.902,2.82,0.7063,0.007,1.0,0.0412,0.0,0.3434
1754784420000,166.4842,1.0,0.0694,0.7256,0.0,0.25,1.0,0.0,79.0185,0.9958,1.0,0.1645,0.0,0.1311,0.9998,0.3776,0.3053,0.8859,2.9112,0.697,0.0067,1.0,0.0441,0.0,0.3608
1754784480000,161.1076,1.0,0.0694,0.7267,0.0,0.2639,1.0,0.0,76.2583,0.9958,1.0,0.1697,0.0,0.1337,0.9999,0.3799,0.315,0.9061,2.8707,0.7084,0.0071,1.0,0.0857,0.0,0.3642
1754784540000,172.2627,1.0,0.0694,0.7278,0.0,0.2611,1.0,0.0,79.1755,0.9957,1.0,0.1662,0.0,0.1249,0.9998,0.3975,0.3093,0.9047,2.7842,0.7018,0.0068,1.0,0.0713,0.0,0.3586
1754784600000,163.0426,1.0,0.0694,0.7272,0.0,0.2611,1.0,0.0,76.2218,0.996,1.0,0.1663,0.0,0.1309,0.9998,0.3885,0.3089,0.9074,2.8892,0.7064,0.0072,1.0,0.1248,0.0,0.3779
1754784660000,161.5694,1.0,0.0694,0.7268,0.0,0.2528,1.0,0.0,76.7207,0.996,1.0,0.1678,0.0,0.1263,0.9999,0.4115,0.3123,0.8986,2.8812,0.7103,0.0069,1.0,0.0644,0.0,0.3642
1754784720000,157.1542,1.0,0.0694,0.7251,0.0,0.2583,1.0,0.0,76.5388,0.9964,1.0,0.1698,0.0,0.1344,0.9999,0.3826,0.3138,0.902,2.8204,0.7046,0.0074,1.0,0.0999,0.0,0.3757
1754784780000,156.4455,1.0,0.0694,0.7263,0.0,0.2556,1.0,0.0,75.042,0.9964,1.0,0.1678,0.0,0.1266,0.9999,0.3749,0.3105,0.8945,2.8975,0.6979,0.0068,1.0,0.0812,0.0,0.3683
1754784840000,156.0884,1.0,0.0694,0.7273,0.0,0.2611,1.0,0.0,74.9903,0.9964,1.0,0.1722,0.0,0.1259,0.9998,0.3769,0.3193,0.8988,2.8777,0.7037,0.007,1.0,0.0781,0.0,0.3569
1754784900000,154.79,1.0,0.0694,0.7256,0.0,0.2583,1.0,0.0,75.5987,0.9963,1.0,0.172,0.0,0.1354,0.9999,0.3601,0.3167,0.9116,3.0917,0.7111,0.0072,1.0,0.0535,0.0,0.3622
1754784960000,158.3108,1.0,0.0694,0.7257,0.0,0.2667,1.0,0.0,76.8214,0.9963,1.0,0.1737,0.0,0.1318,0.9998,0.3811,0.3192,0.953,2.8273,0.736,0.0068,1.0,0.0434,0.0,0.3513
1754785020000,162.3733,1.0,0.0694,0.7261,0.0,0.2722,1.0,0.0,77.6771,0.9961,1.0,0.1697,0.0,0.1291,0.9998,0.3564,0.3139,0.9282,2.8666,0.7236,0.0072,1.0,0.073,0.0,0.3671
1754785080000,162.7872,1.0,0.0694,0.7275,0.0,0.2639,1.0,0.0,76.4346,0.9958,1.0,0.1704,0.0,0.1297,0.9998,0.3846,0.3159,0.9137,2.8033,0.7112,0.0075,1.0,0.0519,0.0,0.3707
1754785140000,152.8984,1.0,0.0694,0.7247,0.0,0.2556,1.0,0.0,74.6121,0.9959,1.0,0.1702,0.0,0.1247,0.9999,0.3658,0.3129,0.9119,2.7292,0.7053,0.0071,1.0,0.0604,0.0,0.371
1754785200000,154.1706,1.0,0.0694,0.7242,0.0,0.2583,1.0,0.0,76.6241,0.9962,1.0,0.1779,0.0,0.1372,0.9999,0.3551,0.3265,0.9082,2.9374,0.7122,0.007,1.0,0.0661,0.0,0.3556
1754785260000,155.7295,1.0,0.0694,0.7252,0.0,0.2611,1.0,0.0,77.0095,0.996,1.0,0.1756,0.0,0.1331,0.9998,0.3518,0.3229,0.9082,2.8379,0.7058,0.0071,1.0,0.0637,0.0,0.3605
1754785320000,157.8856,1.0,0.0694,0.7259,0.0,0.2611,1.0,0.0,76.8002,0.9963,1.0,0.1736,0.0,0.128,0.9997,0.3624,0.3199,0.8979,2.854,0.7098,0.0069,1.0,0.0881,0.0,0.3645
1754785380000,155.0826,1.0,0.0694,0.7278,0.0,0.2549,1.0,0.0,73.925,0.996,1.0,0.171,0.0,0.1341,0.9998,0.3578,0.3173,0.9143,2.9035,0.71,0.0072,1.0,0.0777,0.0,0.3609
1754785440000,159.2126,1.0,0.0694,0.7269,0.0,0.2493,1.0,0.0,76.4527,0.996,1.0,0.1706,0.0,0.1224,0.9999,0.4003,0.3161,0.9249,2.8077,0.7129,0.0068,1.0,0.0529,0.0,0.3715
1754785500000,159.1143,1.0,0.0694,0.7233,0.0,0.2556,1.0,0.0,76.1558,0.996,1.0,0.1624,0.0,0.1323,0.9998,0.3833,0.3018,0.9395,2.7013,0.8251,0.0075,1.0,0.0306,0.0,0.3707
1754785560000,162.9508,1.0,0.0694,0.7181,0.0,0.2528,1.0,0.0,78.3048,0.9963,1.0,0.1541,0.0,0.1352,0.9997,0.3911,0.2879,0.9174,2.9487,0.8776,0.007,1.0,0.0585,0.0,0.3683
1754785620000,157.9323,1.0,0.0694,0.7198,0.0,0.2556,1.0,0.0,75.5192,0.9959,1.0,0.1571,0.0,0.1331,0.9998,0.3918,0.2944,0.8951,2.7454,0.8531,0.0074,1.0,0.0742,0.0,0.3793
1754785680000,153.1698,1.0,0.0694,0.7188,0.0,0.25,1.0,0.0,74.715,0.996,1.0,0.1548,0.0,0.1313,0.9997,0.4042,0.288,0.8979,2.9188,0.8357,0.007,1.0,0.0629,0.0,0.3797
1754785740000,161.7876,1.0,0.0694,0.7247,0.0,0.2583,1.0,0.0,78.4926,0.9958,1.0,0.1705,0.0,0.1284,0.9998,0.385,0.3153,0.9093,2.9681,0.7198,0.0072,1.0,0.0476,0.0,0.3632
1754785800000,158.2474,1.0,0.0694,0.7234,0.0,0.2611,1.0,0.0,79.6018,0.9964,1.0,0.1853,0.0,0.1312,0.9996,0.3656,0.3384,0.9277,2.9627,0.7189,0.0076,1.0,0.103,0.0,0.3656
1754785860000,162.7333,1.0,0.0694,0.7272,0.0,0.2528,1.0,0.0,76.9967,0.9961,1.0,0.1799,0.0,0.1322,0.9998,0.3754,0.3337,0.9317,2.9342,0.716,0.0074,1.0,0.0809,0.0,0.3855
1754785920000,159.8166,1.0,0.0694,0.7261,0.0,0.2472,1.0,0.0,77.6918,0.9962,1.0,0.1854,0.0,0.1452,0.9997,0.3725,0.3433,0.9177,2.8512,0.7061,0.0075,1.0,0.0643,0.0,0.3782
1754785980000,158.8027,1.0,0.0694,0.7256,0.0,0.2556,1.0,0.0,76.0207,0.9963,1.0,0.1728,0.0,0.1301,0.9998,0.3874,0.3216,0.9051,2.7874,0.7439,0.0075,1.0,0.1446,0.0,0.3952
1754786040000,159.1391,1.0,0.0694,0.7222,0.0,0.2583,1.0,0.0,77.2871,0.9962,1.0,0.1725,0.0,0.1456,0.9998,0.3951,0.3202,0.9123,2.8775,0.7734,0.0078,1.0,0.0651,0.0,0.3854
1754786100000,164.9603,1.0,0.0694,0.727,0.0,0.2591,1.0,0.0,77.6143,0.9962,1.0,0.1754,0.0,0.1423,0.9997,0.3576,0.3277,0.9075,2.8533,0.7478,0.008,1.0,0.0879,0.0,0.3988
1754786160000,172.9336,1.0,0.0694,0.728,0.0,0.2591,1.0,0.0,78.0241,0.9959,1.0,0.1682,0.0,0.139,0.9997,0.3811,0.3186,0.901,2.7127,0.7571,0.0069,1.0,0.0567,0.0,0.4013
1754786220000,164.8755,1.0,0.0694,0.7286,0.0,0.2667,1.0,0.0,76.7809,0.9959,1.0,0.1786,0.0,0.1439,0.9998,0.3967,0.3347,0.9325,2.8149,0.7394,0.0076,1.0,0.053,0.0,0.424
1754786280000,160.5872,1.0,0.0694,0.7264,0.0,0.2632,1.0,0.0,77.1742,0.9959,1.0,0.1857,0.0,0.1288,0.9999,0.4129,0.3442,0.9486,2.8135,0.7314,0.0072,1.0,0.0441,0.0,0.4101
1754786340000,156.6162,1.0,0.0694,0.7272,0.0,0.2722,1.0,0.0,76.2037,0.9963,1.0,0.192,0.0,0.134,0.9998,0.4156,0.3559,0.9107,2.8429,0.7052,0.0072,1.0,0.0883,0.0,0.4039
1754786400000,161.3072,1.0,0.0694,0.7262,0.0,0.2722,1.0,0.0,77.5856,0.9959,1.0,0.1864,0.0,0.1432,0.9998,0.4324,0.3454,0.9159,2.9372,0.7098,0.0075,1.0,0.0643,0.0,0.3967
1754786460000,165.6632,1.0,0.0694,0.7279,0.0,0.2611,1.0,0.0,77.8608,0.9961,1.0,0.1853,0.0,0.144,0.9998,0.4372,0.3455,0.9101,2.8925,0.7122,0.0078,1.0,0.0828,0.0,0.413
1754786520000,161.3259,1.0,0.0694,0.7265,0.0,0.2583,1.0,0.0,77.9642,0.996,1.0,0.1865,0.0,0.1405,0.9998,0.4113,0.3453,0.9119,2.823,0.7092,0.0074,1.0,0.0576,0.0,0.4153
1754786580000,160.9637,1.0,0.0694,0.7267,0.0,0.2556,1.0,0.0,77.3169,0.9962,1.0,0.1884,0.0,0.1417,0.9997,0.3786,0.3482,0.9159,2.8531,0.7107,0.0074,1.0,0.0955,0.0,0.4015
1754786640000,163.5044,1.0,0.0694,0.7292,0.0,0.2639,1.0,0.0,76.5863,0.9961,1.0,0.1855,0.0,0.1431,0.9998,0.4001,0.3469,0.9263,2.9239,0.7125,0.0077,1.0,0.0822,0.0,0.4103
1754786700000,158.9394,1.0,0.0694,0.7262,0.0,0.2583,1.0,0.0,76.9589,0.996,1.0,0.1855,0.0,0.1386,0.9999,0.3996,0.3432,0.9426,2.8701,0.7257,0.0075,1.0,0.0541,0.0,0.4162
1754786760000,161.4229,1.0,0.0694,0.7286,0.0,0.2618,1.0,0.0,75.5011,0.996,1.0,0.1809,0.0,0.1376,0.9999,0.404,0.3388,0.9099,3.0085,0.7145,0.0073,1.0,0.0811,0.0,0.4038
1754786820000,156.2945,1.0,0.0694,0.728,0.0,0.2528,1.0,0.0,75.464,0.9964,1.0,0.1875,0.0,0.1339,0.9998,0.4407,0.3484,0.906,2.8438,0.703,0.0075,1.0,0.0522,0.0,0.4065
1754786880000,156.5233,1.0,0.0694,0.7287,0.0,0.2493,1.0,0.0,73.932,0.9962,1.0,0.1886,0.0,0.1451,0.9998,0.4307,0.3515,0.9265,2.9385,0.7184,0.0074,1.0,0.1015,0.0,0.4005
1754786940000,158.0046,1.0,0.0694,0.7267,0.0,0.2535,1.0,0.0,77.1721,0.9963,1.0,0.1929,0.0,0.1502,0.9998,0.4126,0.3557,0.921,2.9703,0.7116,0.0073,1.0,0.2121,0.0,0.4112
1754787000000,159.5417,1.0,0.0694,0.7284,0.0,0.2618,1.0,0.0,75.5233,0.9965,1.0,0.1924,0.0,0.1436,0.9998,0.4229,0.3567,0.9217,2.7382,0.7143,0.0075,1.0,0.0675,0.0,0.4026
1754787060000,154.1358,1.0,0.0694,0.7228,0.0,0.2618,1.0,0.0,75.3124,0.9962,1.0,0.1746,0.0,0.1372,0.9999,0.4096,0.3227,0.9251,2.8719,0.8088,0.0074,1.0,0.0717,0.0,0.3983
1754787120000,156.0789,1.0,0.0694,0.7272,0.0,0.2556,1.0,0.0,74.1148,0.9962,1.0,0.184,0.0,0.1387,0.9999,0.4133,0.3423,0.9349,2.857,0.7507,0.0077,1.0,0.0939,0.0,0.4069
1754787180000,157.261,1.0,0.0694,0.7228,0.0,0.2591,1.0,0.0,76.0777,0.9961,1.0,0.1765,0.0,0.147,0.9999,0.4258,0.3279,0.92,2.866,0.7961,0.0076,1.0,0.0369,0.0,0.4185
1754787240000,153.1629,1.0,0.0694,0.7232,0.0,0.2472,1.0,0.0,73.9196,0.9966,1.0,0.1878,0.0,0.1354,0.9999,0.424,0.3487,0.9234,2.8692,0.7473,0.0077,1.0,0.0593,0.0,0.4262
1754787300000,154.4616,1.0,0.0694,0.7231,0.0,0.25,1.0,0.0,75.5021,0.9963,1.0,0.1908,0.0,0.1445,0.9997,0.4253,0.3536,0.9323,3.0755,0.7167,0.0077,1.0,0.0754,0.0,0.4113
1754787360000,156.8679,1.0,0.0694,0.7255,0.0,0.25,1.0,0.0,77.1717,0.9962,1.0,0.1914,0.0,0.1406,0.9998,0.4553,0.3534,0.9335,2.8958,0.7218,0.0077,1.0,0.0591,0.0,0.4101
1754787420000,154.7541,1.0,0.0694,0.7243,0.0,0.2611,1.0,0.0,76.735,0.9964,1.0,0.1957,0.0,0.1366,0.9998,0.4357,0.3591,0.9219,2.9154,0.7172,0.0076,1.0,0.0698,0.0,0.4061
1754787480000,157.4651,1.0,0.0694,0.7265,0.0,0.2583,1.0,0.0,76.1836,0.9961,1.0,0.1909,0.0,0.1353,0.9998,0.4486,0.3525,0.9367,2.9712,0.7261,0.0075,1.0,0.0346,0.0,0.4149
1754787540000,165.9905,1.0,0.0694,0.7235,0.0,0.2687,1.0,0.0,83.0559,0.9962,1.0,0.19,0.0,0.1416,0.9997,0.4385,0.348,0.9442,2.8914,0.7284,0.0075,1.0,0.0904,0.0,0.4078
1754787600000,164.4032,1.0,0.0694,0.7248,0.0,0.2639,1.0,0.0,80.0878,0.996,1.0,0.198,0.0,0.149,0.9998,0.4303,0.3635,0.9472,3.0061,0.7325,0.0079,1.0,0.0624,0.0,0.3996
1754787660000,167.6051,1.0,0.0694,0.7244,0.0,0.2583,1.0,0.0,79.6478,0.9959,1.0,0.1925,0.0,0.1491,0.9998,0.4339,0.3585,0.9579,3.0084,0.7358,0.0078,1.0,0.1072,0.0,0.4278
1754787720000,164.0067,1.0,0.0741,0.721,0.0,0.2694,1.0,0.0,77.3696,0.9958,1.0,0.1737,68.7778,0.1502,0.9998,0.4454,0.3262,0.9408,2.9739,0.8192,0.0085,1.0,0.0444,0.0556,0.4359
1754787780000,160.881,1.0,0.0741,0.7227,0.0,0.2591,1.0,0.0,77.6176,0.9961,1.0,0.1816,0.0,0.1495,0.9997,0.4604,0.3387,0.9385,3.0242,0.819,0.008,1.0,0.0579,0.0,0.4353
1754787840000,160.3271,1.0,0.0741,0.7258,0.0,0.25,1.0,0.0,77.8603,0.9962,1.0,0.1937,0.0,0.1509,0.9998,0.4647,0.3581,0.9387,3.0664,0.7413,0.0084,1.0,0.1302,0.0,0.4261
1754787900000,159.8631,1.0,0.0741,0.7267,0.0,0.2556,1.0,0.0,77.5846,0.9961,1.0,0.1992,0.0,0.1486,0.9997,0.4425,0.3688,0.9399,3.0256,0.7184,0.0084,1.0,0.0505,0.0,0.4142
1754787960000,167.7612,1.0,0.0741,0.7265,0.0,0.2528,1.0,0.0,79.3523,0.996,1.0,0.2,0.0,0.1469,0.9997,0.4661,0.3708,0.9523,3.0324,0.7247,0.0079,1.0,0.064,0.0,0.4374
1754788020000,161.9831,1.0,0.0694,0.7258,0.0,0.2556,1.0,0.0,78.9028,0.9961,1.0,0.1986,0.0,0.1371,0.9997,0.4896,0.3664,0.9564,2.9726,0.7334,0.0081,1.0,0.0743,0.0,0.4664
1754788080000,168.3148,1.0,0.0694,0.7264,0.0,0.2611,1.0,0.0,80.7858,0.9962,1.0,0.2011,0.0,0.1398,0.9996,0.4608,0.3711,0.9772,2.9699,0.7465,0.008,1.0,0.0509,0.0,0.4408
1754788140000,160.6187,1.0,0.0694,0.7275,0.0,0.2618,1.0,0.0,78.4679,0.9964,1.0,0.1998,0.0,0.1466,0.9998,0.4562,0.3695,0.95,3.0607,0.7311,0.0078,1.0,0.0511,0.0,0.4554
1754788200000,167.8204,1.0,0.0694,0.7259,0.0,0.2556,1.0,0.0,81.6598,0.9962,1.0,0.2052,0.0,0.1501,0.9996,0.4575,0.3793,0.9537,3.0937,0.737,0.0084,1.0,0.1149,0.0,0.4383
1754788260000,170.5965,1.0,0.0715,0.7274,0.0,0.2603,1.0,0.0,80.9149,0.996,1.0,0.2006,66.1111,0.1456,0.9997,0.4878,0.3724,0.9617,3.0658,0.7414,0.0082,1.0,0.0592,0.0556,0.4665
1754788320000,167.6209,1.0,0.0715,0.7276,0.0,0.2556,1.0,0.0,80.7463,0.9961,1.0,0.201,0.0,0.1508,0.9997,0.4813,0.3733,0.9706,2.9665,0.7363,0.008,1.0,0.0523,0.0,0.4796
1754788380000,166.7612,1.0,0.0745,0.7287,0.0,0.2611,1.0,0.0,79.8335,0.9963,1.0,0.2036,63.6111,0.1465,0.9997,0.4731,0.3788,0.9659,3.248,0.7324,0.008,1.0,0.0689,0.0556,0.4566
1754788440000,156.0142,1.0,0.0745,0.7234,0.0,0.2583,1.0,0.0,76.0592,0.9963,1.0,0.2002,0.0,0.1604,0.9998,0.4756,0.3718,0.9427,3.053,0.7224,0.0082,1.0,0.0546,0.0,0.4469
1754788500000,163.3534,1.0,0.0745,0.726,0.0,0.2583,1.0,0.0,77.9672,0.9962,1.0,0.1959,0.0,0.1499,0.9997,0.4739,0.3646,0.9543,3.1256,0.7292,0.008,1.0,0.055,0.0,0.4457
1754788560000,168.9378,1.0,0.0724,0.7273,0.0,0.2603,1.0,0.0,78.5684,0.9962,1.0,0.2007,0.0,0.1499,0.9996,0.461,0.3757,0.9831,2.9917,0.7444,0.0084,1.0,0.0565,0.0,0.4406
1754788620000,166.4051,1.0,0.0724,0.7243,0.0,0.2556,1.0,0.0,79.9788,0.996,1.0,0.1939,0.0,0.1563,0.9998,0.4318,0.3624,0.9463,3.068,0.7166,0.0083,1.0,0.0732,0.0,0.4628
1754788680000,162.0217,1.0,0.0694,0.7264,0.0,0.2583,1.0,0.0,78.4692,0.9961,1.0,0.2026,0.0,0.1467,0.9997,0.4412,0.3744,0.9695,3.0882,0.7372,0.0082,1.0,0.0708,0.0,0.4535
1754788740000,163.2711,1.0,0.0694,0.7265,0.0,0.2583,1.0,0.0,78.9127,0.9961,1.0,0.2002,0.0,0.1453,0.9996,0.4321,0.3717,0.9552,3.0414,0.7264,0.0082,1.0,0.0704,0.0,0.4425
1754788800000,165.0197,1.0,0.0697,0.7269,0.0,0.2611,1.0,0.0,80.05,0.9963,1.0,0.2095,49.2222,0.1536,0.9996,0.4521,0.3879,0.9655,2.993,0.7295,0.0085,1.0,0.1096,0.0556,0.4389
1754788860000,162.6379,1.0,0.0697,0.7281,0.0,0.2528,1.0,0.0,77.9447,0.9961,1.0,0.2064,0.0,0.154,0.9997,0.464,0.3848,0.9681,2.9818,0.7329,0.0087,1.0,0.04,0.0,0.4475
1754788920000,166.5993,1.0,0.0697,0.7296,0.0,0.2556,1.0,0.0,78.7265,0.9962,1.0,0.2071,0.0,0.1513,0.9996,0.4733,0.3868,0.9595,3.1659,0.7261,0.0083,1.0,0.0523,0.0,0.4572
1754788980000,165.7434,1.0,0.0697,0.7284,0.0,0.2583,1.0,0.0,79.0027,0.9963,1.0,0.2073,0.0,0.1501,0.9998,0.4715,0.3859,0.9592,3.0462,0.727,0.0082,1.0,0.102,0.0,0.468
1754789040000,163.041,1.0,0.0697,0.7287,0.0,0.2611,1.0,0.0,78.8854,0.9963,1.0,0.2112,0.0,0.1493,0.9997,0.4867,0.3931,0.9583,2.9665,0.7313,0.0084,1.0,0.178,0.0,0.4693
1754789100000,160.3288,1.0,0.0694,0.726,0.0,0.2583,1.0,0.0,77.9576,0.9966,1.0,0.2107,0.0,0.1486,0.9998,0.4814,0.3883,0.9521,3.1496,0.7269,0.0082,1.0,0.0531,0.0,0.4773
1754789160000,158.3984,1.0,0.0694,0.727,0.0,0.2667,1.0,0.0,76.3837,0.9964,1.0,0.2089,0.0,0.1587,0.9997,0.4875,0.3876,0.9578,3.0228,0.7325,0.0084,1.0,0.0545,0.0,0.4622
1754789220000,163.5314,1.0,0.0694,0.7285,0.0,0.2583,1.0,0.0,76.9639,0.9962,1.0,0.2068,0.0,0.1542,0.9996,0.4969,0.3848,0.9642,3.0214,0.7348,0.0085,1.0,0.0576,0.0,0.4717
1754789280000,167.8967,1.0,0.0725,0.7281,0.0,0.2694,1.0,0.0,80.1244,0.9963,1.0,0.2039,68.4444,0.1523,0.9995,0.4903,0.3784,0.9601,3.0231,0.7335,0.0085,1.0,0.045,0.0556,0.4636
1754789340000,167.0584,1.0,0.0725,0.7288,0.0,0.2667,1.0,0.0,79.7249,0.9963,1.0,0.2051,0.0,0.1495,0.9998,0.4963,0.3815,0.9707,2.9727,0.7397,0.0087,1.0,0.057,0.0,0.4633
1754789400000,170.5808,1.0,0.0725,0.7252,0.0,0.2639,1.0,0.0,83.2226,0.9962,1.0,0.2117,0.0,0.1642,0.9997,0.4931,0.3898,0.9783,3.1915,0.7415,0.0084,1.0,0.0704,0.0,0.451
1754789460000,159.393,1.0,0.0725,0.7255,0.0,0.25,1.0,0.0,78.5534,0.9963,1.0,0.2094,0.0,0.1545,0.9998,0.4938,0.3858,0.9611,3.0461,0.7332,0.0082,1.0,0.0542,0.0,0.4704
1754789520000,162.2961,1.0,0.0725,0.7286,0.0,0.2444,1.0,0.0,77.9765,0.9963,1.0,0.2054,0.0,0.1505,0.9998,0.4983,0.382,0.9491,3.0804,0.7327,0.0083,1.0,0.0569,0.0,0.4639
1754789580000,160.4915,1.0,0.0694,0.7259,0.0,0.25,1.0,0.0,78.5936,0.9962,1.0,0.2104,0.0,0.1513,0.9998,0.4601,0.3891,0.9569,3.0039,0.7256,0.0085,1.0,0.0464,0.0,0.4602
1754789640000,163.0917,1.0,0.0694,0.7267,0.0,0.2556,1.0,0.0,78.5007,0.9964,1.0,0.2086,0.0,0.158,0.9998,0.4817,0.3867,0.9681,3.2424,0.733,0.0087,1.0,0.0799,0.0,0.4585
1754789700000,158.5046,1.0,0.0694,0.7274,0.0,0.2583,1.0,0.0,76.2267,0.9961,1.0,0.2104,0.0,0.1582,0.9998,0.4558,0.3893,0.9732,3.0447,0.7297,0.0083,1.0,0.1377,0.0,0.4587
1754789760000,166.1789,1.0,0.0694,0.7262,0.0,0.2611,1.0,0.0,79.9329,0.9961,1.0,0.2107,0.0,0.1522,0.9997,0.4799,0.3891,0.9667,3.1604,0.7339,0.0082,1.0,0.0983,0.0,0.4589
1754789820000,162.3772,1.0,0.0694,0.7268,0.0,0.2667,1.0,0.0,77.3523,0.996,1.0,0.208,0.0,0.163,0.9998,0.4533,0.3856,0.965,3.0561,0.7318,0.0086,1.0,0.0634,0.0,0.4571
1754789880000,164.3305,1.0,0.0731,0.728,0.0,0.2667,1.0,0.0,78.1651,0.996,1.0,0.2092,54.3889,0.1553,0.9997,0.4654,0.3894,0.9692,3.1114,0.7409,0.0085,1.0,0.0447,0.0556,0.464
1754789940000,158.2275,1.0,0.0769,0.7262,0.0,0.2639,1.0,0.0,76.8355,0.9962,1.0,0.2136,63.7778,0.1659,0.9998,0.4619,0.3956,0.9525,2.8602,0.7304,0.009,1.0,0.081,0.0556,0.4895
1754790000000,161.0167,1.0,0.0769,0.7259,0.0,0.2639,1.0,0.0,78.7859,0.9963,1.0,0.2124,0.0,0.1614,0.9998,0.4779,0.3917,0.9561,3.0904,0.7299,0.0085,1.0,0.0614,0.0,0.4669
1754790060000,159.8221,1.0,0.0769,0.7255,0.0,0.2667,1.0,0.0,78.7272,0.9965,1.0,0.2143,0.0,0.1561,0.9997,0.4917,0.3952,0.9661,2.9937,0.7238,0.0083,1.0,0.0429,0.0,0.4549
1754790120000,156.1221,1.0,0.0769,0.7245,0.0,0.2611,1.0,0.0,77.5453,0.9964,1.0,0.2142,0.0,0.155,0.9997,0.4949,0.3933,0.9677,3.0311,0.739,0.0084,1.0,0.0578,0.0,0.457
1754790180000,168.1344,1.0,0.0732,0.7261,0.0,0.2611,1.0,0.0,80.6198,0.9961,1.0,0.2102,0.0,0.1573,0.9995,0.4953,0.3879,0.968,3.0093,0.7347,0.0084,1.0,0.0683,0.0,0.461
1754790240000,163.766,1.0,0.0694,0.729,0.0,0.2556,1.0,0.0,77.9773,0.9963,1.0,0.2152,0.0,0.1597,0.9997,0.4618,0.3992,0.9569,3.1461,0.7273,0.0085,1.0,0.0818,0.0,0.4648
1754790300000,159.2277,1.0,0.0694,0.7266,0.0,0.2556,1.0,0.0,76.7189,0.9962,1.0,0.2153,6.1667,0.1537,0.9998,0.4778,0.3985,0.9549,3.0857,0.7312,0.0085,1.0,0.0666,0.0,0.4868
1754790360000,159.5774,1.0,0.0721,0.7255,0.0,0.2556,1.0,0.0,78.5588,0.9965,1.0,0.2178,50.8889,0.1536,0.9998,0.4996,0.4014,0.9536,2.9502,0.7285,0.0082,1.0,0.1294,0.0556,0.4798
1754790420000,163.4562,1.0,0.0721,0.7264,0.0,0.2611,1.0,0.0,79.3053,0.9963,1.0,0.2155,0.0,0.1568,0.9998,0.4943,0.3986,0.9792,3.0635,0.7407,0.0086,1.0,0.0394,0.0,0.4685
1754790480000,161.1689,1.0,0.0721,0.7265,0.0,0.275,1.0,0.0,77.1905,0.9962,1.0,0.2144,0.0,0.1532,0.9998,0.4893,0.3979,0.9595,3.146,0.7242,0.0086,1.0,0.1759,0.0,0.4884
1754790540000,165.3776,1.0,0.0721,0.7275,0.0,0.2632,1.0,0.0,78.933,0.9961,1.0,0.2136,0.0,0.151,0.9999,0.4978,0.398,0.9507,3.0967,0.7202,0.0086,1.0,0.0554,0.0,0.4834
1754790600000,160.2535,1.0,0.077,0.7252,0.0,0.2583,1.0,0.0,79.3549,0.9963,1.0,0.222,61.9444,0.1563,0.9997,0.4815,0.4088,0.9486,2.9582,0.7289,0.0086,1.0,0.0626,0.0556,0.4756
1754790660000,161.6763,1.0,0.0744,0.7254,0.0,0.2577,1.0,0.0,79.1652,0.9963,1.0,0.2157,0.0,0.1543,0.9998,0.4818,0.3989,0.9559,3.0342,0.7288,0.0086,1.0,0.0865,0.0,0.4821
1754790720000,158.9568,1.0,0.0744,0.7257,0.0,0.2528,1.0,0.0,78.1368,0.9963,1.0,0.2164,0.0,0.1608,0.9999,0.516,0.3996,0.9816,3.0061,0.7423,0.0089,1.0,0.078,0.0,0.471
1754790780000,163.7429,1.0,0.0744,0.7265,0.0,0.2556,1.0,0.0,79.6775,0.9964,1.0,0.2151,0.0,0.1544,0.9998,0.5154,0.3976,0.9444,3.1141,0.7214,0.0088,1.0,0.0821,0.0,0.4628
1754790840000,153.6093,1.0,0.0744,0.7246,0.0,0.2583,1.0,0.0,76.302,0.9967,1.0,0.2209,0.0,0.1674,0.9998,0.5129,0.4045,0.9531,3.2674,0.7249,0.0088,1.0,0.0669,0.0,0.4783
1754790900000,155.2641,1.0,0.0694,0.7247,0.0,0.2583,1.0,0.0,77.4326,0.9967,1.0,0.2192,0.0,0.1558,0.9998,0.5115,0.4017,0.9591,3.1485,0.7242,0.0086,1.0,0.0434,0.0,0.4584
1754790960000,153.9355,1.0,0.0694,0.7245,0.0,0.2556,1.0,0.0,76.9696,0.9962,1.0,0.2218,0.0,0.165,0.9999,0.4997,0.4071,0.9479,3.1007,0.716,0.0088,1.0,0.0521,0.0,0.4581
1754791020000,158.9052,1.0,0.0694,0.7268,0.0,0.2694,1.0,0.0,76.3497,0.9961,1.0,0.2133,0.0,0.1607,0.9998,0.4769,0.3948,0.9372,3.0629,0.7124,0.0087,1.0,0.0739,0.0,0.4557
1754791080000,157.9441,1.0,0.0694,0.725,0.0,0.2611,1.0,0.0,77.2946,0.9961,1.0,0.2148,0.0,0.1586,0.9998,0.4593,0.3975,0.9458,3.0734,0.7173,0.009,1.0,0.0651,0.0,0.4563
1754791140000,161.9588,1.0,0.0694,0.726,0.0,0.2583,1.0,0.0,79.2231,0.9963,1.0,0.221,0.0,0.1631,0.9999,0.4946,0.4072,0.9458,3.0208,0.7194,0.0085,1.0,0.0412,0.0,0.4675
1754791200000,171.9378,1.0,0.0694,0.7257,0.0,0.2611,1.0,0.0,83.9271,0.9959,1.0,0.2233,0.0,0.1692,0.9998,0.4683,0.4124,0.9787,3.3002,0.7406,0.0087,1.0,0.0595,0.0,0.4687
1754791260000,168.4569,1.0,0.0694,0.7283,0.0,0.2583,1.0,0.0,79.9339,0.9962,1.0,0.2188,0.0,0.1691,0.9998,0.4492,0.4069,0.9939,3.2188,0.7414,0.009,1.0,0.0715,0.0,0.4897
1754791320000,164.6804,1.0,0.0694,0.7262,0.0,0.2611,1.0,0.0,79.3074,0.9959,1.0,0.2209,0.0,0.1618,0.9998,0.4588,0.4081,0.9858,3.1735,0.74,0.0088,1.0,0.0463,0.0,0.4876
1754791380000,157.9219,1.0,0.0694,0.7241,0.0,0.2667,1.0,0.0,77.7817,0.9963,1.0,0.2166,0.0,0.1639,0.9998,0.4985,0.3998,0.9579,3.1235,0.769,0.009,1.0,0.0642,0.0,0.493
1754791440000,161.7939,1.0,0.0694,0.7254,0.0,0.2688,1.0,0.0,79.6477,0.9964,1.0,0.2246,0.0,0.1591,0.9998,0.5088,0.4145,0.9685,3.1995,0.7389,0.0091,1.0,0.0589,0.0,0.4997
1754791500000,163.2498,1.0,0.0694,0.7266,0.0,0.2639,1.0,0.0,79.2393,0.9961,1.0,0.2207,0.0,0.1627,0.9999,0.5232,0.4086,0.9747,3.2199,0.7385,0.0092,1.0,0.1163,0.0,0.4857
1754791560000,161.9972,1.0,0.0694,0.728,0.0,0.2639,1.0,0.0,77.3413,0.9961,1.0,0.2219,0.0,0.1573,0.9998,0.5201,0.4123,0.9749,3.0406,0.7353,0.009,1.0,0.0564,0.0,0.5013
1754791620000,163.5455,1.0,0.0694,0.7272,0.0,0.2611,1.0,0.0,78.7137,0.9962,1.0,0.2252,0.0,0.1628,0.9999,0.4919,0.4176,0.9838,3.1227,0.7361,0.0089,1.0,0.0755,0.0,0.4878
1754791680000,158.4138,1.0,0.0694,0.7249,0.0,0.2611,1.0,0.0,78.8574,0.9964,1.0,0.2255,0.0,0.162,0.9998,0.5018,0.4147,0.9872,3.185,0.7388,0.009,1.0,0.066,0.0,0.4981
1754791740000,160.8931,1.0,0.0694,0.7233,0.0,0.2583,1.0,0.0,79.4321,0.9963,1.0,0.2172,0.0,0.1631,0.9998,0.4981,0.4002,1.002,3.1135,0.7845,0.0093,1.0,0.063,0.0,0.4826
1754791800000,154.7962,1.0,0.0694,0.7242,0.0,0.2611,1.0,0.0,77.0347,0.9963,1.0,0.231,6.0556,0.1605,0.9998,0.4815,0.4248,0.9897,3.2421,0.7488,0.009,1.0,0.0927,0.0,0.503
1754791860000,162.1142,1.0,0.0738,0.7243,0.0,0.2521,1.0,0.0,79.9288,0.9962,1.0,0.227,54.1667,0.1588,0.9997,0.5029,0.418,1.0079,3.2735,0.7547,0.0086,1.0,0.0497,0.0556,0.5022
1754791920000,157.139,1.0,0.0738,0.7256,0.0,0.2611,1.0,0.0,77.0065,0.9962,1.0,0.2249,0.0,0.1631,0.9998,0.496,0.4143,1.0117,3.0224,0.747,0.0084,1.0,0.1095,0.0,0.5029
1754791980000,155.9645,1.0,0.0738,0.7264,0.0,0.2583,1.0,0.0,77.5108,0.9962,1.0,0.2291,0.0,0.1598,0.9999,0.5128,0.4229,0.9939,3.0798,0.7359,0.0091,1.0,0.0513,0.0,0.4895
1754792040000,158.2479,1.0,0.0738,0.7257,0.0,0.2694,1.0,0.0,76.9198,0.9964,1.0,0.2274,0.0,0.1583,0.9998,0.5144,0.4188,1.0027,3.1296,0.7442,0.009,1.0,0.069,0.0,0.4814
1754792100000,167.5819,1.0,0.0738,0.7256,0.0,0.2583,1.0,0.0,81.3164,0.996,1.0,0.2255,0.0,0.1591,0.9997,0.5258,0.417,0.9965,3.3718,0.7486,0.0085,1.0,0.2537,0.0,0.4851
1754792160000,159.5104,1.0,0.0694,0.7275,0.0,0.2556,1.0,0.0,76.9447,0.9961,1.0,0.2245,0.0,0.1563,0.9998,0.5265,0.4171,0.9882,3.2925,0.7395,0.0083,1.0,0.0952,0.0,0.5078
1754792220000,161.8796,1.0,0.0694,0.7277,0.0,0.2611,1.0,0.0,76.9922,0.9964,1.0,0.2242,0.0,0.1647,0.9999,0.4943,0.417,0.9854,3.126,0.7354,0.0086,1.0,0.0539,0.0,0.4897
1754792280000,159.2724,1.0,0.0718,0.7261,0.0,0.2556,1.0,0.0,78.0621,0.9963,1.0,0.2235,65.3333,0.1628,0.9998,0.496,0.4126,1.0007,3.2181,0.7452,0.0089,1.0,0.0589,0.0556,0.5003
1754792340000,160.6462,1.0,0.0718,0.7272,0.0,0.2528,1.0,0.0,78.1356,0.9962,1.0,0.223,0.0,0.1509,0.9998,0.4974,0.4141,1.0082,3.182,0.7554,0.0091,1.0,0.0621,0.0,0.4916
1754792400000,169.0505,1.0,0.0748,0.7234,0.0,0.2563,1.0,0.0,82.9845,0.9962,1.0,0.2128,62.0556,0.1568,0.9996,0.5035,0.3935,1.0286,3.3356,0.8318,0.009,1.0,0.0434,0.0556,0.4849
1754792460000,169.6067,1.0,0.0793,0.7258,0.0,0.25,1.0,0.0,82.6697,0.9961,1.0,0.2267,69.8333,0.1611,0.9996,0.4929,0.4186,1.0199,3.1146,0.77,0.0088,1.0,0.0847,0.0556,0.5057
1754792520000,172.4993,1.0,0.0829,0.7264,0.0,0.2583,1.0,0.0,83.8458,0.996,1.0,0.2276,60.0,0.1629,0.9995,0.4963,0.4225,1.021,3.3303,0.7678,0.0092,1.0,0.0542,0.0556,0.5113
1754792580000,168.6693,1.0,0.0806,0.728,0.0,0.2583,1.0,0.0,80.9236,0.9961,1.0,0.223,0.0,0.1554,0.9997,0.5053,0.4153,1.0188,3.1464,0.7599,0.009,1.0,0.06,0.0,0.5303
1754792640000,164.8586,1.0,0.084,0.7273,0.0,0.2556,1.0,0.0,78.8345,0.9963,1.0,0.226,48.3333,0.1628,0.9998,0.5151,0.4192,1.0096,3.1297,0.7458,0.0089,1.0,0.0719,0.0556,0.5067
1754792700000,163.4374,1.0,0.081,0.7258,0.0,0.2583,1.0,0.0,78.9894,0.9962,1.0,0.2235,0.0,0.1594,0.9997,0.5581,0.413,1.0023,3.3518,0.7466,0.009,1.0,0.0847,0.0,0.5182
1754792760000,164.7892,1.0,0.0765,0.7263,0.0,0.2556,1.0,0.0,79.2477,0.9964,1.0,0.2263,0.0,0.17,0.9997,0.5485,0.4182,0.9897,3.2041,0.7453,0.0092,1.0,0.0666,0.0,0.503
1754792820000,162.7531,1.0,0.0729,0.7268,0.0,0.2611,1.0,0.0,79.1904,0.9962,1.0,0.2235,0.0,0.1604,0.9999,0.511,0.4142,0.9879,3.2076,0.7405,0.0088,1.0,0.0693,0.0,0.5017
1754792880000,183.191,1.0,0.0729,0.7281,0.0,0.2556,1.0,0.0,87.1157,0.9964,1.0,0.2203,0.0,0.1626,0.9994,0.4968,0.4092,1.015,3.1348,0.7653,0.0086,1.0,0.2033,0.0,0.5099
1754792940000,223.3561,1.0,0.0725,0.73,0.0,0.2591,1.0,0.0,101.0976,0.9963,1.0,0.2187,53.0556,0.1484,0.9985,0.5047,0.4069,1.0538,3.3493,0.7923,0.0089,1.0,0.073,0.0556,0.4949
1754793000000,240.3594,1.0,0.0725,0.7278,0.0,0.2444,1.0,0.0,110.4634,0.9958,1.0,0.2163,0.0,0.1569,0.9977,0.4978,0.4033,1.0742,3.3312,0.8535,0.0092,1.0,0.0722,0.0,0.5037
1754793060000,251.1949,1.0,0.0725,0.727,0.0,0.25,1.0,0.0,112.2442,0.9957,1.0,0.2028,0.0,0.1546,0.9975,0.5369,0.3819,1.0506,3.3973,0.9023,0.0089,1.0,0.0721,0.0,0.534
1754793120000,258.5721,1.0,0.0725,0.7247,0.0,0.2583,1.0,0.0,116.9354,0.9959,1.0,0.2071,0.0,0.1469,0.9973,0.5304,0.3851,1.0567,3.3454,0.8864,0.0092,1.0,0.049,0.0,0.5349
1754793180000,235.9056,1.0,0.0725,0.7247,0.0,0.2611,1.0,0.0,107.2684,0.996,1.0,0.2101,0.0,0.1391,0.9978,0.5181,0.3921,1.0421,3.3157,0.8723,0.009,1.0,0.0526,0.0,0.5297
1754793240000,240.2431,1.0,0.0694,0.7303,0.0,0.2603,1.0,0.0,108.2304,0.996,1.0,0.2203,0.0,0.1382,0.9978,0.5086,0.4116,1.0507,3.3149,0.8101,0.0094,1.0,0.0784,0.0,0.5269
1754793300000,249.2884,1.0,0.0731,0.7302,0.0,0.2639,1.0,0.0,111.9402,0.9959,1.0,0.2323,51.0,0.1385,0.9975,0.5097,0.432,1.0922,3.3968,0.83,0.0094,1.0,0.1119,0.0556,0.5335
1754793360000,250.9317,1.0,0.0731,0.728,0.0,0.2639,1.0,0.0,113.9257,0.996,1.0,0.2263,0.0,0.143,0.9974,0.575,0.42,1.081,3.4301,0.8197,0.0093,1.0,0.0885,0.0,0.5529
1754793420000,188.7765,1.0,0.0731,0.7231,0.0,0.2556,1.0,0.0,88.5147,0.9965,1.0,0.2197,0.0,0.14,0.9993,0.5956,0.4114,1.0455,3.3415,0.8027,0.0092,1.0,0.1813,0.0,0.5433
1754793480000,165.4371,1.0,0.0731,0.7224,0.0,0.2583,1.0,0.0,81.1768,0.9962,1.0,0.2213,0.0,0.1354,0.9997,0.6057,0.4112,1.0176,3.4627,0.7663,0.0092,1.0,0.0921,0.0,0.5646
1754793540000,165.7627,1.0,0.0731,0.7246,0.0,0.2444,1.0,0.0,80.7558,0.9963,1.0,0.2232,0.0,0.1372,0.9998,0.6029,0.4142,1.0151,3.4358,0.7576,0.009,1.0,0.0855,0.0,0.5344
1754793600000,170.159,1.0,0.0694,0.7263,0.0,0.2507,1.0,0.0,80.4548,0.9959,1.0,0.2257,0.0,0.1453,0.9997,0.5844,0.4212,1.0176,3.2995,0.7585,0.0095,1.0,0.1069,0.0,0.5388
1754793660000,246.8128,1.0,0.0761,0.7298,0.0,0.2444,1.0,0.0,127.2353,0.9942,1.0,0.2028,0.0,0.1352,0.9971,0.5978,0.3845,1.4048,3.3604,6.3653,0.0083,0.9996,0.1237,0.0,0.5519
1754793720000,282.4678,1.0,0.0813,0.7234,0.0,0.2354,1.0,0.0,134.0853,0.9955,1.0,0.2584,0.0,0.1637,0.9955,0.629,0.4739,3.463,4.9143,1.1665,0.01,1.0,0.115,0.0,0.5336
1754793780000,167.1077,1.0,0.0813,0.7267,0.0,0.25,1.0,0.0,80.333,0.996,1.0,0.2399,0.0,0.1627,0.9997,0.6179,0.4447,1.0205,3.2343,0.7486,0.0094,1.0,0.0659,0.0,0.5705
1754793840000,159.9997,1.0,0.0813,0.7244,0.0,0.2487,1.0,0.0,79.3309,0.9964,1.0,0.245,0.0,0.1715,0.9998,0.6251,0.4498,1.0176,3.3473,0.7561,0.01,1.0,0.1002,0.0,0.5527
1754793900000,163.0158,1.0,0.0813,0.7226,0.0,0.25,1.0,0.0,78.9949,0.996,1.0,0.223,0.0,0.1672,0.9999,0.5776,0.4153,1.0304,3.407,0.8529,0.0095,1.0,0.0759,0.0,0.5424
1754793960000,163.2312,1.0,0.0757,0.7213,0.0,0.2528,1.0,0.0,79.3768,0.9963,1.0,0.2249,0.0,0.1695,0.9997,0.5806,0.4173,1.0346,3.5385,0.8596,0.0093,1.0,0.0974,0.0,0.5505
1754794020000,165.5659,1.0,0.0694,0.7234,0.0,0.2472,1.0,0.0,80.4322,0.9961,1.0,0.221,0.0,0.1594,0.9998,0.559,0.4116,1.0069,3.2879,0.8243,0.009,1.0,0.0645,0.0,0.5478
1754794080000,163.3109,1.0,0.0694,0.7222,0.0,0.248,1.0,0.0,78.5321,0.9964,1.0,0.2247,0.0,0.1717,0.9998,0.59,0.4194,1.0109,3.4441,0.8223,0.0098,1.0,0.0463,0.0,0.5393
1754794140000,166.9389,1.0,0.0694,0.7234,0.0,0.252,1.0,0.0,79.4743,0.996,1.0,0.2186,0.0,0.173,0.9998,0.5894,0.4092,1.0233,3.5234,0.8343,0.0093,1.0,0.0871,0.0,0.543
1754794200000,172.1683,1.0,0.0694,0.7286,0.0,0.2528,1.0,0.0,81.6676,0.9959,1.0,0.2368,0.0,0.1792,0.9996,0.5767,0.4408,1.034,3.3845,0.7626,0.0093,1.0,0.0525,0.0,0.5425
1754794260000,295.3496,1.0,0.0819,0.731,0.0,0.2444,1.0,0.0,131.1779,0.9943,1.0,0.2192,0.0,0.1592,0.9953,0.5632,0.4136,1.0648,3.422,0.7874,0.009,1.0,0.0781,0.0,0.5479
1754794320000,259.3884,1.0,0.0833,0.7241,0.0,0.2306,1.0,0.0,112.7471,0.9952,1.0,0.2701,0.0,0.1928,0.9963,0.5433,0.4932,0.9537,3.4616,0.6994,0.0095,1.0,0.1149,0.0,0.5288
1754794380000,162.1227,1.0,0.0833,0.7279,0.0,0.2389,1.0,0.0,77.4333,0.9961,1.0,0.2475,0.0,0.1899,0.9998,0.5722,0.4569,0.9252,3.3264,0.6805,0.0097,1.0,0.1199,0.0,0.5685
1754794440000,158.88,1.0,0.0833,0.7253,0.0,0.2333,1.0,0.0,77.6777,0.9959,1.0,0.2434,0.0,0.1793,0.9999,0.5871,0.4468,0.9219,3.2434,0.6798,0.0094,1.0,0.0851,0.0,0.5563
1754794500000,161.3631,1.0,0.0833,0.7263,0.0,0.2361,1.0,0.0,77.7066,0.9963,1.0,0.2489,0.0,0.1816,0.9998,0.6114,0.458,0.9213,3.3066,0.6884,0.0094,1.0,0.1321,0.0,0.5419
1754794560000,167.6462,1.0,0.0788,0.7263,0.0,0.2341,1.0,0.0,80.1698,0.996,1.0,0.24,0.0,0.1807,0.9997,0.5676,0.443,0.9721,3.4851,0.7152,0.0094,1.0,0.0482,0.0,0.5453
1754794620000,353.4144,1.0,0.0854,0.73,0.0,0.2341,1.0,0.0,154.6825,0.9941,1.0,0.232,0.0,0.1757,0.9934,0.5837,0.4342,1.038,3.4223,0.7731,0.0091,1.0,0.0526,0.0,0.5333
1754794680000,236.6843,1.0,0.0865,0.7282,0.0,0.218,1.0,0.0,100.0772,0.9955,1.0,0.271,0.0,0.1909,0.9972,0.5492,0.4996,0.9431,3.2991,0.6861,0.0097,1.0,0.0507,0.0,0.5325
1754794740000,358.226,1.0,0.0968,0.7322,0.0,0.2222,1.0,0.0,158.0308,0.994,1.0,0.2439,0.0,0.179,0.9932,0.6022,0.459,1.0236,3.5887,0.7508,0.0096,1.0,0.0558,0.0,0.5719
1754794800000,275.1314,1.0,0.101,0.7202,0.0,0.2111,1.0,0.0,131.4482,0.995,1.0,0.322,0.0,0.232,0.9954,0.5633,0.5741,0.9795,3.6804,0.7193,0.0105,1.0,0.0623,0.0,0.5638
1754794860000,155.0603,1.0,0.101,0.7241,0.0,0.2118,1.0,0.0,81.4283,0.9963,1.0,0.2888,0.0,0.2072,0.9998,0.5821,0.5213,0.9599,3.5885,0.691,0.0105,1.0,0.0711,0.0,0.6123
1754794920000,159.1266,1.0,0.101,0.7258,0.0,0.2077,1.0,0.0,78.7724,0.9964,1.0,0.2752,0.0,0.2072,0.9998,0.5956,0.503,0.9631,3.4794,0.6997,0.0103,1.0,0.0546,0.0,0.5648
1754794980000,163.5215,1.0,0.101,0.7237,0.0,0.2083,1.0,0.0,80.7919,0.9963,1.0,0.2573,0.0,0.1948,0.9997,0.5857,0.4691,0.955,3.4815,0.743,0.0099,1.0,0.0552,0.0,0.5658
1754795040000,164.8558,1.0,0.0952,0.724,0.0,0.2104,1.0,0.0,79.9829,0.9962,1.0,0.249,0.0,0.2,0.9998,0.5976,0.4596,0.9608,3.5465,0.7871,0.0105,1.0,0.0539,0.0,0.5545
1754795100000,160.8016,1.0,0.0694,0.724,0.0,0.2083,1.0,0.0,77.4549,0.9962,1.0,0.2508,0.0,0.1891,0.9998,0.5967,0.4616,0.9479,3.6425,0.75,0.01,1.0,0.077,0.0,0.5716
1754795160000,161.6869,1.0,0.0694,0.7268,0.0,0.2056,1.0,0.0,78.6133,0.9963,1.0,0.275,0.0,0.1925,0.9998,0.5935,0.5039,0.9563,3.5344,0.698,0.0101,1.0,0.1042,0.0,0.5614
1754795220000,158.3869,1.0,0.0697,0.7259,0.0,0.2139,1.0,0.0,78.4396,0.9963,1.0,0.2804,0.0,0.1986,0.9999,0.5979,0.5118,0.9423,3.5123,0.6895,0.0107,1.0,0.192,0.0,0.561
1754795280000,164.6618,1.0,0.0698,0.7273,0.0,0.2167,1.0,0.0,79.195,0.9962,1.0,0.2715,0.0,0.2001,0.9997,0.5718,0.4993,0.9423,3.4924,0.6879,0.0101,1.0,0.0743,0.0,0.5553
1754795340000,162.0204,1.0,0.0698,0.727,0.0,0.2111,1.0,0.0,78.9158,0.9962,1.0,0.2741,0.0,0.1898,0.9998,0.6117,0.5028,0.9431,3.5439,0.6896,0.01,1.0,0.0708,0.0,0.5676
1754795400000,170.9696,1.0,0.0698,0.7263,0.0,0.2174,1.0,0.0,83.0148,0.9962,1.0,0.2775,0.0,0.1924,0.9996,0.6,0.509,0.9546,3.5341,0.6984,0.0102,1.0,0.0892,0.0,0.5573
1754795460000,170.5732,1.0,0.0698,0.7277,0.0,0.2167,1.0,0.0,82.1608,0.9963,1.0,0.2719,0.0,0.2016,0.9997,0.6269,0.5012,0.9599,3.6601,0.6993,0.0097,1.0,0.0867,0.0,0.573
1754795520000,163.2038,1.0,0.0695,0.7266,0.0,0.214,1.0,0.0,79.6931,0.9963,1.0,0.2742,0.0,0.1939,0.9998,0.6164,0.5016,0.9552,3.5652,0.6934,0.0098,1.0,0.0969,0.0,0.5605
1754795580000,167.3865,1.0,0.0695,0.7266,0.0,0.2174,1.0,0.0,80.5952,0.9962,1.0,0.2684,0.0,0.1901,0.9997,0.5751,0.4943,0.957,3.4128,0.6922,0.0105,1.0,0.0923,0.0,0.5566
1754795640000,162.9259,1.0,0.0695,0.722,0.0,0.2111,1.0,0.0,78.5392,0.9963,1.0,0.2481,0.0,0.1881,0.9997,0.576,0.4575,0.944,3.5685,0.6822,0.0105,1.0,0.0831,0.0,0.5334
1754795700000,164.3287,1.0,0.0777,0.7248,0.0,0.2139,1.0,0.0,81.3517,0.9962,1.0,0.2366,0.0,0.1886,0.9997,0.5546,0.4393,0.9652,3.6633,0.7861,0.0101,1.0,0.0626,0.0,0.5549
1754795760000,359.9622,1.0,0.094,0.7247,0.0,0.2083,1.0,0.0,169.6938,0.9939,1.0,0.2824,0.0,0.1929,0.9928,0.5661,0.5133,1.0197,3.6195,0.748,0.01,1.0,0.2877,0.0,0.551
1754795820000,188.1963,1.0,0.094,0.7247,0.0,0.1953,1.0,0.0,87.8751,0.9961,1.0,0.3078,0.0,0.2306,0.9987,0.556,0.5573,0.9534,3.4619,0.6821,0.0108,1.0,0.1138,0.0,0.5771
1754795880000,159.8501,1.0,0.0932,0.7262,0.0,0.1944,1.0,0.0,78.453,0.9961,1.0,0.287,0.0,0.1995,0.9998,0.5754,0.5243,0.9503,3.6562,0.6885,0.0104,1.0,0.073,0.0,0.5858
1754795940000,200.0995,1.0,0.095,0.729,0.0,0.1939,1.0,0.0,98.4648,0.9955,1.0,0.2539,0.0,0.1942,0.9985,0.5967,0.4713,1.0325,3.6776,0.7557,0.0103,1.0,0.0641,0.0,0.573
1754796000000,328.6771,1.0,0.1042,0.7224,0.0,0.191,1.0,0.0,148.9981,0.9942,1.0,0.3327,0.0,0.2477,0.9938,0.6046,0.6055,1.0691,3.8629,0.7824,0.0121,1.0,0.0626,0.0,0.5375
1754796060000,161.1898,1.0,0.1039,0.7274,0.0,0.1833,1.0,0.0,79.0212,0.9964,1.0,0.3088,0.0,0.224,0.9998,0.6007,0.5714,1.0232,3.5526,0.7466,0.0122,1.0,0.0836,0.0,0.6378
1754796120000,166.2524,1.0,0.1039,0.7275,0.0,0.189,1.0,0.0,80.1793,0.996,1.0,0.2975,0.0,0.2123,0.9997,0.6199,0.5506,1.0165,3.5529,0.7427,0.0114,1.0,0.076,0.0,0.5983
1754796180000,164.3148,1.0,0.1039,0.7265,0.0,0.1861,1.0,0.0,80.3518,0.9961,1.0,0.2963,0.0,0.2208,0.9997,0.6407,0.5473,1.0004,3.5949,0.7331,0.0114,1.0,0.0707,0.0,0.5832
1754796240000,166.0052,1.0,0.1013,0.7284,0.0,0.1863,1.0,0.0,78.6771,0.9962,1.0,0.2991,0.0,0.2143,0.9997,0.6468,0.5565,1.0091,3.5097,0.7364,0.0113,1.0,0.0897,0.0,0.5709
1754796300000,170.054,1.0,0.158,0.7291,0.0,0.1861,1.0,0.0,83.8051,0.9958,1.0,0.2751,0.0,0.2034,0.9996,0.6256,0.5142,1.2298,3.618,0.8155,0.0109,1.0,0.1663,0.0,0.5818
1754796360000,315.3884,1.0,0.1792,0.7274,0.0,0.1868,1.0,0.0,149.9991,0.9946,1.0,0.2994,0.0,0.2086,0.9931,0.6274,0.557,1.1245,3.8269,0.824,0.0113,1.0,0.0849,0.0,0.5835
1754796420000,284.5959,1.0,0.1855,0.7228,0.0,0.173,1.0,0.0,131.3411,0.9955,1.0,0.3541,0.0,0.2342,0.9926,0.5956,0.6452,1.0704,3.6989,0.7873,0.0125,1.0,0.0865,0.0,0.5553
1754796480000,167.0193,1.0,0.1858,0.7252,0.0,0.1771,0.9986,0.0,82.736,0.9962,1.0,0.3107,0.0,0.2338,0.9977,0.6078,0.5735,1.0201,3.5318,0.7492,0.0122,0.9989,0.0899,0.0,0.6239
1754796540000,366.1906,1.0,0.1858,0.7299,0.0,0.1661,1.0,0.0,165.4482,0.994,1.0,0.3141,0.0,0.2234,0.9929,0.6036,0.5887,1.0941,3.8956,0.8183,0.0125,1.0,0.0902,0.0,0.5838
1754796600000,225.9402,1.0,0.184,0.7235,0.0,0.1659,1.0,0.0,105.1599,0.9958,1.0,0.3742,0.0,0.2379,0.9978,0.5951,0.6812,1.0754,3.7929,0.8296,0.0131,1.0,0.0674,0.0,0.5783
1754796660000,377.1222,1.0,0.3711,0.7262,0.0,0.1611,0.9978,0.0,172.8006,0.9945,1.0,0.3472,1628.6667,0.2302,0.9674,0.6074,0.6467,1.5081,4.3567,1.3964,0.013,0.9984,0.066,0.3333,0.5955
1754796720000,242.9325,1.0,0.2925,0.7244,0.0,0.1604,1.0,0.0,101.7044,0.9956,1.0,0.3994,0.0,0.2784,0.9978,0.6481,0.7277,1.2816,4.3774,1.1184,0.0146,1.0,0.0464,0.0,0.6038
1754796780000,442.9699,1.0,0.4597,0.7297,0.0,0.1591,0.9999,0.0,185.4161,0.9938,1.0,0.3454,0.0,0.2662,0.9583,0.6539,0.6482,1.6788,4.9073,1.5156,0.0133,0.9999,0.0763,0.0,0.6198
1754796840000,406.0948,1.0,0.4911,0.7215,0.0,0.1529,1.0,0.0,135.994,0.9953,1.0,0.428,0.0,0.315,0.9895,0.6201,0.7766,1.7611,5.8369,1.7201,0.0152,1.0,0.0682,0.0,0.5829
1754796900000,236.789,1.0,0.4911,0.7267,0.0,0.1444,1.0,0.0,92.1464,0.996,1.0,0.3644,0.0,0.3066,0.9972,0.6044,0.6797,1.257,4.3644,1.135,0.0156,1.0,0.068,0.0,0.6044
1754796960000,210.7054,1.0,0.4535,0.721,0.0,0.1417,1.0,0.0,89.9629,0.996,1.0,0.3581,0.0,0.3115,0.9982,0.581,0.6677,1.2316,4.2346,1.1681,0.0156,1.0,0.0955,0.0,0.6
1754797020000,268.5624,1.0,0.5514,0.7254,0.0,0.1423,1.0,0.0,106.2142,0.9957,1.0,0.3466,2921.5,0.2998,0.9977,0.5862,0.6483,1.5023,5.4332,1.48,0.015,0.9999,0.065,0.875,0.6016
1754797080000,648.6334,1.0,0.5206,0.7246,0.0,0.1389,0.9974,0.0,236.9349,0.9941,1.0,0.355,0.0,0.2887,0.8802,0.6187,0.6599,12.7995,11.984,13.0442,0.013,0.9978,0.0532,0.0,0.5723
1754797140000,556.2583,1.0,0.5079,0.7207,0.0,0.1335,1.0,0.0,180.6404,0.995,1.0,0.4462,172.0,0.317,0.9828,0.6503,0.8106,2.0822,6.7742,2.153,0.0163,1.0,0.0548,0.1429,0.5887
1754797200000,769.1574,1.0,0.5679,0.7204,0.0,0.1251,1.0,0.0,205.4065,0.9957,1.0,0.4736,156.4286,0.3496,0.9763,0.6506,0.8531,2.5624,7.9268,2.6467,0.0175,0.9999,0.0796,0.1429,0.5823
1754797260000,645.7184,0.9998,0.6269,0.7246,0.0,0.1306,1.0,0.0,153.8571,0.9956,1.0,0.4608,4790.0,0.322,0.9813,0.625,0.8474,2.0089,58.705,2.1821,0.0181,1.0,0.0755,0.75,0.5866
1754797320000,576.3625,1.0,0.5968,0.7264,0.0,0.1361,1.0,0.0,162.3037,0.9955,1.0,0.4523,0.0,0.3211,0.9837,0.7551,0.8339,2.284,7.8907,2.5261,0.0173,1.0,0.0887,0.0,0.5837
1754797380000,785.9078,1.0,0.649,0.725,0.0,0.1333,1.0,0.0,191.7522,0.9955,0.7778,0.4492,18.5714,0.3384,0.9719,0.7443,0.8262,2.5416,7.704,2.6833,0.0166,1.0,0.1244,0.0,0.5907
1754797440000,841.5454,1.0,0.5972,0.7214,0.0,0.143,1.0,0.0,187.5837,0.9957,0.8,0.4574,42740.2,0.3403,0.9718,0.631,0.8375,2.3059,9.696,2.5742,0.0171,1.0,0.2069,7.1,0.5571
1754797500000,963.7269,1.0,0.5443,0.7248,0.0,0.1563,1.0,0.0,216.2183,0.9954,0.5385,0.4452,278.6667,0.3412,0.9674,0.6892,0.8202,2.593,8.1896,2.6673,0.0166,0.9999,0.0491,0.2222,0.5854
1754797560000,1060.86,1.0,0.4075,0.7286,0.0,0.1627,1.0,0.0,265.4133,0.9929,0.5385,0.3732,0.0,0.2717,0.9668,0.6283,0.7082,2.5105,7.6518,2.6851,0.0151,0.9999,0.1684,0.0,0.5653
1754797620000,1261.913,1.0,0.3457,0.7133,0.0,0.175,0.999,0.0,334.2807,0.9954,0.6111,0.4857,129.1667,0.3098,0.8922,0.5929,0.8576,3.9165,9.8517,4.0568,0.0156,0.9992,0.0675,0.1111,0.5328
1754797680000,1016.8109,1.0,0.3626,0.7271,0.0,0.1676,1.0,0.0,184.1875,0.9951,0.7222,0.3456,165.1667,0.2616,0.97,0.5833,0.65,1.8378,6.5904,1.9841,0.0144,1.0,2.1975,0.1667,0.5317
1754797740000,201.3849,1.0,0.3823,0.7302,0.0,0.1893,1.0,0.0,83.8954,0.9957,0.9444,0.2679,0.0,0.1965,0.9984,0.6147,0.504,0.9618,3.5799,0.7498,0.0129,1.0,3.4631,0.0,0.5881
