timestamp,middleware_hsf_provider_rt,middleware_metaq_send_success_rate,middleware_hsf_provider_biz_pool_usage,middleware_tddl_read_table_rt,middleware_tddl_read_table_success_rate,middleware_tair_read_hit_rate,pod_nginx_rt,middleware_tddl_write_table_success_rate,pod_nginx_qps,middleware_metaq_receive_success_rate,middleware_tair_write_success_rate,middleware_notify_send_qps,middleware_metaq_receive_rt,pod_event_oom,middleware_hsf_consumer_rt,middleware_tddl_write_table_rt,middleware_hsf_consumer_success_rate,middleware_notify_receive_qps,middleware_hsf_online,middleware_tair_write_qps,jvm_gc_fgc_time,middleware_hsf_consumer_qps,middleware_hsf_provider_success_rate,pod_cpu_load_average_1m_util_limit_v2,middleware_notify_receive_rt,middleware_tair_read_qps,middleware_tair_write_rt,middleware_metaq_send_rt,middleware_tair_read_rt,middleware_hsf_provider_qps,middleware_tair_read_success_rate,pod_network_retran_util,middleware_notify_receive_success_rate,jvm_gc_fgc_count,pod_cpu_limit_usage
1747042380000,70.7623,0.9999,0.0694,0.8983,1.0,0.0477,1.1552,0.9999,5.0283,0.9739,1.0,0.0,98.2421,0.0,20.584,2.3327,0.9996,0.0256,1.0,0.0,16.5455,0.0487,1.0,0.3907,40.4971,0.1579,1.4167,2.3572,0.5841,0.0332,1.0,0.0345,0.9319,0.0182,0.3181
1747042440000,70.7333,1.0,0.0694,0.8531,1.0,0.0451,1.1961,1.0,5.0345,0.9795,1.0,0.0,91.9556,0.0,20.2034,2.3329,0.9997,0.0261,1.0,0.0,0.0,0.0485,1.0,0.4061,38.8825,0.1615,1.3846,2.6444,0.5824,0.0313,1.0,0.027,0.932,0.0,0.3232
1747042500000,69.9232,1.0,0.0694,0.8854,1.0,0.0488,1.1144,1.0,5.03,0.9754,1.0,0.0,94.6669,0.0,20.6104,2.3342,0.9996,0.0257,1.0,0.0,7.6909,0.0508,1.0,0.3975,38.1735,0.1564,1.8667,2.5793,0.5772,0.0329,1.0,0.057,0.9313,0.0182,0.3073
1747042560000,70.1716,1.0,0.0694,0.9305,1.0,0.0439,1.1628,0.9999,5.0309,0.9809,1.0,0.0,89.8588,0.0,20.4486,2.3423,0.9997,0.0258,1.0,0.0,0.0,0.048,1.0,0.3749,39.4785,0.159,1.3714,2.658,0.5656,0.0316,1.0,0.0357,0.9339,0.0,0.3081
1747042620000,68.6963,1.0,0.0694,0.8794,1.0,0.0471,1.1642,0.9999,5.0164,0.979,1.0,0.0,90.2146,0.0,20.0859,2.3129,0.9997,0.0261,1.0,0.0,0.0,0.0496,1.0,0.3838,38.5019,0.1569,1.4667,2.5159,0.5699,0.0315,1.0,0.0266,0.9308,0.0,0.3107
1747042680000,69.015,1.0,0.0694,0.9324,1.0,0.0482,1.1766,0.9999,5.0327,0.9811,1.0,0.0,89.2188,0.0,19.4574,2.3412,0.9998,0.0261,1.0,0.0,0.3273,0.0505,1.0,0.3789,37.4235,0.1563,1.1111,2.6841,0.5698,0.0318,1.0,0.0297,0.9332,0.0,0.3136
1747042740000,64.0754,0.9999,0.0694,0.9472,1.0,0.0479,1.1514,0.9999,5.0449,0.9799,1.0,0.0,93.78,0.0,20.1561,2.3134,0.9997,0.026,1.0,0.0,15.5818,0.052,1.0,0.3732,37.8837,0.1591,1.2857,2.4583,0.5777,0.0343,1.0,0.0333,0.928,0.0182,0.3063
1747042800000,69.9554,1.0,0.0694,0.876,1.0,0.0485,1.1178,0.9999,5.0327,0.9824,1.0,0.0,89.6911,0.0,20.2572,2.2983,0.9997,0.026,1.0,0.0,13.8909,0.048,1.0,0.3677,39.2264,0.1597,1.4737,2.6343,0.5757,0.0317,1.0,0.0256,0.9326,0.0182,0.3183
1747042860000,70.5389,1.0,0.0694,0.9381,1.0,0.0463,1.1971,0.9999,5.0475,0.9803,1.0,0.0,93.292,0.0,20.3452,2.3054,0.9997,0.026,1.0,0.0,0.0,0.0491,1.0,0.3599,39.3087,0.1618,1.6333,2.3759,0.5795,0.0327,1.0,0.0374,0.9315,0.0,0.3091
1747042920000,69.5154,1.0,0.0694,0.9377,1.0,0.0462,1.176,0.9999,5.0403,0.978,1.0,0.0,93.7916,0.0,19.9022,2.3132,0.9998,0.0261,1.0,0.0,0.0,0.0504,1.0,0.3744,39.5319,0.1641,1.8571,2.5527,0.5867,0.033,1.0,0.0233,0.9301,0.0,0.3191
1747042980000,70.7829,1.0,0.0694,0.9775,1.0,0.0456,1.1525,1.0,5.042,0.9797,1.0,0.0,93.4243,0.0,20.4863,2.314,0.9996,0.0262,1.0,0.0,13.4,0.0472,1.0,0.3861,38.8053,0.16,1.0,2.2624,0.5801,0.0334,1.0,0.026,0.9307,0.0182,0.3265
1747043040000,65.8633,1.0,0.0694,0.8668,1.0,0.0473,1.1327,1.0,5.0586,0.9774,1.0,0.0,95.1901,0.0,20.4182,2.3289,0.9996,0.026,1.0,0.0,0.0,0.0522,1.0,0.3821,40.271,0.1633,1.4118,2.4794,0.583,0.0351,1.0,0.0218,0.9279,0.0,0.3211
1747043100000,67.3357,1.0,0.0694,1.0601,1.0,0.0439,1.1803,0.9999,5.0336,0.9825,1.0,0.0,89.0987,0.0,20.1098,2.2978,0.9997,0.026,1.0,0.0,0.0,0.0486,1.0,0.3986,36.8621,0.1622,1.3125,2.541,0.5727,0.032,1.0,0.0205,0.9325,0.0,0.3237
1747043160000,70.7356,1.0,0.0694,1.2682,1.0,0.0459,1.1754,1.0,5.051,0.98,1.0,0.0,92.5545,0.0,20.042,2.3429,0.9997,0.0262,1.0,0.0,0.0,0.0504,1.0,0.3975,38.1451,0.1664,1.6774,2.4839,0.5735,0.0323,1.0,0.0203,0.9302,0.0,0.3078
1747043220000,68.9774,1.0,0.0694,0.8443,1.0,0.0446,1.1783,0.9999,5.0436,0.9813,1.0,0.0,87.4157,0.0,20.0691,2.3017,0.9997,0.026,1.0,0.0,0.0,0.0477,1.0,0.3742,36.0087,0.1593,1.2941,2.4346,0.5737,0.0324,1.0,0.0247,0.9302,0.0,0.3173
1747043280000,71.2379,1.0,0.0694,0.9628,1.0,0.0471,1.1177,0.9999,5.0427,0.9803,1.0,0.0,94.1049,0.0,20.6178,2.3251,0.9997,0.0259,1.0,0.0,0.0,0.0486,1.0,0.3608,39.0694,0.1648,1.25,2.5264,0.5749,0.0343,1.0,0.0243,0.9271,0.0,0.3011
1747043340000,75.017,1.0,0.0694,1.2315,1.0,0.0461,1.1225,1.0,5.0355,0.9811,1.0,0.0,95.0348,0.0,20.6276,2.3271,0.9997,0.0259,1.0,0.0,0.0,0.0482,1.0,0.3671,38.737,0.1653,1.75,2.5221,0.5751,0.0329,1.0,0.0303,0.9282,0.0,0.3183
1747043400000,70.303,1.0,0.0694,0.9423,1.0,0.0452,1.164,0.9999,5.0518,0.9798,1.0,0.0,87.6612,0.0,20.3916,2.327,0.9996,0.0262,1.0,0.0,0.0,0.0461,1.0,0.3997,36.9791,0.1638,1.6,2.3715,0.562,0.0317,1.0,0.0252,0.9315,0.0,0.3136
1747043460000,69.7552,0.9999,0.0694,1.0355,1.0,0.0452,1.1584,1.0,5.0518,0.9798,1.0,0.0,93.0116,0.0,19.8474,2.3351,0.9997,0.0263,1.0,0.0,0.0,0.048,1.0,0.3882,37.7324,0.1681,1.4074,2.4646,0.5763,0.0335,1.0,0.0357,0.9312,0.0,0.3061
1747043520000,68.8113,1.0,0.0694,0.8265,1.0,0.0456,1.1764,0.9999,5.0409,0.9801,1.0,0.0,89.6011,0.0,20.1466,2.3517,0.9997,0.026,1.0,0.0,13.6182,0.0482,1.0,0.397,36.7865,0.1628,1.3077,2.4043,0.579,0.0331,1.0,0.0246,0.9283,0.0182,0.3244
1747043580000,69.8943,1.0,0.0694,0.8152,1.0,0.0452,1.187,0.9999,5.0291,0.9831,1.0,0.0,88.1509,0.0,20.2752,2.3168,0.9998,0.0259,1.0,0.0,0.0,0.0484,1.0,0.4075,38.2219,0.1648,1.2727,2.5208,0.5748,0.0321,1.0,0.0313,0.9298,0.0,0.3049
1747043640000,71.8773,0.9999,0.0694,0.8288,1.0,0.0471,1.1521,0.9998,5.0382,0.9807,1.0,0.0,85.8505,0.0,19.9223,2.3336,0.9996,0.0259,1.0,0.0,0.0,0.0479,1.0,0.3893,39.5139,0.1628,1.3,2.4079,0.5851,0.0327,1.0,0.0205,0.9297,0.0,0.3135
1747043700000,71.5152,1.0,0.0694,0.924,1.0,0.0434,1.1751,1.0,5.0545,0.9829,1.0,0.0,93.3222,0.0,20.3513,2.315,0.9997,0.0259,1.0,0.0,22.0364,0.0494,1.0,0.4002,37.9391,0.168,0.7692,2.5065,0.5811,0.0323,1.0,0.0331,0.9296,0.0364,0.3214
1747043760000,68.8188,1.0,0.0694,0.848,1.0,0.0452,1.1578,0.9999,5.0345,0.9849,1.0,0.0,74.9447,0.0,19.3863,2.3076,0.9996,0.0261,1.0,0.0,0.0,0.0488,1.0,0.3851,37.4523,0.1652,0.9,2.5832,0.5784,0.0329,1.0,0.019,0.9298,0.0,0.3181
1747043820000,71.0249,1.0,0.0694,0.9114,1.0,0.0458,1.1671,1.0,5.0282,0.9837,1.0,0.0,80.2342,0.0,19.917,2.3226,0.9997,0.0261,1.0,0.0,0.0,0.0492,1.0,0.3866,40.6271,0.1656,1.2143,2.52,0.5783,0.0339,1.0,0.0215,0.9268,0.0,0.3171
1747043880000,69.4402,1.0,0.0694,0.8675,1.0,0.0467,1.2137,1.0,5.0473,0.9763,1.0,0.0,96.0743,0.0,20.0517,2.3199,0.9996,0.026,1.0,0.0,10.7455,0.0505,1.0,0.4064,39.6652,0.1669,0.7,2.4497,0.5805,0.0341,1.0,0.0247,0.9263,0.0182,0.3254
1747043940000,69.543,1.0,0.0694,0.8945,1.0,0.0467,1.1411,1.0,5.0191,0.9784,1.0,0.0,94.124,0.0,20.53,2.3258,0.9996,0.0263,1.0,0.0,0.0,0.0477,1.0,0.4144,39.5865,0.1645,0.8,2.6738,0.5803,0.0345,1.0,0.0355,0.9273,0.0,0.3275
1747044000000,70.5231,1.0,0.0694,0.9124,1.0,0.0452,1.1953,0.9999,5.0531,0.9724,1.0,0.0,90.9539,0.0,20.264,2.3542,0.9996,0.0261,1.0,0.0,0.0,0.0492,1.0,0.4175,38.1102,0.1679,1.2857,2.5701,0.5909,0.0332,1.0,0.0208,0.9298,0.0,0.3289
1747044060000,71.1563,1.0,0.0694,0.9566,1.0,0.0451,1.1926,0.9999,5.0645,0.9787,1.0,0.0,91.532,0.0,19.768,2.3449,0.9997,0.0259,1.0,0.0,0.0,0.046,1.0,0.4125,37.4816,0.1731,1.5882,2.752,0.5844,0.0338,1.0,0.0432,0.9284,0.0,0.326
1747044120000,70.6813,0.9999,0.0694,1.0488,1.0,0.0455,1.1306,0.9999,5.0445,0.9821,1.0,0.0,88.2311,0.0,19.8801,2.332,0.9997,0.0258,1.0,0.0,0.0,0.0539,1.0,0.4108,37.2318,0.1678,1.3333,2.4904,0.5702,0.0324,1.0,0.0347,0.9298,0.0,0.3196
1747044180000,70.3061,1.0,0.0694,0.9551,1.0,0.044,1.1642,0.9999,5.0236,0.978,1.0,0.0,91.6616,0.0,19.9984,2.3462,0.9997,0.0256,1.0,0.0,9.8364,0.0486,1.0,0.3967,37.9812,0.1692,1.125,2.4992,0.5718,0.0321,1.0,0.0249,0.932,0.0182,0.317
1747044240000,71.14,1.0,0.0694,0.8828,1.0,0.0447,1.2079,0.9999,5.0636,0.9811,1.0,0.0,91.2957,0.0,20.4574,2.3326,0.9997,0.0259,1.0,0.0,15.0545,0.0476,1.0,0.4029,38.1993,0.1641,1.0909,2.4432,0.5731,0.0327,1.0,0.0374,0.9283,0.0182,0.3211
1747044300000,70.65,1.0,0.0694,0.9383,1.0,0.0445,1.607,0.9999,5.0283,0.9808,1.0,0.0,91.609,0.0,20.1738,2.3448,0.9997,0.0259,1.0,0.0,0.4545,0.0475,1.0,0.4223,37.4084,0.1712,1.1111,2.3955,0.5745,0.0324,1.0,0.0311,0.9304,0.0,0.3185
1747044360000,69.5743,1.0,0.0694,0.8302,1.0,0.0469,1.2113,0.9999,5.062,0.9814,1.0,0.0,89.9858,0.0,19.9832,2.3444,0.9998,0.026,1.0,0.0,30.3091,0.0485,1.0,0.4065,38.2766,0.1639,1.1154,2.4236,0.5725,0.0334,1.0,0.0241,0.9283,0.0364,0.3204
1747044420000,70.2185,1.0,0.0694,0.9253,1.0,0.0448,1.5079,0.9999,5.0273,0.9772,1.0,0.0,93.0304,0.0,19.9223,2.3531,0.9997,0.0258,1.0,0.0,14.8909,0.049,1.0,0.4199,39.0454,0.1671,1.1875,2.4909,0.5763,0.0323,1.0,0.0313,0.9291,0.0182,0.3201
1747044480000,71.5346,1.0,0.0694,1.0012,1.0,0.0423,1.5727,0.9999,5.0382,0.9812,1.0,0.0,90.1064,0.0,20.3354,2.3267,0.9997,0.0259,1.0,0.0,15.5636,0.0472,1.0,0.4159,37.3581,0.1707,1.5,2.5207,0.5663,0.0319,1.0,0.0309,0.9298,0.0182,0.3264
1747044540000,70.5802,1.0,0.0694,0.9199,1.0,0.0444,1.1563,1.0,5.0309,0.9824,1.0,0.0,90.7403,0.0,20.4245,2.3216,0.9998,0.0258,1.0,0.0,0.0,0.0476,1.0,0.4199,38.5222,0.1663,1.25,2.4549,0.5719,0.0321,1.0,0.0479,0.9317,0.0,0.3177
1747044600000,71.2014,1.0,0.0694,0.8837,1.0,0.0423,1.1351,0.9999,5.0455,0.9825,1.0,0.0,87.8246,0.0,20.1437,2.3461,0.9997,0.0259,1.0,0.0,0.0,0.0473,1.0,0.413,37.0794,0.1739,1.2857,2.7197,0.5612,0.0314,1.0,0.0234,0.9293,0.0,0.3147
1747044660000,70.7867,1.0,0.0694,0.9462,1.0,0.0431,1.2668,1.0,5.0409,0.9836,1.0,0.0,87.3508,0.0,20.0553,2.3218,0.9997,0.0261,1.0,0.0,0.0,0.0472,1.0,0.3898,36.6872,0.1691,1.56,2.5849,0.56,0.0322,1.0,0.0341,0.9306,0.0,0.3079
1747044720000,72.141,1.0,0.0694,0.9158,1.0,0.0467,1.1153,0.9999,5.0457,0.9816,1.0,0.0,92.4805,0.0,20.4159,2.3173,0.9997,0.026,1.0,0.0,0.4182,0.0468,1.0,0.3943,37.5769,0.1659,1.4545,2.4777,0.5668,0.0319,1.0,0.029,0.9296,0.0,0.3111
1747044780000,71.1373,1.0,0.0694,0.9919,1.0,0.0444,1.1089,0.9999,5.0491,0.9814,1.0,0.0,89.6233,0.0,20.3333,2.3424,0.9997,0.0257,1.0,0.0,9.9455,0.046,1.0,0.3996,37.717,0.1675,1.3333,2.6886,0.5575,0.0327,1.0,0.0391,0.9295,0.0182,0.3133
1747044840000,70.5605,1.0,0.0694,0.8586,1.0,0.0459,1.0976,0.9999,5.0552,0.979,1.0,0.0,94.5403,0.0,20.9586,2.3369,0.9997,0.0262,1.0,0.0,0.0,0.0466,1.0,0.3926,39.2058,0.1619,1.3846,2.5635,0.5632,0.0339,1.0,0.0205,0.9273,0.0,0.3072
1747044900000,72.0532,1.0,0.0694,0.9561,1.0,0.0435,1.188,0.9999,5.0231,0.9807,1.0,0.0,89.1593,0.0,20.5877,2.3263,0.9997,0.0259,1.0,0.0,0.0,0.047,1.0,0.3907,37.7434,0.1652,1.6364,2.4573,0.5744,0.0319,1.0,0.0273,0.9281,0.0,0.3102
1747044960000,70.4211,1.0,0.0694,1.257,1.0,0.0438,1.1238,0.9999,5.066,0.9775,1.0,0.0,85.6399,0.0,19.3142,2.338,0.9997,0.0261,1.0,0.0,0.0,0.0479,1.0,0.3733,36.0022,0.1676,1.6667,2.5428,0.5694,0.0308,1.0,0.0137,0.9311,0.0,0.3162
1747045020000,71.2476,1.0,0.0694,0.8859,1.0,0.044,1.1206,0.9999,5.035,0.9753,1.0,0.0,93.7182,0.0,20.4573,2.3262,0.9996,0.0259,1.0,0.0,0.0,0.0468,1.0,0.3655,37.6716,0.1741,1.4615,2.4057,0.5606,0.0334,1.0,0.026,0.9298,0.0,0.3168
1747045080000,72.7114,1.0,0.0694,0.8965,1.0,0.0457,1.1207,0.9999,5.0392,0.9792,1.0,0.0,96.3163,0.0,21.2898,2.3206,0.9997,0.0261,1.0,0.0,16.8,0.0463,1.0,0.3777,39.4325,0.1676,0.8889,2.5215,0.5691,0.033,1.0,0.0261,0.9312,0.0182,0.3173
1747045140000,72.331,1.0,0.0694,1.2754,1.0,0.0453,1.4005,1.0,5.0254,0.981,1.0,0.0,94.7235,0.0,20.2193,2.3203,0.9997,0.026,1.0,0.0,0.0,0.0473,1.0,0.4051,38.2908,0.1669,1.1818,2.7579,0.5649,0.032,1.0,0.0206,0.9311,0.0,0.3198
1747045200000,71.736,1.0,0.0694,0.9752,1.0,0.0433,1.1033,0.9999,5.06,0.9836,1.0,0.0,84.6235,0.0,20.1458,2.3301,0.9998,0.026,1.0,0.0,0.0,0.0469,1.0,0.3866,35.0264,0.17,1.2143,2.2727,0.5597,0.0311,1.0,0.0155,0.9312,0.0,0.3134
1747045260000,69.9465,1.0,0.0694,1.0126,1.0,0.0417,1.1326,0.9999,5.04,0.9823,1.0,0.0,85.7316,0.0,19.7614,2.307,0.9997,0.026,1.0,0.0,0.0,0.0488,1.0,0.3975,35.9808,0.1691,1.1852,2.3442,0.5639,0.0325,1.0,0.0243,0.9302,0.0,0.3052
1747045320000,71.6007,1.0,0.0694,0.8266,1.0,0.0431,1.2093,1.0,5.0545,0.9852,1.0,0.0,77.4662,0.0,19.8646,2.3173,0.9997,0.0262,1.0,0.0,15.7455,0.0463,1.0,0.3829,36.9453,0.1665,1.3636,2.386,0.5675,0.0326,1.0,0.0271,0.9306,0.0182,0.316
1747045380000,72.9881,0.9999,0.0694,0.8244,1.0,0.0434,1.1961,0.9999,5.0436,0.9803,1.0,0.0,88.3596,0.0,20.7088,2.3057,0.9996,0.026,1.0,0.0,0.0,0.047,1.0,0.3903,37.0179,0.1693,1.2,2.4882,0.5639,0.0314,1.0,0.026,0.9302,0.0,0.3148
1747045440000,71.3296,1.0,0.0694,0.8186,1.0,0.0452,1.145,1.0,5.0542,0.9826,1.0,0.0,89.9699,0.0,20.1101,2.3245,0.9997,0.0261,1.0,0.0,0.0,0.0483,1.0,0.3965,38.3416,0.1683,1.1333,2.4327,0.5697,0.0326,1.0,0.0215,0.9327,0.0,0.3137
1747045500000,71.0381,1.0,0.0694,0.9223,1.0,0.0444,1.158,0.9999,5.03,0.979,1.0,0.0,89.2032,0.0,20.0914,2.3335,0.9996,0.0262,1.0,0.0,25.6,0.0487,1.0,0.4047,36.157,0.1706,1.2667,2.4198,0.5643,0.0321,1.0,0.0211,0.9319,0.0364,0.3167
1747045560000,71.1076,1.0,0.0694,0.8925,1.0,0.0447,1.6033,0.9999,5.0455,0.9819,1.0,0.0,87.6433,0.0,20.1385,2.2973,0.9997,0.0261,1.0,0.0,13.0182,0.0467,1.0,0.4043,36.5145,0.1697,1.5,2.3704,0.5592,0.0309,1.0,0.0195,0.9299,0.0182,0.3092
1747045620000,70.9623,1.0,0.0694,0.8919,1.0,0.0446,1.1681,0.9999,5.0445,0.9825,1.0,0.0,84.2746,0.0,19.7788,2.2886,0.9997,0.026,1.0,0.0,0.0,0.0476,1.0,0.4102,36.176,0.1676,1.4,2.4054,0.5634,0.032,1.0,0.0199,0.9314,0.0,0.308
1747045680000,70.4728,1.0,0.0694,0.8559,1.0,0.0443,1.1491,0.9999,5.0365,0.9832,1.0,0.0,82.4227,0.0,19.8358,2.302,0.9997,0.0266,1.0,0.0,0.0,0.048,1.0,0.3947,36.3364,0.1681,1.4,2.4192,0.5615,0.0315,1.0,0.0182,0.9324,0.0,0.318
1747045740000,71.7262,1.0,0.0694,0.8298,1.0,0.0442,1.1076,1.0,5.0524,0.9831,1.0,0.0,88.0631,0.0,20.599,2.3012,0.9997,0.0264,1.0,0.0,0.3818,0.0479,1.0,0.398,36.4468,0.1652,1.4286,2.3654,0.5594,0.0328,1.0,0.0284,0.9285,0.0,0.3125
1747045800000,70.0572,1.0,0.0694,0.855,1.0,0.0427,1.1497,0.9999,5.0283,0.9815,1.0,0.0,82.8161,0.0,20.1268,2.3089,0.9997,0.0259,1.0,0.0,28.9818,0.0475,1.0,0.3945,34.7463,0.1685,1.8571,2.6915,0.5534,0.031,1.0,0.0199,0.9338,0.0364,0.3055
1747045860000,70.461,1.0,0.0694,0.9605,1.0,0.0433,1.6697,0.9999,5.0164,0.977,1.0,0.0,85.5025,0.0,19.952,2.3244,0.9996,0.0258,1.0,0.0,40.9091,0.047,1.0,0.3952,35.062,0.1685,1.8462,2.5755,0.551,0.0317,1.0,0.0258,0.9311,0.0727,0.3013
1747045920000,73.5901,1.0,0.0694,1.078,1.0,0.0416,1.1054,0.9999,5.0383,0.9819,1.0,0.0,89.632,0.0,20.4888,2.2965,0.9996,0.0258,1.0,0.0,38.1636,0.0484,1.0,0.4081,36.8531,0.1706,1.1111,2.4922,0.557,0.0313,1.0,0.028,0.9322,0.0545,0.309
1747045980000,72.124,0.9999,0.0694,0.9475,1.0,0.0414,1.1743,0.9999,5.0509,0.9819,1.0,0.0,86.8281,0.0,20.0763,2.2856,0.9997,0.0257,1.0,0.0,46.7455,0.045,1.0,0.4007,35.3738,0.1734,1.6,2.5219,0.5454,0.0316,1.0,0.0235,0.9299,0.0364,0.3074
1747046040000,70.8108,1.0,0.0694,0.8462,1.0,0.0411,1.136,0.9999,5.0457,0.9797,1.0,0.0,85.5944,0.0,19.6045,2.3004,0.9996,0.0256,1.0,0.0,14.1091,0.0451,1.0,0.4012,34.4161,0.1704,1.5,2.3882,0.5539,0.031,1.0,0.0231,0.9339,0.0364,0.298
1747046100000,69.3457,1.0,0.0694,0.9087,1.0,0.0406,1.1877,0.9999,5.0375,0.9832,1.0,0.0,78.9488,0.0,19.8339,2.2943,0.9996,0.0261,1.0,0.0,47.1273,0.0441,1.0,0.399,33.2166,0.1674,1.0952,2.464,0.5436,0.0319,1.0,0.0341,0.9329,0.0545,0.2999
1747046160000,71.8614,0.9999,0.0694,0.8041,1.0,0.0431,1.4081,1.0,5.0347,0.9808,1.0,0.0,88.7906,0.0,19.9926,2.3049,0.9996,0.026,1.0,0.0,0.0,0.0475,1.0,0.3773,37.6973,0.1682,1.5926,2.3753,0.5484,0.033,1.0,0.0208,0.9287,0.0,0.287
1747046220000,72.4151,1.0,0.0694,0.9008,1.0,0.0419,1.1198,1.0,5.0227,0.9828,1.0,0.0,78.5521,0.0,19.9888,2.2778,0.9996,0.0261,1.0,0.0,13.1091,0.0459,1.0,0.3906,34.3391,0.1693,1.3571,2.568,0.5426,0.0323,1.0,0.0308,0.9351,0.0182,0.3018
1747046280000,73.1016,1.0,0.0694,1.0498,1.0,0.0418,1.2295,1.0,5.0464,0.9819,1.0,0.0,83.8464,0.0,20.3491,2.2914,0.9997,0.026,1.0,0.0,24.7455,0.0459,1.0,0.3977,34.916,0.1701,0.75,2.5109,0.5491,0.0317,1.0,0.0387,0.9325,0.0364,0.2881
1747046340000,71.1814,1.0,0.0694,0.8573,1.0,0.0418,1.2379,0.9999,5.0473,0.9827,1.0,0.0,82.6592,0.0,19.8282,2.2904,0.9997,0.0261,1.0,0.0,0.3636,0.0461,1.0,0.387,35.1633,0.168,1.5,2.242,0.5479,0.0334,1.0,0.0395,0.9322,0.0,0.296
1747046400000,72.4972,1.0,0.0694,0.9429,1.0,0.042,1.0998,1.0,5.0391,0.9827,1.0,0.0,82.5105,0.0,20.063,2.3133,0.9997,0.0263,1.0,0.0,46.6909,0.0457,1.0,0.3846,34.5059,0.1686,1.9231,2.3724,0.5553,0.031,1.0,0.0252,0.9349,0.0545,0.2914
1747046460000,71.992,1.0,0.0694,0.9333,1.0,0.0421,1.2672,1.0,5.0573,0.9835,1.0,0.0,83.9706,0.0,20.0137,2.2956,0.9998,0.0263,1.0,0.0,28.5273,0.0472,1.0,0.3865,35.7865,0.1679,1.3871,2.4447,0.5572,0.0313,1.0,0.0342,0.9322,0.0364,0.3022
1747046520000,73.541,1.0,0.0694,0.9035,1.0,0.0426,1.1824,1.0,5.0309,0.9808,1.0,0.0,85.3841,0.0,20.466,2.2963,0.9997,0.026,1.0,0.0,10.0545,0.0457,1.0,0.372,37.1287,0.1699,1.2727,2.5405,0.5568,0.0329,1.0,0.0216,0.9297,0.0182,0.2985
1747046580000,72.0795,1.0,0.0694,1.0085,1.0,0.043,1.1257,0.9999,5.0491,0.9826,1.0,0.0,86.3416,0.0,20.1725,2.2989,0.9997,0.0263,1.0,0.0,28.0727,0.045,1.0,0.3824,35.6204,0.1723,1.2222,2.5928,0.5574,0.0321,1.0,0.0288,0.9312,0.0364,0.3044
1747046640000,71.8371,0.9999,0.0694,0.9038,1.0,0.0426,1.2915,0.9999,5.05,0.9832,1.0,0.0,84.2983,0.0,19.9565,2.2951,0.9998,0.0265,1.0,0.0,40.0364,0.0469,1.0,0.4016,36.0848,0.1679,2.0,2.5741,0.5701,0.0323,1.0,0.0229,0.9307,0.0545,0.3093
1747046700000,73.1146,1.0,0.0694,0.9271,1.0,0.0414,1.3702,0.9999,5.0445,0.9787,1.0,0.0,86.1162,0.0,20.5414,2.3047,0.9996,0.0259,1.0,0.0,17.8727,0.0449,1.0,0.415,35.7458,0.1713,1.6,2.2547,0.5634,0.0319,1.0,0.0313,0.9321,0.0182,0.3113
1747046760000,70.6282,1.0,0.0694,1.1496,1.0,0.0415,1.1252,0.9999,5.0536,0.9815,1.0,0.0,78.9563,0.0,19.8894,2.2951,0.9997,0.0262,1.0,0.0,14.2182,0.0435,1.0,0.3997,34.8017,0.1701,1.3438,2.4514,0.5516,0.0313,1.0,0.0165,0.9357,0.0182,0.3067
1747046820000,73.4072,1.0,0.0694,1.1058,1.0,0.0437,1.1497,0.9999,5.0375,0.9767,1.0,0.0,84.8636,0.0,20.0357,2.275,0.9995,0.0258,1.0,0.0,14.0909,0.0443,1.0,0.4184,34.7268,0.1708,1.2,2.2549,0.5456,0.0317,1.0,0.0206,0.9341,0.0182,0.2996
1747046880000,73.3975,1.0,0.0694,0.9114,1.0,0.0413,1.2605,0.9999,5.0391,0.987,1.0,0.0,69.9637,0.0,19.3401,2.3023,0.9997,0.026,1.0,0.0,0.0,0.0453,1.0,0.4083,35.4501,0.1691,2.0,2.3892,0.5657,0.0312,1.0,0.0244,0.9316,0.0,0.3094
1747046940000,74.4735,0.9999,0.0694,1.3297,1.0,0.0428,1.1898,1.0,5.0545,0.9878,1.0,0.0,70.0315,0.0,19.2984,2.3118,0.9997,0.0261,1.0,0.0,14.9818,0.0463,1.0,0.4024,36.0649,0.1707,1.5455,2.2999,0.5578,0.0321,1.0,0.0217,0.932,0.0182,0.3082
1747047000000,71.1273,1.0,0.0694,0.9829,1.0,0.043,1.2082,1.0,5.06,0.9848,1.0,0.0,73.1432,0.0,19.4378,2.3045,0.9997,0.0262,1.0,0.0,0.0,0.0468,1.0,0.4084,34.3606,0.1685,2.9231,2.7517,0.5627,0.0331,1.0,0.0214,0.9332,0.0,0.3122
1747047060000,72.7555,1.0,0.0694,1.0474,1.0,0.0417,1.1627,0.9999,5.0412,0.9787,1.0,0.0,87.9355,0.0,20.1226,2.3016,0.9997,0.0262,1.0,0.0,0.0,0.0478,1.0,0.3948,35.1791,0.1717,1.52,2.5005,0.5595,0.0333,1.0,0.0181,0.9319,0.0,0.3119
1747047120000,73.6566,1.0,0.0694,0.8279,1.0,0.0398,1.1769,0.9999,5.0482,0.9822,1.0,0.0,82.7701,0.0,20.6698,2.2853,0.9997,0.0262,1.0,0.0,0.0,0.0453,1.0,0.4033,35.0159,0.1762,1.2222,2.527,0.5666,0.0313,1.0,0.0345,0.9316,0.0,0.3082
1747047180000,69.8058,1.0,0.0694,0.8162,1.0,0.0436,1.2295,1.0,5.0473,0.9783,1.0,0.0,84.7019,0.0,19.8999,2.3051,0.9997,0.0261,1.0,0.0,12.2909,0.0472,1.0,0.4038,33.8157,0.1671,1.5,2.3803,0.5615,0.0322,1.0,0.0244,0.9326,0.0182,0.3051
1747047240000,71.6142,1.0,0.0694,0.8059,1.0,0.0403,1.1656,0.9999,5.0476,0.9822,1.0,0.0,79.4507,0.0,19.7223,2.2862,0.9997,0.0261,1.0,0.0,0.0,0.0467,1.0,0.4083,33.0434,0.1746,1.1429,2.3277,0.5559,0.0312,1.0,0.0249,0.9352,0.0,0.3077
1747047300000,71.8668,1.0,0.0694,0.8984,1.0,0.0413,1.108,0.9998,5.04,0.9807,1.0,0.0,80.4567,0.0,20.247,2.3049,0.9997,0.0261,1.0,0.0,11.8182,0.0434,1.0,0.407,33.9558,0.164,1.2143,2.6405,0.5611,0.0304,1.0,0.0173,0.9339,0.0182,0.2968
1747047360000,73.6831,1.0,0.0694,0.9533,1.0,0.0429,1.1542,1.0,5.0418,0.9849,1.0,0.0,77.3868,0.0,19.7851,2.3012,0.9997,0.026,1.0,0.0,0.0,0.0437,1.0,0.4145,33.6965,0.1708,1.7778,2.4761,0.5535,0.0316,1.0,0.023,0.9337,0.0,0.2954
1747047420000,72.2822,1.0,0.0694,0.8993,1.0,0.0407,1.1546,0.9999,5.0245,0.9808,1.0,0.0,80.0664,0.0,19.5227,2.3185,0.9997,0.0264,1.0,0.0,0.0,0.044,1.0,0.3952,34.2333,0.1699,1.3571,2.3591,0.5592,0.031,1.0,0.0363,0.9317,0.0,0.2998
1747047480000,69.9487,0.9999,0.0694,0.8582,1.0,0.0437,1.1997,0.9999,5.0609,0.9817,1.0,0.0,86.3949,0.0,19.6024,2.3259,0.9997,0.0262,1.0,0.0,0.0,0.0455,1.0,0.4023,35.2683,0.1643,1.25,2.4682,0.5624,0.0325,1.0,0.0392,0.927,0.0,0.3008
1747047540000,71.9484,1.0,0.0694,0.8621,1.0,0.0427,1.1767,0.9999,5.0282,0.983,1.0,0.0,83.6949,0.0,20.0295,2.3461,0.9997,0.0263,1.0,0.0,29.4182,0.0445,1.0,0.3986,35.2625,0.173,1.5,2.4655,0.5619,0.0325,1.0,0.0251,0.9294,0.0364,0.3045
1747047600000,71.3534,1.0,0.0694,0.8947,1.0,0.0416,1.5436,0.9999,5.03,0.9915,1.0,0.0,25.1199,0.0,20.2816,2.3369,0.9996,0.0261,1.0,0.0,0.0,0.0433,1.0,0.399,33.3527,0.1725,1.3158,2.399,0.5637,0.0299,1.0,0.0283,0.9351,0.0,0.3112
1747047660000,72.0543,1.0,0.0694,0.9862,1.0,0.0409,1.1656,1.0,5.042,0.9947,1.0,0.0,21.4581,0.0,19.5577,2.3397,0.9997,0.0264,1.0,0.0,0.0,0.0447,1.0,0.4011,32.8178,0.18,1.4231,2.337,0.5559,0.0326,1.0,0.0214,0.9365,0.0,0.3068
1747047720000,73.5533,1.0,0.0694,0.9911,1.0,0.0416,1.111,0.9999,5.0427,0.9884,1.0,0.0,46.6068,0.0,19.7741,2.3404,0.9996,0.0265,1.0,0.0,0.0,0.0455,1.0,0.384,32.0949,0.183,1.8,2.3814,0.5561,0.0319,1.0,0.026,0.937,0.0,0.3139
1747047780000,73.7368,1.0,0.0694,1.1543,1.0,0.0405,1.2039,0.9999,5.0427,0.9888,1.0,0.0,47.8328,0.0,19.4437,2.321,0.9996,0.0265,1.0,0.0,0.0,0.0439,1.0,0.4019,33.0423,0.1817,1.6667,2.452,0.5569,0.0317,1.0,0.0239,0.9343,0.0,0.3042
1747047840000,73.5437,1.0,0.0694,0.8649,1.0,0.0406,1.116,0.9999,5.0318,0.995,1.0,0.0,23.2736,0.0,20.0388,2.3184,0.9997,0.0264,1.0,0.0,17.5455,0.0446,1.0,0.4004,33.8682,0.1808,2.5,2.5274,0.5534,0.0318,1.0,0.0368,0.9376,0.0182,0.3097
1747047900000,73.6512,0.9999,0.0694,0.9225,1.0,0.04,1.142,1.0,5.0318,0.9948,1.0,0.0,23.0836,0.0,20.2807,2.3655,0.9997,0.0266,1.0,0.0,0.0,0.0448,1.0,0.3792,33.9689,0.1836,1.2143,2.6339,0.5452,0.0324,1.0,0.0207,0.937,0.0,0.3138
1747047960000,72.8408,1.0,0.0694,0.8096,1.0,0.0385,1.1476,1.0,5.0385,0.9828,1.0,0.0,74.7529,0.0,20.2187,2.2969,0.9996,0.0267,1.0,0.0,0.0,0.0431,1.0,0.3825,31.8644,0.1817,1.6875,2.4701,0.5473,0.031,1.0,0.0322,0.9368,0.0,0.3113
1747048020000,73.2609,1.0,0.0694,0.9236,1.0,0.0395,1.1177,0.9999,5.0464,0.9867,1.0,0.0,60.2617,0.0,19.7363,2.295,0.9997,0.0265,1.0,0.0,0.0,0.0446,1.0,0.382,32.4806,0.1802,1.3333,2.3882,0.5506,0.0302,1.0,0.0422,0.937,0.0,0.2988
1747048080000,74.8657,1.0,0.0694,1.0224,1.0,0.0406,1.1637,1.0,5.0319,0.9951,1.0,0.0,22.1912,0.0,19.6395,2.2869,0.9997,0.0264,1.0,0.0,0.0,0.0444,1.0,0.3704,32.3881,0.1784,1.25,2.3579,0.5473,0.0305,1.0,0.0241,0.9364,0.0,0.303
1747048140000,74.5625,1.0,0.0694,0.8853,1.0,0.042,1.1634,0.9999,5.0461,0.9953,1.0,0.0,22.5072,0.0,19.9283,2.2809,0.9997,0.0267,1.0,0.0,0.0,0.0445,1.0,0.3913,32.7349,0.1796,1.6429,2.3824,0.5509,0.0313,1.0,0.0224,0.937,0.0,0.3023
1747048200000,73.6675,1.0,0.0694,0.9468,1.0,0.04,1.1759,1.0,5.0564,0.9854,1.0,0.0,60.9934,0.0,19.8109,2.3169,0.9997,0.0265,1.0,0.0,0.0,0.0445,1.0,0.3803,32.3941,0.1796,1.6667,2.3743,0.5509,0.0313,1.0,0.0241,0.9352,0.0,0.3091
1747048260000,73.1109,0.9999,0.0694,0.9414,1.0,0.0394,1.0874,0.9999,5.0473,0.9869,1.0,0.0,61.3662,0.0,19.8398,2.2913,0.9997,0.0266,1.0,0.0,0.0,0.0441,1.0,0.3991,32.6991,0.1864,1.52,2.7035,0.5483,0.031,1.0,0.0286,0.9357,0.0,0.2976
1747048320000,75.6333,1.0,0.0694,0.946,1.0,0.0388,1.179,1.0,5.0473,0.9941,1.0,0.0,23.2969,0.0,20.1126,2.2817,0.9997,0.0267,1.0,0.0,0.0,0.0452,1.0,0.3933,33.4091,0.1874,1.3,2.3048,0.545,0.03,1.0,0.0397,0.9395,0.0,0.3058
1747048380000,74.5325,1.0,0.0694,0.9401,1.0,0.0414,1.1259,0.9999,5.0555,0.9922,1.0,0.0,32.3336,0.0,20.0857,2.2864,0.9996,0.0266,1.0,0.0,0.0,0.0452,1.0,0.4074,33.2628,0.1812,1.5,2.3029,0.5533,0.032,1.0,0.0216,0.9369,0.0,0.315
1747048440000,72.0234,1.0,0.0694,0.9393,1.0,0.0395,1.1893,1.0,5.0273,0.9879,1.0,0.0,50.6481,0.0,19.786,2.2998,0.9996,0.0267,1.0,0.0,0.0,0.0446,1.0,0.4071,32.9013,0.1794,1.9091,2.5629,0.5469,0.0315,1.0,0.0343,0.9337,0.0,0.3099
1747048500000,73.1622,1.0,0.0694,0.9264,1.0,0.0405,1.1103,1.0,5.04,0.9942,1.0,0.0,24.4309,0.0,20.3744,2.2958,0.9996,0.0264,1.0,0.0,0.0,0.0454,1.0,0.3967,33.7828,0.1787,1.8125,2.6727,0.5495,0.0307,1.0,0.0274,0.9376,0.0,0.3002
1747048560000,74.7359,1.0,0.0694,1.0445,1.0,0.0379,1.1101,1.0,5.0357,0.9931,1.0,0.0,30.1641,0.0,20.243,2.3045,0.9997,0.0266,1.0,0.0,0.0,0.0457,1.0,0.3933,32.539,0.1888,1.5185,2.4674,0.5441,0.0314,1.0,0.0305,0.9364,0.0,0.3073
1747048620000,73.1575,1.0,0.0694,1.2157,1.0,0.0362,1.16,1.0,5.0439,0.9953,1.0,0.0,21.7883,0.0,19.7338,2.2722,0.9997,0.0268,1.0,0.0,0.0,0.0438,1.0,0.3774,29.9399,0.1837,1.2222,2.5055,0.5437,0.0309,1.0,0.0185,0.9365,0.0,0.3051
1747048680000,73.2003,1.0,0.0694,0.9173,1.0,0.039,1.1444,1.0,5.0356,0.9896,1.0,0.0,62.604,0.0,19.3995,2.3042,0.9998,0.0268,1.0,0.0,13.2545,0.0453,1.0,0.3681,32.2454,0.1781,1.3333,2.6117,0.545,0.0318,1.0,0.0207,0.9371,0.0182,0.2989
1747048740000,75.8564,1.0,0.0694,1.055,1.0,0.0373,1.1338,1.0,5.04,0.9936,1.0,0.0,30.5944,0.0,19.975,2.289,0.9997,0.0268,1.0,0.0,0.0,0.0447,1.0,0.3723,32.7422,0.1818,1.4444,2.4104,0.5515,0.0314,1.0,0.0317,0.9356,0.0,0.3015
1747048800000,74.1649,1.0,0.0694,1.1716,1.0,0.0395,1.1614,0.9998,5.0485,0.9951,1.0,0.0,23.1871,0.0,19.756,2.3271,0.9997,0.0265,1.0,0.0,13.4727,0.0453,1.0,0.3933,33.1947,0.1796,1.0714,2.3623,0.5556,0.0312,1.0,0.0248,0.9374,0.0182,0.3105
1747048860000,73.3935,1.0,0.0694,1.0219,1.0,0.0376,1.4037,1.0,5.0365,0.9954,1.0,0.0,20.6146,0.0,19.9464,2.2966,0.9996,0.0267,1.0,0.0,25.7636,0.0458,1.0,0.3932,31.9171,0.1847,1.28,2.5297,0.5432,0.0301,1.0,0.0341,0.9371,0.0364,0.3097
1747048920000,73.5862,1.0,0.0694,0.8844,1.0,0.0395,1.1367,0.9999,5.0527,0.9867,1.0,0.0,53.0883,0.0,19.6743,2.2913,0.9996,0.0267,1.0,0.0,0.0,0.045,1.0,0.3802,31.7301,0.1813,1.25,2.4592,0.5465,0.0305,1.0,0.0243,0.9361,0.0,0.3029
1747048980000,73.4105,1.0,0.0694,0.8129,1.0,0.0402,1.1783,1.0,5.0591,0.9816,1.0,0.0,78.2978,0.0,20.0349,2.2843,0.9997,0.0268,1.0,0.0,0.2909,0.0446,1.0,0.3745,32.8336,0.1742,1.1429,2.3289,0.5528,0.0311,1.0,0.0414,0.9367,0.0,0.2953
1747049040000,71.1331,1.0,0.0694,0.8022,1.0,0.0401,1.1897,0.9999,5.0392,0.9948,1.0,0.0,23.9845,0.0,19.7078,2.3211,0.9997,0.0269,1.0,0.0,13.6727,0.0454,1.0,0.3797,32.7653,0.1797,1.5714,2.3756,0.5511,0.0304,1.0,0.0217,0.936,0.0182,0.2964
1747049100000,72.9479,1.0,0.0694,0.8651,1.0,0.0393,1.1328,1.0,5.059,0.9937,1.0,0.0,28.2241,0.0,19.7205,2.3018,0.9997,0.0271,1.0,0.0,0.0,0.0458,1.0,0.3767,31.5703,0.1799,1.4,2.5619,0.5541,0.0306,1.0,0.0329,0.941,0.0,0.3109
1747049160000,71.6128,1.0,0.0694,0.9096,1.0,0.04,1.1832,0.9999,5.0584,0.9952,1.0,0.0,23.1722,0.0,19.0331,2.2958,0.9997,0.0268,1.0,0.0,0.0,0.0466,1.0,0.379,31.5177,0.1741,1.4054,2.3819,0.5489,0.0313,1.0,0.0273,0.9381,0.0,0.2989
1747049220000,72.6409,1.0,0.0694,0.887,1.0,0.0413,1.1115,0.9999,5.0349,0.9896,1.0,0.0,59.6709,0.0,19.2475,2.3055,0.9997,0.0269,1.0,0.0,10.5636,0.0451,1.0,0.3819,32.8398,0.1736,1.4,2.5422,0.5507,0.0317,1.0,0.0296,0.9378,0.0182,0.3045
1747049280000,71.7813,1.0,0.0694,0.8471,1.0,0.0426,1.1367,0.9999,5.0129,0.9897,1.0,0.0,42.3248,0.0,19.4115,2.2904,0.9996,0.0267,1.0,0.0,32.0727,0.0451,1.0,0.3704,32.1585,0.1737,1.6,2.5942,0.5522,0.0321,1.0,0.0201,0.9349,0.0364,0.2968
1747049340000,73.5564,1.0,0.0694,0.8086,1.0,0.0411,1.4633,0.9999,5.0094,0.9923,1.0,0.0,45.2107,0.0,20.2501,2.2941,0.9997,0.0271,1.0,0.0,12.9091,0.0457,1.0,0.3621,33.603,0.1774,2.5,2.5199,0.553,0.0316,1.0,0.0244,0.935,0.0182,0.3001
1747049400000,74.1454,1.0,0.0694,0.8965,1.0,0.0394,1.1409,1.0,5.0427,0.9955,1.0,0.0,24.9002,0.0,19.8425,2.3053,0.9997,0.0266,1.0,0.0,0.0,0.0456,1.0,0.3739,33.3309,0.1769,1.4286,2.3511,0.5587,0.03,1.0,0.0211,0.9383,0.0,0.304
1747049460000,71.8596,1.0,0.0694,0.9477,1.0,0.0395,1.1662,1.0,5.0414,0.9953,1.0,0.0,21.0858,0.0,19.5658,2.2835,0.9997,0.027,1.0,0.0,0.4545,0.0459,1.0,0.3666,31.3292,0.1748,1.7143,2.3845,0.5432,0.0315,1.0,0.0292,0.9396,0.0,0.3009
1747049520000,73.2193,1.0,0.0694,0.9302,1.0,0.0385,1.0669,0.9999,5.0264,0.9854,1.0,0.0,65.9971,0.0,19.283,2.3494,0.9996,0.0265,1.0,0.0,27.5818,0.0451,1.0,0.3743,30.7374,0.1797,1.3077,2.389,0.5576,0.031,0.9999,0.0253,0.937,0.0364,0.2928
1747049580000,75.0224,0.9999,0.0694,1.1167,1.0,0.0384,1.0744,1.0,5.0527,0.9912,1.0,0.0,46.6623,0.0,19.405,2.2983,0.9997,0.0263,1.0,0.0,0.0,0.0442,1.0,0.3476,31.7952,0.1821,1.0,2.5603,0.5493,0.0319,1.0,0.0195,0.9374,0.0,0.2905
1747049640000,76.564,1.0,0.0694,0.8774,1.0,0.0387,1.1084,1.0,5.0302,0.9954,1.0,0.0,21.5603,0.0,20.0206,2.3092,0.9996,0.0265,1.0,0.0,16.9818,0.0446,1.0,0.3493,32.5935,0.1801,1.1333,2.3453,0.5443,0.0308,1.0,0.0158,0.9383,0.0182,0.2995
1747049700000,73.676,1.0,0.0694,0.9537,1.0,0.039,1.1415,1.0,5.0231,0.9951,1.0,0.0,21.1075,0.0,19.915,2.2943,0.9995,0.0265,1.0,0.0,0.0,0.0462,1.0,0.3519,32.3411,0.1752,1.5333,2.7763,0.5555,0.0315,1.0,0.0217,0.9371,0.0,0.2997
1747049760000,72.5224,1.0,0.0694,0.8036,1.0,0.0381,1.1072,0.9998,5.0202,0.9873,1.0,0.0,57.1786,0.0,19.8803,2.2913,0.9996,0.0267,1.0,0.0,0.0,0.045,1.0,0.3594,31.6349,0.1798,1.56,2.1368,0.5448,0.031,1.0,0.0216,0.9349,0.0,0.3062
1747049820000,72.2635,1.0,0.0694,0.9416,1.0,0.0404,1.1131,0.9999,5.0464,0.9862,1.0,0.0,60.6583,0.0,19.6813,2.2824,0.9998,0.0269,1.0,0.0,16.4182,0.0448,1.0,0.3634,31.4741,0.174,1.8462,2.3731,0.548,0.0306,1.0,0.0207,0.9372,0.0182,0.2908
1747049880000,72.9573,1.0,0.0694,0.9969,1.0,0.0383,1.117,0.9999,5.0521,0.9961,1.0,0.0,19.9526,0.0,19.5076,2.2802,0.9998,0.0268,1.0,0.0,0.0,0.0446,1.0,0.3619,29.8663,0.1763,0.75,2.4873,0.5452,0.0305,1.0,0.0465,0.9391,0.0,0.2922
1747049940000,70.5389,1.0,0.0694,0.8617,1.0,0.0423,1.0925,1.0,5.0459,0.9954,1.0,0.0,21.265,0.0,19.1696,2.2879,0.9998,0.0268,1.0,0.0,0.0,0.0425,1.0,0.3573,31.4002,0.1694,1.3077,2.4514,0.5562,0.0313,1.0,0.0166,0.9347,0.0,0.2961
1747050000000,72.4609,1.0,0.0694,0.9029,1.0,0.0421,1.1219,1.0,5.0421,0.9808,1.0,0.0,76.5959,0.0,19.9144,2.2568,0.9997,0.0267,1.0,0.0,13.0364,0.0461,1.0,0.3489,32.916,0.1732,1.7692,2.761,0.5682,0.0316,1.0,0.0252,0.9378,0.0182,0.2964
1747050060000,70.3055,1.0,0.0694,0.9003,1.0,0.0429,1.1774,1.0,5.0294,0.9879,1.0,0.0,54.4756,0.0,20.1852,2.2734,0.9997,0.0265,1.0,0.0,0.0,0.0458,1.0,0.3539,34.3053,0.1733,1.6429,2.5491,0.5485,0.033,1.0,0.0429,0.9363,0.0,0.3025
1747050120000,70.1037,1.0,0.0694,0.9565,1.0,0.0414,1.2179,0.9999,5.044,0.9955,1.0,0.0,22.1249,0.0,19.8172,2.2792,0.9997,0.0264,1.0,0.0,29.5273,0.0444,1.0,0.3415,33.2266,0.1769,1.4,2.4751,0.5559,0.0322,1.0,0.0238,0.9352,0.0364,0.3088
1747050180000,72.0112,1.0,0.0694,0.9523,1.0,0.0395,1.356,1.0,5.0194,0.9959,1.0,0.0,20.8406,0.0,19.5969,2.284,0.9997,0.0268,1.0,0.0,0.0,0.0453,1.0,0.3655,32.4955,0.1754,1.2941,2.6277,0.5535,0.0313,1.0,0.0224,0.9336,0.0,0.3048
1747050240000,72.6839,1.0,0.0694,0.9355,1.0,0.0412,1.1099,0.9999,5.0422,0.9911,1.0,0.0,54.4532,0.0,19.0142,2.2812,0.9998,0.0268,1.0,0.0,0.0,0.045,1.0,0.3797,33.0898,0.1714,1.7778,2.2135,0.5543,0.0315,1.0,0.0241,0.9349,0.0,0.303
1747050300000,73.6992,1.0,0.0694,0.8874,1.0,0.0394,1.2185,1.0,5.0567,0.9841,1.0,0.0,65.2514,0.0,19.9564,2.2948,0.9997,0.0266,1.0,0.0,0.0,0.043,1.0,0.3954,32.8068,0.1769,1.375,2.5058,0.5478,0.0305,1.0,0.0305,0.936,0.0,0.298
1747050360000,74.1437,1.0,0.0694,1.1007,1.0,0.0407,1.121,1.0,5.0357,0.9948,1.0,0.0,22.5697,0.0,20.29,2.294,0.9997,0.0267,1.0,0.0,13.6909,0.0446,1.0,0.3868,31.8068,0.1745,1.52,2.3043,0.552,0.0319,1.0,0.0356,0.9378,0.0182,0.2968
1747050420000,74.9795,1.0,0.0694,1.2323,1.0,0.042,1.148,1.0,5.0529,0.9945,1.0,0.0,22.9206,0.0,19.769,2.2995,0.9997,0.0265,1.0,0.0,16.1818,0.0444,1.0,0.3733,33.8456,0.1752,1.5,2.4084,0.5569,0.0317,1.0,0.0235,0.9344,0.0182,0.3036
1747050480000,72.4583,1.0,0.0694,0.8894,1.0,0.0403,1.305,1.0,5.0209,0.9822,1.0,0.0,78.1831,0.0,19.7817,2.3195,0.9997,0.0266,1.0,0.0,70.8,0.046,1.0,0.387,32.898,0.1788,1.0,2.5728,0.5507,0.0312,1.0,0.0162,0.9368,0.0909,0.3125
1747050540000,71.9144,1.0,0.0694,0.9828,1.0,0.0396,1.9665,1.0,5.0105,0.9896,1.0,0.0,48.4998,0.0,19.8286,2.3174,0.9997,0.0264,1.0,0.0,29.2545,0.0453,1.0,0.3837,32.0137,0.1749,1.375,2.4554,0.5459,0.0322,1.0,0.025,0.9352,0.0364,0.3036
1747050600000,74.4688,1.0,0.0694,1.2754,1.0,0.0407,1.4254,0.9999,5.0355,0.9944,1.0,0.0,23.0343,0.0,20.204,2.3449,0.9996,0.0264,1.0,0.0,13.8182,0.0442,1.0,0.3712,32.6526,0.1712,1.1875,2.4504,0.5617,0.0319,1.0,0.0272,0.9347,0.0182,0.2898
1747050660000,72.7072,1.0,0.0694,0.9089,1.0,0.0401,1.2934,1.0,5.0596,0.9955,1.0,0.0,23.9754,0.0,19.5078,2.3225,0.9997,0.0265,1.0,0.0,27.8909,0.0442,1.0,0.3655,33.3663,0.1761,1.5938,2.4507,0.5537,0.0326,1.0,0.0282,0.9371,0.0364,0.3057
1747050720000,71.8571,1.0,0.0694,1.0904,1.0,0.0379,1.1272,0.9999,5.0401,0.9856,1.0,0.0,59.246,0.0,19.7019,2.3067,0.9997,0.0264,1.0,0.0,16.9818,0.0441,1.0,0.3776,32.0739,0.1785,1.3,2.4828,0.5443,0.0322,1.0,0.0155,0.9367,0.0,0.3079
1747050780000,71.1912,1.0,0.0694,0.8089,1.0,0.0392,1.1898,1.0,5.0572,0.9863,1.0,0.0,66.9659,0.0,19.3613,2.2955,0.9998,0.0266,1.0,0.0,14.8727,0.0446,1.0,0.3637,32.8818,0.18,1.5,2.5673,0.5497,0.0324,1.0,0.0384,0.9317,0.0364,0.2986
1747050840000,71.9564,1.0,0.0694,0.7987,1.0,0.0423,1.118,0.9999,5.0315,0.9944,1.0,0.0,23.9696,0.0,19.9938,2.2818,0.9997,0.0266,1.0,0.0,15.3091,0.0453,1.0,0.3612,33.5549,0.1727,1.3,2.4889,0.5518,0.0316,1.0,0.0229,0.936,0.0182,0.2997
1747050900000,72.6582,1.0,0.0694,0.8696,1.0,0.0411,1.0796,1.0,5.048,0.9945,1.0,0.0,22.6001,0.0,20.164,2.3072,0.9996,0.0265,1.0,0.0,41.0727,0.0445,1.0,0.3715,32.5139,0.1711,1.0714,2.4152,0.557,0.0312,1.0,0.0291,0.9349,0.0545,0.307
1747050960000,72.3407,0.9999,0.0694,0.9025,1.0,0.0409,1.1317,1.0,5.0429,0.983,1.0,0.0,79.6821,0.0,20.1793,2.286,0.9998,0.0264,1.0,0.0,0.0,0.0444,1.0,0.3488,33.8399,0.1763,1.8846,2.5451,0.5388,0.0323,1.0,0.0259,0.9357,0.0,0.2998
1747051020000,72.3633,1.0,0.0694,0.8753,1.0,0.0417,1.0801,0.9999,5.0618,0.9882,1.0,0.0,50.3553,0.0,19.9587,2.26,0.9997,0.0262,1.0,0.0,0.0,0.0441,1.0,0.3662,33.4829,0.1715,1.75,2.4964,0.5422,0.0309,1.0,0.0249,0.9319,0.0,0.2929
1747051080000,70.5672,1.0,0.0694,0.8682,1.0,0.0429,1.1629,1.0,5.0612,0.9939,1.0,0.0,23.7653,0.0,19.826,2.3056,0.9996,0.0265,1.0,0.0,26.6364,0.0455,1.0,0.3697,34.6761,0.1718,1.25,2.4852,0.557,0.0323,1.0,0.0284,0.9346,0.0182,0.2902
1747051140000,71.7527,1.0,0.0694,0.7996,1.0,0.0429,1.1564,0.9999,5.0582,0.9946,1.0,0.0,23.3471,0.0,20.6036,2.277,0.9997,0.0263,1.0,0.0,39.8182,0.0461,1.0,0.3533,34.4695,0.1728,1.4118,2.488,0.5524,0.032,1.0,0.0266,0.9361,0.0727,0.3049
1747051200000,72.3552,1.0,0.0694,0.9202,1.0,0.0404,1.1419,1.0,5.0336,0.9841,1.0,0.0,58.7553,0.0,20.2129,2.3328,0.9996,0.0263,1.0,0.0,15.5455,0.042,1.0,0.3647,32.256,0.1752,1.5333,2.6833,0.5773,0.0301,1.0,0.0185,0.9398,0.0182,0.3061
1747051260000,72.3726,1.0,0.0694,0.9603,1.0,0.0395,1.3444,0.9999,5.0577,0.9902,1.0,0.0,58.1823,0.0,18.9401,2.3282,0.9998,0.0264,1.0,0.0,0.0,0.0447,1.0,0.3741,32.5883,0.1724,1.6154,2.5483,0.563,0.0315,1.0,0.0567,0.9379,0.0,0.2966
1747051320000,75.5762,1.0,0.0694,0.9634,1.0,0.0402,1.1488,0.9999,5.04,0.9952,1.0,0.0,25.0896,0.0,19.6906,2.3417,0.9997,0.0266,1.0,0.0,122.3091,0.0438,1.0,0.354,33.2101,0.1741,1.9231,2.4265,0.5658,0.0312,1.0,0.0362,0.9338,0.1455,0.2954
1747051380000,74.9656,1.0,0.0694,1.1312,1.0,0.0397,1.8667,1.0,5.014,0.996,1.0,0.0,20.8127,0.0,19.766,2.3605,0.9997,0.0263,1.0,0.0,0.0,0.0419,1.0,0.3776,33.5389,0.1708,1.5,2.3945,0.5534,0.031,1.0,0.0274,0.9353,0.0182,0.3126
1747051440000,70.4972,1.0,0.0694,0.8483,1.0,0.041,1.1012,1.0,5.01,0.9832,1.0,0.0,75.5457,0.0,19.9299,2.2993,0.9997,0.0264,1.0,0.0,0.0,0.0436,1.0,0.3681,33.3288,0.1772,1.3636,2.5545,0.5534,0.0307,1.0,0.0491,0.9396,0.0,0.2935
1747051500000,73.5146,1.0,0.0694,0.9506,1.0,0.0419,1.1577,1.0,5.0509,0.9868,1.0,0.0,51.9342,0.0,19.8603,2.3456,0.9996,0.0263,1.0,0.0,13.0727,0.0424,1.0,0.3555,32.0835,0.167,1.6429,2.5968,0.5538,0.0302,1.0,0.0333,0.9371,0.0182,0.293
1747051560000,75.3159,1.0,0.0694,0.8296,1.0,0.0405,1.204,1.0,5.0355,0.994,1.0,0.0,24.1947,0.0,20.2976,2.3381,0.9997,0.0264,1.0,0.0,0.0,0.0435,1.0,0.3709,34.192,0.1766,1.3333,2.4751,0.5637,0.03,1.0,0.0264,0.9351,0.0,0.2979
1747051620000,76.9026,1.0,0.0694,0.9279,1.0,0.0403,1.2175,1.0,5.0491,0.9953,1.0,0.0,21.2871,0.0,20.8091,2.3212,0.9997,0.026,1.0,0.0,0.0,0.0433,1.0,0.393,34.1396,0.1804,1.0,2.2902,0.5471,0.0295,1.0,0.0323,0.9366,0.0,0.3131
1747051680000,74.0179,1.0,0.0694,0.9272,1.0,0.0407,1.2095,0.9999,5.0376,0.9903,1.0,0.0,46.9041,0.0,20.3704,2.3172,0.9998,0.0266,1.0,0.0,0.0,0.0428,1.0,0.3873,32.8151,0.1714,1.3636,2.6075,0.5552,0.0298,1.0,0.0265,0.9384,0.0,0.3029
1747051740000,75.7974,0.9999,0.0694,0.931,1.0,0.0396,1.2186,0.9999,5.04,0.9874,1.0,0.0,61.5607,0.0,20.3343,2.3174,0.9997,0.0261,1.0,0.0,15.3091,0.0432,1.0,0.3685,34.1474,0.177,1.25,2.2903,0.5586,0.0307,1.0,0.0164,0.9362,0.0182,0.2891
1747051800000,75.5608,0.9997,0.0694,0.9353,1.0,0.0401,1.2248,0.9999,5.0509,0.9955,1.0,0.0,23.0591,0.0,20.4166,2.3244,0.9997,0.0265,1.0,0.0,0.0,0.0437,1.0,0.3799,33.5225,0.1756,1.0769,2.6253,0.5652,0.031,1.0,0.0278,0.9366,0.0,0.3001
1747051860000,73.2886,1.0,0.0694,0.8994,1.0,0.0411,1.0971,1.0,5.0455,0.9949,1.0,0.0,22.4877,0.0,19.9539,2.3084,0.9997,0.0264,1.0,0.0,36.9455,0.0439,1.0,0.3744,32.8538,0.1717,1.56,2.6768,0.5714,0.0304,1.0,0.0246,0.9379,0.0545,0.2943
1747051920000,74.8199,1.0,0.0694,0.9502,1.0,0.0407,1.2692,1.0,5.0439,0.9874,1.0,0.0,72.3512,0.0,19.8546,2.309,0.9997,0.0262,1.0,0.0,0.0,0.0454,1.0,0.3662,34.6816,0.1802,1.0,2.506,0.5571,0.0318,1.0,0.0192,0.9368,0.0,0.303
1747051980000,73.4931,1.0,0.0694,0.9295,1.0,0.0404,1.1913,1.0,5.0384,0.9899,1.0,0.0,48.137,0.0,19.8575,2.2604,0.9997,0.026,1.0,0.0,0.0,0.0442,1.0,0.3747,33.1038,0.1734,1.1429,2.4031,0.5463,0.031,1.0,0.0253,0.9343,0.0,0.3086
1747052040000,73.9525,1.0,0.0694,0.945,1.0,0.0408,1.1394,1.0,5.0565,0.9944,1.0,0.0,23.5359,0.0,20.0737,2.2758,0.9997,0.0263,1.0,0.0,0.0,0.0437,1.0,0.3812,33.7525,0.178,1.375,2.4173,0.5535,0.0313,1.0,0.0344,0.9384,0.0,0.297
1747052100000,75.266,1.0,0.0694,0.8692,1.0,0.04,1.1753,0.9999,5.0385,0.9948,1.0,0.0,23.2541,0.0,19.9542,2.2984,0.9995,0.0261,1.0,0.0,11.0,0.0442,1.0,0.372,34.0439,0.1802,1.6923,2.5285,0.5586,0.0301,1.0,0.0294,0.9357,0.0182,0.3191
1747052160000,76.2457,0.9999,0.0694,1.0822,1.0,0.0393,1.2061,1.0,5.0373,0.9879,1.0,0.0,60.0116,0.0,20.7199,2.3149,0.9997,0.0261,1.0,0.0,0.0,0.0428,1.0,0.3983,34.0649,0.173,1.5455,2.6002,0.5573,0.0298,1.0,0.0198,0.9367,0.0,0.3224
1747052220000,76.51,1.0,0.0694,1.3045,1.0,0.0393,1.1512,0.9999,5.0391,0.985,1.0,0.0,70.3312,0.0,20.6565,2.3118,0.9997,0.026,1.0,0.0,0.0,0.043,1.0,0.3978,34.3865,0.1732,1.2727,2.3358,0.5564,0.0309,1.0,0.0352,0.9346,0.0,0.2996
1747052280000,75.5864,1.0,0.0694,0.9962,1.0,0.0396,1.181,1.0,5.0431,0.9958,1.0,0.0,21.1949,0.0,20.2869,2.3003,0.9997,0.0261,1.0,0.0,0.0,0.0417,1.0,0.408,32.6245,0.1701,1.5,2.375,0.5555,0.0302,1.0,0.0204,0.9362,0.0,0.3006
1747052340000,74.4186,1.0,0.0694,0.8312,1.0,0.0419,1.0913,1.0,5.0264,0.9956,1.0,0.0,22.0355,0.0,19.8069,2.3182,0.9998,0.0262,1.0,0.0,0.4364,0.0436,1.0,0.4065,32.6795,0.1682,1.625,2.2482,0.5525,0.0298,1.0,0.0287,0.9388,0.0,0.2991
1747052400000,79.3805,1.0,0.0694,1.3993,1.0,0.0398,1.1494,1.0,5.044,0.986,1.0,0.0,72.2603,0.0,20.527,2.3131,0.9997,0.0261,1.0,0.0,16.9273,0.043,1.0,0.3942,33.7415,0.1677,1.6154,2.5111,0.5673,0.0297,1.0,0.0307,0.9379,0.0182,0.2898
1747052460000,72.5231,1.0,0.0694,0.9397,1.0,0.0397,1.2295,1.0,5.0164,0.9899,1.0,0.0,47.9172,0.0,19.7875,2.3245,0.9997,0.026,1.0,0.0,0.0,0.042,1.0,0.3955,32.0551,0.1665,1.4828,2.4354,0.5574,0.0302,1.0,0.0165,0.9342,0.0,0.3326
1747052520000,76.8828,1.0,0.0694,1.0604,1.0,0.0387,1.1905,1.0,5.0582,0.9961,1.0,0.0,20.7349,0.0,20.304,2.289,0.9998,0.0262,1.0,0.0,0.0,0.0399,1.0,0.3991,32.4923,0.1712,1.6364,2.2771,0.5533,0.0296,1.0,0.0217,0.9369,0.0,0.2953
1747052580000,75.4334,1.0,0.0694,0.8153,1.0,0.044,1.2087,1.0,5.033,0.9959,1.0,0.0,22.2725,0.0,20.1983,2.2895,0.9997,0.0262,1.0,0.0,0.0,0.0432,1.0,0.3967,33.7583,0.1674,1.0,2.4538,0.5611,0.0304,1.0,0.0289,0.9374,0.0,0.303
1747052640000,73.8667,1.0,0.0694,0.793,1.0,0.0393,1.2091,0.9999,5.0539,0.9908,1.0,0.0,51.3236,0.0,19.6905,2.2866,0.9997,0.0261,1.0,0.0,0.0,0.0418,1.0,0.3891,32.5442,0.1697,1.4286,2.499,0.5499,0.0291,1.0,0.0343,0.9367,0.0,0.3015
1747052700000,73.7056,1.0,0.0694,0.8427,1.0,0.0419,1.1685,1.0,5.0373,0.985,1.0,0.0,66.8938,0.0,20.1789,2.301,0.9996,0.0259,1.0,0.0,0.0,0.0431,1.0,0.3615,34.1283,0.1663,1.1579,2.2301,0.5534,0.0301,1.0,0.0301,0.9357,0.0,0.2924
1747052760000,76.4312,0.9999,0.0694,0.9306,1.0,0.0386,1.1984,1.0,5.0849,0.9959,1.0,0.0,20.6278,0.0,20.2933,2.2642,0.9997,0.0262,1.0,0.0,12.2909,0.0423,1.0,0.3916,32.8691,0.1721,1.7308,2.6897,0.5535,0.0294,1.0,0.0193,0.9363,0.0182,0.2977
1747052820000,75.3722,1.0,0.0694,0.8659,1.0,0.041,1.2065,1.0,5.0455,0.9953,1.0,0.0,20.8456,0.0,20.5698,2.2741,0.9997,0.0262,1.0,0.0,32.5818,0.0442,1.0,0.3787,33.4472,0.1651,1.5,2.4582,0.5586,0.0293,1.0,0.0218,0.94,0.0364,0.2948
1747052880000,75.0613,1.0,0.0694,0.8525,1.0,0.0419,1.5401,1.0,5.0374,0.9836,1.0,0.0,76.4404,0.0,20.2092,2.2756,0.9997,0.0259,1.0,0.0,14.8,0.042,1.0,0.3835,34.4917,0.1667,1.2,2.4789,0.5503,0.0296,1.0,0.0351,0.931,0.0182,0.2944
1747052940000,72.8625,1.0,0.0694,0.8445,1.0,0.0439,1.493,0.9999,5.0591,0.9883,1.0,0.0,52.3452,0.0,20.1452,2.2923,0.9996,0.026,1.0,0.0,8.7636,0.0426,1.0,0.3839,34.7859,0.1606,3.5714,2.407,0.5576,0.0294,1.0,0.0275,0.9332,0.0182,0.296
1747053000000,73.623,1.0,0.0694,0.9143,1.0,0.0411,1.1942,0.9999,5.0755,0.9951,1.0,0.0,25.1541,0.0,19.5854,2.2845,0.9997,0.0257,1.0,0.0,0.0,0.0402,1.0,0.3917,33.9558,0.1622,0.8947,2.4145,0.5546,0.0289,1.0,0.0223,0.9352,0.0,0.2975
1747053060000,70.8986,1.0,0.0694,0.8822,1.0,0.0419,1.1492,1.0,5.0955,0.9955,1.0,0.0,21.1542,0.0,19.9839,2.3062,0.9997,0.0256,1.0,0.0,34.0182,0.0417,1.0,0.376,34.4234,0.162,1.16,2.3532,0.5557,0.0293,1.0,0.0505,0.9318,0.0364,0.3032
1747053120000,73.0055,1.0,0.0694,0.9613,1.0,0.0412,1.2111,1.0,5.0764,0.9876,1.0,0.0,47.8254,0.0,20.1789,2.3025,0.9996,0.0258,1.0,0.0,30.2545,0.042,1.0,0.3746,33.2249,0.1607,1.3636,2.5167,0.5459,0.0294,1.0,0.0392,0.9357,0.0182,0.2994
1747053180000,72.8657,1.0,0.0694,1.0463,1.0,0.0392,1.0735,0.9999,5.0755,0.9878,1.0,0.0,56.3951,0.0,19.9129,2.2961,0.9997,0.0256,1.0,0.0,10.9455,0.0397,1.0,0.3673,31.7972,0.1591,1.0714,2.3413,0.5502,0.0295,1.0,0.0322,0.9372,0.0364,0.2787
1747053240000,72.0855,1.0,0.0694,0.9169,1.0,0.0401,1.1016,1.0,5.0665,0.9962,1.0,0.0,20.3877,0.0,19.3095,2.2797,0.9998,0.0255,1.0,0.0,0.0,0.0403,1.0,0.3542,31.5919,0.1632,1.1538,2.4258,0.5482,0.03,1.0,0.0228,0.9389,0.0,0.2807
1747053300000,73.7308,1.0,0.0694,0.8639,1.0,0.0417,1.179,1.0,5.0809,0.9955,1.0,0.0,23.0107,0.0,19.5774,2.2782,0.9997,0.0254,1.0,0.0,28.4364,0.0416,1.0,0.3622,34.2279,0.1649,1.3077,2.3453,0.5589,0.0305,1.0,0.0278,0.9352,0.0364,0.2825
1747053360000,75.8925,0.9999,0.0694,0.9011,1.0,0.0392,1.2637,1.0,5.0615,0.9832,1.0,0.0,79.0502,0.0,20.2318,2.2632,0.9997,0.0252,1.0,0.0,29.0545,0.0408,1.0,0.3526,34.0869,0.1744,1.7308,2.5079,0.5442,0.0309,1.0,0.0451,0.9378,0.0364,0.2978
1747053420000,72.5901,1.0,0.0694,0.8874,1.0,0.0396,1.5467,1.0,5.0693,0.9921,1.0,0.0,45.133,0.0,19.0478,2.2923,0.9997,0.0256,1.0,0.0,11.5455,0.0418,1.0,0.369,31.1398,0.1622,1.2308,2.3986,0.5499,0.0287,1.0,0.0313,0.9359,0.0182,0.2943
1747053480000,74.572,1.0,0.0694,0.996,1.0,0.0413,1.0931,0.9999,5.0691,0.9958,1.0,0.0,21.1765,0.0,19.6007,2.2734,0.9997,0.0253,1.0,0.0,13.1273,0.0394,1.0,0.3664,33.1126,0.1616,1.2857,2.4332,0.5531,0.0306,1.0,0.0282,0.9373,0.0182,0.2863
1747053540000,76.1953,1.0,0.0694,0.9349,1.0,0.043,1.1438,1.0,5.052,0.9959,1.0,0.0,19.6079,0.0,20.0781,2.2701,0.9997,0.0255,1.0,0.0,0.0,0.0396,1.0,0.3643,32.9639,0.1615,1.4444,2.7523,0.5662,0.0292,1.0,0.0166,0.9335,0.0,0.2887
1747053600000,75.4493,1.0,0.0694,1.0258,1.0,0.0419,1.1087,1.0,5.0459,0.992,1.0,0.0,54.3302,0.0,19.6701,2.2903,0.9998,0.0253,1.0,0.0,14.7818,0.0392,1.0,0.3574,33.6806,0.1601,1.6154,2.4036,0.5611,0.0297,1.0,0.0268,0.9354,0.0182,0.3045
1747053660000,74.6474,1.0,0.0694,0.8684,1.0,0.0415,1.201,1.0,5.0473,0.9878,1.0,0.0,59.4097,0.0,19.79,2.3081,0.9996,0.025,1.0,0.0,27.1455,0.0399,1.0,0.3633,34.2643,0.1622,1.44,2.2496,0.5509,0.0305,1.0,0.0244,0.9347,0.0364,0.2924
1747053720000,74.6113,1.0,0.0694,0.9736,1.0,0.0415,1.2502,1.0,5.0536,0.9962,1.0,0.0,23.3545,0.0,19.8085,2.2787,0.9998,0.0253,1.0,0.0,111.8364,0.0406,1.0,0.3646,33.429,0.1596,1.1176,2.4368,0.5522,0.0294,1.0,0.0389,0.9345,0.1455,0.2892
1747053780000,74.4876,1.0,0.0694,0.9578,1.0,0.0401,2.1756,1.0,5.02,0.9957,1.0,0.0,19.1251,0.0,19.6637,2.2767,0.9997,0.0251,1.0,0.0,13.7273,0.0392,1.0,0.3636,33.0404,0.1629,1.5,2.388,0.5496,0.0285,1.0,0.0175,0.9341,0.0182,0.2897
1747053840000,75.8769,1.0,0.0694,0.9778,1.0,0.0401,1.2818,0.9999,5.0345,0.9837,1.0,0.0,75.225,0.0,19.8049,2.378,0.9997,0.0251,1.0,0.0,41.1818,0.0394,1.0,0.3675,33.7481,0.1651,1.5556,2.4765,0.56,0.0302,1.0,0.0317,0.9326,0.0545,0.2825
1747053900000,74.9852,1.0,0.0694,0.8565,1.0,0.0403,1.443,0.9999,5.0632,0.9921,1.0,0.0,46.0905,0.0,19.2089,2.3064,0.9997,0.0249,1.0,0.0,23.2545,0.0397,1.0,0.353,35.075,0.1596,1.5333,2.3342,0.5571,0.0288,1.0,0.0267,0.9354,0.0364,0.2859
1747053960000,75.5895,1.0,0.0694,1.0201,1.0,0.0381,1.5373,1.0,5.0338,0.9965,1.0,0.0,21.2163,0.0,19.0424,2.3134,0.9998,0.025,1.0,0.0,0.0,0.0413,1.0,0.3569,32.4233,0.1653,1.64,2.5246,0.5571,0.0287,1.0,0.0242,0.9368,0.0,0.2966
1747054020000,73.7274,1.0,0.0694,1.107,1.0,0.0396,1.2381,1.0,5.0482,0.9958,1.0,0.0,17.3532,0.0,19.3596,2.3139,0.9997,0.0247,1.0,0.0,0.0,0.039,1.0,0.3659,31.4381,0.1641,1.5882,2.3183,0.5516,0.0278,1.0,0.0228,0.9343,0.0,0.3105
1747054080000,75.8339,1.0,0.0694,1.0978,1.0,0.0403,1.1608,1.0,5.0418,0.9883,1.0,0.0,55.3338,0.0,19.9213,2.2903,0.9997,0.0248,1.0,0.0,0.0,0.0396,1.0,0.3369,33.645,0.1659,1.5,2.4984,0.5565,0.0284,1.0,0.0201,0.9349,0.0,0.2877
1747054140000,74.8884,1.0,0.0694,0.8562,1.0,0.0378,1.1913,0.9999,5.0383,0.9875,1.0,0.0,59.4708,0.0,19.47,2.2841,0.9997,0.025,1.0,0.0,72.5455,0.0385,1.0,0.3491,31.7802,0.1666,1.375,2.5884,0.551,0.0284,1.0,0.0227,0.9332,0.0909,0.2832
1747054200000,76.2544,1.0,0.0694,1.3687,1.0,0.0394,2.0071,1.0,5.0186,0.996,1.0,0.0,20.3568,0.0,19.3466,2.2856,0.9998,0.0246,1.0,0.0,13.3273,0.0386,1.0,0.3455,32.3175,0.1589,1.2,2.4663,0.5509,0.0282,1.0,0.0303,0.931,0.0182,0.2848
1747054260000,73.2771,0.9998,0.0694,1.0958,1.0,0.0399,1.1687,1.0,5.04,0.9962,1.0,0.0,18.1012,0.0,19.1113,2.3236,0.9998,0.0244,1.0,0.0,28.5455,0.0389,1.0,0.3402,31.8003,0.1617,2.0833,2.6766,0.5496,0.0283,1.0,0.0367,0.934,0.0364,0.2828
1747054320000,76.8771,1.0,0.0694,1.0856,1.0,0.0416,1.2868,1.0,5.0474,0.9827,1.0,0.0,81.3259,0.0,20.0934,2.2962,0.9997,0.0244,1.0,0.0,27.2545,0.0387,1.0,0.3351,34.89,0.1582,1.3,2.4795,0.5602,0.0289,1.0,0.0241,0.9342,0.0364,0.2848
1747054380000,75.6482,1.0,0.0694,0.8069,1.0,0.0427,1.1619,1.0,5.0491,0.9934,1.0,0.0,44.5361,0.0,19.5044,2.2939,0.9998,0.0247,1.0,0.0,40.1818,0.0387,1.0,0.3468,32.5431,0.1508,1.0,2.4975,0.5571,0.0273,1.0,0.0232,0.9331,0.0545,0.2891
1747054440000,76.1811,1.0,0.0694,0.8081,1.0,0.0423,1.4108,0.9999,5.0602,0.9961,1.0,0.0,22.5345,0.0,20.3326,2.2929,0.9997,0.0245,1.0,0.0,0.0,0.0382,1.0,0.3385,36.0428,0.1518,1.3333,2.1571,0.5591,0.0284,1.0,0.0271,0.9305,0.0,0.2922
1747054500000,75.6414,1.0,0.0694,0.8322,1.0,0.0392,1.189,0.9999,5.0527,0.9962,1.0,0.0,19.4383,0.0,19.8215,2.3196,0.9997,0.0244,1.0,0.0,13.8727,0.0384,1.0,0.3395,33.9449,0.1584,1.2941,2.5113,0.5501,0.0291,1.0,0.0267,0.9323,0.0182,0.2928
1747054560000,75.4309,1.0,0.0694,0.9714,1.0,0.0399,1.2223,1.0,5.0329,0.9909,1.0,0.0,50.5778,0.0,19.8015,2.2864,0.9997,0.0244,1.0,0.0,0.0,0.0381,1.0,0.3551,33.957,0.1548,1.36,2.3304,0.548,0.0284,1.0,0.0167,0.9335,0.0,0.3254
1747054620000,74.4618,1.0,0.0694,0.8783,1.0,0.0423,1.1634,1.0,5.0518,0.988,1.0,0.0,62.8127,0.0,19.7112,2.2824,0.9997,0.0244,1.0,0.0,29.2727,0.0379,1.0,0.3659,34.2699,0.1533,1.3,2.2548,0.5506,0.0287,1.0,0.0203,0.9318,0.0364,0.2754
1747054680000,73.3552,1.0,0.0694,0.8839,1.0,0.0409,1.1194,1.0,5.0213,0.9961,1.0,0.0,19.4995,0.0,20.0704,2.2733,0.9997,0.0244,1.0,0.0,0.0,0.0382,1.0,0.3588,34.6903,0.154,1.0588,2.7812,0.5478,0.0288,1.0,0.0238,0.926,0.0,0.2717
1747054740000,74.6419,1.0,0.0694,0.8626,1.0,0.0421,1.1823,1.0,5.0536,0.9958,1.0,0.0,22.1294,0.0,19.952,2.2706,0.9997,0.0242,1.0,0.0,0.0,0.0386,1.0,0.3467,36.181,0.159,1.25,2.4403,0.5493,0.0288,1.0,0.0244,0.9294,0.0,0.2757
1747054800000,76.7249,1.0,0.0694,0.9192,1.0,0.0425,1.1276,1.0,5.0309,0.9949,1.0,0.0,22.3848,0.0,19.75,2.3131,0.9997,0.0236,1.0,0.0,0.0,0.0368,1.0,0.3424,34.7123,0.1555,1.75,2.4157,0.5534,0.0275,1.0,0.0213,0.9346,0.0,0.2812
1747054860000,75.0868,1.0,0.0694,0.8765,1.0,0.04,1.1161,0.9999,5.0591,0.9921,1.0,0.0,45.3689,0.0,19.1873,2.3158,0.9998,0.0237,1.0,0.0,14.9091,0.0364,1.0,0.3593,33.4124,0.1534,1.5769,2.2409,0.5591,0.0272,1.0,0.0287,0.9312,0.0182,0.2828
1747054920000,77.7746,1.0,0.0694,0.9854,1.0,0.0396,1.0909,1.0,5.0475,0.9944,1.0,0.0,34.674,0.0,19.0548,2.2862,0.9997,0.0236,1.0,0.0,13.0727,0.0369,1.0,0.3661,35.1499,0.1489,1.5,2.5252,0.5659,0.0276,1.0,0.0182,0.9303,0.0182,0.2711
1747054980000,79.4635,1.0,0.0694,1.1387,1.0,0.0407,1.1693,0.9999,5.0542,0.9967,1.0,0.0,17.3929,0.0,20.4051,2.2939,0.9997,0.0236,1.0,0.0,11.3273,0.0355,1.0,0.3713,34.8495,0.148,1.5,2.5999,0.5475,0.0276,1.0,0.0371,0.9312,0.0182,0.2878
1747055040000,76.6842,1.0,0.0694,0.9643,1.0,0.0395,1.5923,0.9999,5.0376,0.9963,1.0,0.0,16.0667,0.0,19.8046,2.2753,0.9998,0.0236,1.0,0.0,15.1455,0.0365,1.0,0.3639,35.047,0.1469,1.5455,2.4971,0.5576,0.0281,1.0,0.0308,0.9295,0.0182,0.2787
1747055100000,77.7168,1.0,0.0694,0.8485,1.0,0.0405,1.1403,0.9999,5.0474,0.9884,1.0,0.0,65.2534,0.0,20.6405,2.2809,0.9997,0.0237,1.0,0.0,0.0,0.0351,1.0,0.3387,34.1847,0.1472,1.4167,2.4922,0.5556,0.0274,1.0,0.0333,0.9304,0.0,0.2814
1747055160000,74.6994,1.0,0.0694,0.9005,1.0,0.04,1.2427,0.9999,5.0455,0.9872,1.0,0.0,68.2821,0.0,19.852,2.2589,0.9997,0.0231,1.0,0.0,0.0,0.0352,1.0,0.3427,32.5878,0.1468,1.12,2.5719,0.5452,0.0288,1.0,0.0132,0.9317,0.0,0.2896
1747055220000,75.9261,1.0,0.0694,0.7969,1.0,0.0387,1.0844,0.9999,5.0649,0.9963,1.0,0.0,17.2425,0.0,20.3548,2.2473,0.9998,0.0232,1.0,0.0,0.0,0.0359,1.0,0.321,33.3194,0.143,1.0526,2.2576,0.5508,0.0272,1.0,0.0333,0.9321,0.0,0.2547
1747055280000,76.9187,1.0,0.0694,0.9906,1.0,0.0384,1.1552,1.0,5.0393,0.9963,1.0,0.0,18.5685,0.0,19.5082,2.2492,0.9997,0.0231,1.0,0.0,22.9818,0.0366,1.0,0.3271,34.0715,0.1502,1.5,2.4205,0.5489,0.0278,1.0,0.0181,0.9313,0.0364,0.2652
1747055340000,80.1317,1.0,0.0694,1.0007,1.0,0.0388,1.074,1.0,5.0455,0.9968,1.0,0.0,16.9007,0.0,20.2856,2.2248,0.9997,0.0232,1.0,0.0,0.0,0.0351,1.0,0.3342,33.8573,0.1521,1.0,2.2882,0.5402,0.027,1.0,0.0252,0.9297,0.0,0.2692
1747055400000,74.3462,1.0,0.0694,0.9941,1.0,0.0412,1.1313,0.9999,5.0657,0.9902,1.0,0.0,44.0867,0.0,19.6337,2.2406,0.9998,0.023,1.0,0.0,0.0,0.0357,1.0,0.3389,34.9733,0.1425,1.2308,2.3838,0.5463,0.0268,1.0,0.0221,0.9289,0.0,0.2708
1747055460000,75.7897,1.0,0.0694,0.9469,1.0,0.04,1.11,1.0,5.0683,0.9932,1.0,0.0,37.0143,0.0,19.5581,2.2481,0.9997,0.0227,1.0,0.0,0.0,0.0337,1.0,0.3483,36.2021,0.1454,1.36,2.4067,0.5586,0.0274,1.0,0.0236,0.9273,0.0,0.2669
1747055520000,77.5245,1.0,0.0694,0.9503,1.0,0.0377,1.1507,1.0,5.0582,0.9978,1.0,0.0,18.2898,0.0,19.4448,2.224,0.9998,0.0228,1.0,0.0,0.0,0.0348,1.0,0.3618,34.4761,0.1439,1.2727,2.7299,0.5504,0.0272,1.0,0.0165,0.9282,0.0,0.2743
1747055580000,80.5124,1.0,0.0694,0.9342,1.0,0.0399,1.0882,1.0,5.0667,0.9973,1.0,0.0,18.5431,0.0,19.8155,2.2266,0.9998,0.0228,1.0,0.0,0.0,0.0336,1.0,0.3771,35.5124,0.1439,1.1429,2.5142,0.5425,0.0272,1.0,0.0118,0.9299,0.0,0.2757
1747055640000,77.8595,1.0,0.0694,0.9872,1.0,0.0406,1.1384,0.9999,5.0396,0.988,1.0,0.0,72.6,0.0,19.6629,2.2539,0.9998,0.0229,1.0,0.0,0.0,0.0331,1.0,0.3533,36.2005,0.1436,1.2857,2.4282,0.5447,0.0274,1.0,0.0205,0.9237,0.0,0.2629
1747055700000,79.0857,1.0,0.0694,0.9071,1.0,0.0425,1.1631,1.0,5.0575,0.982,1.0,0.0,68.335,0.0,20.6788,2.2508,0.9997,0.0225,1.0,0.0,0.0,0.0342,1.0,0.3346,38.5663,0.1419,1.0476,2.3877,0.5572,0.0281,1.0,0.0285,0.9289,0.0,0.2539
1747055760000,77.6935,0.9994,0.0694,0.9763,1.0,0.038,1.15,1.0,5.0564,0.9971,1.0,0.0,16.5425,0.0,20.6443,2.2786,0.9998,0.0224,1.0,0.0,0.0,0.0332,1.0,0.3423,36.6619,0.1445,1.68,2.6366,0.5435,0.0263,1.0,0.0287,0.9261,0.0,0.2693
1747055820000,80.1091,0.9987,0.0694,1.1724,1.0,0.0412,1.0831,0.9999,5.0418,0.9962,1.0,0.0,16.263,0.0,20.4596,2.2617,0.9997,0.0223,1.0,0.0,0.0,0.0334,1.0,0.3343,36.7845,0.1396,1.5455,3.2648,0.5572,0.0268,1.0,0.0279,0.9232,0.0,0.26
1747055880000,81.2396,0.9988,0.0694,1.206,1.0,0.039,1.0799,1.0,5.0419,0.9835,1.0,0.0,74.7004,0.0,20.3649,2.2612,0.9997,0.0221,1.0,0.0,0.0,0.0316,1.0,0.3514,36.2759,0.1387,1.5,4.7119,0.5498,0.0257,1.0,0.0451,0.9266,0.0,0.2732
1747055940000,78.1331,1.0,0.0694,0.921,1.0,0.0412,1.2382,0.9999,5.0618,0.9881,1.0,0.0,52.0245,0.0,20.5053,2.2512,0.9997,0.0222,1.0,0.0,13.8909,0.0326,1.0,0.333,37.9731,0.1424,1.4444,2.7288,0.5532,0.0266,1.0,0.0189,0.9212,0.0182,0.2649
1747056000000,81.3263,1.0,0.0694,1.2204,1.0,0.042,1.5067,0.9999,5.0409,0.9961,1.0,0.0,16.8464,0.0,20.5831,2.2822,0.9996,0.022,1.0,0.0,0.0,0.0314,1.0,0.324,36.3347,0.1352,1.7857,2.3655,0.5451,0.0265,1.0,0.0302,0.9206,0.0,0.2739
1747056060000,78.2758,1.0,0.0694,1.3149,1.0,0.0385,1.1015,1.0,5.0321,0.9975,1.0,0.0,13.9323,0.0,20.2684,2.2597,0.9998,0.022,1.0,0.0,0.3273,0.0311,1.0,0.3253,34.0887,0.1339,1.3,2.5283,0.5414,0.0256,1.0,0.0251,0.9247,0.0,0.2529
1747056120000,76.704,1.0,0.0694,1.0772,1.0,0.0398,1.1067,1.0,5.0538,0.9899,1.0,0.0,49.4036,0.0,20.0572,2.269,0.9997,0.022,1.0,0.0,24.2364,0.0304,1.0,0.3162,35.7396,0.1336,1.4545,2.3854,0.5426,0.0269,1.0,0.0238,0.9211,0.0364,0.2478
1747056180000,76.2658,1.0,0.0694,0.7939,1.0,0.0394,1.0775,0.9999,5.0266,0.9853,1.0,0.0,59.4276,0.0,20.5282,2.2651,0.9997,0.022,1.0,0.0,13.1091,0.0321,1.0,0.3134,37.1795,0.134,1.3333,2.2221,0.5468,0.0275,1.0,0.0248,0.9237,0.0182,0.2388
1747056240000,76.8669,1.0,0.0694,0.8258,1.0,0.0394,1.3262,1.0,5.0476,0.9968,1.0,0.0,16.2188,0.0,20.3286,2.301,0.9998,0.0217,1.0,0.0,0.0,0.0313,1.0,0.3071,36.0026,0.1364,1.3889,2.4679,0.5503,0.0259,1.0,0.0193,0.9248,0.0,0.2579
1747056300000,76.4499,1.0,0.0694,0.7976,1.0,0.0419,1.0864,1.0,5.0336,0.9965,1.0,0.0,16.2645,0.0,21.0269,2.2655,0.9997,0.0218,1.0,0.0,0.0,0.0303,1.0,0.3282,37.8128,0.1314,1.3333,2.5285,0.5482,0.027,1.0,0.0323,0.9162,0.0,0.2686
1747056360000,79.223,0.9998,0.0694,0.8835,1.0,0.0404,1.1796,1.0,5.0436,0.9868,1.0,0.0,70.1488,0.0,20.7032,2.302,0.9997,0.0216,1.0,0.0,0.0,0.03,1.0,0.3325,37.7186,0.1344,1.5385,2.6423,0.5483,0.0258,1.0,0.0322,0.9218,0.0,0.2646
1747056420000,79.285,1.0,0.0694,0.9147,1.0,0.0433,1.0364,1.0,5.021,0.991,1.0,0.0,47.8012,0.0,20.8225,2.279,0.9998,0.0215,1.0,0.0,37.4545,0.0299,1.0,0.3371,37.7006,0.1315,1.4615,2.2674,0.5488,0.0259,1.0,0.0322,0.9206,0.0545,0.2496
1747056480000,76.8293,1.0,0.0694,0.9133,1.0,0.0415,1.2401,1.0,5.0491,0.9975,1.0,0.0,14.8648,0.0,20.5855,2.2486,0.9997,0.0214,1.0,0.0,49.3455,0.0296,1.0,0.336,36.6503,0.1236,1.6,2.2146,0.5361,0.0252,1.0,0.0195,0.9207,0.0727,0.2539
1747056540000,76.8745,1.0,0.0694,0.8694,1.0,0.041,1.2125,1.0,5.0326,0.9974,1.0,0.0,14.1188,0.0,20.5805,2.2442,0.9996,0.0215,1.0,0.0,25.8727,0.0303,1.0,0.3288,39.1366,0.1241,2.6154,2.5963,0.5401,0.0254,1.0,0.0238,0.9142,0.0364,0.2397
1747056600000,77.9826,1.0,0.0694,0.8642,1.0,0.041,1.1006,1.0,5.0458,0.9861,1.0,0.0,60.8982,0.0,20.7374,2.2607,0.9996,0.021,1.0,0.0,11.9636,0.0287,1.0,0.3159,39.7592,0.1246,1.6429,2.3335,0.5489,0.0254,1.0,0.0382,0.9159,0.0182,0.2452
1747056660000,76.9345,1.0,0.0694,0.9013,1.0,0.0391,1.0743,1.0,5.043,0.9904,1.0,0.0,55.5806,0.0,20.5676,2.2681,0.9998,0.0212,1.0,0.0,0.0,0.0287,1.0,0.2979,37.7718,0.128,1.6667,2.3216,0.5451,0.025,1.0,0.0234,0.9147,0.0,0.2479
1747056720000,77.6337,0.9998,0.0694,1.0106,1.0,0.0415,1.1159,1.0,5.0338,0.9967,1.0,0.0,15.133,0.0,20.2699,2.2485,0.9996,0.0209,1.0,0.0,25.7636,0.0289,1.0,0.3072,37.4272,0.1267,1.7778,2.624,0.5394,0.0256,1.0,0.03,0.9128,0.0364,0.2461
1747056780000,78.2653,1.0,0.0694,1.0188,1.0,0.0405,1.6059,1.0,5.0645,0.9976,1.0,0.0,13.184,0.0,20.1761,2.2469,0.9997,0.0207,1.0,0.0,0.0,0.0293,1.0,0.2958,38.5788,0.1239,1.5,2.4497,0.5473,0.0258,1.0,0.0193,0.9149,0.0,0.2527
1747056840000,79.6954,1.0,0.0694,1.1322,1.0,0.0416,1.0411,0.9999,5.0818,0.9865,1.0,0.0,65.6495,0.0,19.8842,2.2597,0.9998,0.0207,1.0,0.0,13.8545,0.0285,1.0,0.3052,38.6969,0.1248,1.7778,2.4618,0.5441,0.0257,1.0,0.0216,0.9124,0.0182,0.2525
1747056900000,80.3893,1.0,0.0694,0.8694,1.0,0.0398,1.0545,1.0,5.0655,0.9916,1.0,0.0,42.1052,0.0,20.5297,2.2964,0.9997,0.0205,1.0,0.0,126.5091,0.0276,1.0,0.2985,37.1018,0.1217,2.4167,2.1924,0.5601,0.0253,1.0,0.0329,0.9121,0.1818,0.2425
1747056960000,78.4015,1.0,0.0694,0.9389,1.0,0.0396,1.9889,1.0,5.0121,0.9972,1.0,0.0,13.4824,0.0,20.3769,2.2312,0.9998,0.0204,1.0,0.0,14.8364,0.0276,1.0,0.3167,39.4576,0.1279,1.64,2.2594,0.5489,0.0251,1.0,0.0257,0.9104,0.0182,0.2352
1747057020000,80.3896,1.0,0.0694,0.7948,1.0,0.0405,1.1183,1.0,5.063,0.997,1.0,0.0,13.2183,0.0,21.0302,2.2249,0.9997,0.0204,1.0,0.0,14.8727,0.0277,1.0,0.3127,39.1177,0.1246,1.3333,2.5679,0.5522,0.0254,1.0,0.0243,0.9144,0.0182,0.256
1747057080000,82.2474,1.0,0.0694,0.936,1.0,0.0402,1.1716,0.9998,5.0831,0.9867,1.0,0.0,59.3207,0.0,21.8244,2.235,0.9997,0.0201,1.0,0.0,12.9273,0.0266,1.0,0.3184,40.5057,0.1236,1.3333,2.4331,0.5436,0.0255,1.0,0.0331,0.9107,0.0182,0.2591
1747057140000,82.0807,1.0,0.0694,1.0489,1.0,0.0411,1.2021,1.0,5.0719,0.9882,1.0,0.0,59.9349,0.0,20.5221,2.2199,0.9997,0.0203,1.0,0.0,0.0,0.0277,1.0,0.3225,38.9656,0.1266,1.2222,2.3773,0.5347,0.0252,1.0,0.0232,0.9137,0.0,0.2435
1747057200000,79.0658,1.0,0.0694,0.9695,1.0,0.0396,1.1451,0.9999,5.0783,0.9969,1.0,0.0,12.6541,0.0,20.6213,2.2243,0.9996,0.0201,1.0,0.0,23.2364,0.0265,1.0,0.3068,39.1202,0.121,1.1538,2.2405,0.5346,0.024,1.0,0.0182,0.9119,0.0364,0.2406
1747057260000,82.6927,1.0,0.0694,0.9078,1.0,0.0372,1.0739,1.0,5.0691,0.9972,1.0,0.0,12.8709,0.0,21.0528,2.233,0.9998,0.0199,1.0,0.0,11.9636,0.0262,1.0,0.293,40.9688,0.1279,1.3871,2.2311,0.5424,0.0247,1.0,0.0175,0.9074,0.0182,0.2373
1747057320000,81.7482,1.0,0.0694,1.0761,1.0,0.0408,1.0936,1.0,5.0773,0.9836,1.0,0.0,77.3721,0.0,21.0826,2.2164,0.9998,0.0201,1.0,0.0,26.4182,0.0262,1.0,0.3129,40.1886,0.1227,1.5,2.0409,0.5364,0.0247,1.0,0.0262,0.9081,0.0364,0.2395
1747057380000,82.5234,1.0,0.0694,0.9427,1.0,0.0383,1.092,0.9998,5.0782,0.9918,1.0,0.0,46.6147,0.0,21.628,2.2233,0.9997,0.0199,1.0,0.0,0.0,0.0259,1.0,0.3067,42.9243,0.1201,1.6667,2.4905,0.5538,0.0245,1.0,0.0322,0.9077,0.0,0.2314
1747057440000,81.4319,1.0,0.0694,0.9761,1.0,0.0405,1.2168,1.0,5.0891,0.9965,1.0,0.0,14.0215,0.0,21.4841,2.2276,0.9996,0.0198,1.0,0.0,0.0,0.0254,1.0,0.315,41.6118,0.1222,1.2,2.4637,0.5433,0.0246,1.0,0.0338,0.9083,0.0,0.2568
1747057500000,80.2881,1.0,0.0694,0.9097,1.0,0.0386,1.1705,1.0,5.0827,0.998,1.0,0.0,11.6237,0.0,21.7533,2.2202,0.9997,0.0196,1.0,0.0,0.0,0.0253,1.0,0.3105,42.2623,0.1201,1.9231,2.2333,0.535,0.024,1.0,0.0313,0.9068,0.0,0.2398
1747057560000,79.801,1.0,0.0694,0.9714,1.0,0.0407,1.0544,1.0,5.0901,0.9822,1.0,0.0,60.4822,0.0,21.0546,2.2344,0.9997,0.0196,1.0,0.0,37.6545,0.0253,1.0,0.2937,41.1673,0.1178,1.6071,2.4144,0.5319,0.0252,1.0,0.0169,0.8984,0.0364,0.2304
1747057620000,82.5321,1.0,0.0694,1.0814,1.0,0.0386,1.0617,1.0,5.0855,0.9859,1.0,0.0,58.3286,0.0,21.0469,2.2576,0.9995,0.0194,1.0,0.0,46.1636,0.0249,1.0,0.2918,40.9459,0.1196,1.75,2.5323,0.5358,0.0238,1.0,0.0342,0.9068,0.0909,0.2237
1747057680000,82.792,1.0,0.0694,1.3595,1.0,0.0405,1.2243,0.9999,5.0893,0.9971,1.0,0.0,11.613,0.0,21.2142,2.2135,0.9996,0.0193,1.0,0.0,11.8909,0.024,1.0,0.2794,40.7477,0.1131,1.0,2.5452,0.5328,0.0243,1.0,0.0165,0.9081,0.0182,0.23
1747057740000,80.2589,1.0,0.0694,0.9524,1.0,0.0405,1.0435,0.9999,5.0692,0.9979,1.0,0.0,10.1096,0.0,20.7744,2.2377,0.9996,0.0193,1.0,0.0,12.1091,0.0245,1.0,0.2564,41.2433,0.1121,1.0667,2.7608,0.5432,0.0234,1.0,0.0237,0.9085,0.0182,0.2308
1747057800000,85.9055,1.0,0.0694,1.1265,1.0,0.0388,1.1323,0.9999,5.0864,0.9853,1.0,0.0,71.2672,0.0,22.1559,2.2352,0.9997,0.0191,1.0,0.0,35.8545,0.0238,1.0,0.2606,44.3709,0.1113,1.5714,2.4912,0.5318,0.0234,1.0,0.0173,0.9106,0.0545,0.2359
1747057860000,84.8424,1.0,0.0694,1.3828,1.0,0.0429,1.2731,0.9999,5.0959,0.9903,1.0,0.0,43.4941,0.0,21.4863,2.2293,0.9998,0.0192,1.0,0.0,0.0,0.0243,1.0,0.2765,41.451,0.1125,1.4,2.2484,0.5321,0.0237,1.0,0.0156,0.9103,0.0,0.2257
1747057920000,84.6358,1.0,0.0694,0.9868,1.0,0.0417,1.0733,1.0,5.11,0.9972,1.0,0.0,10.3841,0.0,21.6897,2.2541,0.9996,0.019,1.0,0.0,14.8,0.0232,1.0,0.2753,40.075,0.1082,1.9091,2.1681,0.5284,0.0233,1.0,0.0148,0.9127,0.0182,0.2194
1747057980000,81.1995,1.0,0.0694,0.9777,1.0,0.0385,1.0722,1.0,5.099,0.9971,1.0,0.0,11.0163,0.0,21.5352,2.2161,0.9996,0.0189,1.0,0.0,11.6364,0.0238,1.0,0.2626,43.4267,0.1088,1.0,2.5456,0.5383,0.0239,1.0,0.0119,0.9119,0.0182,0.2187
1747058040000,84.5364,1.0,0.0694,0.8196,1.0,0.0365,1.0833,0.9998,5.1118,0.9865,1.0,0.0,57.7731,0.0,21.2072,2.256,0.9997,0.0189,1.0,0.0,0.0,0.0239,1.0,0.2603,38.8528,0.1147,1.4,2.3299,0.5259,0.0232,1.0,0.0165,0.9182,0.0,0.2277
1747058100000,86.3259,1.0,0.0694,0.7845,1.0,0.0396,1.0928,1.0,5.1091,0.9881,1.0,0.0,49.9497,0.0,21.2673,2.2437,0.9997,0.0188,1.0,0.0,0.0,0.023,1.0,0.2664,42.5667,0.1084,1.3529,2.238,0.5303,0.0226,1.0,0.0169,0.9154,0.0,0.2123
1747058160000,85.5989,1.0,0.0694,0.9115,1.0,0.0393,1.0476,0.9999,5.1027,0.9982,1.0,0.0,8.6467,0.0,21.4823,2.2255,0.9997,0.0187,1.0,0.0,0.0,0.0232,1.0,0.2813,39.4681,0.1069,1.2593,2.5251,0.5299,0.0227,1.0,0.0348,0.9124,0.0,0.2146
1747058220000,83.0431,1.0,0.0694,0.91,1.0,0.0401,1.0054,0.9999,5.0918,0.9973,1.0,0.0,9.9731,0.0,21.4467,2.2057,0.9997,0.0186,1.0,0.0,12.9636,0.023,1.0,0.2677,39.7594,0.103,1.3158,2.5569,0.5255,0.0229,1.0,0.0344,0.9175,0.0182,0.2147
1747058280000,80.5532,1.0,0.0694,0.9093,1.0,0.0395,1.2343,1.0,5.0991,0.9802,1.0,0.0,72.931,0.0,20.663,2.213,0.9994,0.0186,1.0,0.0,11.3636,0.0232,1.0,0.2599,38.9156,0.101,2.5,2.5058,0.5233,0.0231,1.0,0.0219,0.9126,0.0182,0.2132
1747058340000,82.6661,1.0,0.0694,0.8981,1.0,0.0351,1.1739,1.0,5.0655,0.9918,1.0,0.0,36.5423,0.0,20.4658,2.235,0.9996,0.0186,1.0,0.0,0.0,0.0225,1.0,0.2515,36.6463,0.1103,1.3333,2.4819,0.5231,0.0228,1.0,0.0252,0.9174,0.0,0.2054
1747058400000,80.9588,1.0,0.0694,0.8529,1.0,0.0355,1.157,0.9999,5.0864,0.9977,1.0,0.0,7.583,0.0,19.8418,2.2695,0.9995,0.0182,1.0,0.0,11.3455,0.022,1.0,0.2526,36.4188,0.1077,1.5,2.1304,0.5224,0.0226,1.0,0.0271,0.919,0.0182,0.2045
1747058460000,86.2402,1.0,0.0694,1.0137,1.0,0.0342,1.077,1.0,5.0664,0.9988,1.0,0.0,6.3644,0.0,20.9962,2.2757,0.9998,0.0182,1.0,0.0,0.0,0.0221,1.0,0.2458,38.1644,0.1038,1.3214,2.4347,0.5261,0.0216,1.0,0.0234,0.9123,0.0,0.2126
1747058520000,90.4245,1.0,0.0694,1.0,1.0,0.0352,1.0281,1.0,5.0855,0.9903,1.0,0.0,33.4968,0.0,21.6697,2.2622,0.9997,0.0181,1.0,0.0,0.0,0.0221,1.0,0.2565,38.5755,0.1018,1.2727,2.7765,0.5291,0.0212,1.0,0.0177,0.9196,0.0,0.2139
1747058580000,87.7956,1.0,0.0694,0.9715,1.0,0.0346,1.0533,1.0,5.0609,0.9901,1.0,0.0,33.7657,0.0,22.3683,2.2685,0.9997,0.018,1.0,0.0,12.3455,0.0224,1.0,0.2664,39.8326,0.1003,1.1429,2.2453,0.5355,0.0221,1.0,0.0231,0.9164,0.0,0.2095
1747058640000,87.2945,1.0,0.0694,1.3172,1.0,0.0345,1.066,0.9997,5.0848,0.998,1.0,0.0,6.8743,0.0,21.8519,2.2412,0.9995,0.0181,1.0,0.0,0.0,0.022,1.0,0.252,36.2251,0.096,1.5556,2.5122,0.5253,0.0221,1.0,0.0222,0.9242,0.0182,0.2087
1747058700000,90.6113,1.0,0.0694,0.8727,1.0,0.0358,1.0548,0.9999,5.0583,0.9983,1.0,0.0,6.3867,0.0,22.2881,2.2552,0.9996,0.0179,1.0,0.0,0.0,0.0212,1.0,0.2553,39.2047,0.0938,1.8462,2.4486,0.5233,0.0222,1.0,0.018,0.9203,0.0,0.2059
1747058760000,88.7098,1.0,0.0694,1.0141,1.0,0.0328,1.0221,1.0,5.0812,0.9839,1.0,0.0,51.5031,0.0,21.0419,2.2554,0.9995,0.018,1.0,0.0,0.0,0.0214,1.0,0.2516,36.0946,0.0974,1.5294,2.2471,0.5243,0.0208,1.0,0.0274,0.925,0.0,0.1978
1747058820000,87.304,1.0,0.0694,0.7982,1.0,0.0306,1.0864,1.0,5.0645,0.9934,1.0,0.0,26.6748,0.0,21.2636,2.2717,0.9996,0.0179,1.0,0.0,0.0,0.0212,1.0,0.254,34.4472,0.0983,1.2727,2.3962,0.5163,0.0215,1.0,0.0305,0.9213,0.0,0.2013
1747058880000,84.8586,1.0,0.0694,1.0386,1.0,0.0337,1.0168,1.0,5.0803,0.9986,1.0,0.0,5.3202,0.0,21.5864,2.2462,0.9996,0.0179,1.0,0.0,0.0,0.0205,1.0,0.2364,34.2428,0.0922,1.5,2.3032,0.5185,0.0218,1.0,0.0416,0.9265,0.0,0.1913
1747058940000,91.062,1.0,0.0694,1.2359,1.0,0.0306,1.0559,1.0,5.0701,0.9988,1.0,0.0,4.927,0.0,20.1453,2.2237,0.9996,0.0178,1.0,0.0,0.0,0.021,1.0,0.235,36.0195,0.0956,1.5,2.2565,0.5132,0.0208,1.0,0.0153,0.9243,0.0,0.1989
1747059000000,86.4274,1.0,0.0694,0.9586,1.0,0.0333,1.0101,1.0,5.0858,0.9887,1.0,0.0,36.0897,0.0,20.3333,2.2197,0.9996,0.0178,1.0,0.0,10.0182,0.0207,1.0,0.2295,35.9432,0.093,1.3077,2.4668,0.5086,0.0213,1.0,0.0191,0.9307,0.0182,0.1974
1747059060000,89.7089,1.0,0.0694,0.9854,1.0,0.0331,1.0272,1.0,5.0709,0.9869,1.0,0.0,30.721,0.0,22.2173,2.2317,0.9993,0.0177,1.0,0.0,0.0,0.02,1.0,0.2297,39.6714,0.0922,1.68,2.4219,0.5134,0.0209,1.0,0.0185,0.928,0.0,0.189
1747059120000,89.9876,1.0,0.0694,1.1026,1.0,0.0308,0.9913,0.9999,5.0655,0.9986,1.0,0.0,5.7176,0.0,22.4392,2.2234,0.9997,0.0177,1.0,0.0,0.0,0.021,1.0,0.2308,39.9834,0.0949,1.2,2.7245,0.5047,0.0216,1.0,0.0207,0.9338,0.0,0.1933
1747059180000,91.638,1.0,0.0694,1.0308,1.0,0.0295,1.0465,0.9999,5.0614,0.9983,1.0,0.0,4.6736,0.0,21.4814,2.2489,0.9995,0.0178,1.0,0.0,0.0,0.0204,1.0,0.2331,35.7424,0.0942,1.6667,3.2475,0.5104,0.0207,1.0,0.0174,0.9312,0.0,0.1917
1747059240000,99.6993,1.0,0.0694,1.0872,1.0,0.0306,1.0688,0.9999,5.0846,0.9836,1.0,0.0,56.9492,0.0,23.2852,2.2446,0.9997,0.0178,1.0,0.0,0.0,0.0198,1.0,0.2308,38.6741,0.095,1.4286,2.3593,0.5162,0.0207,1.0,0.0227,0.9418,0.0,0.1965
1747059300000,98.2483,1.0,0.0694,1.0508,1.0,0.0278,1.0337,1.0,5.0645,0.9931,1.0,0.0,20.8259,0.0,22.7728,2.2531,0.9996,0.0177,1.0,0.0,0.0,0.0204,1.0,0.2281,38.5728,0.0923,1.45,2.1248,0.518,0.0208,1.0,0.0144,0.9347,0.0,0.1939
1747059360000,93.3128,1.0,0.0694,0.9776,1.0,0.0299,1.0149,1.0,5.0893,0.9988,1.0,0.0,4.5528,0.0,23.1002,2.2638,0.9997,0.0177,1.0,0.0,0.0,0.0202,1.0,0.2405,37.3668,0.0916,1.3462,2.5033,0.5035,0.0212,1.0,0.0135,0.933,0.0,0.1945
1747059420000,97.7012,1.0,0.0694,1.5762,1.0,0.0296,1.0118,1.0,5.0704,0.9987,1.0,0.0,4.4519,0.0,22.5634,2.2252,0.9996,0.0178,1.0,0.0,0.0,0.02,1.0,0.2227,38.2895,0.091,1.2727,1.9687,0.5113,0.0214,1.0,0.0236,0.9393,0.0,0.1956
1747059480000,88.9388,1.0,0.0694,1.6356,1.0,0.0302,1.0382,1.0,5.0703,0.9929,1.0,0.0,22.1951,0.0,21.5405,2.2595,0.9994,0.0177,1.0,0.0,0.0,0.0198,1.0,0.223,34.4117,0.0875,1.5,2.2127,0.526,0.021,1.0,0.0237,0.9364,0.0,0.1964
1747059540000,89.2337,1.0,0.0694,0.9984,1.0,0.034,1.0192,1.0,5.0555,0.9933,1.0,0.0,25.4447,0.0,22.0314,2.2483,0.9997,0.0178,1.0,0.0,0.0,0.02,1.0,0.2266,33.4623,0.0903,1.8571,1.8472,0.5151,0.0212,1.0,0.0194,0.9389,0.0,0.1848
1747059600000,95.1689,1.0,0.0694,1.0493,1.0,0.0309,1.037,0.9998,5.0765,0.9987,1.0,0.0,4.827,0.0,22.4497,2.2653,0.9996,0.0178,1.0,0.0,0.0,0.02,1.0,0.2404,36.5128,0.0897,1.6111,2.4336,0.5171,0.0214,1.0,0.018,0.9422,0.0,0.1884
1747059660000,98.1851,1.0,0.0694,2.1391,1.0,0.033,1.0207,1.0,5.0631,0.9986,1.0,0.0,4.0572,0.0,21.9586,2.2497,0.9996,0.0177,1.0,0.0,0.0,0.0197,1.0,0.2379,39.8532,0.0845,1.6071,3.2365,0.5254,0.0209,1.0,0.0141,0.9442,0.0,0.1922
1747059720000,90.4429,1.0,0.0694,1.0009,1.0,0.0293,0.9911,1.0,5.0873,0.9831,1.0,0.0,42.2482,0.0,22.279,2.2328,0.9995,0.0179,1.0,0.0,0.0,0.0199,1.0,0.2359,32.8748,0.0861,2.0,2.1735,0.519,0.0205,1.0,0.0279,0.9376,0.0,0.1907
1747059780000,87.0931,1.0,0.0694,1.0515,1.0,0.0295,1.0551,1.0,5.0739,0.9976,1.0,0.0,10.0941,0.0,20.6629,2.2831,0.9998,0.0179,1.0,0.0,0.0,0.0195,1.0,0.2352,22.3965,0.0853,2.2,2.1879,0.5028,0.02,1.0,0.0253,0.9447,0.0,0.1805
1747059840000,91.7868,1.0,0.0694,0.8208,1.0,0.0307,1.0022,0.9998,5.0777,0.9984,1.0,0.0,4.5975,0.0,21.5192,2.208,0.9995,0.0177,1.0,0.0,0.0,0.0193,1.0,0.2311,36.5464,0.0912,1.25,2.6323,0.5004,0.0203,1.0,0.015,0.9522,0.0,0.1783
1747059900000,90.6042,1.0,0.0694,0.7917,1.0,0.0289,1.0098,1.0,5.0564,0.9991,1.0,0.0,3.2883,0.0,22.0408,2.2606,0.9996,0.0177,1.0,0.0,0.0,0.0198,1.0,0.2393,31.1254,0.0899,1.2857,2.7909,0.5078,0.0201,1.0,0.0213,0.9566,0.0,0.1877
1747059960000,98.6722,1.0,0.0694,0.9161,1.0,0.0273,1.0002,1.0,5.0682,0.9906,1.0,0.0,20.4366,0.0,22.2651,2.2236,0.9994,0.0178,1.0,0.0,0.0,0.0191,1.0,0.23,34.8386,0.0907,1.32,2.1261,0.5038,0.0204,1.0,0.0167,0.9471,0.0,0.1867
1747060020000,93.8725,1.0,0.0694,0.9937,1.0,0.0307,1.0293,0.9996,5.0682,0.993,1.0,0.0,23.5979,0.0,22.5518,2.2297,0.9996,0.0177,1.0,0.0,0.0,0.0192,1.0,0.2233,33.7655,0.0849,1.4545,2.6085,0.5018,0.0204,1.0,0.0212,0.9596,0.0,0.1812
1747060080000,96.4036,1.0,0.0694,1.022,1.0,0.0269,1.0396,0.9996,5.0536,0.9988,1.0,0.0,3.2041,0.0,21.5482,2.2413,0.9995,0.0179,1.0,0.0,0.0,0.0192,1.0,0.2197,29.9071,0.0871,1.25,2.0681,0.4996,0.0203,1.0,0.0244,0.9599,0.0,0.1792
1747060140000,97.371,1.0,0.0694,0.9667,1.0,0.0287,1.0177,0.9995,5.0636,0.9995,1.0,0.0,3.0125,0.0,22.6781,2.2564,0.9998,0.0179,1.0,0.0,0.0,0.0186,1.0,0.2222,27.842,0.0802,1.3077,3.0402,0.5049,0.02,1.0,0.029,0.9545,0.0,0.1829
1747060200000,93.8031,1.0,0.0694,0.9237,1.0,0.0307,0.9949,0.9998,5.0727,0.9989,1.0,0.0,3.5259,0.0,21.9132,2.2656,0.9995,0.0178,1.0,0.0,0.0,0.0191,1.0,0.2213,28.577,0.0833,1.8333,2.6124,0.5046,0.02,1.0,0.0142,0.9607,0.0,0.1818
1747060260000,96.5587,1.0,0.0694,0.9577,1.0,0.031,1.0372,1.0,5.06,0.996,1.0,0.0,17.6059,0.0,21.8646,2.2369,0.9998,0.0176,1.0,0.0,0.0,0.0199,1.0,0.2235,36.8353,0.0863,1.5806,2.7771,0.5023,0.0202,1.0,0.025,0.9516,0.0,0.1794
1747060320000,96.6851,1.0,0.0694,1.2272,1.0,0.0267,0.9748,1.0,5.0836,0.9982,1.0,0.0,4.7388,0.0,20.5761,2.2542,0.9997,0.018,1.0,0.0,0.0,0.02,1.0,0.22,26.815,0.0871,1.4545,2.1873,0.5011,0.0202,1.0,0.0195,0.941,0.0,0.1743
1747060380000,100.2728,1.0,0.0694,1.0342,1.0,0.0296,0.9965,1.0,5.0593,0.9986,1.0,0.0,3.6473,0.0,21.3682,2.2415,0.9996,0.0176,1.0,0.0,0.0,0.019,1.0,0.22,27.9778,0.0897,1.6667,3.2999,0.4966,0.0202,1.0,0.0306,0.9511,0.0,0.179
1747060440000,99.7023,1.0,0.0694,1.4643,1.0,0.0292,0.9879,0.9996,5.0704,0.9987,1.0,0.0,3.533,0.0,21.9463,2.219,0.9994,0.0178,1.0,0.0,0.0,0.0194,1.0,0.2178,33.7715,0.0863,1.8571,2.7419,0.497,0.0199,1.0,0.025,0.9574,0.0,0.1807
1747060500000,93.3863,1.0,0.0694,0.79,1.0,0.0268,1.0074,1.0,5.07,0.9927,1.0,0.0,22.7388,0.0,21.1957,2.2166,0.9996,0.0179,1.0,0.0,0.0,0.0193,1.0,0.2118,26.5797,0.0867,1.1667,2.2721,0.4878,0.0196,1.0,0.0186,0.9652,0.0,0.1838
1747060560000,94.3777,1.0,0.0694,1.0565,1.0,0.0259,0.9737,1.0,5.0818,0.9901,1.0,0.0,26.6098,0.0,21.6804,2.2172,0.9997,0.0177,1.0,0.0,0.0,0.0188,1.0,0.2049,25.9105,0.0874,1.375,2.8688,0.4903,0.0197,1.0,0.0153,0.9609,0.0,0.1723
1747060620000,94.663,1.0,0.0694,0.8129,1.0,0.0281,0.9823,1.0,5.0773,0.9991,1.0,0.0,2.9359,0.0,21.6398,2.2265,0.9997,0.0179,1.0,0.0,0.0,0.0191,1.0,0.2081,27.2654,0.0852,1.2143,2.1344,0.4942,0.0197,1.0,0.0223,0.9638,0.0,0.1714
1747060680000,98.2579,1.0,0.0694,1.1124,1.0,0.028,0.9492,1.0,5.0878,0.9997,1.0,0.0,2.0626,0.0,21.582,2.2555,0.9998,0.0178,1.0,0.0,0.0,0.0186,1.0,0.2122,23.0126,0.0851,1.4,2.9672,0.4826,0.0193,1.0,0.0188,0.9622,0.0,0.1779
1747060740000,98.0649,1.0,0.0694,1.3008,1.0,0.0284,0.9997,0.9997,5.0585,0.9991,1.0,0.0,2.5206,0.0,21.793,2.1933,0.9996,0.0178,1.0,0.0,0.0,0.019,1.0,0.2136,25.6657,0.0854,1.25,1.6476,0.4928,0.02,1.0,0.025,0.9658,0.0,0.1732
1747060800000,95.0697,1.0,0.0694,0.9297,1.0,0.0249,0.9663,1.0,5.0764,0.9956,1.0,0.0,10.3744,0.0,20.9056,2.2272,0.9992,0.0179,1.0,0.0,0.0,0.0192,1.0,0.2029,23.8122,0.0847,1.75,2.4978,0.487,0.0199,1.0,0.0186,0.9683,0.0,0.1792
1747060860000,92.6095,1.0,0.0694,1.1866,1.0,0.0248,1.023,1.0,5.0727,0.9983,1.0,0.0,5.7198,0.0,22.2479,2.2147,0.9997,0.0179,1.0,0.0,0.0,0.0193,1.0,0.1882,29.382,0.0869,1.2917,3.1049,0.4841,0.0201,1.0,0.0207,0.9715,0.0,0.1688
1747060920000,85.8047,1.0,0.0694,1.1125,1.0,0.0272,0.9889,1.0,5.0783,0.9996,1.0,0.0,1.9666,0.0,20.8217,2.2531,0.9998,0.018,1.0,0.0,0.3273,0.0189,1.0,0.2017,21.1544,0.0801,1.5455,2.3527,0.4849,0.0199,1.0,0.0201,0.9648,0.0,0.1708
1747060980000,92.9181,1.0,0.0694,1.1229,1.0,0.0321,0.9489,1.0,5.0685,0.9981,1.0,0.0,3.8368,0.0,21.4601,2.1845,0.9992,0.0178,1.0,0.0,10.2364,0.0191,1.0,0.192,31.3187,0.0809,1.0,2.4711,0.4878,0.0198,1.0,0.0176,0.9612,0.0182,0.1697
1747061040000,95.4485,1.0,0.0694,1.2899,1.0,0.0279,0.9631,1.0,5.0732,0.9983,1.0,0.0,4.3094,0.0,20.8835,2.2348,0.9996,0.0178,1.0,0.0,0.0,0.0189,1.0,0.2059,26.4846,0.0867,2.125,2.8881,0.4856,0.0202,1.0,0.0143,0.9687,0.0,0.1756
1747061100000,93.428,1.0,0.0694,1.0454,1.0,0.0232,0.9537,1.0,5.0736,0.9988,1.0,0.0,2.8858,0.0,21.4108,2.2332,0.9995,0.0178,1.0,0.0,0.0,0.019,1.0,0.1951,28.5246,0.0872,1.3333,2.6063,0.4831,0.0205,1.0,0.0156,0.9717,0.0,0.1713
1747061160000,91.2185,1.0,0.0694,0.8106,1.0,0.0247,0.9822,1.0,5.0774,0.9956,1.0,0.0,7.3595,0.0,21.2056,2.2439,0.9994,0.0177,1.0,0.0,0.0,0.0194,1.0,0.2047,26.0466,0.0862,1.3214,2.6888,0.481,0.0204,1.0,0.0129,0.967,0.0,0.1758
1747061220000,96.0157,1.0,0.0694,1.5521,1.0,0.0266,0.9796,1.0,5.0718,0.9982,1.0,0.0,4.1887,0.0,21.8029,2.2401,0.9994,0.018,1.0,0.0,0.0,0.019,1.0,0.2075,26.5708,0.0806,1.3636,2.1097,0.4861,0.02,1.0,0.0193,0.9705,0.0,0.1706
1747061280000,94.5487,1.0,0.0694,1.514,1.0,0.0256,0.9925,1.0,5.0655,0.9991,1.0,0.0,2.4857,0.0,22.339,2.2318,0.9995,0.0179,1.0,0.0,0.0,0.0191,1.0,0.2056,25.4216,0.0816,0.8889,2.5794,0.4895,0.02,1.0,0.019,0.9777,0.0,0.1722
1747061340000,103.2964,1.0,0.0694,1.4747,1.0,0.0283,0.9761,0.9996,5.06,0.9993,1.0,0.0,1.7901,0.0,22.4666,2.218,0.9995,0.0179,1.0,0.0,0.0,0.019,1.0,0.2005,19.5751,0.0851,2.1429,2.3573,0.4793,0.0197,1.0,0.0194,0.9817,0.0,0.1741
1747061400000,94.8717,1.0,0.0694,0.8538,1.0,0.0312,0.9453,1.0,5.0867,0.9985,1.0,0.0,4.1286,0.0,21.2185,2.2578,0.9995,0.0178,1.0,0.0,0.0,0.019,1.0,0.204,29.0667,0.0809,1.6667,2.417,0.4832,0.0196,1.0,0.0202,0.9669,0.0,0.1772
1747061460000,105.4294,1.0,0.0694,2.0853,1.0,0.0291,0.9611,1.0,5.0591,0.9992,1.0,0.0,2.564,0.0,22.1321,2.2451,0.9996,0.0179,1.0,0.0,0.0,0.0188,1.0,0.1947,27.6274,0.0847,1.92,2.252,0.4837,0.0196,1.0,0.0154,0.9764,0.0,0.1722
1747061520000,95.7356,1.0,0.0694,1.1736,1.0,0.0226,0.9631,1.0,5.0809,0.9986,1.0,0.0,4.0957,0.0,23.5846,2.2403,0.9998,0.0181,1.0,0.0,0.0,0.019,1.0,0.1976,22.5261,0.0792,1.6364,1.8636,0.485,0.0197,1.0,0.0157,0.9796,0.0,0.1726
1747061580000,104.0843,1.0,0.0694,1.3805,1.0,0.0246,0.9224,1.0,5.0574,0.9989,1.0,0.0,3.4128,0.0,21.9187,2.2264,0.9996,0.0178,1.0,0.0,0.0,0.0191,1.0,0.1995,27.9293,0.0839,2.0,2.5804,0.4876,0.0195,1.0,0.0198,0.9811,0.0,0.1639
1747061640000,100.95,1.0,0.0694,0.8168,1.0,0.0256,0.9405,1.0,5.0775,0.9991,1.0,0.0,2.579,0.0,21.716,2.2008,0.9994,0.0179,1.0,0.0,0.0,0.0186,1.0,0.2198,24.3638,0.0803,1.4167,3.2335,0.4815,0.0193,1.0,0.0219,0.9793,0.0,0.1692
1747061700000,93.5618,1.0,0.0694,0.7674,1.0,0.0239,0.9406,1.0,5.0773,0.9991,1.0,0.0,2.4931,0.0,21.0321,2.206,0.9995,0.0181,1.0,0.0,0.0,0.0187,1.0,0.2153,21.1955,0.0813,1.3077,2.6581,0.4815,0.0198,1.0,0.0133,0.9851,0.0,0.175
1747061760000,89.4626,1.0,0.0694,0.9529,1.0,0.028,0.959,1.0,5.0839,0.9971,1.0,0.0,4.4528,0.0,20.8134,2.2004,0.9993,0.0181,1.0,0.0,0.0,0.0191,1.0,0.2183,22.711,0.0785,1.32,2.2332,0.4739,0.0196,1.0,0.0193,0.9762,0.0,0.1667
1747061820000,89.1826,1.0,0.0694,1.0211,1.0,0.0295,0.93,0.9998,5.0573,0.9988,1.0,0.0,3.1357,0.0,22.1874,2.2475,0.9994,0.0175,1.0,0.0,0.0,0.0196,1.0,0.2166,32.2754,0.0776,1.2941,2.1527,0.4854,0.02,1.0,0.0115,0.9673,0.0,0.1655
1747061880000,93.8631,1.0,0.0694,1.0885,1.0,0.029,0.9505,0.9994,5.0909,0.9977,1.0,0.0,8.9244,0.0,21.3549,2.216,0.9997,0.0179,1.0,0.0,0.0,0.0191,1.0,0.2037,30.6967,0.0746,1.5,2.7796,0.4784,0.0196,1.0,0.0143,0.967,0.0,0.1749
1747061940000,88.1985,0.9987,0.0694,0.9292,1.0,0.0276,0.9443,1.0,5.0773,0.9975,1.0,0.0,4.9228,0.0,21.9918,2.2324,0.9992,0.0178,1.0,0.0,0.0,0.0185,1.0,0.1981,29.4394,0.0753,1.2222,3.4968,0.4843,0.0195,1.0,0.0142,0.9701,0.0,0.163
1747062000000,84.8366,1.0,0.0694,0.9052,1.0,0.0248,0.948,1.0,5.0836,0.9988,1.0,0.0,1.6324,0.0,21.0081,2.2679,0.9993,0.0183,1.0,0.0,0.0,0.0189,1.0,0.1876,21.8531,0.0795,1.4615,2.4028,0.4769,0.0194,1.0,0.0156,0.9783,0.0,0.1648
1747062060000,98.9324,1.0,0.0694,1.1517,1.0,0.0261,0.9581,1.0,5.0773,0.9993,1.0,0.0,1.8306,0.0,22.3551,2.2501,0.9995,0.018,1.0,0.0,0.0,0.0182,1.0,0.1976,26.076,0.0806,1.2308,4.2763,0.4909,0.0192,1.0,0.0177,0.9738,0.0,0.1754
1747062120000,100.2535,1.0,0.0694,1.2532,1.0,0.028,1.0064,1.0,5.0655,0.9869,1.0,0.0,32.3595,0.0,23.0716,2.2695,0.9997,0.0177,1.0,0.0,0.0,0.0191,1.0,0.1986,28.764,0.0773,1.0769,2.9714,0.4927,0.0195,1.0,0.0121,0.967,0.0,0.1729
1747062180000,93.4898,1.0,0.0694,1.2471,1.0,0.0289,0.9645,1.0,5.0676,0.9823,1.0,0.0,30.8935,0.0,21.4685,2.2091,0.9992,0.018,1.0,0.0,0.0,0.0196,1.0,0.2118,27.3358,0.0784,0.6667,2.4364,0.4825,0.0198,1.0,0.0177,0.9648,0.0,0.1668
1747062240000,103.5003,1.0,0.0694,1.5777,1.0,0.0263,0.9651,1.0,5.0791,0.9989,1.0,0.0,2.6944,0.0,22.1699,2.2312,0.9996,0.0179,1.0,0.0,0.0,0.0186,1.0,0.205,29.1702,0.0809,1.25,2.4846,0.4911,0.0194,1.0,0.0147,0.9803,0.0,0.1685
1747062300000,101.1822,1.0,0.0694,0.8826,1.0,0.03,0.9843,1.0,5.0845,0.9988,1.0,0.0,2.9239,0.0,22.0835,2.2243,0.9995,0.0187,1.0,0.0,0.0,0.0184,1.0,0.2027,19.3352,0.0806,1.1429,2.1501,0.4915,0.0194,1.0,0.0226,0.9841,0.0,0.1767
1747062360000,107.4092,1.0,0.0694,1.1494,1.0,0.0346,0.956,1.0,5.0764,0.9988,1.0,0.0,3.0094,0.0,23.1511,2.2577,0.9994,0.0185,1.0,0.0,0.0,0.0186,0.9999,0.2052,23.4142,0.0753,1.5,2.3567,0.4944,0.0193,1.0,0.014,0.9895,0.0,0.1737
1747062420000,101.7223,1.0,0.0694,0.8229,1.0,0.0247,0.9768,1.0,5.0527,0.9947,1.0,0.0,11.2273,0.0,22.0978,2.2732,0.9994,0.0188,1.0,0.0,0.0,0.0185,1.0,0.1969,22.5856,0.0787,1.4,2.5342,0.4904,0.0192,1.0,0.0157,0.9893,0.0,0.173
1747062480000,91.8923,1.0,0.0694,1.1838,1.0,0.025,0.9808,1.0,5.06,0.9966,1.0,0.0,4.6425,0.0,21.9097,2.198,0.9989,0.0191,1.0,0.0,0.0,0.0189,1.0,0.2005,12.8839,0.0783,1.3333,2.0572,0.4842,0.0193,1.0,0.0201,0.9752,0.0,0.1691
1747062540000,96.5482,1.0,0.0694,1.3512,1.0,0.0253,0.956,1.0,5.0409,0.9996,1.0,0.0,1.4816,0.0,22.0193,2.2089,0.9995,0.0188,1.0,0.0,0.0,0.0182,1.0,0.2091,12.3416,0.0759,1.2857,2.3198,0.4832,0.019,1.0,0.0168,0.9751,0.0,0.1675
1747062600000,101.2316,1.0,0.0694,1.0245,1.0,0.026,0.9784,0.9995,5.0582,0.9992,1.0,0.0,1.6299,0.0,21.6999,2.2138,0.9995,0.0188,1.0,0.0,0.0,0.0185,1.0,0.2096,12.8115,0.073,1.3846,2.1791,0.4832,0.0192,1.0,0.0155,0.9914,0.0,0.1691
1747062660000,101.6481,1.0,0.0694,1.0841,1.0,0.022,0.9648,1.0,5.0655,0.9854,1.0,0.0,34.4412,0.0,23.0366,2.2005,0.9993,0.0188,1.0,0.0,0.0,0.0189,1.0,0.2074,16.1757,0.0745,1.4583,2.4182,0.4801,0.0194,1.0,0.0113,0.9883,0.0,0.1671
1747062720000,95.4831,1.0,0.0694,1.1146,1.0,0.0244,0.9569,1.0,5.0655,0.9912,1.0,0.0,18.1036,0.0,22.0616,2.2417,0.9993,0.0189,1.0,0.0,0.0,0.0182,1.0,0.205,15.1573,0.0753,1.2143,2.3043,0.4771,0.0192,1.0,0.0151,0.982,0.0,0.161
1747062780000,93.1065,1.0,0.0694,1.4896,1.0,0.0222,0.9408,1.0,5.0545,0.9994,1.0,0.0,1.7296,0.0,21.2752,2.2183,0.9997,0.0188,1.0,0.0,0.0,0.0184,1.0,0.2082,14.334,0.0758,1.3333,1.9178,0.4891,0.0192,1.0,0.0132,0.9851,0.0,0.161
1747062840000,103.5935,1.0,0.0694,1.2333,1.0,0.0261,0.9404,1.0,5.0664,0.9982,1.0,0.0,4.3488,0.0,22.6304,2.2112,0.9993,0.0186,1.0,0.0,0.0,0.0185,1.0,0.2046,20.2702,0.075,1.2,1.8157,0.4816,0.0193,1.0,0.0153,0.9885,0.0,0.1666
1747062900000,102.2441,1.0,0.0694,1.1641,1.0,0.021,0.9583,1.0,5.0673,0.9994,1.0,0.0,1.6344,0.0,22.3912,2.2577,0.9996,0.0189,1.0,0.0,0.0,0.0184,1.0,0.205,14.4934,0.0805,1.3333,2.0151,0.4763,0.0197,1.0,0.0174,0.989,0.0,0.1645
1747062960000,98.0067,1.0,0.0694,0.8727,1.0,0.0203,0.96,1.0,5.06,0.9961,1.0,0.0,10.9792,0.0,21.5622,2.2335,0.9997,0.0189,1.0,0.0,0.0,0.0184,1.0,0.201,15.9655,0.0762,1.3333,2.4597,0.4805,0.0195,1.0,0.0166,0.9901,0.0,0.1684
1747063020000,101.7036,1.0,0.0694,1.4726,1.0,0.0279,0.9622,1.0,5.0691,0.9989,1.0,0.0,3.4512,0.0,23.5075,2.2487,0.9996,0.0185,1.0,0.0,0.0,0.0186,0.9999,0.1879,20.3377,0.0707,1.3333,2.555,0.4658,0.0192,1.0,0.0215,0.9903,0.0,0.1602
1747063080000,105.6981,1.0,0.0694,1.5805,1.0,0.027,0.961,1.0,5.0691,0.9975,1.0,0.0,3.6322,0.0,23.3286,2.2252,0.9991,0.0187,1.0,0.0,0.0,0.0183,1.0,0.1807,28.9505,0.0768,2.0,2.099,0.4757,0.0198,1.0,0.0127,0.9852,0.0,0.1653
1747063140000,101.5698,1.0,0.0694,1.511,1.0,0.0291,0.9428,1.0,5.0636,0.9985,1.0,0.0,2.8827,0.0,23.0913,2.2285,0.9991,0.0186,1.0,0.0,0.0,0.0185,1.0,0.1904,26.1517,0.0745,1.625,2.6778,0.4697,0.0194,1.0,0.0117,0.9855,0.0,0.1748
1747063200000,96.9314,1.0,0.0694,0.784,1.0,0.0275,0.9661,1.0,5.0749,0.975,1.0,0.0,38.0887,0.0,21.6458,2.2151,0.999,0.0188,1.0,0.0,0.0,0.0184,1.0,0.1924,19.0832,0.0779,1.375,1.768,0.4651,0.0194,1.0,0.0179,0.9869,0.0,0.173
1747063260000,106.7974,1.0,0.0694,1.9486,1.0,0.0312,0.9642,1.0,5.0655,0.9738,1.0,0.0,50.6533,0.0,23.6735,2.2169,0.9991,0.0186,1.0,0.0,0.0,0.0185,1.0,0.1935,24.1616,0.0755,1.2917,2.1166,0.4745,0.0195,1.0,0.0224,0.9875,0.0,0.1636
1747063320000,99.2968,1.0,0.0694,1.7498,1.0,0.0259,0.9827,1.0,5.0655,0.9994,1.0,0.0,1.9218,0.0,23.5651,2.259,0.9994,0.0188,1.0,0.0,0.0,0.0182,1.0,0.1888,15.7024,0.0723,0.8824,2.4409,0.4758,0.0189,1.0,0.0122,0.9901,0.0,0.1631
1747063380000,97.2248,1.0,0.0694,1.4142,1.0,0.0276,0.9589,1.0,5.0694,0.9988,1.0,0.0,3.0386,0.0,23.3006,2.2683,0.9992,0.0189,1.0,0.0,0.0,0.0182,1.0,0.1991,17.2469,0.0698,1.3333,3.1926,0.4814,0.0192,1.0,0.023,0.989,0.0,0.1687
1747063440000,97.8974,1.0,0.0694,0.8424,1.0,0.0299,0.93,1.0,5.0637,0.9991,1.0,0.0,2.3719,0.0,23.5233,2.2506,0.9995,0.0186,1.0,0.0,0.0,0.0182,1.0,0.1975,20.3025,0.0676,1.4444,2.4533,0.4737,0.0195,1.0,0.0139,0.986,0.0,0.1648
1747063500000,92.6131,1.0,0.0694,0.8012,1.0,0.0241,0.9618,0.9995,5.0855,0.9975,1.0,0.0,7.0309,0.0,20.2631,2.2262,0.9996,0.0189,1.0,0.0,0.0,0.0184,1.0,0.2088,15.6892,0.0715,1.3077,1.9524,0.4818,0.0191,1.0,0.0163,0.9885,0.0,0.1698
1747063560000,89.917,1.0,0.0694,0.9407,1.0,0.0238,0.9767,0.9988,5.0593,0.9992,1.0,0.0,2.1562,0.0,20.6926,2.2455,0.9998,0.0188,1.0,0.0,0.0,0.0185,1.0,0.2111,12.9169,0.0685,1.5417,2.5238,0.4751,0.0193,1.0,0.0118,0.9889,0.0,0.1619
1747063620000,99.1076,1.0,0.0694,1.0176,1.0,0.0267,0.9262,1.0,5.0682,0.9989,1.0,0.0,1.9598,0.0,21.3237,2.2015,0.9993,0.0187,1.0,0.0,0.0,0.0188,1.0,0.2145,17.6411,0.0707,1.3,2.0168,0.4731,0.0191,1.0,0.0117,0.992,0.0,0.1648
1747063680000,87.408,1.0,0.0694,1.1103,1.0,0.0225,0.9982,1.0,5.0594,0.9991,1.0,0.0,2.3284,0.0,21.4655,2.2156,0.9998,0.019,1.0,0.0,0.0,0.0193,1.0,0.2103,15.4676,0.0714,1.0,2.8199,0.473,0.0189,1.0,0.027,0.9882,0.0,0.1686
1747063740000,89.0308,1.0,0.0694,1.0098,1.0,0.0286,0.9149,1.0,5.0795,0.997,1.0,0.0,5.6068,0.0,21.7857,2.2101,0.9992,0.0186,1.0,0.0,0.0,0.0191,1.0,0.2175,20.3178,0.0711,1.5455,2.7648,0.4707,0.0194,1.0,0.019,0.9787,0.0,0.1653
1747063800000,105.5369,1.0,0.0694,0.806,1.0,0.0226,0.9335,0.9994,5.0509,0.9989,1.0,0.0,1.5288,0.0,22.8878,2.2958,0.9998,0.019,1.0,0.0,0.0,0.0186,1.0,0.2034,14.144,0.0743,1.6667,2.6547,0.4687,0.0189,1.0,0.0199,0.9911,0.0,0.1644
1747063860000,108.7339,1.0,0.0694,1.152,1.0,0.0249,0.9037,1.0,5.0819,0.9974,1.0,0.0,4.3681,0.0,23.5479,2.2503,0.9989,0.0185,1.0,0.0,0.0,0.0191,1.0,0.2046,27.5201,0.0726,1.4063,2.3819,0.4666,0.0193,1.0,0.0175,0.9875,0.0,0.1666
1747063920000,109.1592,1.0,0.0694,1.1661,1.0,0.0256,0.9569,1.0,5.0682,0.9987,1.0,0.0,3.3026,0.0,24.8194,2.2023,0.9991,0.019,1.0,0.0,0.0,0.0183,1.0,0.1929,26.7554,0.0718,1.3636,2.9573,0.4741,0.019,1.0,0.0111,0.9873,0.0,0.1713
1747063980000,104.6677,1.0,0.0694,1.1752,1.0,0.0241,0.938,1.0,5.0736,0.9992,1.0,0.0,2.2288,0.0,21.8368,2.1947,0.9992,0.0187,1.0,0.0,0.0,0.0184,1.0,0.2089,18.7272,0.0725,2.5,1.7787,0.47,0.0191,1.0,0.0156,0.9916,0.0,0.1703
1747064040000,106.523,1.0,0.0694,1.5047,1.0,0.0213,0.936,1.0,5.0664,0.9989,1.0,0.0,2.2453,0.0,22.0108,2.2209,0.9995,0.0185,1.0,0.0,0.0,0.0189,1.0,0.214,14.2896,0.0756,1.4444,3.6903,0.4562,0.0189,1.0,0.0161,0.9943,0.0,0.1671
1747064100000,100.3279,1.0,0.0694,0.9727,1.0,0.0237,0.9284,1.0,5.0809,0.9969,1.0,0.0,5.3748,0.0,21.6646,2.1895,0.9991,0.0186,1.0,0.0,0.0,0.0193,1.0,0.2015,19.125,0.0724,1.1667,2.3373,0.457,0.0189,1.0,0.019,0.9882,0.0,0.1608
1747064160000,100.4832,1.0,0.0694,1.0955,1.0,0.0236,0.9109,1.0,5.0709,0.9992,1.0,0.0,1.8418,0.0,22.4938,2.1747,0.9994,0.0187,1.0,0.0,0.0,0.0185,1.0,0.1947,18.0085,0.0726,1.44,2.0584,0.4594,0.0186,1.0,0.012,0.9907,0.0,0.1613
1747064220000,93.227,1.0,0.0694,0.8449,1.0,0.0269,0.9099,0.9994,5.0892,0.9989,1.0,0.0,2.2072,0.0,21.0519,2.208,0.9995,0.0185,1.0,0.0,0.0,0.0193,1.0,0.1841,11.8635,0.0725,1.0,2.9278,0.4695,0.0191,1.0,0.0158,0.9971,0.0,0.162
1747064280000,99.1463,1.0,0.0694,0.971,1.0,0.0313,0.9429,1.0,5.0666,0.9987,1.0,0.0,2.4767,0.0,21.5331,2.1977,0.9994,0.0188,1.0,0.0,0.0,0.0186,1.0,0.1895,13.8585,0.0713,1.5,2.1873,0.4625,0.019,1.0,0.0158,0.9927,0.0,0.1606
1747064340000,93.4425,1.0,0.0694,1.3333,1.0,0.0297,0.8877,1.0,5.0773,0.9993,1.0,0.0,2.1705,0.0,23.1044,2.2006,0.9996,0.018,1.0,0.0,0.0,0.0188,1.0,0.1917,19.3224,0.0687,1.4286,2.1542,0.462,0.0191,1.0,0.0172,0.9908,0.0,0.165
1747064400000,99.2753,1.0,0.0694,1.3271,1.0,0.0221,0.9374,1.0,5.0804,0.9974,1.0,0.0,5.4368,0.0,22.078,2.1869,0.9991,0.0188,1.0,0.0,0.0,0.0196,1.0,0.187,20.3232,0.0704,1.6923,2.6508,0.4719,0.0191,1.0,0.0117,0.9928,0.0,0.1641
1747064460000,98.0978,1.0,0.0694,1.1985,1.0,0.0282,0.9363,1.0,5.0676,0.998,1.0,0.0,6.0026,0.0,22.2389,2.2069,0.9996,0.0188,1.0,0.0,0.0,0.0204,1.0,0.1849,17.2721,0.0658,1.5833,2.6808,0.4656,0.0188,1.0,0.0137,0.9942,0.0,0.1586
1747064520000,98.8506,1.0,0.0694,1.133,1.0,0.0296,0.9214,1.0,5.0546,0.999,1.0,0.0,2.1494,0.0,23.4853,2.162,0.9992,0.0189,1.0,0.0,0.0,0.0194,1.0,0.1801,15.3989,0.0678,1.5,2.1644,0.4587,0.019,1.0,0.0144,0.9877,0.0,0.1555
1747064580000,90.7549,1.0,0.0694,1.4006,1.0,0.0309,0.959,1.0,5.0741,0.9984,1.0,0.0,4.4697,0.0,21.8018,2.1877,0.9996,0.0187,1.0,0.0,0.0,0.0187,1.0,0.1945,16.1981,0.0648,1.5,2.4663,0.4609,0.0189,1.0,0.0193,0.9873,0.0,0.1652
1747064640000,94.6925,1.0,0.0694,1.1304,1.0,0.0268,0.9175,1.0,5.0718,0.999,1.0,0.0,3.0014,0.0,21.3995,2.2016,0.9997,0.0189,1.0,0.0,0.0,0.02,1.0,0.1907,17.2732,0.0693,1.2857,1.7,0.4646,0.0188,1.0,0.0159,0.9862,0.0,0.1562
1747064700000,93.2219,1.0,0.0694,1.1478,1.0,0.0241,0.9396,1.0,5.0639,0.9991,1.0,0.0,1.7877,0.0,21.026,2.1675,0.9995,0.0187,1.0,0.0,0.0,0.0192,1.0,0.193,17.026,0.0732,1.625,2.2945,0.4584,0.0187,1.0,0.021,0.9814,0.0,0.1636
1747064760000,88.6261,1.0,0.0694,1.0108,1.0,0.0315,0.9271,1.0,5.0573,0.9991,1.0,0.0,2.9214,0.0,22.2374,2.2094,0.9994,0.0188,1.0,0.0,0.0,0.0196,1.0,0.2021,20.4378,0.0678,1.4583,2.1985,0.4742,0.0191,1.0,0.0107,0.9802,0.0,0.1647
1747064820000,93.4398,1.0,0.0694,1.5785,1.0,0.025,0.9415,1.0,5.0664,0.9991,1.0,0.0,2.8724,0.0,21.1644,2.2172,0.9995,0.0188,1.0,0.0,0.0,0.0187,1.0,0.1937,12.4519,0.0697,1.0556,3.958,0.4544,0.0185,1.0,0.0225,0.9778,0.0,0.164
1747064880000,83.7188,1.0,0.0694,1.3812,1.0,0.0337,0.9071,1.0,5.0591,0.9986,1.0,0.0,3.0312,0.0,22.5097,2.1939,0.9991,0.0184,1.0,0.0,0.0,0.0198,1.0,0.1802,25.5995,0.0646,1.25,2.2571,0.4615,0.0191,1.0,0.0149,0.9829,0.0,0.159
1747064940000,96.362,1.0,0.0694,1.9683,1.0,0.0282,0.9275,1.0,5.0573,0.9977,1.0,0.0,4.9234,0.0,21.8554,2.1953,0.9995,0.0178,1.0,0.0,0.0,0.0194,1.0,0.176,30.287,0.0664,1.125,2.1485,0.4514,0.0186,1.0,0.0176,0.9806,0.0,0.1636
1747065000000,92.5076,1.0,0.0694,0.8087,1.0,0.0285,0.9302,1.0,5.0739,0.9992,1.0,0.0,3.0991,0.0,21.5968,2.1856,0.9996,0.0177,1.0,0.0,0.0,0.0196,1.0,0.1802,25.8953,0.0685,1.5833,1.8857,0.46,0.0189,1.0,0.0152,0.9882,0.0,0.1566
1747065060000,93.6916,1.0,0.0694,2.0388,1.0,0.0341,0.9235,1.0,5.0736,0.9994,1.0,0.0,1.8039,0.0,22.0285,2.1954,0.9995,0.0181,1.0,0.0,0.0,0.0205,1.0,0.1749,21.5006,0.0645,1.68,2.4614,0.4658,0.0184,1.0,0.0177,0.9935,0.0,0.1613
1747065120000,97.8697,1.0,0.0694,1.8138,1.0,0.0271,0.9507,1.0,5.0409,0.9993,1.0,0.0,1.5989,0.0,21.701,2.2195,0.9995,0.0181,1.0,0.0,0.0,0.0197,1.0,0.1884,19.5135,0.0672,2.0,3.3458,0.4684,0.0184,1.0,0.0202,0.9874,0.0,0.1614
1747065180000,98.3476,1.0,0.0694,1.3674,1.0,0.0217,0.9282,1.0,5.0629,0.9991,1.0,0.0,3.1035,0.0,21.5931,2.2661,0.9997,0.0179,1.0,0.0,0.0,0.0195,1.0,0.1787,23.6715,0.0676,2.0,2.2139,0.45,0.0186,1.0,0.0138,0.988,0.0,0.1604
1747065240000,96.967,1.0,0.0694,0.8733,1.0,0.0236,0.912,1.0,5.0536,0.9996,1.0,0.0,1.4882,0.0,20.0485,2.2393,0.9995,0.018,1.0,0.0,0.0,0.0186,1.0,0.1825,19.4029,0.0688,1.25,2.3289,0.4559,0.0183,1.0,0.0166,0.9927,0.0,0.158
1747065300000,98.6635,1.0,0.0694,0.7994,1.0,0.027,0.9307,1.0,5.0636,0.9976,1.0,0.0,5.4834,0.0,21.2305,2.1769,0.9994,0.0183,1.0,0.0,0.0,0.0214,1.0,0.1964,19.8958,0.0665,1.1765,1.7829,0.4547,0.0187,1.0,0.0132,0.9946,0.0,0.1607
1747065360000,91.1949,1.0,0.0694,0.8643,1.0,0.0259,0.8988,1.0,5.0745,0.9984,1.0,0.0,3.3774,0.0,20.4635,2.1741,0.9993,0.0182,1.0,1e-04,0.0,0.0207,1.0,0.1879,22.8105,0.0692,1.375,2.4579,0.4624,0.0189,1.0,0.0237,0.9852,0.0,0.1544
1747065420000,90.6112,1.0,0.0694,0.9583,1.0,0.0246,0.9356,1.0,5.081,0.9992,1.0,0.0,2.0107,0.0,22.2932,2.1517,0.9995,0.0182,1.0,0.0,0.0,0.0206,0.9999,0.1813,22.57,0.0677,1.3,2.6018,0.4541,0.0188,1.0,0.022,0.9924,0.0,0.1601
1747065480000,89.0098,1.0,0.0694,1.078,1.0,0.0211,0.9369,1.0,5.0627,0.9988,1.0,0.0,3.2313,0.0,22.5381,2.1409,0.9996,0.0187,1.0,0.0,0.0,0.0199,1.0,0.1855,16.871,0.0711,1.6667,3.1062,0.4444,0.0192,1.0,0.0189,0.9931,0.0,0.1608
1747065540000,86.3263,1.0,0.0694,0.9943,1.0,0.0235,0.9152,1.0,5.0736,0.9976,1.0,0.0,6.4618,0.0,23.2236,2.1536,0.9995,0.0205,1.0,0.0,0.0,0.0203,1.0,0.1885,19.904,0.0783,1.125,2.314,0.4466,0.0199,1.0,0.0193,0.9916,0.0,0.1556
1747065600000,91.1924,1.0,0.0694,0.8884,1.0,0.0322,0.9061,1.0,5.0591,0.9731,1.0,0.0,63.524,0.0,22.0566,2.1849,0.9996,0.0178,1.0,0.0,0.0,0.0196,1.0,0.1937,33.7643,0.0712,1.5,2.7092,0.4547,0.0198,1.0,0.0153,0.9902,0.0,0.1603
1747065660000,93.8487,1.0,0.0694,1.0977,1.0,0.0283,1.0051,1.0,5.0764,0.9799,1.0,0.0,59.0196,0.0,20.6742,2.2119,0.9995,0.0179,1.0,0.0,0.0,0.0218,1.0,0.1972,24.8933,0.0713,1.4167,2.5562,0.4654,0.0193,1.0,0.0163,0.9889,0.0,0.1711
1747065720000,92.9072,1.0,0.0694,0.9678,1.0,0.032,0.9976,1.0,5.07,0.9571,1.0,0.0,75.4231,0.0,23.8122,2.1835,0.9991,0.0179,1.0,0.0,0.0,0.0208,1.0,0.1995,39.4104,0.0685,1.6,2.5595,0.4599,0.0197,1.0,0.0128,0.981,0.0,0.1649
1747065780000,92.656,1.0,0.0694,1.2015,1.0,0.0295,0.9309,1.0,5.0709,0.9786,1.0,0.0,60.0822,0.0,23.1585,2.1853,0.9994,0.0177,1.0,0.0,0.0,0.0194,1.0,0.193,37.8372,0.0668,1.0,2.1023,0.4555,0.0194,1.0,0.0163,0.9844,0.0,0.1666
1747065840000,90.4923,1.0,0.0694,1.4053,1.0,0.0258,0.9508,1.0,5.0618,0.9809,1.0,0.0,53.0898,0.0,20.8761,2.1733,0.9996,0.018,1.0,0.0,0.0,0.0212,1.0,0.1926,27.5782,0.069,0.75,2.1312,0.4649,0.0194,1.0,0.0216,0.9925,0.0,0.161
1747065900000,98.9994,1.0,0.0694,1.4179,1.0,0.0247,0.9514,1.0,5.0568,0.9878,1.0,0.0,34.8445,0.0,21.6601,2.1848,0.9996,0.018,1.0,0.0,0.0,0.0203,1.0,0.1993,23.7155,0.0658,1.25,2.5885,0.471,0.0186,1.0,0.0295,0.9932,0.0,0.161
1747065960000,94.2201,1.0,0.0694,0.9342,1.0,0.0217,0.9335,1.0,5.0491,0.9909,1.0,0.0,31.5388,0.0,21.2924,2.214,0.9996,0.0181,1.0,0.0,0.0,0.0221,1.0,0.1947,20.6735,0.0684,1.7083,2.9399,0.4651,0.0188,1.0,0.0174,0.9923,0.0,0.1551
1747066020000,91.3179,1.0,0.0694,1.1219,1.0,0.0289,0.9646,1.0,5.0886,0.9826,1.0,0.0,31.6958,0.0,21.2539,2.2214,0.9993,0.018,1.0,0.0,0.0,0.0196,1.0,0.1898,22.901,0.0632,1.3,2.7685,0.4687,0.0185,1.0,0.0176,0.9827,0.0,0.1591
1747066080000,85.2458,1.0,0.0694,0.8311,1.0,0.0283,0.9249,1.0,5.0618,0.994,1.0,0.0,24.259,0.0,19.9727,2.2825,0.9995,0.0178,1.0,0.0,0.0,0.021,1.0,0.189,24.4695,0.0625,2.0,2.5527,0.4647,0.0185,1.0,0.0194,0.9747,0.0,0.1587
1747066140000,84.4669,1.0,0.0694,1.3643,1.0,0.0271,0.9683,1.0,5.0709,0.9899,1.0,0.0,21.8464,0.0,20.8063,2.1987,0.9994,0.0181,1.0,0.0,0.0,0.0187,1.0,0.1997,19.0498,0.0624,1.2857,2.3516,0.4467,0.0187,1.0,0.0165,0.9679,0.0,0.1539
1747066200000,91.4687,1.0,0.0694,1.5645,1.0,0.0244,0.9412,1.0,5.0873,0.9919,1.0,0.0,22.8193,0.0,21.3335,2.2135,0.9995,0.0178,1.0,0.0,0.0,0.0214,1.0,0.1972,20.3421,0.0611,1.4615,2.8182,0.4775,0.0185,1.0,0.0207,0.9815,0.0,0.1534
1747066260000,90.2381,1.0,0.0694,1.2647,1.0,0.0325,0.9235,1.0,5.0827,0.9845,1.0,0.0,26.1307,0.0,24.9769,2.2147,0.9993,0.0179,1.0,0.0,0.0,0.0222,1.0,0.1782,26.5809,0.0625,1.44,2.4324,0.4726,0.0189,1.0,0.0137,0.9868,0.0,0.1545
1747066320000,92.443,1.0,0.0694,1.0602,1.0,0.0249,0.9504,1.0,5.0727,0.9926,1.0,0.0,24.5892,0.0,29.8204,2.1801,0.9992,0.0178,1.0,0.0,0.0,0.0212,1.0,0.1923,30.6097,0.0635,1.1333,1.9618,0.4586,0.019,1.0,0.0222,0.988,0.0,0.1561
1747066380000,89.8083,1.0,0.0694,1.3528,1.0,0.03,0.9685,1.0,5.0627,0.9924,1.0,0.0,20.0939,0.0,27.1458,2.2551,0.9997,0.0176,1.0,0.0,0.0,0.0226,1.0,0.1865,21.8214,0.0645,1.4444,2.0088,0.4758,0.019,1.0,0.0172,0.9907,0.0,0.1591
1747066440000,91.2164,1.0,0.0694,1.3687,1.0,0.0249,0.9711,1.0,5.0727,0.9894,1.0,0.0,18.3036,0.0,26.6006,2.1783,0.9993,0.0178,1.0,0.0,0.0,0.0223,1.0,0.193,19.4341,0.0634,1.1429,2.5103,0.4584,0.0188,1.0,0.0155,0.9908,0.0,0.1596
1747066500000,84.0797,1.0,0.0694,1.4749,1.0,0.0358,0.9396,0.9997,5.0836,0.9829,1.0,0.0,23.9888,0.0,21.3132,2.1898,0.9993,0.0175,1.0,0.0,0.0,0.0189,1.0,0.1975,22.9085,0.0604,1.3333,2.3462,0.47,0.0186,1.0,0.0151,0.9842,0.0,0.1606
1747066560000,87.9992,1.0,0.0694,0.965,1.0,0.0251,0.9583,1.0,5.0527,0.9886,1.0,0.0,27.7611,0.0,19.8193,2.1923,0.9993,0.0184,1.0,0.0,0.0,0.0222,0.9998,0.1956,27.4799,0.0616,1.375,1.6478,0.4651,0.0187,1.0,0.0167,0.988,0.0,0.1579
1747066620000,89.7054,1.0,0.0694,1.4831,1.0,0.027,0.9812,1.0,5.0827,0.9928,1.0,0.0,21.2993,0.0,20.1663,2.1951,0.9994,0.0178,1.0,0.0,0.0,0.0211,1.0,0.1929,22.8642,0.0594,1.3,2.3606,0.475,0.0186,1.0,0.0136,0.9829,0.0,0.1607
1747066680000,84.824,1.0,0.0694,1.5322,1.0,0.0268,1.0086,1.0,5.0645,0.9912,1.0,0.0,20.73,0.0,21.4067,2.1878,0.9993,0.0177,1.0,0.0,0.0,0.0211,1.0,0.1765,22.4073,0.0582,1.3333,2.5662,0.4782,0.0188,1.0,0.0172,0.982,0.0,0.1603
1747066740000,86.987,1.0,0.0694,2.1491,1.0,0.0248,0.9662,1.0,5.0709,0.9928,1.0,0.0,20.1384,0.0,22.1996,2.2686,0.9994,0.0179,1.0,0.0,0.0,0.02,1.0,0.1829,27.9182,0.0613,1.7143,2.0278,0.4602,0.0185,1.0,0.0169,0.9663,0.0,0.1569
1747066800000,94.9994,1.0,0.0694,1.1944,1.0,0.0236,0.9564,1.0,5.0878,0.9974,1.0,0.0,13.7937,0.0,19.5966,2.2482,0.9998,0.018,1.0,0.0,488.8545,0.0238,0.9998,0.184,21.4834,0.0623,1.8125,3.3543,0.4737,0.0187,1.0,0.0238,0.9919,0.2364,0.1581
1747066860000,121.7142,1.0,0.0694,2.847,1.0,0.0222,1.4124,1.0,5.0745,0.9948,1.0,0.0,12.7586,0.0,24.1409,2.2838,0.9995,0.0179,1.0,1e-04,2453.0544,0.0196,0.9981,0.1885,24.2927,0.059,1.625,2.0405,0.7553,0.0182,1.0,0.015,0.9936,0.9636,0.192
1747066920000,108.7217,1.0,0.0694,2.9304,1.0,0.027,39.5988,1.0,4.1087,0.9951,1.0,0.0,19.6826,0.0,24.9691,2.27,0.9995,0.0177,1.0,0.0,858.7273,0.0204,0.9993,0.2182,30.0467,0.0569,1.4,2.8931,0.6843,0.0185,1.0,0.0183,0.9829,0.1818,0.1873
1747066980000,93.0278,0.9977,0.0694,1.1752,1.0,0.0313,12.6089,1.0,4.5091,0.1491,1.0,0.0,132.4868,0.0,27.6656,2.2472,1.0,0.0181,1.0,0.0,0.0,0.0771,1.0,0.2099,24.0126,0.0572,2.0,3.0955,0.4943,0.0182,1.0,0.0234,0.9783,0.0,0.1612
1747067040000,100.9574,1.0,0.0694,1.2637,1.0,0.0278,1.0373,1.0,5.0218,0.2565,1.0,0.0,146.062,0.0,30.905,2.2509,0.9999,0.0179,1.0,0.0,0.0,0.2604,1.0,0.2078,25.501,0.0597,1.5,1.8686,0.5006,0.0183,1.0,0.0241,0.9779,0.0,0.2372
1747067100000,91.1411,1.0,0.0694,0.8729,1.0,0.0294,1.0337,1.0,5.0727,0.3644,1.0,0.0,148.589,0.0,32.4941,2.2689,0.9999,0.0174,1.0,0.0,0.0,0.1554,1.0,0.2216,33.3219,0.0602,1.25,2.468,0.4979,0.0185,1.0,0.0306,0.9765,0.0,0.1899
1747067160000,96.1586,1.0,0.0694,0.8694,1.0,0.029,1.0259,0.9997,5.0277,0.7137,1.0,0.0,152.444,0.0,38.8784,2.248,0.9998,0.0176,1.0,0.0,0.0,0.0601,0.9995,0.2118,34.1017,0.0595,1.375,2.1194,0.4812,0.0185,1.0,0.0159,0.9586,0.0,0.1806
1747067220000,87.8187,1.0,0.0694,0.903,1.0,0.036,0.9862,1.0,5.0019,0.5397,1.0,0.0,143.9925,0.0,33.7605,2.2796,0.9998,0.0175,1.0,0.0,0.0,0.0644,1.0,0.2194,35.2113,0.0563,1.5,2.8257,0.4882,0.0186,1.0,0.0139,0.9764,0.0,0.1657
1747067280000,86.9095,1.0,0.0694,1.243,1.0,0.0293,1.0157,1.0,5.011,0.8753,1.0,0.0,134.026,0.0,38.1055,2.3026,0.9999,0.0179,1.0,0.0,0.0,0.0396,1.0,0.2081,24.3645,0.0534,2.0,2.1621,0.4804,0.0182,1.0,0.0168,0.9903,0.0,0.1723
1747067340000,85.0008,1.0,0.0694,1.0922,1.0,0.0335,0.9679,0.9996,5.0091,0.9927,1.0,0.0,21.373,0.0,22.231,2.2747,0.9995,0.0175,1.0,0.0,0.0,0.0223,1.0,0.1974,25.9964,0.0559,1.2778,2.7114,0.4893,0.0186,1.0,0.0243,0.9848,0.0,0.1594
1747067400000,81.7736,1.0,0.0694,1.1089,1.0,0.0254,1.023,1.0,5.0209,0.6645,1.0,0.0,142.965,0.0,36.1669,2.2693,0.9998,0.0175,1.0,0.0,0.0,0.0515,1.0,0.1963,27.8115,0.0589,1.4167,2.7616,0.4748,0.0185,1.0,0.0129,0.9831,0.0,0.1602
1747067460000,81.0619,1.0,0.0694,1.2884,1.0,0.0223,0.9986,1.0,5.0209,0.9818,1.0,0.0,77.4539,0.0,33.4447,2.2637,0.9996,0.0176,1.0,1e-04,0.0,0.0239,1.0,0.2047,30.6355,0.0567,1.5417,2.4675,0.4775,0.0184,1.0,0.0186,0.9743,0.0,0.1678
1747067520000,78.0101,1.0,0.0694,1.1044,1.0,0.0301,1.0409,1.0,5.0082,0.9946,1.0,0.0,26.0812,0.0,23.8225,2.3027,0.9995,0.0178,1.0,0.0,0.0,0.02,1.0,0.2045,26.0752,0.0576,1.3,2.5122,0.4738,0.0188,1.0,0.0126,0.9684,0.0,0.1584
1747067580000,80.5352,1.0,0.0694,1.1295,1.0,0.0224,0.9984,1.0,5.0243,0.9896,1.0,0.0,33.2183,0.0,25.7308,2.2446,0.9986,0.0175,1.0,0.0,0.0,0.0196,1.0,0.1955,37.6793,0.0555,2.0,2.4904,0.4789,0.0189,1.0,0.0168,0.9522,0.0,0.1573
1747067640000,81.1314,1.0,0.0694,1.3002,1.0,0.024,0.9854,1.0,5.0318,0.7971,1.0,0.0,125.6749,0.0,36.3477,2.2444,0.9997,0.0176,1.0,0.0,0.0,0.0353,1.0,0.1963,34.3401,0.055,1.4286,3.1076,0.4978,0.0187,1.0,0.0121,0.9811,0.0,0.1589
1747067700000,89.6222,1.0,0.0694,1.9948,1.0,0.0254,1.0289,1.0,5.02,0.9939,1.0,0.0,34.5371,0.0,28.5844,2.2648,0.9992,0.0173,1.0,0.0,0.0,0.0184,1.0,0.1923,41.4552,0.0545,1.3333,2.4244,0.4823,0.0184,1.0,0.0127,0.9798,0.0,0.162
1747067760000,75.1389,1.0,0.0694,0.8268,1.0,0.0241,0.9904,1.0,5.0248,0.9922,1.0,0.0,29.6396,0.0,24.4991,2.2506,0.9992,0.0173,1.0,1e-04,0.0,0.0195,1.0,0.2035,30.0487,0.0571,1.28,2.3541,0.4928,0.0187,1.0,0.0186,0.9818,0.0,0.1563
1747067820000,78.1881,1.0,0.0694,1.2603,1.0,0.0241,1.0218,1.0,4.9427,0.9821,1.0,0.0,32.2407,0.0,26.4758,2.224,0.9989,0.0173,1.0,0.0,0.0,0.0195,1.0,0.1817,34.2786,0.055,1.4286,2.1009,0.4676,0.0186,1.0,0.0148,0.9601,0.0,0.1573
1747067880000,81.6376,1.0,0.0694,0.8586,1.0,0.03,0.9937,0.9997,5.0218,0.9863,1.0,0.0,36.9499,0.0,25.3312,2.2312,0.9986,0.0176,1.0,0.0,0.0,0.0206,1.0,0.1906,42.7368,0.0568,1.1111,2.3019,0.4764,0.0189,1.0,0.0197,0.9579,0.0,0.1577
1747067940000,94.3505,1.0,0.0694,1.3695,1.0,0.0351,1.007,1.0,5.0218,0.9584,1.0,0.0,104.3738,0.0,34.8737,2.2664,0.9996,0.0175,1.0,0.0,0.0,0.0274,1.0,0.1933,36.6688,0.0578,1.2857,2.0409,0.4821,0.0183,1.0,0.0136,0.9866,0.0,0.1595
1747068000000,87.1172,1.0,0.0694,1.5849,1.0,0.0242,0.9654,1.0,5.0355,0.992,1.0,0.0,33.7842,0.0,23.6893,2.2474,0.9994,0.0177,1.0,0.0,0.0,0.0211,1.0,0.1887,31.5289,0.0557,1.25,2.5785,0.4772,0.0188,1.0,0.0139,0.9832,0.0,0.1608
1747068060000,87.6047,1.0,0.0694,1.2808,1.0,0.0277,0.9845,1.0,5.0185,0.9894,1.0,0.0,28.323,0.0,24.7985,2.2578,0.9991,0.0177,1.0,1e-04,0.0,0.0202,1.0,0.1964,35.6821,0.0553,1.4167,1.9796,0.4793,0.0185,1.0,0.016,0.975,0.0,0.1574
1747068120000,89.0895,1.0,0.0694,1.287,1.0,0.0277,1.0221,1.0,5.0304,0.9882,1.0,0.0,38.1334,0.0,24.1183,2.2338,0.9989,0.018,1.0,0.0,0.0,0.0222,1.0,0.1888,38.243,0.0553,1.4,2.1731,0.4807,0.0189,1.0,0.02,0.9831,0.0,0.1564
1747068180000,90.4232,1.0,0.0694,1.6155,1.0,0.0255,1.017,1.0,5.0036,0.9898,1.0,0.0,34.0014,0.0,23.2903,2.2524,0.9989,0.0176,1.0,0.0,0.0,0.0212,1.0,0.1848,31.2996,0.0565,2.0,2.3668,0.4918,0.0184,1.0,0.0251,0.9806,0.0,0.1596
1747068240000,83.8322,1.0,0.0694,1.3727,1.0,0.0192,0.9786,1.0,5.0249,0.9975,1.0,0.0,25.4678,0.0,21.4988,2.3221,0.9998,0.0177,1.0,0.0,0.0,0.0221,1.0,0.1856,23.299,0.0557,1.7143,3.4561,0.4816,0.0183,1.0,0.0147,0.9884,0.0,0.1576
1747068300000,79.9351,1.0,0.0694,1.4407,1.0,0.0322,0.9787,1.0,5.0164,0.9878,1.0,0.0,56.2692,0.0,28.2059,2.2594,0.9987,0.0174,1.0,0.0,0.0,0.021,1.0,0.1826,36.8088,0.0523,1.5833,2.1527,0.4801,0.0185,1.0,0.0163,0.9793,0.0,0.1566
1747068360000,88.7543,1.0,0.0694,1.1034,1.0,0.0201,0.9704,1.0,5.0311,0.9965,1.0,0.0,22.8702,0.0,24.8203,2.2802,0.9996,0.0173,1.0,1e-04,0.0,0.0199,1.0,0.1831,35.1848,0.0545,1.7857,2.2988,0.4737,0.0183,1.0,0.0254,0.9898,0.0,0.1565
1747068420000,81.0269,1.0,0.0694,1.2377,1.0,0.0395,0.9927,1.0,5.0082,0.9838,1.0,0.0,42.7505,0.0,25.2104,2.2339,0.9989,0.0173,1.0,0.0,0.0,0.0201,1.0,0.1791,48.1523,0.0523,1.0588,2.3737,0.4716,0.0189,1.0,0.0156,0.9795,0.0,0.1577
1747068480000,89.4536,1.0,0.0694,1.9272,1.0,0.0287,0.9536,1.0,5.0391,0.9875,1.0,0.0,41.5175,0.0,26.6679,2.2373,0.999,0.0174,1.0,0.0,0.0,0.021,1.0,0.1863,41.7304,0.0514,2.0,2.0388,0.4787,0.0188,1.0,0.0167,0.9802,0.0,0.1569
1747068540000,83.2098,1.0,0.0694,2.2583,1.0,0.0221,0.9522,1.0,5.0364,0.9948,1.0,0.0,27.6893,0.0,23.8952,2.2248,0.9994,0.0177,1.0,0.0,0.0,0.0205,1.0,0.1873,35.5312,0.054,1.2857,1.6105,0.4705,0.0183,1.0,0.0215,0.9778,0.0,0.1564
1747068600000,82.0224,1.0,0.0694,1.3928,1.0,0.0511,1.0019,1.0,5.0201,0.992,1.0,0.0,30.786,0.0,23.1619,2.3207,0.9992,0.0175,1.0,0.0,0.0,0.0221,1.0,0.1975,31.8659,0.0513,1.3846,3.0056,0.5006,0.0184,1.0,0.0163,0.9829,0.0,0.1554
1747068660000,88.2497,1.0,0.0694,1.4192,1.0,0.1115,0.9817,1.0,5.0175,0.9961,1.0,0.0,20.2513,0.0,23.4321,2.2154,0.9995,0.0173,1.0,1e-04,0.0,0.0194,1.0,0.1979,32.5806,0.0591,1.5833,3.3656,0.51,0.0182,1.0,0.0144,0.9626,0.0,0.1561
1747068720000,88.8576,1.0,0.0694,3.4067,1.0,0.1025,0.9835,1.0,5.0245,0.9974,1.0,0.0,26.7834,0.0,23.6081,2.251,0.9998,0.0173,1.0,0.0,0.0,0.02,1.0,0.2035,31.7355,0.0575,1.3,2.9491,0.5159,0.0184,1.0,0.0179,0.9775,0.0,0.1561
1747068780000,94.8491,1.0,0.0694,1.2007,1.0,0.1029,1.0056,0.9995,5.0127,0.9933,1.0,0.0,25.0467,0.0,23.1483,2.2635,0.9996,0.0174,1.0,0.0,0.0,0.0188,1.0,0.2113,30.2272,0.0588,2.0,3.6904,0.4971,0.0184,1.0,0.0174,0.9857,0.0,0.1597
1747068840000,97.4956,1.0,0.0694,1.1166,1.0,0.0697,0.9626,1.0,5.0165,0.9929,1.0,0.0,26.1332,0.0,23.256,2.2517,0.9995,0.0178,1.0,0.0,0.0,0.022,1.0,0.2025,28.241,0.0547,1.7143,2.5025,0.5031,0.0184,1.0,0.0147,0.9872,0.0,0.1584
1747068900000,92.3532,1.0,0.0694,0.8638,1.0,0.028,0.9953,1.0,5.0228,0.9912,1.0,0.0,27.6732,0.0,26.1234,2.2223,0.9991,0.0173,1.0,1e-04,0.0,0.0202,1.0,0.2006,41.4146,0.0531,1.2174,2.1398,0.4838,0.0188,1.0,0.0163,0.9794,0.0,0.1564
1747068960000,82.7404,1.0,0.0694,0.82,1.0,0.033,0.991,1.0,5.0227,0.9897,1.0,0.0,37.8444,0.0,24.7759,2.2226,0.9992,0.0179,1.0,1e-04,0.0,0.0219,1.0,0.2034,35.4722,0.0527,1.4167,2.4033,0.4873,0.0188,1.0,0.0189,0.9752,0.0,0.1574
1747069020000,85.2428,1.0,0.0694,0.9272,1.0,0.0223,1.0016,1.0,5.0339,0.9912,1.0,0.0,30.8405,0.0,25.4839,2.2528,0.9987,0.0176,1.0,0.0,0.0,0.0203,1.0,0.1999,33.8382,0.0518,1.4,3.0984,0.4763,0.0185,1.0,0.0195,0.9849,0.0,0.1587
1747069080000,82.138,1.0,0.0694,0.9993,1.0,0.0217,0.9643,1.0,5.0174,0.9968,1.0,0.0,30.9341,0.0,23.0124,2.1868,0.9995,0.0177,1.0,0.0,0.0,0.0218,1.0,0.2026,31.2485,0.0536,2.0,2.5996,0.4718,0.0184,1.0,0.02,0.9858,0.0,0.1552
1747069140000,87.7656,1.0,0.0694,1.3795,1.0,0.0374,0.9662,1.0,5.0148,0.9955,1.0,0.0,23.5673,0.0,24.499,2.2295,0.9995,0.0172,1.0,0.0,0.0,0.0193,1.0,0.1961,33.1665,0.0511,1.2857,2.0644,0.4744,0.0182,1.0,0.0215,0.9878,0.0,0.1553
1747069200000,75.6907,1.0,0.0694,1.1375,1.0,0.0354,0.9751,1.0,5.0118,0.9877,1.0,0.0,36.224,0.0,25.4413,2.2439,0.9986,0.0173,1.0,0.0,0.0,0.0195,1.0,0.1789,38.8777,0.0493,1.9231,2.4934,0.4916,0.0184,1.0,0.0193,0.9862,0.0,0.1548
1747069260000,87.7866,1.0,0.0694,1.1738,1.0,0.0352,0.9804,1.0,5.0167,0.9807,1.0,0.0,32.2729,0.0,23.5509,2.2267,0.9988,0.0173,1.0,1e-04,0.0,0.0208,1.0,0.1796,35.5022,0.0524,1.5833,2.9153,0.4788,0.0185,1.0,0.0207,0.9842,0.0,0.1576
1747069320000,73.6723,1.0,0.0694,1.1688,1.0,0.0236,0.9761,1.0,5.034,0.9945,1.0,0.0,30.5517,0.0,24.4686,2.428,0.9994,0.0177,1.0,0.0,0.0,0.0216,1.0,0.1913,34.4734,0.0529,1.8,2.3299,0.4641,0.0183,1.0,0.018,0.9883,0.0,0.1603
1747069380000,78.4089,1.0,0.0694,1.1071,1.0,0.0313,0.9879,1.0,5.0236,0.9781,1.0,0.0,40.8843,0.0,25.2982,2.2085,0.9981,0.0175,1.0,0.0,0.0,0.0217,1.0,0.1912,46.6644,0.0511,1.1667,1.8861,0.494,0.0184,1.0,0.0233,0.9558,0.0,0.1554
1747069440000,77.2705,1.0,0.0694,1.4947,1.0,0.0246,0.9885,1.0,5.0148,0.9911,1.0,0.0,24.0836,0.0,24.5861,2.246,0.9992,0.0172,1.0,0.0,0.0,0.0187,1.0,0.191,40.1394,0.0485,1.2857,2.0115,0.5016,0.0177,1.0,0.0144,0.9552,0.0,0.1575
1747069500000,78.9593,1.0,0.0694,2.3369,1.0,0.0178,0.9801,1.0,5.0121,0.996,1.0,0.0,22.4313,0.0,21.854,2.2736,0.9995,0.0177,1.0,0.0,0.0,0.0226,0.9998,0.1889,30.074,0.0522,1.3077,2.7654,0.5023,0.018,1.0,0.0166,0.9548,0.0,0.1542
1747069560000,74.7385,1.0,0.0694,0.8447,1.0,0.0295,0.9734,1.0,5.0165,0.9955,1.0,0.0,22.414,0.0,27.3137,2.2713,0.999,0.0171,1.0,1e-04,0.0,0.0184,1.0,0.1974,45.5761,0.0497,1.625,2.3018,0.4911,0.0179,1.0,0.0217,0.9472,0.0,0.1567
1747069620000,75.5468,1.0,0.0694,1.3654,1.0,0.032,0.9528,1.0,5.0211,0.9931,1.0,0.0,30.0189,0.0,23.9463,2.2417,0.9991,0.0176,1.0,0.0,0.0,0.0224,1.0,0.1995,40.3657,0.0505,1.3,2.6875,0.4848,0.0184,1.0,0.0122,0.9711,0.0,0.1532
1747069680000,79.2093,1.0,0.0694,0.8754,1.0,0.0291,0.9814,1.0,4.9773,0.9919,1.0,0.0,35.6342,0.0,23.8536,2.2482,0.9991,0.0176,1.0,0.0,0.0,0.0218,1.0,0.196,35.8102,0.0504,2.0,1.6793,0.4755,0.018,1.0,0.0151,0.9855,0.0,0.1564
1747069740000,79.4491,1.0,0.0694,1.6789,1.0,0.028,0.9887,1.0,5.01,0.9893,1.0,0.0,28.1933,0.0,22.553,2.2378,0.9987,0.0181,1.0,0.0,0.0,0.0251,1.0,0.2079,30.1139,0.0491,1.7143,2.6245,0.473,0.0179,1.0,0.0103,0.9854,0.0,0.1551
1747069800000,78.469,1.0,0.0694,1.8504,1.0,0.0263,0.9829,1.0,5.0364,0.9937,1.0,0.0,23.0373,0.0,23.1211,2.2471,0.9993,0.0173,1.0,0.0,0.0,0.0212,1.0,0.1923,29.5332,0.0501,1.5,2.565,0.4753,0.018,1.0,0.0164,0.9815,0.0,0.1551
1747069860000,85.3932,1.0,0.0694,1.415,1.0,0.0347,0.977,1.0,5.0227,0.9892,1.0,0.0,33.4316,0.0,26.4758,2.2416,0.9986,0.0171,1.0,1e-04,0.0,0.0196,1.0,0.1992,43.4307,0.0495,1.2174,2.757,0.4942,0.0184,1.0,0.0136,0.9795,0.0,0.1549
1747069920000,85.922,1.0,0.0694,1.6253,1.0,0.021,0.9562,1.0,5.0329,0.9968,1.0,0.0,24.544,0.0,27.023,2.2752,0.9995,0.0173,1.0,1e-04,0.0,0.0199,1.0,0.1834,34.8394,0.0512,1.4762,2.2598,0.4676,0.018,1.0,0.0161,0.9875,0.0,0.1551
1747069980000,85.5098,1.0,0.0694,1.8877,1.0,0.018,0.9821,1.0,5.0109,0.9976,1.0,0.0,21.7088,0.0,25.5275,2.1844,0.9994,0.0174,1.0,0.0,0.0,0.0234,1.0,0.1791,28.2778,0.05,2.0,1.6775,0.4855,0.018,1.0,0.019,0.9961,0.0,0.1524
1747070040000,82.9512,1.0,0.0694,1.4644,1.0,0.0229,0.9574,1.0,5.0391,0.9981,1.0,0.0,27.454,0.0,26.4351,2.2435,0.9995,0.0172,1.0,0.0,0.0,0.021,1.0,0.1759,34.9877,0.0475,1.7143,1.9335,0.464,0.0179,1.0,0.0152,0.9975,0.0,0.1519
1747070100000,87.335,1.0,0.0694,1.4013,1.0,0.0315,0.9823,1.0,5.0327,0.9852,1.0,0.0,26.059,0.0,23.676,2.2624,0.999,0.0174,1.0,0.0,0.0,0.0206,1.0,0.1952,31.2252,0.0492,1.25,2.9622,0.4686,0.0181,1.0,0.0129,0.9816,0.0,0.1519
1747070160000,81.5614,1.0,0.0694,1.3557,1.0,0.0265,0.9559,1.0,5.04,0.9945,1.0,0.0,31.7121,0.0,24.0947,2.3068,0.9993,0.0173,1.0,1e-04,0.0,0.0214,1.0,0.2036,39.64,0.0524,1.5417,2.3549,0.4737,0.0183,1.0,0.0137,0.9527,0.0,0.1568
1747070220000,74.3952,1.0,0.0694,0.876,1.0,0.0435,1.0195,1.0,5.0103,0.9802,1.0,0.0,40.9513,0.0,25.0085,2.2275,0.9983,0.0173,1.0,0.0,0.0,0.0223,1.0,0.2092,50.3046,0.0516,1.5,2.4164,0.4748,0.0186,1.0,0.0149,0.9514,0.0,0.1569
1747070280000,78.5896,1.0,0.0694,2.7211,1.0,0.0272,0.9767,1.0,5.0245,0.9945,1.0,0.0,33.3961,0.0,27.2459,2.2203,0.9992,0.0169,1.0,0.0,0.0,0.018,1.0,0.2092,46.8203,0.0509,2.0,2.6327,0.4647,0.018,1.0,0.0128,0.9501,0.0,0.1579
1747070340000,73.871,1.0,0.0694,1.864,1.0,0.0297,0.9994,1.0,5.03,0.9879,1.0,0.0,32.6912,0.0,26.0825,2.2581,0.999,0.0174,1.0,0.0,0.0,0.0222,1.0,0.2065,43.6564,0.0477,1.4286,1.8185,0.4856,0.018,1.0,0.0229,0.9513,0.0,0.1525
1747070400000,80.6877,1.0,0.0694,1.8299,1.0,0.0265,1.0072,1.0,5.0293,0.9912,1.0,0.0,29.7878,0.0,25.9165,2.2436,0.9988,0.0181,1.0,1e-04,0.0,0.0221,1.0,0.1904,41.1133,0.0485,1.25,2.7879,0.4547,0.0186,1.0,0.0191,0.9715,0.0,0.1543
1747070460000,75.5214,1.0,0.0694,1.0576,1.0,0.0241,0.9995,1.0,5.0182,0.993,1.0,0.0,29.3358,0.0,23.4143,2.2689,0.9993,0.0175,1.0,1e-04,0.0,0.0226,1.0,0.2022,32.5106,0.0511,1.4839,2.5426,0.4794,0.0182,1.0,0.0173,0.9585,0.0,0.1531
1747070520000,81.2561,1.0,0.0694,3.1341,1.0,0.027,0.9716,1.0,5.03,0.9954,1.0,0.0,24.6082,0.0,26.926,2.2388,0.9992,0.0169,1.0,0.0,0.0,0.019,1.0,0.1828,33.5482,0.0528,2.6,2.1009,0.499,0.0179,1.0,0.0169,0.9614,0.0,0.1545
1747070580000,81.2585,1.0,0.0694,2.8295,1.0,0.0329,0.9765,1.0,5.0182,0.9953,1.0,0.0,22.2081,0.0,24.4582,2.2753,0.9991,0.0173,1.0,0.0,0.0,0.021,1.0,0.1932,37.9735,0.0467,2.0,2.6246,0.4919,0.0181,1.0,0.02,0.9724,0.0,0.1552
1747070640000,84.168,1.0,0.0694,1.1798,1.0,0.0288,0.9832,1.0,5.0256,0.9847,1.0,0.0,36.1227,0.0,29.6504,2.224,0.9978,0.017,1.0,0.0,0.0,0.0195,1.0,0.1915,57.2465,0.0474,1.5714,1.802,0.4776,0.0183,1.0,0.0251,0.963,0.0,0.1533
1747070700000,89.7343,1.0,0.0694,0.8864,1.0,0.0318,0.9877,1.0,5.0074,0.993,1.0,0.0,26.4027,0.0,25.5491,2.2338,0.999,0.0175,1.0,0.0,0.0,0.0221,1.0,0.1905,51.8524,0.0501,1.3333,2.9348,0.4672,0.0181,1.0,0.0146,0.9756,0.0,0.1543
1747070760000,76.8453,1.0,0.0694,0.841,1.0,0.0321,0.9762,1.0,5.0247,0.9984,1.0,0.0,25.3968,0.0,25.0021,2.2778,0.9998,0.0171,1.0,1e-04,0.0,0.0197,1.0,0.1886,34.1875,0.0532,1.3333,2.6319,0.486,0.0181,1.0,0.021,0.9401,0.0,0.1546
1747070820000,77.7178,1.0,0.0694,1.0807,1.0,0.0289,0.9841,1.0,5.0261,0.9945,1.0,0.0,22.846,0.0,23.659,2.2633,0.9988,0.017,1.0,0.0,0.0,0.0205,1.0,0.1959,30.3578,0.0466,1.0,2.5994,0.4677,0.0177,1.0,0.026,0.9594,0.0,0.1544
1747070880000,79.4866,1.0,0.0694,1.2563,1.0,0.0284,0.9896,1.0,5.0092,0.9911,1.0,0.0,18.9043,0.0,24.2837,2.2778,0.9991,0.0172,1.0,0.0,0.0,0.0209,1.0,0.2005,31.9946,0.0487,1.0,3.1168,0.4829,0.0177,1.0,0.019,0.9261,0.0,0.1542
1747070940000,90.6016,1.0,0.0694,1.5089,1.0,0.0305,0.9753,1.0,5.023,0.9942,1.0,0.0,21.7963,0.0,26.0287,2.2467,0.9986,0.0172,1.0,1e-04,0.0,0.0196,1.0,0.1918,40.7846,0.0493,1.4286,2.1406,0.4804,0.0179,1.0,0.0226,0.9622,0.0,0.1535
1747071000000,88.0579,1.0,0.0694,1.2926,1.0,0.037,0.972,1.0,5.0267,0.982,1.0,0.0,23.043,0.0,22.5293,2.287,0.9986,0.0174,1.0,1e-04,0.0,0.0204,1.0,0.1888,29.8433,0.0463,1.75,2.587,0.4871,0.018,1.0,0.0178,0.992,0.0,0.1546
1747071060000,99.6897,1.0,0.0694,1.1293,1.0,0.032,0.9876,1.0,5.006,0.9936,1.0,0.0,18.9896,0.0,22.3363,2.207,0.9988,0.0189,1.0,1e-04,0.0,0.0216,1.0,0.1955,34.2437,0.0489,1.5,2.2278,0.4687,0.0178,1.0,0.0161,0.9936,0.0,0.1543
1747071120000,86.8141,1.0,0.0694,1.5569,1.0,0.0255,0.9837,1.0,5.0028,0.9958,1.0,0.0,6.9831,0.0,20.3239,2.3066,0.9998,0.0175,1.0,0.0,0.0,0.0232,1.0,0.2023,20.4168,0.0498,1.4,2.8723,0.4803,0.0176,1.0,0.014,0.9837,0.0,0.1556
1747071180000,86.134,1.0,0.0694,1.3071,1.0,0.0322,0.9811,1.0,5.0058,0.9873,1.0,0.0,22.4356,0.0,25.7257,2.2384,0.9984,0.0172,1.0,0.0,0.0,0.0183,1.0,0.1791,36.5448,0.048,1.5,2.3038,0.4736,0.0178,1.0,0.0161,0.8893,0.0,0.1539
1747071240000,76.1018,1.0,0.0694,1.7497,1.0,0.0237,0.9886,1.0,5.03,0.9946,1.0,0.0,19.7044,0.0,22.9085,2.19,0.9992,0.0173,1.0,0.0,0.0,0.0223,1.0,0.1954,35.191,0.0484,1.125,2.112,0.4724,0.0178,1.0,0.018,0.9301,0.0,0.1541
1747071300000,100.7012,1.0,0.0694,3.2283,1.0,0.0261,0.9682,1.0,5.02,0.998,1.0,0.0,7.9472,0.0,22.3806,2.2651,0.9996,0.0168,1.0,1e-04,0.0,0.0187,1.0,0.1829,25.217,0.0473,1.4167,2.0345,0.5033,0.0176,1.0,0.0162,0.9882,0.0,0.1521
1747071360000,105.9215,1.0,0.0694,0.8674,1.0,0.0365,0.9536,1.0,5.0273,0.9923,1.0,0.0,13.8003,0.0,21.6232,2.2835,0.999,0.0174,1.0,1e-04,0.0,0.0236,1.0,0.1853,33.5796,0.0474,1.24,2.7906,0.4856,0.0177,1.0,0.0174,0.9899,0.0,0.1521
1747071420000,93.2087,1.0,0.0694,1.9407,1.0,0.0305,0.9429,1.0,4.995,0.9938,1.0,0.0,5.7704,0.0,17.6864,2.2591,0.9997,0.0173,1.0,1e-04,0.0,0.0221,1.0,0.1839,19.5033,0.048,1.2727,2.4184,0.4802,0.0175,1.0,0.0169,0.996,0.0,0.1529
1747071480000,88.216,1.0,0.0694,0.9428,1.0,0.0304,0.9511,1.0,5.0229,0.9885,1.0,0.0,16.1684,0.0,17.5511,2.2337,0.9988,0.0176,1.0,0.0,0.0,0.0243,1.0,0.1954,20.9813,0.0467,1.0,2.8737,0.5003,0.0175,1.0,0.0146,0.9907,0.0,0.1512
1747071540000,91.3631,1.0,0.0694,2.1215,1.0,0.0232,0.9791,1.0,5.0158,0.994,1.0,0.0,4.5615,0.0,16.8614,2.3417,0.9996,0.0176,1.0,0.0,0.0,0.0252,1.0,0.1895,19.2943,0.0458,1.3636,1.6321,0.482,0.0177,1.0,0.0194,0.9949,0.0,0.1519
1747071600000,91.9459,1.0,0.0694,2.0952,1.0,0.0263,0.9403,1.0,5.0101,0.996,1.0,0.0,8.1606,0.0,18.2625,2.2859,0.9994,0.0177,1.0,0.0,0.0,0.0258,1.0,0.1901,22.2022,0.049,1.4167,2.8497,0.4696,0.0179,1.0,0.0141,0.9784,0.0,0.1489
1747071660000,69.7171,1.0,0.0694,2.1842,1.0,0.019,0.9784,1.0,5.0132,0.9988,1.0,0.0,3.7491,0.0,20.5587,2.3454,0.9999,0.0173,1.0,1e-04,0.0,0.0195,1.0,0.1876,17.0669,0.0468,1.5417,2.381,0.4689,0.0176,1.0,0.02,0.9087,0.0,0.1504
1747071720000,74.0449,1.0,0.0694,1.4482,1.0,0.0256,0.9612,1.0,5.0267,0.9897,1.0,0.0,8.8046,0.0,18.2266,2.2036,0.9991,0.0175,1.0,0.0,0.0,0.0224,1.0,0.1803,20.018,0.0486,2.0,1.893,0.484,0.0176,1.0,0.014,0.9282,0.0,0.1467
1747071780000,83.1326,1.0,0.0694,2.4633,1.0,0.0309,0.9525,1.0,5.0202,0.9964,1.0,0.0,10.5613,0.0,20.2716,2.2005,0.9994,0.0173,1.0,0.0,0.0,0.0205,1.0,0.1935,26.2457,0.0461,1.0,4.0,0.4769,0.0175,1.0,0.0135,0.9764,0.0,0.1483
1747071840000,92.4457,1.0,0.0694,1.799,1.0,0.02,0.9625,1.0,5.0215,0.9931,1.0,0.0,10.0386,0.0,20.3143,2.2154,0.9985,0.0176,1.0,0.0,0.0,0.0218,1.0,0.1914,36.8321,0.0452,1.5714,2.5139,0.5044,0.0177,1.0,0.0123,0.9802,0.0,0.1499
1747071900000,111.1791,1.0,0.0694,2.0449,1.0,0.0151,0.9522,1.0,5.0064,0.993,1.0,0.0,7.184,0.0,23.3299,2.322,0.9985,0.017,1.0,1e-04,0.0,0.0195,1.0,0.1953,30.8889,0.0487,1.1667,2.2708,0.4823,0.0174,1.0,0.0194,0.9886,0.0,0.1494
1747071960000,102.2461,1.0,0.0694,1.9666,1.0,0.0157,0.9521,1.0,5.0085,0.999,1.0,0.0,1.7684,0.0,17.1967,2.3158,0.9999,0.0177,1.0,1e-04,0.0,0.0262,1.0,0.1934,18.1898,0.0493,1.8387,2.6563,0.4742,0.0176,1.0,0.0128,0.9929,0.0,0.1488
1747072020000,94.021,1.0,0.0694,0.9646,1.0,0.0281,0.9305,1.0,5.0218,0.9984,1.0,0.0,4.2974,0.0,17.9468,2.2382,0.9998,0.0176,1.0,1e-04,0.0,0.0228,1.0,0.1841,18.3324,0.0504,1.3636,5.0476,0.4791,0.0175,1.0,0.014,0.9945,0.0,0.15
1747072080000,101.2248,1.0,0.0694,3.2823,1.0,0.026,0.9642,1.0,5.0209,0.9967,1.0,0.0,6.4475,0.0,17.5371,2.264,0.9995,0.0179,1.0,0.0,0.0,0.0268,1.0,0.1792,19.3062,0.0462,1.3333,3.2752,0.483,0.0176,1.0,0.0186,0.9941,0.0,0.1524
1747072140000,90.8002,1.0,0.0694,3.0114,1.0,0.0298,0.9863,1.0,5.0291,0.9912,1.0,0.0,15.6548,0.0,21.9357,2.2322,0.9989,0.0173,1.0,0.0,0.0,0.0212,1.0,0.1841,29.2696,0.0461,1.0,1.7875,0.4877,0.0176,1.0,0.0142,0.9843,0.0,0.1518
1747072200000,93.1129,1.0,0.0694,2.6309,1.0,0.0157,0.9642,1.0,4.9991,0.9964,1.0,0.0,4.8525,0.0,18.6393,2.2534,0.9993,0.0176,1.0,1e-04,0.0,0.0248,1.0,0.193,30.0124,0.0477,1.25,1.7157,0.4912,0.0176,1.0,0.0135,0.9628,0.0,0.1518
1747072260000,86.7286,1.0,0.0694,1.5203,1.0,0.021,0.9741,1.0,5.0091,0.9969,1.0,0.0,4.1135,0.0,19.5156,2.2408,0.9988,0.0179,1.0,1e-04,0.0,0.0231,1.0,0.187,23.0179,0.0483,1.375,2.6076,0.4959,0.0176,1.0,0.0114,0.9702,0.0,0.1523
1747072320000,82.6125,1.0,0.0694,4.2101,1.0,0.0394,0.9713,1.0,5.0037,0.9906,1.0,0.0,12.7021,0.0,19.9614,2.1696,0.9983,0.0173,1.0,1e-04,0.0,0.0214,1.0,0.1972,30.1803,0.0459,1.5,1.9874,0.521,0.0176,1.0,0.014,0.9738,0.0,0.1515
1747072380000,86.8576,1.0,0.0694,3.6109,1.0,0.015,0.9953,1.0,5.0183,0.9986,1.0,0.0,2.6119,0.0,15.5692,2.2465,0.9998,0.0178,1.0,0.0,0.0,0.0273,1.0,0.1738,17.3835,0.0481,1.0,2.5405,0.4842,0.0175,1.0,0.0117,0.9752,0.0,0.1522
1747072440000,107.7688,1.0,0.0694,2.2148,1.0,0.0253,0.9629,1.0,5.0192,0.9917,1.0,0.0,4.5855,0.0,17.4762,2.2997,0.9993,0.0176,1.0,0.0,0.0,0.0271,1.0,0.1762,21.1391,0.0478,1.5556,2.3269,0.4872,0.0174,1.0,0.0118,0.9934,0.0,0.1523
1747072500000,90.8384,1.0,0.0694,1.0137,1.0,0.0437,0.9622,1.0,5.0273,0.9924,1.0,0.0,14.2006,0.0,21.5824,2.2025,0.9987,0.0172,1.0,1e-04,0.0,0.0216,1.0,0.1813,35.3452,0.0451,2.2105,2.5958,0.5328,0.0176,1.0,0.0128,0.9822,0.0,0.1514
1747072560000,75.3477,1.0,0.0694,0.8976,1.0,0.0199,0.9813,1.0,5.0182,0.9993,1.0,0.0,5.6163,0.0,19.8127,2.2247,0.9992,0.0173,1.0,1e-04,0.0,0.0206,1.0,0.1898,30.9853,0.0476,1.2917,2.25,0.5031,0.0177,1.0,0.0175,0.9541,0.0,0.1545
1747072620000,81.0666,1.0,0.0694,1.0442,1.0,0.0273,0.9633,1.0,5.0204,0.9977,1.0,0.0,6.7211,0.0,21.8872,2.2457,0.9989,0.017,1.0,1e-04,0.0,0.0181,1.0,0.1855,36.5692,0.0485,1.1429,2.6716,0.499,0.0174,1.0,0.0165,0.9165,0.0,0.1521
1747072680000,94.6866,1.0,0.0694,1.2278,1.0,0.0197,0.9814,0.9973,5.002,0.9983,1.0,0.0,3.6367,0.0,19.2168,2.3827,0.9993,0.0174,1.0,0.0,0.0,0.0235,1.0,0.1694,20.0409,0.0479,1.0,1.6795,0.488,0.0176,1.0,0.0146,0.9905,0.0,0.1534
1747072740000,105.5849,1.0,0.0694,2.0151,1.0,0.0174,0.9829,1.0,5.0091,0.9967,1.0,0.0,3.8362,0.0,22.974,2.2291,0.9997,0.0169,1.0,0.0,0.0,0.0181,1.0,0.1723,19.7682,0.0495,1.5714,3.2674,0.4917,0.0176,1.0,0.0176,0.9946,0.0,0.1526
1747072800000,87.5421,1.0,0.0694,1.8752,1.0,0.0435,0.9764,1.0,5.01,0.985,1.0,0.0,10.6763,0.0,23.1779,2.2603,0.9973,0.0172,1.0,1e-04,0.0,0.0205,1.0,0.172,21.9967,0.0472,1.5833,1.7647,0.4985,0.0178,1.0,0.0143,0.9534,0.0,0.152
1747072860000,84.4841,1.0,0.0694,1.4229,1.0,0.0246,1.002,1.0,5.0036,0.9944,1.0,0.0,9.5438,0.0,25.9844,2.3171,0.9982,0.0171,1.0,0.0002,0.0,0.0186,1.0,0.1694,40.6959,0.0456,1.1667,2.1346,0.4886,0.0174,1.0,0.019,0.951,0.0,0.165
1747072920000,72.5634,1.0,0.0694,2.052,1.0,0.0321,0.9672,1.0,5.0195,0.9992,1.0,0.0,6.8787,0.0,21.4348,2.3062,0.9995,0.0174,1.0,1e-04,0.0,0.0203,1.0,0.1752,29.887,0.047,1.5,2.5161,0.5014,0.0175,1.0,0.0146,0.9648,0.0,0.1535
1747072980000,94.5031,1.0,0.0694,1.6525,1.0,0.0438,1.0052,1.0,5.0082,0.992,1.0,0.0,13.9124,0.0,25.8097,2.2421,0.9989,0.0172,1.0,0.0,0.0,0.0196,1.0,0.176,44.9421,0.0459,1.0,2.1128,0.5186,0.0179,1.0,0.0117,0.9807,0.0,0.1535
1747073040000,85.6705,1.0,0.0694,1.944,1.0,0.0302,1.0092,1.0,5.0118,0.999,1.0,0.0,5.5141,0.0,22.8759,2.2602,0.9996,0.0167,1.0,0.0,0.0,0.0184,1.0,0.1834,25.493,0.0463,1.1429,2.6476,0.4967,0.0175,1.0,0.0142,0.969,0.0,0.1573
1747073100000,91.8418,1.0,0.0694,3.5635,1.0,0.0168,0.9998,1.0,5.0218,0.9967,1.0,0.0,4.0332,0.0,22.7877,2.3265,0.9996,0.0168,1.0,1e-04,0.0,0.0175,1.0,0.1795,18.495,0.0478,1.1875,1.9182,0.4946,0.0176,1.0,0.0091,0.99,0.0,0.1527
1747073160000,94.118,1.0,0.0694,0.8624,1.0,0.019,0.9899,1.0,5.004,0.9958,1.0,0.0,5.5289,0.0,25.4885,2.2458,0.998,0.0169,1.0,1e-04,0.0,0.0185,1.0,0.1754,25.3659,0.0475,1.4167,3.0,0.5041,0.0177,1.0,0.0146,0.9581,0.0,0.1542
1747073220000,90.6472,1.0,0.0694,1.7642,1.0,0.0341,0.978,1.0,5.0118,0.9905,1.0,0.0,11.5608,0.0,24.4652,2.1753,0.9983,0.017,1.0,1e-04,0.0,0.0176,1.0,0.1849,53.2382,0.0461,1.4,2.3059,0.505,0.0176,1.0,0.0223,0.9265,0.0,0.1535
1747073280000,106.7808,1.0,0.0694,0.9804,1.0,0.0262,1.0218,1.0,5.0118,0.9972,1.0,0.0,10.8969,0.0,26.5045,2.2538,0.9993,0.0168,1.0,0.0,0.0,0.0172,1.0,0.178,40.1128,0.0472,1.5,1.9022,0.5015,0.0177,1.0,0.0108,0.9787,0.0,0.1561
1747073340000,101.4556,1.0,0.0694,2.0222,1.0,0.0364,0.9814,1.0,5.0197,0.988,1.0,0.0,11.4896,0.0,28.6818,2.2456,0.9986,0.0169,1.0,0.0,0.0,0.0174,1.0,0.1726,52.5894,0.0466,1.7143,2.5611,0.4992,0.0177,1.0,0.015,0.9707,0.0,0.1531
1747073400000,94.9926,1.0,0.0694,2.4331,1.0,0.0306,0.9873,1.0,5.0118,0.9896,1.0,0.0,14.6647,0.0,24.5431,2.2363,0.9973,0.0168,1.0,1e-04,0.0,0.0174,1.0,0.16,40.1619,0.0468,1.3333,3.1822,0.5051,0.0181,1.0,0.0152,0.9452,0.0,0.1526
1747073460000,95.1664,1.0,0.0694,1.547,1.0,0.0258,0.9824,1.0,5.0362,0.997,1.0,0.0,6.8283,0.0,28.482,2.2451,0.9976,0.0168,1.0,0.0002,0.0,0.0176,1.0,0.1667,45.4598,0.0468,1.2581,3.0988,0.5063,0.0174,1.0,0.0212,0.954,0.0,0.154
1747073520000,94.7491,1.0,0.0694,2.0405,1.0,0.02,0.9731,1.0,5.0164,0.9968,1.0,0.0,4.1412,0.0,30.8822,2.2932,0.9988,0.0169,1.0,1e-04,0.0,0.0171,1.0,0.184,32.6454,0.0465,2.2,3.8085,0.4856,0.0175,1.0,0.0195,0.988,0.0,0.1531
1747073580000,93.2084,1.0,0.0694,2.4334,1.0,0.0236,0.9594,1.0,5.03,0.9895,1.0,0.0,14.7389,0.0,24.4714,2.2338,0.9976,0.017,1.0,0.0,0.0,0.0179,1.0,0.1806,34.7262,0.0432,1.0,3.3214,0.4746,0.0177,1.0,0.0161,0.9712,0.0,0.1508
1747073640000,99.0571,1.0,0.0694,1.6481,1.0,0.0287,1.0007,1.0,5.0009,0.9883,1.0,0.0,20.188,0.0,23.7407,2.2049,0.9986,0.0169,1.0,0.0,0.0,0.0175,1.0,0.1812,43.0201,0.0466,1.9091,2.9575,0.5067,0.0177,1.0,0.0164,0.9698,0.0,0.1519
1747073700000,102.2601,1.0,0.0694,2.8111,1.0,0.0208,1.004,1.0,5.0103,0.9967,1.0,0.0,6.2655,0.0,27.6319,2.2426,0.9994,0.0169,1.0,1e-04,0.0,0.0178,1.0,0.1961,36.1607,0.0459,1.25,1.8699,0.476,0.0177,1.0,0.0145,0.9857,0.0,0.1526
1747073760000,91.9929,1.0,0.0694,2.5448,1.0,0.016,0.9797,1.0,5.0045,0.9997,1.0,0.0,1.2812,0.0,24.3053,2.9266,1.0,0.017,1.0,0.0002,0.0,0.0171,1.0,0.1861,13.18,0.0437,1.4167,1.45,0.4777,0.0173,1.0,0.0163,0.985,0.0,0.1497
1747073820000,99.3675,1.0,0.0694,0.9879,1.0,0.0259,1.001,1.0,5.0231,0.9931,1.0,0.0,7.6311,0.0,26.8526,2.2159,0.9981,0.0169,1.0,1e-04,0.0,0.0173,1.0,0.185,28.15,0.042,1.5,1.8333,0.5151,0.0175,1.0,0.0194,0.975,0.0,0.1517
1747073880000,103.2383,1.0,0.0694,2.8708,1.0,0.0375,1.0381,1.0,5.01,0.9954,1.0,0.0,12.9174,0.0,28.1841,2.2126,0.9993,0.0171,1.0,0.0,0.0,0.0191,1.0,0.1924,36.5774,0.0439,2.0,3.535,0.4909,0.0174,1.0,0.0156,0.9902,0.0,0.1492
1747073940000,91.298,1.0,0.0694,4.3518,1.0,0.0317,1.0071,1.0,5.0191,0.9978,1.0,0.0,4.4212,0.0,28.5499,2.2757,0.9992,0.017,1.0,0.0,0.0,0.0181,1.0,0.1838,22.4825,0.0432,1.8571,2.3103,0.4748,0.0178,1.0,0.0103,0.9825,0.0,0.1513
1747074000000,98.3624,1.0,0.0694,3.8881,1.0,0.0185,0.9565,1.0,5.0066,0.998,1.0,0.0,3.1096,0.0,24.4298,2.296,0.9999,0.0171,1.0,1e-04,0.0,0.0177,1.0,0.188,15.2621,0.0456,1.9231,2.4933,0.4952,0.0179,1.0,0.0192,1.0,0.0,0.1501
1747074060000,87.6976,1.0,0.0694,1.4125,1.0,0.0376,0.9591,1.0,5.0227,0.9888,1.0,0.0,14.6665,0.0,24.5829,2.2102,0.9984,0.0171,1.0,0.0002,0.0,0.0187,1.0,0.185,35.7124,0.0444,1.2258,2.684,0.5097,0.0175,1.0,0.0171,0.9775,0.0,0.1495
1747074120000,96.5033,1.0,0.0694,3.2644,1.0,0.0379,1.0028,1.0,5.0036,0.9959,1.0,0.0,9.3413,0.0,24.3233,2.2081,0.9989,0.0168,1.0,1e-04,0.0,0.0181,1.0,0.1793,40.5833,0.0413,1.5,3.6111,0.5023,0.0174,1.0,0.0125,0.9896,0.0,0.151
1747074180000,84.4117,1.0,0.0694,5.4591,1.0,0.029,0.993,0.9982,5.0227,0.9995,1.0,0.0,6.1545,0.0,21.8428,2.2942,0.9999,0.0167,1.0,0.0,0.0,0.0189,1.0,0.1727,24.784,0.0449,1.0,6.2586,0.5118,0.0173,1.0,0.0175,0.9882,0.0,0.1527
1747074240000,103.1369,1.0,0.0694,2.5327,1.0,0.0275,1.0186,1.0,5.0064,0.9988,1.0,0.0,2.5818,0.0,23.9068,2.4975,1.0,0.0169,1.0,0.0,0.0,0.0189,1.0,0.1702,18.254,0.0461,1.7143,3.325,0.5078,0.0173,1.0,0.0154,0.9718,0.0,0.1511
1747074300000,74.1158,1.0,0.0694,1.1271,1.0,0.0311,0.9789,1.0,5.0255,0.9953,1.0,0.0,11.6473,0.0,24.8166,2.2345,0.9995,0.017,1.0,1e-04,0.0,0.0192,1.0,0.1874,44.1584,0.0445,1.6667,1.5326,0.4934,0.018,1.0,0.0156,0.9604,0.0,0.1505
1747074360000,68.7552,1.0,0.0694,0.9312,1.0,0.029,0.9757,1.0,5.0055,0.998,1.0,0.0,2.6157,0.0,24.3825,2.3476,0.9992,0.0169,1.0,0.0002,0.0,0.0185,1.0,0.1778,22.0164,0.0448,1.6667,5.4242,0.5171,0.0177,1.0,0.0217,0.9126,0.0,0.1526
1747074420000,95.276,1.0,0.0694,1.0686,1.0,0.0233,1.008,1.0,5.0209,0.9991,1.0,0.0,0.9652,0.0,21.5257,2.2706,0.9998,0.0167,1.0,1e-04,0.0,0.0197,1.0,0.1887,15.2871,0.0447,1.2,1.1818,0.4846,0.0181,1.0,0.0093,0.9604,0.0,0.1507
1747074480000,91.1893,1.0,0.0694,1.0962,1.0,0.0291,0.9773,0.9984,5.0164,0.9904,1.0,0.0,7.8796,0.0,24.0572,2.4321,0.999,0.017,1.0,0.0,0.0,0.02,1.0,0.1967,30.8796,0.0462,1.0,2.6453,0.4853,0.0177,1.0,0.0161,0.9776,0.0,0.1515
1747074540000,99.1191,1.0,0.0694,1.9637,1.0,0.0414,0.9876,1.0,5.0245,0.9866,1.0,0.0,13.719,0.0,28.8137,2.2901,0.9987,0.0167,1.0,1e-04,97.1818,0.0177,1.0,0.1919,52.7608,0.0438,1.0,1.8901,0.4957,0.0175,1.0,0.0139,0.9468,0.0182,0.1502
1747074600000,106.8651,1.0,0.0694,1.3696,1.0,0.025,3.2413,1.0,4.9773,0.9886,1.0,0.0,22.0316,0.0,26.5642,2.2088,0.9986,0.0168,1.0,1e-04,0.0,0.0184,1.0,0.1782,58.6345,0.0467,1.3333,2.4234,0.5159,0.0179,1.0,0.022,0.9467,0.0,0.1533
1747074660000,92.6911,1.0,0.0694,1.4117,1.0,0.0225,0.9789,0.9967,5.0,0.9984,1.0,0.0,5.1638,0.0,27.5386,2.2791,0.9993,0.0169,1.0,0.0002,0.0,0.0175,1.0,0.1918,36.8859,0.0453,1.1071,2.1515,0.5345,0.0175,1.0,0.0103,0.924,0.0,0.1539
1747074720000,92.7009,1.0,0.0694,1.4099,1.0,0.0359,0.9683,1.0,5.0312,0.9932,1.0,0.0,7.5296,0.0,27.738,2.2842,0.9979,0.0171,1.0,1e-04,0.0,0.0185,1.0,0.1762,49.3896,0.0446,1.2,2.9701,0.5343,0.0177,0.9999,0.0125,0.8988,0.0,0.1521
1747074780000,82.087,1.0,0.0694,2.0797,1.0,0.0335,1.0317,1.0,4.9878,0.9954,1.0,0.0,13.1989,0.0,26.2428,2.2579,0.9996,0.0168,1.0,0.0,0.0,0.017,1.0,0.1853,37.6395,0.0456,1.0,1.7483,0.5418,0.0175,1.0,0.0157,0.884,0.0,0.1516
1747074840000,86.2535,1.0,0.0694,1.683,1.0,0.0323,0.9876,1.0,5.0209,0.9963,1.0,0.0,9.4273,0.0,24.1743,2.1743,0.9993,0.0169,1.0,0.0,0.0,0.0191,1.0,0.1708,28.5975,0.0483,1.1429,1.5849,0.5029,0.0174,1.0,0.0116,0.9528,0.0,0.1525
1747074900000,83.0936,1.0,0.0694,3.1497,1.0,0.032,0.9757,1.0,4.9903,0.9937,1.0,0.0,5.9817,0.0,24.085,2.1898,0.9982,0.0168,1.0,1e-04,0.0,0.018,1.0,0.1702,25.7884,0.0423,1.6667,1.9469,0.5018,0.0177,1.0,0.0154,0.9625,0.0,0.1498
1747074960000,80.8004,1.0,0.0694,1.967,1.0,0.0333,0.9928,1.0,5.0092,0.996,1.0,0.0,4.4062,0.0,22.2658,2.2574,0.9997,0.0171,1.0,1e-04,0.0,0.0176,1.0,0.168,20.7401,0.051,1.4167,2.5856,0.4858,0.0174,1.0,0.0197,0.8953,0.0,0.149
1747075020000,90.2044,1.0,0.0694,2.2865,1.0,0.0249,0.9861,1.0,4.9936,0.9996,1.0,0.0,5.5686,0.0,25.9514,2.2329,1.0,0.017,1.0,1e-04,0.0,0.0185,1.0,0.1708,27.1107,0.0438,1.3529,3.3827,0.4957,0.0173,1.0,0.016,0.9303,0.0,0.1505
1747075080000,75.6701,1.0,0.0694,1.0463,1.0,0.0302,0.9891,1.0,5.0191,0.9964,1.0,0.0,9.3854,0.0,23.0238,2.1693,0.9997,0.0172,1.0,0.0,0.0,0.0179,1.0,0.1827,26.3574,0.0455,1.5,3.3295,0.4934,0.0173,1.0,0.0224,0.8628,0.0,0.1488
1747075140000,75.1781,1.0,0.0694,1.3609,1.0,0.0303,0.9741,1.0,4.9955,0.998,1.0,0.0,3.566,0.0,21.4411,2.3694,0.9994,0.017,1.0,0.0,0.0,0.0171,1.0,0.1846,13.8883,0.0447,2.5714,2.8475,0.5092,0.0173,1.0,0.0117,0.8252,0.0,0.1487
1747075200000,88.3447,1.0,0.0694,3.8587,1.0,0.0228,0.917,1.0,5.0193,0.9978,1.0,0.0,3.5187,0.0,23.8563,2.2333,0.9995,0.0169,1.0,1e-04,0.0,0.0191,1.0,0.18,22.6729,0.0428,1.3125,1.9265,0.4982,0.018,1.0,0.0113,0.947,0.0,0.146
1747075260000,104.9281,1.0,0.0694,2.2639,1.0,0.0184,0.9683,1.0,5.0148,0.9987,1.0,0.0,3.3068,0.0,23.5593,2.2889,0.9998,0.0168,1.0,0.0002,0.0,0.017,1.0,0.1737,34.845,0.0434,1.4,3.0588,0.515,0.0174,1.0,0.0147,0.99,0.0,0.1466
1747075320000,88.2539,1.0,0.0694,2.5142,1.0,0.0133,0.9781,1.0,5.043,0.9986,1.0,0.0,2.3842,0.0,21.8305,2.3897,1.0,0.0169,1.0,1e-04,0.0,0.0192,1.0,0.173,16.9336,0.0436,1.2,1.5,0.5359,0.0174,1.0,0.0162,1.0,0.0,0.148
1747075380000,90.2935,1.0,0.0694,3.099,1.0,0.0179,0.9892,1.0,5.0155,0.9986,1.0,0.0,3.563,0.0,23.305,2.3185,0.9994,0.0169,1.0,0.0,0.0,0.019,1.0,0.1649,18.6667,0.042,1.5,3.617,0.502,0.0172,1.0,0.0175,0.9889,0.0,0.1463
1747075440000,82.7518,1.0,0.0694,2.9633,1.0,0.0191,0.9798,1.0,5.0155,0.999,1.0,0.0,2.3562,0.0,21.8104,2.2491,0.9998,0.0171,1.0,1e-04,0.0,0.0169,1.0,0.1784,12.7629,0.045,1.4286,1.4918,0.505,0.0173,1.0,0.0129,0.9181,0.0,0.1479
1747075500000,97.8814,1.0,0.0694,3.1407,1.0,0.0277,1.0231,1.0,5.0211,0.9941,1.0,0.0,3.064,0.0,20.9732,2.2152,0.9991,0.017,1.0,1e-04,0.0,0.0191,1.0,0.1793,15.934,0.0453,1.3333,1.4222,0.5063,0.0173,1.0,0.0121,0.9965,0.0,0.1497
1747075560000,99.1656,1.0,0.0694,2.6207,1.0,0.0254,0.9897,1.0,5.0082,0.9982,1.0,0.0,1.3281,0.0,22.574,2.5504,1.0,0.0167,1.0,0.0002,0.0,0.0176,1.0,0.1839,15.4645,0.0442,1.2903,1.6897,0.5139,0.0171,1.0,0.024,0.9563,0.0,0.1495
1747075620000,93.3664,1.0,0.0694,1.1175,1.0,0.0341,1.0029,1.0,5.0103,0.9978,1.0,0.0,4.3783,0.0,23.6756,2.2286,0.9988,0.017,1.0,1e-04,0.0,0.0194,1.0,0.1889,18.7423,0.0425,1.2,1.525,0.5119,0.0172,1.0,0.0127,0.9898,0.0,0.1499
1747075680000,98.3743,1.0,0.0694,3.5794,1.0,0.0338,0.9671,1.0,5.0264,0.9975,1.0,0.0,4.7875,0.0,23.7076,2.274,0.9993,0.0169,1.0,0.0,0.0,0.0202,1.0,0.1843,33.205,0.0441,1.5,1.8471,0.5508,0.0177,1.0,0.0182,0.9874,0.0,0.1506
1747075740000,91.5871,1.0,0.0694,3.25,1.0,0.0235,1.0112,1.0,4.9964,0.9973,1.0,0.0,1.7948,0.0,22.2439,2.2951,1.0,0.0168,1.0,1e-04,0.0,0.017,1.0,0.1807,19.7294,0.0418,1.2857,3.3404,0.5964,0.0174,1.0,0.0123,0.9706,0.0,0.1499
1747075800000,94.9416,1.0,0.0694,5.0504,1.0,0.0274,0.9814,1.0,5.0064,0.9942,1.0,0.0,12.63,0.0,21.2198,2.278,0.9991,0.0172,1.0,1e-04,0.0,0.0208,1.0,0.1896,26.7943,0.0413,1.625,3.0231,0.5244,0.0176,1.0,0.0159,0.9928,0.0,0.1482
1747075860000,90.8105,1.0,0.0694,1.2331,1.0,0.0182,1.01,1.0,4.9992,0.9999,1.0,0.0,1.2351,0.0,17.5519,2.581,1.0,0.0169,1.0,1e-04,0.0,0.0207,1.0,0.1778,18.4477,0.0489,1.4167,1.6842,0.5051,0.0172,1.0,0.0231,0.9826,0.0,0.15
1747075920000,86.1149,1.0,0.0694,3.3736,1.0,0.0185,0.9835,1.0,4.9938,0.9995,1.0,0.0,0.7168,0.0,24.0109,2.2456,1.0,0.0169,1.0,1e-04,0.0,0.0169,1.0,0.1702,8.0851,0.0446,1.3,1.4,0.52,0.0174,1.0,0.02,0.8936,0.0,0.1501
1747075980000,96.6044,1.0,0.0694,7.731,1.0,0.0185,0.9724,1.0,4.9982,0.9996,1.0,0.0,1.4443,0.0,19.3396,2.2074,0.9998,0.0171,1.0,0.0,0.0,0.02,1.0,0.1688,14.553,0.0429,1.5,3.5,0.4902,0.0171,1.0,0.0207,0.9885,0.0,0.1488
1747076040000,95.242,1.0,0.0694,2.9431,1.0,0.016,1.0105,1.0,5.02,0.9984,1.0,0.0,3.5177,0.0,25.1907,2.2242,0.9998,0.0167,1.0,1e-04,0.0,0.0171,1.0,0.17,15.2959,0.045,0.9286,2.1064,0.5004,0.0173,1.0,0.027,0.9586,0.0,0.1462
1747076100000,86.1885,1.0,0.0694,1.1954,1.0,0.0316,0.9543,1.0,5.0164,0.9985,1.0,0.0,2.9119,0.0,20.8938,2.2587,0.9998,0.0173,1.0,1e-04,0.0,0.019,1.0,0.1588,19.9272,0.0434,1.1667,1.7581,0.5146,0.0172,1.0,0.0107,0.9073,0.0,0.1462
1747076160000,92.5288,1.0,0.0694,0.9801,1.0,0.0142,0.9523,1.0,5.0291,0.9986,1.0,0.0,1.8438,0.0,23.4907,2.2701,0.999,0.0168,1.0,0.0002,0.0,0.017,1.0,0.171,15.4756,0.0457,1.8333,1.44,0.5029,0.0172,1.0,0.014,0.8963,0.0,0.1467
1747076220000,97.4928,1.0,0.0694,1.0595,1.0,0.0108,1.0261,1.0,5.0182,0.9993,1.0,0.0,2.0019,0.0,19.7167,2.3694,1.0,0.0172,1.0,1e-04,0.0,0.02,1.0,0.183,18.6716,0.0476,1.4,1.7333,0.5002,0.0174,1.0,0.0182,0.997,0.0,0.1471
1747076280000,105.5194,1.0,0.0694,1.1811,1.0,0.0146,0.9667,1.0,5.0139,0.9985,1.0,0.0,3.8062,0.0,22.9369,2.3547,0.9992,0.0168,1.0,0.0,0.0,0.0186,1.0,0.176,22.1756,0.045,1.5,1.8302,0.5203,0.0172,1.0,0.0129,0.9928,0.0,0.1471
1747076340000,103.9209,1.0,0.0694,2.7509,1.0,0.0241,0.9685,1.0,5.0083,0.9984,1.0,0.0,2.6011,0.0,20.1577,2.2613,0.9996,0.0168,1.0,1e-04,0.0,0.0196,1.0,0.187,19.476,0.0409,1.0,3.8696,0.5243,0.0175,1.0,0.0135,0.976,0.0,0.1483
1747076400000,67.1877,1.0,0.0694,1.7374,1.0,0.0323,1.0063,1.0,5.0082,0.9996,1.0,0.0,0.94,0.0,27.2317,2.2942,0.9994,0.0167,1.0,1e-04,87.7455,0.0173,1.0,0.1804,38.4771,0.0438,1.5,3.2562,0.5032,0.0177,1.0,0.0196,0.9817,0.0182,0.149
1747076460000,91.4209,1.0,0.0694,1.0277,1.0,0.0515,0.9934,1.0,4.961,0.9995,1.0,0.0,0.9536,0.0,24.6444,2.3378,0.9991,0.0167,1.0,0.0002,0.0,0.0184,1.0,0.179,38.2424,0.042,1.7917,2.0492,0.55,0.0172,1.0,0.0139,0.9727,0.0,0.1573
1747076520000,79.2378,1.0,0.0694,2.7621,1.0,0.019,1.0228,1.0,5.0073,0.9998,1.0,0.0,2.4963,0.0,26.5797,2.3039,1.0,0.017,1.0,1e-04,101.6727,0.0169,1.0,0.1814,18.7583,0.0442,1.3636,3.125,0.5327,0.0174,1.0,0.0131,0.9458,0.0182,0.1583
1747076580000,86.1666,1.0,0.0694,1.9515,1.0,0.0345,0.9858,1.0,5.0786,0.9984,1.0,0.0,2.0661,0.0,48.0157,2.2914,0.9982,0.0168,1.0,1e-04,0.0,0.0194,1.0,0.1859,42.3901,0.0428,1.2222,1.4551,0.5512,0.0172,1.0,0.0161,0.9043,0.0,0.1528
1747076640000,82.3778,1.0,0.0694,1.831,1.0,0.0585,1.6894,1.0,4.9964,0.9987,1.0,0.0,1.66,0.0,28.7001,2.2476,0.998,0.0173,1.0,1e-04,0.0,0.0173,1.0,0.1849,75.5371,0.0432,2.75,2.673,0.5368,0.0175,1.0,0.0112,0.8429,0.0,0.1519
1747076700000,78.4651,1.0,0.0694,2.8136,1.0,0.0353,0.9958,1.0,5.06,0.9996,1.0,0.0,1.1293,0.0,28.9034,2.1803,0.9985,0.0169,1.0,1e-04,0.0,0.0182,1.0,0.1854,56.0267,0.0458,1.25,2.0865,0.5421,0.0174,1.0,0.0134,0.8967,0.0,0.1617
1747076760000,104.4899,1.0,0.0694,2.4391,1.0,0.052,1.0128,1.0,5.0812,0.9846,1.0,0.0,15.4983,0.0,30.095,2.2684,0.9992,0.0168,1.0,0.0002,0.0,0.0172,1.0,0.1899,83.6538,0.0421,1.5,2.3216,0.5107,0.0173,1.0,0.012,0.9487,0.0,0.1599
1747076820000,99.7409,1.0,0.0694,2.1027,1.0,0.0385,1.0241,1.0,5.0665,0.9922,1.0,0.0,10.5009,0.0,29.4608,2.2293,0.998,0.0171,1.0,1e-04,0.0,0.0173,1.0,0.1848,56.1647,0.0434,1.2143,2.0058,0.5394,0.0173,1.0,0.0272,0.8824,0.0,0.1528
1747076880000,84.12,1.0,0.0694,1.1374,1.0,0.0406,0.9975,1.0,5.0701,0.9999,1.0,0.0,0.6467,0.0,27.3765,2.2957,1.0,0.0168,1.0,0.0,0.0,0.0169,1.0,0.1796,41.608,0.0423,1.5,3.1628,0.539,0.0172,1.0,0.0117,0.8593,0.0,0.1528
1747076940000,98.8613,1.0,0.0694,1.0069,1.0,0.0166,1.0169,1.0,5.0765,0.9998,1.0,0.0,0.5828,0.0,27.6487,2.3362,0.9994,0.0169,1.0,1e-04,0.0,0.0169,1.0,0.1835,50.1932,0.0427,1.4286,2.6667,0.5408,0.0173,1.0,0.0233,0.913,0.0,0.1585
1747077000000,104.6992,1.0,0.0694,2.9519,1.0,0.0203,0.9947,1.0,5.0673,0.9907,1.0,0.0,12.6893,0.0,24.7783,2.262,0.9992,0.0169,1.0,1e-04,0.0,0.017,1.0,0.1848,49.8438,0.0421,1.4167,2.5867,0.5575,0.0174,1.0,0.0115,0.9438,0.0,0.1569
1747077060000,92.8824,1.0,0.0694,4.6541,1.0,0.024,0.9705,1.0,5.0705,0.9985,1.0,0.0,1.5712,0.0,25.9616,2.1955,0.9977,0.017,1.0,0.0004,0.0,0.0172,1.0,0.1838,18.8021,0.0408,1.4194,2.902,0.5522,0.0172,1.0,0.0159,0.984,0.0,0.149
1747077120000,92.9686,1.0,0.0694,2.7859,1.0,0.026,0.9839,1.0,5.0777,0.9999,1.0,0.0,0.6331,0.0,26.7061,2.2876,0.9993,0.0168,1.0,1e-04,0.0,0.0169,1.0,0.1798,27.2066,0.0455,1.2,4.675,0.5158,0.0171,1.0,0.0137,0.9812,0.0,0.1497
1747077180000,102.0823,1.0,0.0694,2.3309,1.0,0.031,0.9773,1.0,5.08,0.9997,1.0,0.0,0.7564,0.0,26.7474,2.2302,0.9982,0.0167,1.0,0.0,0.0,0.017,1.0,0.1774,30.1667,0.0418,1.0,2.4101,0.5905,0.0173,1.0,0.0127,0.9902,0.0,0.1559
1747077240000,88.1777,1.0,0.0694,3.1597,1.0,0.0275,0.9806,1.0,5.0721,0.9978,1.0,0.0,5.7421,0.0,25.2884,2.2608,0.9992,0.0171,1.0,1e-04,0.0,0.0172,1.0,0.1695,37.4103,0.041,1.1429,1.513,0.5503,0.0173,1.0,0.0148,0.9538,0.0,0.1556
1747077300000,96.5625,1.0,0.0694,2.5421,1.0,0.0292,1.0003,1.0,5.0564,0.9956,1.0,0.0,5.7558,0.0,27.9115,2.2418,0.9987,0.0168,1.0,1e-04,0.0,0.0179,1.0,0.1694,46.0216,0.0424,1.0833,1.6486,0.533,0.0175,1.0,0.0123,0.9698,0.0,0.1474
1747077360000,62.9812,1.0,0.0694,2.9544,1.0,0.0185,1.008,1.0,5.0727,1.0,1.0,0.0,0.4211,0.0,25.9483,2.3085,1.0,0.0173,1.0,0.0003,0.0,0.0169,1.0,0.17,26.725,0.0465,1.625,3.2766,0.5307,0.0173,1.0,0.0235,0.8313,0.0,0.1486
1747077420000,78.9762,1.0,0.0694,1.5597,1.0,0.0447,0.957,1.0,5.052,0.9996,1.0,0.0,0.7382,0.0,23.9873,2.2473,0.9983,0.0169,1.0,1e-04,0.0,0.0179,1.0,0.1633,32.6461,0.0411,1.3571,2.0203,0.5394,0.0174,1.0,0.0168,0.893,0.0,0.1537
1747077480000,89.9097,1.0,0.0694,3.1295,1.0,0.0406,0.9838,1.0,5.0901,0.9913,1.0,0.0,9.8717,0.0,22.9138,2.1767,0.9981,0.017,1.0,0.0,0.0,0.0173,1.0,0.1876,17.4737,0.0438,1.5,1.84,0.5235,0.0171,1.0,0.0172,0.9105,0.0,0.1547
1747077540000,107.8837,1.0,0.0694,3.5173,1.0,0.0383,0.9612,1.0,5.0656,0.9973,1.0,0.0,4.2194,0.0,23.8559,2.2795,0.9989,0.0167,1.0,0.0,0.0,0.0177,1.0,0.1868,38.5305,0.0439,1.4286,2.5202,0.5568,0.0175,1.0,0.0179,0.9677,0.0,0.1476
1747077600000,99.3631,1.0,0.0694,4.6108,1.0,0.039,1.0062,1.0,5.0727,0.9998,1.0,0.0,0.7754,0.0,25.7534,2.2421,0.9998,0.0169,1.0,0.0002,0.0,0.0173,1.0,0.1897,54.8608,0.042,1.1905,2.3846,0.5403,0.0179,1.0,0.0162,0.8918,0.0,0.1519
1747077660000,94.057,1.0,0.0694,2.164,1.0,0.0217,0.9805,1.0,5.0691,0.9999,1.0,0.0,0.4305,0.0,22.6833,2.3333,1.0,0.0168,1.0,0.0002,0.0,0.0175,1.0,0.1878,18.7716,0.0419,1.5417,4.8718,0.5487,0.0177,1.0,0.0142,0.963,0.0,0.1562
1747077720000,100.9944,1.0,0.0694,2.5739,1.0,0.0232,0.9648,1.0,5.0712,0.9977,1.0,0.0,4.1803,0.0,25.4444,2.279,0.9988,0.0168,1.0,1e-04,0.0,0.0179,1.0,0.1905,41.1106,0.0469,1.4,1.5556,0.5014,0.0173,1.0,0.0222,0.9849,0.0,0.1543
1747077780000,106.683,1.0,0.0694,8.8561,1.0,0.0106,0.9734,1.0,5.08,0.9992,1.0,0.0,0.963,0.0,25.1347,2.3957,0.9994,0.0169,1.0,0.0,0.0,0.0176,1.0,0.1955,24.5904,0.0474,1.5,5.8889,0.5091,0.0172,1.0,0.0153,0.9819,0.0,0.1502
1747077840000,62.687,1.0,0.0694,3.6059,1.0,0.0489,0.9893,1.0,5.0791,0.9996,1.0,0.0,0.9796,0.0,25.2994,2.2326,0.9988,0.0171,1.0,1e-04,0.0,0.017,1.0,0.1845,34.0543,0.0407,1.4286,1.9508,0.5431,0.0172,1.0,0.0176,0.8416,0.0,0.1481
1747077900000,59.7667,1.0,0.0694,1.0299,1.0,0.0423,0.9795,1.0,5.0718,0.9996,1.0,0.0,0.8208,0.0,25.8501,2.257,0.9991,0.0173,1.0,1e-04,0.0,0.0177,1.0,0.1752,59.0638,0.0449,1.625,3.0838,0.5303,0.0175,1.0,0.0159,0.7589,0.0,0.1556
1747077960000,52.1855,1.0,0.0694,1.1852,1.0,0.0455,0.9425,1.0,5.08,0.9978,1.0,0.0,6.7409,0.0,27.9188,2.283,0.9993,0.0171,1.0,0.0003,0.0,0.0173,1.0,0.1924,39.8277,0.04,1.3333,2.1786,0.5401,0.0173,1.0,0.0179,0.6993,0.0,0.1559
1747078020000,42.7305,1.0,0.0694,1.104,1.0,0.0258,1.0153,1.0,5.0709,0.9994,1.0,0.0,1.9809,0.0,24.2898,2.3879,0.9996,0.0173,1.0,1e-04,0.0,0.0178,1.0,0.1762,23.4747,0.0429,1.5,2.913,0.5742,0.0173,1.0,0.0129,0.7665,0.0,0.1471
1747078080000,64.6286,1.0,0.0694,1.1316,1.0,0.0318,0.9742,1.0,5.0809,0.9998,1.0,0.0,0.5346,0.0,27.0023,2.373,0.9994,0.0172,1.0,0.0,0.0,0.0168,1.0,0.1751,30.0549,0.0444,1.0,2.6912,0.5179,0.0171,1.0,0.0125,0.7561,0.0,0.1488
1747078140000,86.7154,1.0,0.0694,2.5995,1.0,0.0305,0.9948,1.0,5.0773,0.9998,1.0,0.0,0.4963,0.0,24.0246,2.2626,0.9998,0.0171,1.0,1e-04,0.0,0.0176,0.9992,0.179,28.4739,0.0422,1.0714,2.5976,0.5725,0.0173,1.0,0.0126,0.9174,0.0,0.1534
1747078200000,89.2656,1.0,0.0694,1.6583,1.0,0.0314,0.9764,1.0,5.0727,0.9927,1.0,0.0,9.537,0.0,22.6083,2.2012,0.9978,0.0167,1.0,1e-04,0.0,0.0169,1.0,0.1856,46.929,0.0465,1.4167,2.2754,0.5404,0.0176,1.0,0.0144,0.9016,0.0,0.1544
1747078260000,93.3944,1.0,0.0694,1.1103,1.0,0.0376,0.9969,1.0,5.0818,0.9958,1.0,0.0,6.8622,0.0,29.8497,2.3223,0.9989,0.0169,1.0,0.0003,0.0,0.0169,1.0,0.1738,45.9953,0.0442,1.375,2.6068,0.5269,0.0173,1.0,0.0191,0.9488,0.0,0.1472
1747078320000,96.4018,1.0,0.0694,2.7668,1.0,0.0248,0.9691,1.0,5.0945,0.9999,1.0,0.0,0.5738,0.0,24.8642,2.2376,1.0,0.0169,1.0,1e-04,0.0,0.0169,1.0,0.1787,39.3224,0.0398,1.2,1.6471,0.5391,0.0171,1.0,0.0241,0.9474,0.0,0.1474
1747078380000,78.8874,1.0,0.0694,2.1147,1.0,0.0234,0.9895,1.0,5.0821,0.9999,1.0,0.0,0.3833,0.0,23.9799,2.2041,0.9994,0.0175,1.0,0.0,0.0,0.0169,1.0,0.1766,16.0573,0.0407,1.5,1.2609,0.6095,0.0172,1.0,0.0149,0.7771,0.0,0.1538
1747078440000,63.3214,1.0,0.0694,2.7561,1.0,0.0127,0.9475,1.0,5.0755,0.9973,1.0,0.0,4.9182,0.0,21.731,2.1564,1.0,0.0176,1.0,1e-04,0.0,0.0169,1.0,0.1754,13.7039,0.0439,2.1818,1.3939,0.5441,0.0173,1.0,0.0199,0.8544,0.0,0.1549
1747078500000,90.4952,1.0,0.0694,2.8021,1.0,0.022,0.9813,1.0,5.0727,0.9995,1.0,0.0,1.7446,0.0,25.3929,2.3455,1.0,0.0169,1.0,1e-04,0.0,0.017,1.0,0.1835,24.2123,0.0434,1.1667,2.8167,0.561,0.0173,1.0,0.0287,0.9609,0.0,0.1465
1747078560000,81.9248,1.0,0.0694,4.3152,1.0,0.0216,1.0145,1.0,5.0692,0.9999,1.0,0.0,0.3605,0.0,23.2009,2.5,0.9997,0.0174,1.0,0.0003,0.0,0.017,1.0,0.1896,13.6802,0.0416,1.375,4.9524,0.5223,0.0171,1.0,0.0244,0.8023,0.0,0.1498
1747078620000,84.0502,1.0,0.0694,1.9992,1.0,0.0136,1.0048,1.0,5.0711,0.9999,1.0,0.0,0.388,0.0,22.8414,2.1714,1.0,0.0171,1.0,0.0002,0.0,0.0171,1.0,0.1963,15.0,0.0447,1.2941,3.7667,0.5195,0.0171,1.0,0.0192,0.812,0.0,0.1597
1747078680000,67.4573,1.0,0.0694,1.5537,1.0,0.0281,1.0019,1.0,5.0755,0.9921,1.0,0.0,7.2749,0.0,26.3907,2.1652,0.9988,0.0172,1.0,0.0,0.0,0.0172,1.0,0.1879,47.2865,0.0441,1.0,1.6276,0.5649,0.0172,1.0,0.0177,0.764,0.0,0.1594
1747078740000,81.6593,1.0,0.0694,1.1588,1.0,0.0292,0.9997,1.0,5.0673,0.9984,1.0,0.0,8.4466,0.0,30.4885,2.2232,0.9993,0.0172,1.0,1e-04,0.0,0.0169,1.0,0.1885,52.1345,0.0397,1.2857,1.9754,0.5899,0.0179,1.0,0.0178,0.8072,0.0,0.1522
1747078800000,77.6191,1.0,0.0694,2.8301,1.0,0.0178,0.9964,1.0,5.0636,0.9999,1.0,0.0,0.4457,0.0,25.2007,2.3696,0.9998,0.017,1.0,1e-04,0.0,0.0171,1.0,0.1941,39.6863,0.0431,2.0833,4.8621,0.5655,0.0177,1.0,0.0162,0.8693,0.0,0.1534
1747078860000,76.2542,1.0,0.0694,4.3646,1.0,0.0212,1.0504,1.0,5.0932,0.9997,1.0,0.0,0.4549,0.0,23.9645,2.1738,0.998,0.0169,1.0,0.0003,0.0,0.0169,1.0,0.1876,33.7486,0.0415,1.375,2.6667,0.5369,0.0171,1.0,0.0303,0.8212,0.0,0.1587
1747078920000,83.5097,1.0,0.0694,2.8451,1.0,0.0226,1.0022,1.0,5.07,0.9973,1.0,0.0,7.6421,0.0,26.0372,2.2184,0.9995,0.017,1.0,1e-04,0.0,0.0171,1.0,0.1846,29.7514,0.042,1.2857,1.9683,0.553,0.0175,1.0,0.0272,0.9027,0.0,0.1585
1747078980000,61.9741,1.0,0.0694,2.6771,1.0,0.0227,0.9971,1.0,5.0839,0.9992,1.0,0.0,1.7753,0.0,23.1894,2.2882,0.9989,0.017,1.0,0.0,0.0,0.017,1.0,0.1835,20.1237,0.0422,1.5,1.5714,0.5292,0.0174,1.0,0.0133,0.8402,0.0,0.1511
1747079040000,87.3063,1.0,0.0694,3.8148,1.0,0.0089,0.9669,1.0,5.0931,0.9999,1.0,0.0,0.4339,0.0,26.363,2.2248,0.999,0.0168,1.0,1e-04,0.0,0.0168,1.0,0.184,31.2708,0.0422,1.4286,1.3478,0.5563,0.0171,1.0,0.0164,0.9444,0.0,0.1512
1747079100000,92.9013,1.0,0.0694,2.9235,1.0,0.0179,0.9801,1.0,5.0855,0.9997,1.0,0.0,0.3852,0.0,24.8823,2.481,0.9985,0.0175,1.0,1e-04,0.0,0.0171,1.0,0.1827,7.4354,0.045,1.3333,12.1818,0.5599,0.0171,1.0,0.0197,0.7415,0.0,0.159
1747079160000,69.8239,1.0,0.0694,2.9917,1.0,0.0275,0.9697,1.0,5.0718,0.9977,1.0,0.0,3.9413,0.0,23.8185,2.3034,0.9989,0.0168,1.0,0.0003,0.0,0.0172,1.0,0.1844,28.7565,0.0438,1.2903,2.907,0.5362,0.017,1.0,0.0133,0.8522,0.0,0.1563
1747079220000,66.2424,1.0,0.0694,1.8103,1.0,0.0293,0.981,1.0,5.0985,0.9982,1.0,0.0,3.1424,0.0,21.5655,2.2425,0.9997,0.0173,1.0,1e-04,0.0,0.0169,1.0,0.1863,19.3522,0.0448,1.2,1.7571,0.5322,0.017,1.0,0.03,0.9434,0.0,0.1492
1747079280000,107.3234,1.0,0.0694,2.36,1.0,0.0404,0.9966,1.0,5.0791,0.9997,1.0,0.0,0.8052,0.0,31.4592,2.286,0.9985,0.017,1.0,0.0,0.0,0.0171,1.0,0.1743,52.3333,0.0414,1.5,1.7674,0.564,0.0172,1.0,0.0104,0.9713,0.0,0.1497
1747079340000,71.1813,1.0,0.0694,4.1247,1.0,0.0255,0.9653,0.9979,5.0891,0.9999,1.0,0.0,0.628,0.0,24.8435,2.3333,1.0,0.0167,1.0,1e-04,0.0,0.0168,1.0,0.1839,32.5628,0.0417,1.4286,2.5146,0.565,0.0172,1.0,0.0105,0.9628,0.0,0.1577
1747079400000,66.5655,1.0,0.0694,3.695,1.0,0.0272,0.978,1.0,5.0683,0.9563,1.0,0.0,15.2344,0.0,21.8414,2.2734,0.9989,0.0169,1.0,1e-04,0.0,0.0169,1.0,0.1853,27.8384,0.0459,1.3333,2.8659,0.5425,0.0178,1.0,0.0153,0.8889,0.0,0.1569
1747079460000,66.3982,1.0,0.0694,2.8256,1.0,0.0496,0.9802,1.0,5.0584,0.9951,1.0,0.0,5.3407,0.0,24.9908,2.1517,0.996,0.0169,1.0,0.0003,0.0,0.017,1.0,0.1845,35.1245,0.0426,1.2857,2.0583,0.5434,0.0174,1.0,0.0125,0.856,0.0,0.1504
1747079520000,76.1415,1.0,0.0694,2.5942,1.0,0.0222,1.0028,1.0,5.067,0.9998,1.0,0.0,0.5663,0.0,25.4809,2.1797,0.9981,0.0171,1.0,1e-04,0.0,0.0169,1.0,0.1767,22.5159,0.0443,1.4,1.5111,0.56,0.0171,1.0,0.0137,0.881,0.0,0.1524
1747079580000,72.9688,1.0,0.0694,4.7551,1.0,0.0197,1.0119,1.0,5.0711,0.9998,1.0,0.0,0.3993,0.0,24.6482,2.3867,0.9984,0.0169,1.0,0.0,0.0,0.0169,1.0,0.1958,10.1484,0.046,1.5,1.5385,0.5669,0.0172,1.0,0.0148,0.8581,0.0,0.1568
1747079640000,75.5784,1.0,0.0694,6.3028,1.0,0.0193,0.96,1.0,5.0545,0.9988,1.0,0.0,0.9536,0.0,23.7399,2.413,1.0,0.0169,1.0,1e-04,0.0,0.0175,1.0,0.1793,12.8042,0.0441,1.2857,1.5385,0.5375,0.0173,1.0,0.0118,0.7622,0.0,0.1547
1747079700000,83.8174,1.0,0.0694,1.3122,1.0,0.0203,0.9743,1.0,5.0691,0.9966,1.0,0.0,6.4469,0.0,24.0454,2.22,0.9991,0.0168,1.0,1e-04,0.0,0.0172,1.0,0.188,23.7529,0.0491,1.1579,1.6328,0.5355,0.0174,1.0,0.018,0.9,0.0,0.147
1747079760000,79.757,1.0,0.0694,1.1305,1.0,0.0416,0.9754,1.0,5.0573,0.9997,1.0,0.0,0.7989,0.0,26.1451,2.2197,0.9988,0.0171,1.0,0.0003,0.0,0.0171,1.0,0.1835,45.6409,0.042,1.4583,2.7389,0.5581,0.0173,1.0,0.0153,0.8045,0.0,0.1491
1747079820000,85.7969,1.0,0.0694,1.0541,1.0,0.0183,0.962,1.0,5.0627,0.9998,1.0,0.0,0.5031,0.0,24.9098,2.2587,0.9982,0.0168,1.0,1e-04,0.0,0.017,1.0,0.1743,38.6871,0.0411,1.6,1.7612,0.5431,0.0171,1.0,0.0143,0.9509,0.0,0.1555
1747079880000,93.4264,1.0,0.0694,1.0838,1.0,0.0307,0.9872,1.0,5.0864,0.9681,1.0,0.0,24.8298,0.0,28.0079,2.1876,0.9989,0.0171,1.0,0.0,0.0,0.017,1.0,0.1727,46.7202,0.0423,1.5,1.875,0.5491,0.0172,1.0,0.0191,0.8393,0.0,0.1552
1747079940000,85.6337,1.0,0.0694,1.6052,1.0,0.0589,0.9647,1.0,5.0564,0.9956,1.0,0.0,6.5453,0.0,29.5621,2.1868,0.9985,0.0169,1.0,1e-04,0.0,0.0178,1.0,0.1703,70.0245,0.0411,1.2857,3.2066,0.566,0.0176,1.0,0.022,0.9469,0.0,0.1494
1747080000000,70.2464,1.0,0.0694,1.9867,1.0,0.0347,0.9723,1.0,5.0555,0.9994,1.0,0.0,1.1136,0.0,27.3427,2.2719,0.9985,0.017,1.0,1e-04,0.0,0.0174,1.0,0.1674,48.5618,0.0407,1.4375,2.6919,0.5836,0.0178,1.0,0.0163,0.8989,0.0,0.1499
1747080060000,94.0571,1.0,0.0694,1.6946,1.0,0.0324,0.9984,1.0,5.07,0.9996,1.0,0.0,0.7344,0.0,24.8811,2.3258,0.9989,0.0167,1.0,0.0002,0.0,0.0171,1.0,0.1867,33.8475,0.0451,1.7083,2.7188,0.6139,0.0173,1.0,0.0191,0.9209,0.0,0.1633
1747080120000,112.4815,1.0,0.0694,2.6689,1.0,0.0447,0.9826,1.0,5.0764,0.9993,1.0,0.0,2.5744,0.0,24.5126,2.3428,1.0,0.0168,1.0,1e-04,0.0,0.0169,1.0,0.1909,33.8976,0.0427,1.5,3.0857,0.5732,0.0171,1.0,0.0133,0.9921,0.0,0.1557
1747080180000,98.4597,1.0,0.0694,2.0261,1.0,0.0197,0.9764,1.0,5.0809,0.9991,1.0,0.0,1.401,0.0,25.4091,2.1898,1.0,0.0167,1.0,0.0,0.0,0.0169,1.0,0.188,11.2774,0.0426,1.5,1.6667,0.5828,0.0172,1.0,0.0165,0.9416,0.0,0.1489
1747080240000,88.2727,1.0,0.0694,2.6436,1.0,0.0224,0.9832,1.0,5.08,0.9999,1.0,0.0,0.4373,0.0,22.1829,2.2652,1.0,0.0168,1.0,1e-04,0.0,0.0171,1.0,0.1855,21.0064,0.0423,1.0,1.8868,0.583,0.0171,1.0,0.0131,0.9167,0.0,0.1474
1747080300000,81.8289,1.0,0.0694,2.6523,1.0,0.0299,0.9656,1.0,5.1021,0.9998,1.0,0.0,0.4846,0.0,27.2565,2.2531,0.9985,0.0171,1.0,1e-04,0.0,0.0168,1.0,0.1836,39.0379,0.0442,1.5,1.6923,0.5801,0.0173,1.0,0.0146,0.8333,0.0,0.1552
1747080360000,90.3569,1.0,0.0694,3.6889,1.0,0.0328,0.9629,1.0,5.0958,0.9947,1.0,0.0,13.196,0.0,28.212,2.2517,0.9997,0.0176,1.0,0.0002,0.0,0.0169,1.0,0.1858,50.3431,0.0427,1.375,2.8134,0.6015,0.0174,1.0,0.0146,0.7696,0.0,0.1536
1747080420000,72.9932,1.0,0.0694,0.9848,1.0,0.0414,0.9601,1.0,5.0845,0.9978,1.0,0.0,4.4105,0.0,24.713,2.1707,0.9992,0.0168,1.0,1e-04,0.0,0.0169,1.0,0.1822,43.949,0.039,1.8,2.7564,0.6005,0.0172,1.0,0.0161,0.9116,0.0,0.1486
1747080480000,62.4085,1.0,0.0694,2.1533,1.0,0.0459,0.9586,1.0,5.0745,0.9992,1.0,0.0,0.894,0.0,21.3222,2.1776,0.9985,0.0168,1.0,1e-04,0.0,0.0173,1.0,0.1831,30.6568,0.0393,1.0,2.4264,0.5834,0.0174,1.0,0.0105,0.8561,0.0,0.1484
1747080540000,74.3379,1.0,0.0694,1.2056,1.0,0.0242,0.9634,1.0,5.0645,0.9998,1.0,0.0,0.6834,0.0,24.3743,2.2644,0.9991,0.0169,1.0,1e-04,0.0,0.017,1.0,0.1891,26.183,0.0426,3.4286,2.5339,0.6369,0.0174,1.0,0.0136,0.8894,0.0,0.1569
1747080600000,64.3586,1.0,0.0694,3.0592,1.0,0.2501,0.9825,1.0,5.0791,0.9977,1.0,0.0,4.2979,0.0,18.9079,2.2085,0.9996,0.017,1.0,0.0002,0.0,0.0174,1.0,0.1906,16.4933,0.0534,1.2308,3.5417,0.6448,0.0181,1.0,0.0166,0.8969,0.0,0.1551
1747080660000,72.2022,1.0,0.0694,3.0623,1.0,0.3438,0.959,1.0,5.0572,0.9988,1.0,0.0,0.8834,0.0,16.9284,2.4216,0.9997,0.0169,1.0,0.0003,0.0,0.0175,1.0,0.1885,22.2,0.0648,1.6667,5.2381,0.6578,0.0174,1.0,0.021,0.8919,0.0,0.1503
1747080720000,88.2506,1.0,0.0694,2.4682,1.0,0.3787,0.9676,1.0,5.0665,1.0,1.0,0.0,0.4161,0.0,17.8345,2.3677,1.0,0.0167,1.0,0.0002,0.0,0.0179,1.0,0.2012,19.2973,0.0622,1.2353,1.8,0.654,0.0171,1.0,0.014,0.9324,0.0,0.1486
1747080780000,80.3745,1.0,0.0694,2.5648,1.0,0.4246,0.9608,1.0,5.0455,1.0,1.0,0.0,0.361,0.0,16.9856,2.2308,1.0,0.017,1.0,0.0,0.0,0.0174,1.0,0.1866,27.0539,0.0642,1.5,1.5938,0.6598,0.0173,1.0,0.0177,0.9162,0.0,0.1551
1747080840000,100.2386,1.0,0.0694,3.7275,1.0,0.1444,0.9516,1.0,5.0736,0.9999,1.0,0.0,0.4228,0.0,20.4233,2.3608,1.0,0.0172,1.0,1e-04,0.0,0.0173,1.0,0.1838,15.3803,0.0442,1.5714,1.4643,0.5766,0.017,1.0,0.0131,0.9812,0.0,0.1526
1747080900000,105.581,1.0,0.0694,3.2331,1.0,0.0173,0.9436,1.0,5.0691,0.9909,1.0,0.0,1.8139,0.0,22.3096,2.2157,1.0,0.0171,1.0,0.0002,0.0,0.0169,1.0,0.1895,11.3596,0.042,2.1667,1.625,0.595,0.017,1.0,0.0168,0.9944,0.0,0.1516
1747080960000,107.8159,1.0,0.0694,2.5717,1.0,0.0171,0.9457,1.0,5.0762,0.9999,1.0,0.0,0.4114,0.0,22.9522,2.4808,0.9998,0.0167,1.0,0.0002,0.0,0.0173,1.0,0.173,11.5916,0.0422,1.3929,1.7,0.5647,0.0172,1.0,0.0127,0.9581,0.0,0.1463
1747081020000,90.4023,1.0,0.0694,2.5055,1.0,0.0445,0.9479,1.0,5.061,0.9999,1.0,0.0,0.8465,0.0,27.2476,2.3045,0.9998,0.0169,1.0,1e-04,0.0,0.017,1.0,0.1795,34.7012,0.0427,2.0,4.6377,0.5669,0.0173,1.0,0.0181,0.9761,0.0,0.1524
1747081080000,104.8357,1.0,0.0694,1.1588,1.0,0.0248,1.0073,1.0,5.0693,1.0,1.0,0.0,0.4938,0.0,26.9177,2.3164,0.9997,0.0167,1.0,0.0,0.0,0.0171,1.0,0.1791,27.0328,0.0443,1.5,2.0,0.5455,0.0175,1.0,0.0267,0.9836,0.0,0.1544
1747081140000,79.595,1.0,0.0694,4.1868,1.0,0.0462,0.9545,1.0,5.0637,0.9994,1.0,0.0,1.0501,0.0,24.8765,2.253,0.999,0.0171,1.0,1e-04,0.0,0.018,1.0,0.1712,40.485,0.0422,1.4286,1.7733,0.586,0.0172,1.0,0.0097,0.8712,0.0,0.1527
1747081200000,75.1756,1.0,0.0694,3.7887,1.0,0.0278,0.917,1.0,5.0729,0.9999,1.0,0.0,0.6367,0.0,25.1051,2.3453,0.9997,0.0169,1.0,1e-04,0.0,0.0169,0.9991,0.1775,26.84,0.0429,1.5833,2.5122,0.5446,0.0175,1.0,0.014,0.8971,0.0,0.1554
1747081260000,79.9905,1.0,0.0694,3.9855,1.0,0.0367,0.9324,1.0,5.0475,0.9995,1.0,0.0,1.0217,0.0,24.0611,2.3251,1.0,0.0171,1.0,0.0003,0.0,0.0173,1.0,0.1798,28.8041,0.0414,1.6774,3.1136,0.5475,0.0177,1.0,0.0128,0.866,0.0,0.1552
1747081320000,62.464,1.0,0.0694,2.056,1.0,0.0204,0.9294,1.0,5.0693,0.9997,1.0,0.0,0.4536,0.0,22.453,2.4622,0.9993,0.0172,1.0,1e-04,0.0,0.0169,1.0,0.1951,14.6096,0.0415,1.3,5.0455,0.5335,0.0171,1.0,0.0202,0.6918,0.0,0.1475
1747081380000,61.1434,1.0,0.0694,6.2205,1.0,0.0346,0.9643,1.0,5.0593,0.9997,1.0,0.0,0.4678,0.0,25.7469,2.3902,0.9992,0.0169,1.0,0.0,0.0,0.0169,1.0,0.1788,26.6421,0.0414,1.5,1.7719,0.5272,0.0172,1.0,0.0125,0.8526,0.0,0.1515
1747081440000,56.6395,1.0,0.0694,5.3129,1.0,0.0681,0.9525,1.0,5.0595,0.9998,1.0,0.0,1.3546,0.0,25.8877,2.211,0.9995,0.0172,1.0,1e-04,0.0,0.017,1.0,0.185,41.437,0.0385,1.625,3.9524,0.5796,0.0176,1.0,0.0185,0.763,0.0,0.1542
1747081500000,68.4571,1.0,0.0694,2.673,1.0,0.0102,0.9619,1.0,5.0601,0.9999,1.0,0.0,0.3155,0.0,24.9982,2.3333,1.0,0.0168,1.0,0.0002,0.0,0.0169,1.0,0.1876,11.314,0.0398,1.3333,1.2222,0.5204,0.0173,1.0,0.0114,0.8678,0.0,0.1519
1747081560000,88.069,1.0,0.0694,1.2332,1.0,0.0292,0.9234,1.0,5.062,1.0,1.0,0.0,0.4115,0.0,24.8268,2.4046,1.0,0.0169,1.0,0.0003,0.0,0.0172,1.0,0.1776,18.8636,0.0423,1.7857,1.7742,0.5418,0.0174,1.0,0.014,0.8961,0.0,0.1504
1747081620000,91.1774,1.0,0.0694,1.0082,1.0,0.0462,0.9541,1.0,5.0473,0.9993,1.0,0.0,2.141,0.0,27.0852,2.2652,0.9994,0.0167,1.0,1e-04,0.0,0.0176,1.0,0.1805,41.2878,0.0434,1.3,3.0692,0.5653,0.0176,1.0,0.0128,0.9415,0.0,0.1565
1747081680000,85.2481,1.0,0.0694,1.1342,1.0,0.045,0.958,1.0,5.0691,0.9998,1.0,0.0,0.7188,0.0,24.4137,2.2837,1.0,0.0169,1.0,0.0,0.0,0.0174,1.0,0.1767,29.8846,0.0425,1.0,3.0943,0.533,0.0173,1.0,0.0145,0.9945,0.0,0.1492
1747081740000,86.0251,1.0,0.0694,1.8269,1.0,0.0673,0.9414,1.0,5.0627,1.0,1.0,0.0,0.2827,0.0,20.409,2.5208,1.0,0.017,1.0,1e-04,0.0,0.0168,1.0,0.1824,9.461,0.0423,1.4286,1.2857,0.5579,0.0171,1.0,0.0176,0.9255,0.0,0.1503
1747081800000,91.0923,1.0,0.0694,2.9606,1.0,0.0085,0.9775,1.0,5.073,0.9998,1.0,0.0,0.3918,0.0,22.3964,2.4872,1.0,0.0167,1.0,0.0002,0.0,0.0174,1.0,0.1839,11.6263,0.0413,1.3333,5.6111,0.585,0.0174,1.0,0.0205,0.9895,0.0,0.1539
1747081860000,84.7254,1.0,0.0694,1.8404,1.0,0.026,0.9691,1.0,5.0785,0.9999,1.0,0.0,0.8825,0.0,20.4173,2.3341,0.9998,0.0169,1.0,0.0003,0.0,0.017,1.0,0.1834,19.9414,0.0407,1.4839,2.1412,0.5444,0.0171,1.0,0.0137,0.9744,0.0,0.1507
1747081920000,78.5229,1.0,0.0694,2.8759,1.0,0.034,0.9411,1.0,5.0867,0.9999,1.0,0.0,0.5616,0.0,23.7758,2.3449,0.9993,0.017,1.0,1e-04,0.0,0.0169,1.0,0.1813,31.2315,0.0425,1.4,1.7802,0.542,0.0172,1.0,0.0148,0.9398,0.0,0.153
1747081980000,73.6293,1.0,0.0694,2.0441,1.0,0.0221,0.9389,1.0,5.0773,0.9995,1.0,0.0,0.8351,0.0,21.0793,2.3618,0.9993,0.0173,1.0,0.0,0.0,0.0168,1.0,0.1793,13.6421,0.0405,1.5,2.6038,0.5361,0.0172,1.0,0.0114,0.8912,0.0,0.1534
1747082040000,71.2815,1.0,0.0694,1.9735,1.0,0.0283,0.9661,1.0,5.07,0.9992,1.0,0.0,1.0308,0.0,19.299,2.2606,0.9973,0.0168,1.0,1e-04,0.0,0.0174,1.0,0.1776,21.0769,0.0426,2.1818,1.9762,0.5523,0.0172,1.0,0.0138,0.8636,0.0,0.1466
1747082100000,87.2255,1.0,0.0694,3.3461,1.0,0.0191,0.9529,1.0,5.0447,0.9999,1.0,0.0,0.4627,0.0,21.3069,2.3349,0.9997,0.0168,1.0,1e-04,0.0,0.0169,1.0,0.1708,21.2727,0.0404,1.0833,1.9362,0.5335,0.0172,1.0,0.0191,0.9758,0.0,0.1501
1747082160000,87.4796,1.0,0.0694,4.6381,1.0,0.031,0.9519,1.0,5.0529,0.9994,1.0,0.0,0.767,0.0,19.3956,2.247,0.9998,0.0168,1.0,0.0002,0.0,0.0169,1.0,0.1818,17.9045,0.0432,1.0417,1.8,0.5178,0.0173,1.0,0.0156,0.9719,0.0,0.1518
1747082220000,98.7366,1.0,0.0694,0.9695,1.0,0.0705,0.9365,1.0,5.0536,0.9989,1.0,0.0,1.8707,0.0,26.043,2.2165,0.9975,0.0169,1.0,1e-04,0.0,0.0173,1.0,0.195,48.6189,0.0416,1.4,1.6063,0.5545,0.0176,1.0,0.0152,0.9622,0.0,0.1475
1747082280000,79.4256,1.0,0.0694,2.1633,1.0,0.0392,0.946,1.0,5.0747,0.9999,1.0,0.0,0.8253,0.0,26.6618,2.2776,0.9995,0.0169,1.0,0.0,0.0,0.0171,1.0,0.184,42.8323,0.0416,1.5,1.5987,0.5764,0.0176,1.0,0.0175,0.941,0.0,0.1512
1747082340000,75.2617,1.0,0.0694,1.2291,1.0,0.0156,0.9513,1.0,5.0582,0.9999,1.0,0.0,0.6166,0.0,24.1364,2.3704,1.0,0.0171,1.0,1e-04,0.0,0.0169,1.0,0.19,17.1724,0.0427,0.5714,1.1667,0.5283,0.0175,1.0,0.013,0.9224,0.0,0.1543
1747082400000,68.9537,1.0,0.0694,3.977,1.0,0.0198,0.9573,1.0,5.0627,1.0,1.0,0.0,0.5224,0.0,26.596,2.1769,1.0,0.0168,1.0,0.0003,0.0,0.0171,1.0,0.1829,21.6701,0.0394,1.3684,1.3793,0.5406,0.0178,1.0,0.016,0.9086,0.0,0.1458
1747082460000,87.0626,1.0,0.0694,3.366,1.0,0.0243,0.9533,1.0,5.0627,0.9999,1.0,0.0,0.4287,0.0,20.5812,2.2462,0.9994,0.0168,1.0,0.0002,0.0,0.017,1.0,0.1843,13.8795,0.0465,1.625,1.6481,0.5206,0.0173,1.0,0.0118,0.9759,0.0,0.1488
1747082520000,92.9832,1.0,0.0694,3.0909,1.0,0.0289,0.9329,1.0,5.0758,0.9999,1.0,0.0,0.7348,0.0,25.3236,2.3492,1.0,0.0167,1.0,1e-04,0.0,0.0169,1.0,0.182,19.0516,0.0432,1.9,1.52,0.5439,0.0173,1.0,0.0282,0.9806,0.0,0.1589
1747082580000,84.7044,1.0,0.0694,3.6506,1.0,0.0141,0.9458,1.0,5.0613,1.0,1.0,0.0,0.3108,0.0,23.4758,2.425,1.0,0.0169,1.0,0.0,0.0,0.0169,1.0,0.1772,6.0301,0.0422,1.5,1.7143,0.5579,0.0172,1.0,0.0217,0.9925,0.0,0.1454
1747082640000,91.4081,1.0,0.0694,3.5569,1.0,0.034,0.9263,1.0,5.0809,0.9998,1.0,0.0,0.5928,0.0,26.483,2.2033,0.999,0.0167,1.0,1e-04,0.0,0.0169,1.0,0.1677,61.3162,0.0381,1.4545,2.3587,0.5618,0.0172,1.0,0.0183,0.9706,0.0,0.1487
1747082700000,99.1971,1.0,0.0694,2.6663,1.0,0.036,0.9718,1.0,5.0651,0.9947,1.0,0.0,7.2255,0.0,30.1202,2.3473,0.9992,0.0167,1.0,1e-04,0.0,0.0171,1.0,0.1644,37.131,0.0416,1.6667,3.5636,0.569,0.0173,1.0,0.0142,0.9862,0.0,0.1528
1747082760000,93.2532,1.0,0.0694,2.7297,1.0,0.0222,0.9505,1.0,5.0583,0.9998,1.0,0.0,0.6685,0.0,20.1801,2.176,0.9998,0.0169,1.0,0.0002,0.0,0.0168,1.0,0.1705,19.9167,0.0414,1.875,3.0833,0.5331,0.0174,1.0,0.0243,0.9821,0.0,0.1464
1747082820000,98.401,1.0,0.0694,2.9653,1.0,0.0299,0.9423,1.0,5.0673,0.9998,1.0,0.0,0.5828,0.0,28.2509,2.1296,0.999,0.0168,1.0,1e-04,0.0,0.0176,1.0,0.1716,35.5858,0.0426,1.6,3.2208,0.5917,0.0176,1.0,0.014,0.9822,0.0,0.1495
1747082880000,75.1371,1.0,0.0694,1.2104,1.0,0.029,1.0069,1.0,5.0674,0.9997,1.0,0.0,0.3174,0.0,23.5797,2.3023,1.0,0.0171,1.0,0.0,0.0,0.0185,1.0,0.1759,15.9739,0.0396,1.5,1.2222,0.5597,0.0172,1.0,0.0147,0.8261,0.0,0.1521
1747082940000,75.7207,1.0,0.0694,3.6468,1.0,0.0187,0.9572,1.0,5.0755,0.9996,1.0,0.0,0.606,0.0,20.9871,2.4464,0.9998,0.017,1.0,1e-04,0.0,0.0171,1.0,0.1666,11.0191,0.0424,1.3571,1.9143,0.5196,0.0171,1.0,0.0172,0.8599,0.0,0.1493
1747083000000,80.9714,1.0,0.0694,5.1819,1.0,0.0496,0.9513,1.0,5.0627,0.9986,1.0,0.0,2.4315,0.0,26.7317,2.1992,0.9989,0.0169,1.0,1e-04,0.0,0.017,1.0,0.166,42.9461,0.0404,1.9167,1.7778,0.5498,0.0178,1.0,0.018,0.8382,0.0,0.1493
1747083060000,107.6265,1.0,0.0694,3.2139,1.0,0.0357,0.9574,1.0,5.05,0.9971,1.0,0.0,4.0938,0.0,29.4529,2.1946,0.997,0.017,1.0,0.0002,0.0,0.017,1.0,0.1901,81.015,0.0463,1.75,1.6324,0.5481,0.0176,1.0,0.014,0.94,0.0,0.1465
1747083120000,101.8856,1.0,0.0694,2.2401,1.0,0.0248,0.9274,0.998,5.0573,0.9975,1.0,0.0,3.2272,0.0,26.131,2.1952,0.9982,0.0168,1.0,1e-04,0.0,0.0169,1.0,0.182,54.0208,0.0399,1.7,1.6762,0.5678,0.0174,1.0,0.0205,0.9583,0.0,0.1467
1747083180000,98.2055,1.0,0.0694,6.1133,1.0,0.0426,0.9546,1.0,5.0618,0.9978,1.0,0.0,5.0302,0.0,24.7068,2.2153,0.9994,0.0167,1.0,1e-04,0.0,0.0169,1.0,0.1766,36.3211,0.0407,1.3333,3.1494,0.5433,0.0173,1.0,0.0185,0.9725,0.0,0.1458
1747083240000,101.8231,1.0,0.0694,5.5744,1.0,0.0309,0.9539,1.0,5.0555,0.9982,1.0,0.0,6.0951,0.0,26.178,2.2245,1.0,0.0168,1.0,1e-04,0.0,0.017,1.0,0.1622,23.0731,0.0395,2.2857,1.7551,0.5417,0.0174,1.0,0.0113,0.9772,0.0,0.1444
1747083300000,90.9626,1.0,0.0694,3.8224,1.0,0.0236,0.9552,1.0,5.0618,0.9927,1.0,0.0,8.3145,0.0,24.2471,2.1242,0.9997,0.0169,1.0,1e-04,0.0,0.0172,1.0,0.1762,14.6197,0.0385,1.9167,1.5625,0.587,0.0171,1.0,0.0157,0.9957,0.0,0.1463
1747083360000,101.0385,1.0,0.0694,1.1221,1.0,0.017,0.9558,1.0,5.0664,0.9931,1.0,0.0,14.5989,0.0,22.8278,2.1538,0.9998,0.0168,1.0,0.0002,0.0,0.0169,1.0,0.1773,19.5792,0.0446,1.2083,2.1765,0.5231,0.0173,1.0,0.0332,0.9727,0.0,0.1454
1747083420000,94.4629,1.0,0.0694,1.0573,1.0,0.0292,0.9525,1.0,5.0618,0.9952,1.0,0.0,18.6006,0.0,26.4029,2.4176,1.0,0.0167,1.0,1e-04,0.0,0.0168,1.0,0.1771,16.5084,0.0389,1.4,1.7647,0.5483,0.0171,1.0,0.0109,0.9944,0.0,0.1459
1747083480000,108.7986,1.0,0.0694,1.1362,1.0,0.0289,0.9595,1.0,5.0482,0.9821,1.0,0.0,15.5201,0.0,23.5767,2.3214,1.0,0.0168,1.0,1e-04,0.0,0.017,1.0,0.1743,15.316,0.0437,1.1111,1.973,0.5294,0.0175,1.0,0.0108,1.0,0.0,0.1453
1747083540000,100.3602,1.0,0.0694,1.119,1.0,0.0444,0.9487,1.0,5.0691,0.9859,1.0,0.0,50.2591,0.0,29.2033,2.3072,0.9994,0.0168,1.0,1e-04,0.0,0.0171,1.0,0.17,35.7288,0.0416,1.4286,1.9469,0.5567,0.0176,1.0,0.0163,0.9902,0.0,0.1441
1747083600000,84.0871,1.0,0.0694,2.4488,1.0,0.0472,0.9324,0.9987,5.06,0.9546,1.0,0.0,64.9069,0.0,27.3939,2.2155,0.9981,0.0169,1.0,1e-04,0.0,0.017,1.0,0.1735,52.125,0.0381,1.4167,2.45,0.6193,0.0177,1.0,0.0144,0.9669,0.0,0.1449
1747083660000,93.5873,1.0,0.0694,1.5654,1.0,0.0483,0.9596,1.0,5.0627,0.96,1.0,0.0,69.5012,0.0,24.5098,2.2569,0.9983,0.0169,1.0,0.0002,0.0,0.017,1.0,0.1759,35.8851,0.0437,1.3913,2.5787,0.6154,0.0172,1.0,0.0174,0.9808,0.0,0.1462
1747083720000,88.5938,1.0,0.0694,1.9264,1.0,0.029,0.9854,1.0,5.0436,0.9781,1.0,0.0,33.709,0.0,26.6144,2.2259,0.9993,0.0169,1.0,1e-04,0.0,0.017,1.0,0.1789,38.2136,0.0414,1.4286,2.2121,0.5993,0.0172,1.0,0.0088,0.9318,0.0,0.1471
1747083780000,82.9248,1.0,0.0694,2.2339,1.0,0.023,0.9557,1.0,5.0536,0.9801,1.0,0.0,29.3483,0.0,23.3293,2.2853,0.9998,0.0171,1.0,0.0,0.0,0.0169,1.0,0.1754,20.0324,0.0422,1.0,3.1594,0.5922,0.0173,1.0,0.0141,0.8988,0.0,0.1463
1747083840000,97.8057,1.0,0.0694,2.2122,1.0,0.0172,0.9531,1.0,5.06,0.993,1.0,0.0,2.584,0.0,22.3696,2.3846,1.0,0.0168,1.0,1e-04,0.0,0.017,1.0,0.1763,8.4688,0.0412,1.2857,1.6923,0.6087,0.0175,1.0,0.0136,0.9948,0.0,0.1469
1747083900000,89.8309,1.0,0.0694,2.7008,1.0,0.0302,0.9553,1.0,5.0638,0.99,1.0,0.0,20.3743,0.0,21.8932,2.109,1.0,0.0169,1.0,1e-04,0.0,0.0169,1.0,0.1777,14.4121,0.041,1.9167,1.6279,0.5829,0.0173,1.0,0.0136,0.9758,0.0,0.1467
1747083960000,100.8821,1.0,0.0694,3.5652,1.0,0.0331,0.9372,1.0,5.06,0.9285,1.0,0.0,50.0234,0.0,24.6679,2.3039,0.9989,0.0169,1.0,0.0003,0.0,0.0174,1.0,0.1829,23.6019,0.0427,1.2581,1.7466,0.5963,0.0172,1.0,0.0168,0.9757,0.0,0.1465
1747084020000,76.8978,1.0,0.0694,1.3603,1.0,0.0579,0.9559,1.0,5.0702,0.9132,1.0,0.0,97.1675,0.0,25.3003,2.2427,0.998,0.0167,1.0,1e-04,0.0,0.0172,1.0,0.1745,30.8847,0.0426,1.2,2.2825,0.5904,0.0176,1.0,0.0157,0.9688,0.0,0.1491
1747084080000,67.2366,1.0,0.0694,2.1749,1.0,0.0561,0.9542,1.0,5.0584,0.976,1.0,0.0,67.4041,0.0,25.2831,2.2775,0.9995,0.0172,1.0,0.0,0.0,0.0171,1.0,0.1722,29.2947,0.0402,1.0,2.8447,0.5833,0.0175,1.0,0.0132,0.9248,0.0,0.15
1747084140000,69.9374,1.0,0.0694,1.1436,1.0,0.0545,0.9665,1.0,5.0727,0.9687,1.0,0.0,24.8181,0.0,22.4123,2.2556,0.9992,0.0171,1.0,1e-04,0.0,0.017,1.0,0.1629,22.2021,0.0395,1.5714,1.5789,0.5792,0.0173,1.0,0.0261,0.911,0.0,0.1485
1747084200000,70.1121,1.0,0.0694,2.6284,1.0,0.0433,0.9439,1.0,5.0712,0.97,1.0,0.0,64.442,0.0,23.8505,2.1911,0.9989,0.0171,1.0,1e-04,0.0,0.017,1.0,0.1668,24.3401,0.0407,2.4167,2.0079,0.6329,0.0181,1.0,0.013,0.8953,0.0,0.1468
1747084260000,99.3807,1.0,0.0694,3.1047,1.0,0.0299,0.9629,1.0,5.0575,0.9842,1.0,0.0,44.497,0.0,24.2624,2.1903,0.9996,0.0169,1.0,0.0002,0.0,0.0172,1.0,0.1805,30.1985,0.0444,1.8214,4.3271,0.5804,0.0174,1.0,0.0159,0.9669,0.0,0.1483
1747084320000,94.423,1.0,0.0694,2.383,1.0,0.0217,0.9643,1.0,5.0593,0.9831,1.0,0.0,53.6866,0.0,28.2477,2.2752,0.9992,0.0168,1.0,1e-04,0.0,0.017,1.0,0.1884,33.1697,0.0443,1.3,1.7559,0.6148,0.0173,1.0,0.0148,0.9373,0.0,0.1502
1747084380000,68.9014,1.0,0.0694,1.9375,1.0,0.0445,0.9937,1.0,5.0636,0.9262,1.0,0.0,79.4114,0.0,25.2313,2.1629,0.9979,0.017,1.0,0.0,0.0,0.0171,1.0,0.1986,48.9258,0.0402,5.0,1.6364,0.6076,0.0176,1.0,0.0211,0.8923,0.0,0.1516
1747084440000,56.8812,1.0,0.0694,2.8178,1.0,0.0295,0.9889,1.0,5.0574,0.988,1.0,0.0,64.602,0.0,22.9197,2.2657,0.9999,0.0173,1.0,0.0,0.0,0.017,1.0,0.1937,33.2793,0.0425,1.2857,2.9521,0.6132,0.0174,1.0,0.0159,0.8619,0.0,0.151
1747084500000,69.5062,1.0,0.0694,2.1465,1.0,0.0395,0.9674,1.0,5.0545,0.9653,1.0,0.0,72.2786,0.0,24.7196,2.2416,0.9993,0.0171,1.0,1e-04,0.0,0.0173,1.0,0.192,33.5831,0.0413,1.1579,2.877,0.6004,0.0176,1.0,0.0158,0.9339,0.0,0.1489
1747084560000,86.3099,1.0,0.0694,2.3723,1.0,0.0243,0.9547,1.0,5.0618,0.9894,1.0,0.0,27.9777,0.0,20.212,2.2153,1.0,0.0169,1.0,0.0002,0.0,0.0174,1.0,0.1885,19.1014,0.0429,1.5417,2.3544,0.5684,0.0172,1.0,0.0144,0.9965,0.0,0.1486
1747084620000,86.9823,1.0,0.0694,2.3392,1.0,0.0303,0.9613,1.0,5.0613,0.9772,1.0,0.0,48.5276,0.0,22.0097,2.2078,0.9993,0.0168,1.0,1e-04,0.0,0.017,1.0,0.2097,22.423,0.0406,1.5,2.1221,0.5912,0.0172,1.0,0.0172,0.9377,0.0,0.1482
1747084680000,82.031,1.0,0.0694,0.9655,1.0,0.031,0.9385,1.0,5.0536,0.9965,1.0,0.0,48.0707,0.0,20.9364,2.263,0.9999,0.0169,1.0,0.0,0.0,0.017,1.0,0.1958,25.7687,0.0425,2.0,3.529,0.6019,0.0174,1.0,0.0163,0.9964,0.0,0.1497
1747084740000,87.1487,1.0,0.0694,3.4051,1.0,0.0313,0.9467,1.0,5.0567,0.9588,1.0,0.0,43.5672,0.0,25.2769,2.2819,0.9994,0.0168,1.0,0.0,0.0,0.017,1.0,0.1855,29.5802,0.0396,1.2857,2.0958,0.6044,0.0174,1.0,0.013,0.9898,0.0,0.1494
1747084800000,82.8966,1.0,0.0694,3.6094,1.0,0.0561,0.9551,1.0,5.0582,0.9388,1.0,0.0,91.4889,0.0,25.7453,2.2256,0.9984,0.0168,1.0,1e-04,0.0,0.0173,1.0,0.1797,35.0324,0.0402,1.6667,2.4891,0.6333,0.0179,1.0,0.0095,0.9676,0.0,0.1486
1747084860000,91.7771,1.0,0.0694,3.9906,1.0,0.0265,0.9726,1.0,5.0649,0.9905,1.0,0.0,20.6789,0.0,28.2179,2.2731,1.0,0.0169,1.0,0.0002,0.0,0.017,1.0,0.1819,18.4322,0.0447,1.375,2.3455,0.5995,0.0174,1.0,0.0206,0.9873,0.0,0.1522
1747084920000,89.0186,1.0,0.0694,1.8126,1.0,0.0242,0.97,1.0,5.0638,0.9939,1.0,0.0,35.9503,0.0,24.6657,2.3735,0.9994,0.0168,1.0,1e-04,0.0,0.0169,1.0,0.1928,20.9116,0.0406,1.8,1.8395,0.601,0.0173,1.0,0.0231,0.9898,0.0,0.1472
1747084980000,95.5895,1.0,0.0694,2.8744,1.0,0.0255,0.9681,1.0,5.0536,0.9929,1.0,0.0,46.7788,0.0,24.273,2.2563,0.9998,0.0169,1.0,0.0,0.0,0.017,1.0,0.1886,25.9882,0.0431,1.0,2.7848,0.5888,0.0175,1.0,0.0192,0.9835,0.0,0.1469
1747085040000,77.3745,1.0,0.0694,6.5987,1.0,0.0183,0.9702,1.0,5.0483,0.9873,1.0,0.0,41.326,0.0,24.4304,2.2469,0.9991,0.017,1.0,0.0,0.0,0.0169,1.0,0.178,32.0963,0.0403,1.2857,2.2736,0.5731,0.0173,1.0,0.0109,0.9441,0.0,0.1487
1747085100000,88.9351,1.0,0.0694,2.2633,1.0,0.0326,0.9396,1.0,5.0502,0.9715,1.0,0.0,53.6396,0.0,26.3237,2.2722,0.9995,0.017,1.0,1e-04,0.0,0.017,1.0,0.1681,32.1178,0.0397,1.4167,2.1914,0.6121,0.0177,1.0,0.0175,0.9713,0.0,0.1459
1747085160000,82.0174,1.0,0.0694,1.1353,1.0,0.0257,0.9535,1.0,5.0403,0.985,1.0,0.0,56.5064,0.0,25.6985,2.2769,0.9989,0.017,1.0,1e-04,0.0,0.017,1.0,0.1645,27.2921,0.043,1.4167,3.2015,0.5571,0.0175,1.0,0.0154,0.9728,0.0,0.1493
1747085220000,79.594,1.0,0.0694,1.0046,1.0,0.0316,0.9333,1.0,5.0473,0.997,1.0,0.0,50.3634,0.0,23.3117,2.2109,0.9998,0.0169,1.0,1e-04,0.0,0.0174,1.0,0.1629,27.9919,0.0415,2.1,2.6207,0.559,0.0179,1.0,0.0121,0.9837,0.0,0.1479
1747085280000,78.2093,1.0,0.0694,1.1092,1.0,0.0215,0.9712,1.0,5.0539,0.9802,1.0,0.0,42.2785,0.0,23.4467,2.2484,0.9999,0.0168,1.0,0.0,0.0,0.0172,1.0,0.1605,20.5809,0.0427,1.1667,2.8309,0.5887,0.0179,1.0,0.0164,0.9755,0.0,0.149
1747085340000,72.4081,1.0,0.0694,1.1342,1.0,0.0197,0.9585,1.0,5.0391,0.9762,1.0,0.0,31.2684,0.0,23.1146,2.2921,0.9989,0.0169,1.0,0.0,0.0,0.0177,1.0,0.157,14.2466,0.041,1.7143,1.5417,0.5865,0.0172,1.0,0.0165,0.9732,0.0,0.151
1747085400000,67.0674,1.0,0.0694,2.3315,1.0,0.0202,0.9155,1.0,5.0492,0.9912,1.0,0.0,35.9873,0.0,25.1939,2.384,0.9994,0.0172,1.0,1e-04,0.0,0.0173,1.0,0.168,25.7611,0.0442,1.1667,6.4673,0.5431,0.0181,1.0,0.0123,0.9226,0.0,0.1462
1747085460000,86.5222,1.0,0.0694,1.5689,1.0,0.0202,0.9497,1.0,5.0536,0.9838,1.0,0.0,37.1608,0.0,22.6657,2.2807,0.9994,0.0169,1.0,1e-04,0.0,0.0178,1.0,0.1835,25.1239,0.0448,1.375,2.1282,0.5633,0.0178,1.0,0.0275,0.9725,0.0,0.1482
1747085520000,89.1684,1.0,0.0694,1.4746,1.0,0.0242,0.9581,1.0,5.0627,0.9591,1.0,0.0,54.4552,0.0,24.9629,2.2479,0.9993,0.0169,1.0,1e-04,0.0,0.0177,1.0,0.1762,33.2197,0.0423,1.0,1.7975,0.6016,0.0176,1.0,0.0192,0.9713,0.0,0.1477
1747085580000,78.1648,1.0,0.0694,1.7939,1.0,0.0341,0.9515,1.0,5.0723,0.9724,1.0,0.0,63.6962,0.0,24.4468,2.2419,0.999,0.0169,1.0,0.0,0.0,0.0177,1.0,0.1669,39.1957,0.0437,1.5,2.3095,0.5675,0.0178,1.0,0.0208,0.9574,0.0,0.1474
1747085640000,73.7031,1.0,0.0694,1.5934,1.0,0.0284,0.9434,1.0,5.0591,0.9794,1.0,0.0,51.5388,0.0,20.6041,2.174,0.9997,0.0168,1.0,0.0,0.0,0.0177,1.0,0.1642,24.8059,0.0421,1.8571,2.0356,0.5687,0.0179,1.0,0.0122,0.9703,0.0,0.1494
1747085700000,85.4629,1.0,0.0694,2.1068,1.0,0.0312,0.9557,1.0,5.0664,0.9728,1.0,0.0,54.3351,0.0,22.3012,2.2567,0.9994,0.017,1.0,1e-04,0.0,0.0178,1.0,0.1606,22.6539,0.0426,1.3333,2.5,0.5636,0.0178,1.0,0.0159,0.9557,0.0,0.1499
1747085760000,90.3798,1.0,0.0694,2.1363,1.0,0.0185,0.9588,1.0,5.0538,0.9789,1.0,0.0,37.5412,0.0,22.1293,2.3094,0.9977,0.0167,1.0,1e-04,0.0,0.0178,1.0,0.1634,22.0164,0.044,1.6667,1.5826,0.5708,0.0176,1.0,0.0212,0.9795,0.0,0.1476
1747085820000,82.9665,1.0,0.0694,2.4166,1.0,0.0209,0.9713,1.0,5.0609,0.9919,1.0,0.0,27.3286,0.0,23.4297,2.1851,0.9997,0.017,1.0,1e-04,0.0,0.0174,1.0,0.1736,19.5693,0.0415,1.7857,1.6301,0.566,0.0176,1.0,0.0246,0.9808,0.0,0.1488
1747085880000,69.3664,1.0,0.0694,2.6027,1.0,0.0129,0.9526,1.0,5.0618,0.9938,1.0,0.0,21.8754,0.0,24.8423,2.3302,0.9995,0.0171,1.0,0.0,0.0,0.0173,1.0,0.1799,17.914,0.0418,4.5,1.5873,0.5308,0.0174,1.0,0.0105,0.9247,0.0,0.1499
1747085940000,76.2956,1.0,0.0694,1.0927,1.0,0.0261,0.9664,1.0,5.0639,0.9808,1.0,0.0,32.684,0.0,22.2896,2.2603,0.9997,0.0174,1.0,0.0,0.0,0.0172,1.0,0.1906,29.6111,0.0438,1.2857,2.0534,0.556,0.0177,1.0,0.0235,0.9462,0.0,0.1482
1747086000000,82.6507,1.0,0.0694,0.9417,1.0,0.0347,0.9588,1.0,5.0618,0.9532,1.0,0.0,66.9985,0.0,24.0071,2.1522,0.9984,0.0172,1.0,1e-04,0.0,0.0176,1.0,0.1852,29.9964,0.0449,0.9474,2.5931,0.5623,0.0181,1.0,0.0221,0.9601,0.0,0.1481
1747086060000,74.7476,1.0,0.0694,3.49,1.0,0.0329,0.9718,1.0,5.062,0.9743,1.0,0.0,51.2858,0.0,22.6777,2.2121,0.9992,0.017,1.0,1e-04,0.0,0.0172,1.0,0.1823,29.5347,0.0408,1.32,1.8592,0.5646,0.0175,1.0,0.0192,0.9453,0.0,0.1516
1747086120000,68.6444,1.0,0.0694,2.1694,1.0,0.029,0.9618,1.0,5.0509,0.988,1.0,0.0,53.6017,0.0,24.6916,2.2486,0.9998,0.0171,1.0,1e-04,0.0,0.0174,1.0,0.1799,27.6793,0.0407,1.4,2.0263,0.5522,0.0177,1.0,0.0101,0.9477,0.0,0.15
1747086180000,81.2396,1.0,0.0694,1.0982,1.0,0.0247,0.9862,1.0,5.06,0.9897,1.0,0.0,23.7369,0.0,23.1569,2.254,0.9996,0.017,1.0,0.0,0.0,0.0176,1.0,0.1725,19.9788,0.0434,5.5,2.3394,0.5766,0.0177,1.0,0.019,0.9824,0.0,0.1494
1747086240000,80.0869,1.0,0.0694,2.6435,1.0,0.0308,0.9683,1.0,5.0655,0.9945,1.0,0.0,46.9303,0.0,25.5246,2.1831,0.9998,0.0171,1.0,0.0,0.0,0.0175,1.0,0.1873,24.8776,0.0416,1.7143,2.6563,0.5737,0.0179,1.0,0.0252,0.9833,0.0,0.1501
1747086300000,97.6616,1.0,0.0694,1.7387,1.0,0.0323,0.9563,1.0,5.0645,0.9755,1.0,0.0,51.6143,0.0,27.1048,2.3025,0.9992,0.0172,1.0,1e-04,0.0,0.0177,1.0,0.1771,28.5315,0.0438,1.4375,1.4521,0.5683,0.0177,1.0,0.0153,0.9882,0.0,0.1499
1747086360000,98.5838,1.0,0.0694,2.0255,1.0,0.0374,0.9456,1.0,5.0645,0.9835,1.0,0.0,60.0385,0.0,25.4305,2.2371,0.9994,0.017,1.0,1e-04,0.0,0.0178,1.0,0.1709,28.3106,0.0475,1.7917,2.6878,0.5758,0.018,0.9999,0.0175,0.9676,0.0,0.1526
1747086420000,85.3409,1.0,0.0694,2.0655,1.0,0.0194,0.9555,1.0,5.0745,0.9908,1.0,0.0,33.4086,0.0,24.561,2.2496,0.9997,0.0172,1.0,0.0,0.0,0.0178,1.0,0.168,19.426,0.0428,1.5,2.45,0.5628,0.0174,1.0,0.0123,0.9783,0.0,0.1525
1747086480000,90.8451,1.0,0.0694,0.9399,1.0,0.0204,0.968,1.0,5.0655,0.9931,1.0,0.0,38.6377,0.0,22.2971,2.3711,1.0,0.017,1.0,0.0,0.0,0.0172,1.0,0.1778,21.8979,0.0442,1.0,2.6389,0.5485,0.0174,1.0,0.0132,0.9775,0.0,0.1501
1747086540000,87.984,1.0,0.0694,2.3428,1.0,0.0344,0.9776,1.0,5.0677,0.9684,1.0,0.0,64.323,0.0,23.6311,2.217,0.9993,0.0171,1.0,1e-04,0.0,0.018,1.0,0.1785,28.3309,0.0435,0.8571,1.9161,0.5568,0.0179,1.0,0.0131,0.9601,0.0,0.152
1747086600000,91.1244,1.0,0.0694,2.2875,1.0,0.0271,0.9649,1.0,5.0482,0.9782,1.0,0.0,76.0528,0.0,24.3694,2.2039,0.9994,0.017,1.0,0.0,0.0,0.0177,1.0,0.1848,35.0224,0.0446,1.4167,2.1043,0.5742,0.0181,1.0,0.0217,0.9551,0.0,0.151
1747086660000,78.4824,1.0,0.0694,3.3659,1.0,0.0291,0.9741,1.0,5.0636,0.9433,1.0,0.0,51.3038,0.0,22.6837,2.1925,0.9985,0.0172,1.0,1e-04,0.0,0.0176,1.0,0.171,25.5193,0.0439,1.36,1.8037,0.5677,0.0175,1.0,0.0148,0.9466,0.0,0.1527
1747086720000,68.5227,1.0,0.0694,1.338,1.0,0.0305,0.9985,0.9984,5.0591,0.9347,1.0,0.0,59.8483,0.0,21.036,2.1584,0.9973,0.0171,1.0,0.0,0.0,0.0178,1.0,0.181,20.4141,0.0438,1.5,1.9004,0.5653,0.0176,1.0,0.022,0.9446,0.0,0.1512
1747086780000,79.5081,1.0,0.0694,1.3507,1.0,0.0318,0.9689,1.0,5.0636,0.979,1.0,0.0,54.2764,0.0,21.1078,2.2652,0.9993,0.017,1.0,0.0,0.0,0.0173,1.0,0.1808,25.2342,0.0448,2.0,2.254,0.5739,0.0176,1.0,0.0228,0.9429,0.0,0.1537
1747086840000,99.3273,1.0,0.0694,4.3662,1.0,0.0299,0.9659,1.0,5.0536,0.977,1.0,0.0,52.6637,0.0,24.776,2.2085,0.9994,0.0171,1.0,0.0,0.0,0.0176,1.0,0.178,29.9384,0.0446,4.0,2.3857,0.5623,0.0177,1.0,0.0149,0.9781,0.0,0.152
1747086900000,83.7504,1.0,0.0694,2.8021,1.0,0.0259,0.9658,1.0,5.0727,0.9834,1.0,0.0,52.9876,0.0,24.3845,2.2448,0.9993,0.0173,1.0,0.0,0.0,0.0176,1.0,0.18,29.8657,0.0454,1.25,2.2212,0.5729,0.0179,1.0,0.0304,0.9711,0.0,0.1536
1747086960000,73.5565,1.0,0.0694,1.0012,1.0,0.0229,1.0148,1.0,5.0455,0.9696,1.0,0.0,48.3258,0.0,21.5805,2.2252,0.9996,0.0172,1.0,1e-04,0.0,0.0177,1.0,0.1837,26.7137,0.0449,2.5417,1.9412,0.5809,0.0178,1.0,0.0159,0.9417,0.0,0.1519
1747087020000,68.8939,1.0,0.0694,0.9371,1.0,0.0323,0.9386,1.0,5.0536,0.986,1.0,0.0,59.0866,0.0,22.6827,2.2391,0.9994,0.0172,1.0,0.0,0.0,0.018,1.0,0.181,34.2957,0.0462,1.8,2.0167,0.5231,0.0179,1.0,0.0177,0.9639,0.0,0.1529
1747087080000,84.5351,1.0,0.0694,0.8866,1.0,0.037,0.9893,1.0,5.0491,0.9824,1.0,0.0,65.7427,0.0,22.3154,2.2304,0.9993,0.0173,1.0,0.0,0.0,0.0179,1.0,0.1834,31.6726,0.046,1.0,2.5457,0.5621,0.0178,1.0,0.0166,0.9764,0.0,0.1545
1747087140000,85.233,1.0,0.0694,0.935,1.0,0.0343,0.9539,1.0,5.0639,0.9867,1.0,0.0,63.3042,0.0,23.7125,2.174,0.9997,0.017,1.0,0.0,0.0,0.0179,1.0,0.1885,37.277,0.0462,1.8571,1.7964,0.5494,0.0176,1.0,0.0472,0.973,0.0,0.1517
1747087200000,87.3437,1.0,0.0694,2.2763,1.0,0.0302,0.9424,1.0,5.0385,0.978,1.0,0.0,52.0361,0.0,22.6063,2.1884,0.9994,0.0171,1.0,0.0,0.0,0.018,1.0,0.1793,19.4597,0.0455,1.6667,2.1618,0.5749,0.0178,1.0,0.0243,0.9829,0.0,0.153
1747087260000,85.0003,1.0,0.0694,1.2215,1.0,0.0299,1.0071,1.0,5.0712,0.9663,1.0,0.0,75.8439,0.0,22.86,2.2121,0.9985,0.0172,1.0,1e-04,0.0,0.0181,1.0,0.1926,33.8213,0.0469,1.5417,2.4941,0.5476,0.0179,1.0,0.0274,0.9753,0.0,0.1583
1747087320000,80.1401,1.0,0.0694,1.3033,1.0,0.0364,0.9518,1.0,5.0482,0.9705,1.0,0.0,61.8194,0.0,24.0396,2.2412,0.9993,0.0174,1.0,0.0,0.0,0.0177,1.0,0.1758,27.4622,0.0443,1.7333,2.0114,0.5438,0.0181,1.0,0.0142,0.9744,0.0,0.1529
1747087380000,70.2117,1.0,0.0694,1.332,1.0,0.0275,0.9725,1.0,5.0564,0.9857,1.0,0.0,51.8757,0.0,24.2428,2.2512,0.9997,0.0171,1.0,0.0,0.0,0.0182,1.0,0.1773,27.3681,0.046,2.5,3.0491,0.5578,0.0177,1.0,0.0208,0.973,0.0,0.1519
1747087440000,84.6749,1.0,0.0694,1.8115,1.0,0.0252,0.9618,1.0,5.0509,0.991,1.0,0.0,21.8244,0.0,20.8136,2.3294,0.9998,0.0173,1.0,0.0,0.0,0.0179,1.0,0.1856,18.3873,0.0449,1.4286,2.874,0.5623,0.0177,1.0,0.0131,0.9767,0.0,0.1531
1747087500000,79.2478,1.0,0.0694,1.5088,1.0,0.0245,0.9924,1.0,5.0682,0.9914,1.0,0.0,39.1436,0.0,20.8324,2.2589,0.9998,0.0171,1.0,0.0,0.0,0.0178,1.0,0.1835,23.1378,0.0471,1.1538,2.9657,0.5646,0.0179,1.0,0.0192,0.9703,0.0,0.153
1747087560000,88.2508,1.0,0.0694,2.0261,1.0,0.0279,0.949,1.0,5.0509,0.9807,1.0,0.0,54.0931,0.0,23.3668,2.2683,0.9992,0.0172,1.0,1e-04,0.0,0.0178,1.0,0.1811,24.2004,0.0492,1.2903,2.573,0.5697,0.0177,1.0,0.0226,0.9704,0.0,0.1528
1747087620000,85.4277,1.0,0.0694,2.0468,1.0,0.0271,0.9761,1.0,5.0664,0.9841,1.0,0.0,24.9438,0.0,21.2395,2.2134,0.9999,0.0174,1.0,0.0,0.0,0.0179,1.0,0.1685,18.1367,0.0462,1.1818,1.7751,0.5644,0.0176,1.0,0.0161,0.9832,0.0,0.1537
1747087680000,90.2986,1.0,0.0694,1.725,1.0,0.025,0.9605,1.0,5.0604,0.9898,1.0,0.0,50.5464,0.0,24.6674,2.2634,0.9998,0.0173,1.0,0.0,0.0,0.0179,1.0,0.169,23.9599,0.0477,1.5,2.5272,0.5646,0.0179,1.0,0.014,0.9816,0.0,0.1518
1747087740000,84.0873,1.0,0.0694,0.9183,1.0,0.0275,0.9505,1.0,5.0682,0.9599,1.0,0.0,56.2061,0.0,23.239,2.2624,0.9992,0.0172,1.0,0.0,0.0,0.0184,1.0,0.1782,31.5618,0.048,1.2857,2.0,0.5576,0.0178,1.0,0.0168,0.9772,0.0,0.1528
1747087800000,80.497,1.0,0.0694,0.9622,1.0,0.0287,0.9644,1.0,5.0382,0.9852,1.0,0.0,62.1678,0.0,22.1064,2.2442,0.9998,0.0174,1.0,0.0,0.0,0.0182,1.0,0.1831,26.5254,0.0477,1.125,2.6881,0.5734,0.0178,1.0,0.0224,0.9761,0.0,0.1538
1747087860000,90.3493,1.0,0.0694,2.1677,1.0,0.0276,0.9741,1.0,5.0803,0.9934,1.0,0.0,39.006,0.0,22.045,2.258,0.9999,0.0174,1.0,1e-04,0.0,0.018,1.0,0.1797,21.4185,0.0482,1.6667,3.0488,0.5776,0.0177,1.0,0.0236,0.9871,0.0,0.1544
1747087920000,85.9897,1.0,0.0694,1.9296,1.0,0.0345,0.9595,1.0,5.0455,0.9679,1.0,0.0,68.508,0.0,22.4446,2.2033,0.9994,0.0173,1.0,0.0,0.0,0.0183,1.0,0.1783,33.7163,0.0465,1.0,2.7808,0.5862,0.0181,1.0,0.0219,0.9793,0.0,0.1532
1747087980000,82.0036,1.0,0.0694,1.5843,1.0,0.0278,0.9635,1.0,5.0704,0.9813,1.0,0.0,50.5719,0.0,22.4207,2.2409,0.9992,0.0175,1.0,0.0,0.0,0.0176,1.0,0.168,23.5593,0.0465,2.0,2.4478,0.5497,0.0179,1.0,0.0142,0.9757,0.0,0.1562
1747088040000,87.2062,1.0,0.0694,1.8864,1.0,0.0235,0.9821,1.0,5.0339,0.9917,1.0,0.0,40.8972,0.0,21.5185,2.2858,0.9999,0.0173,1.0,0.0,0.0,0.0177,1.0,0.1661,22.4317,0.0479,1.1429,3.3744,0.569,0.0178,1.0,0.016,0.98,0.0,0.1519
1747088100000,92.592,1.0,0.0694,1.7195,1.0,0.0213,0.9597,1.0,5.0591,0.9733,1.0,0.0,47.8932,0.0,24.1659,2.2707,0.9993,0.0173,1.0,1e-04,0.0,0.018,1.0,0.1678,23.0252,0.0485,1.3158,2.6563,0.5554,0.0176,1.0,0.025,0.9671,0.0,0.1518
1747088160000,84.6093,1.0,0.0694,1.5838,1.0,0.0317,0.9502,1.0,5.0445,0.9472,1.0,0.0,75.4706,0.0,21.7657,2.2297,0.9991,0.0174,1.0,1e-04,0.0,0.0181,1.0,0.1756,27.1769,0.0498,1.625,2.4387,0.5817,0.0183,1.0,0.0179,0.9666,0.0,0.1538
1747088220000,83.0644,1.0,0.0694,1.4811,1.0,0.0292,0.9619,1.0,5.0573,0.9753,1.0,0.0,68.7916,0.0,24.3876,2.2468,0.9994,0.0174,1.0,0.0,0.0,0.018,1.0,0.167,32.6724,0.0483,2.0,2.4415,0.5584,0.0184,1.0,0.019,0.965,0.0,0.1576
1747088280000,86.1454,1.0,0.0694,0.8547,1.0,0.0236,1.0084,1.0,5.0612,0.9796,1.0,0.0,63.3749,0.0,24.3378,2.2265,0.9994,0.0173,1.0,0.0,0.0,0.0177,1.0,0.1695,26.363,0.051,1.5,1.6407,0.5803,0.0184,1.0,0.0117,0.9729,0.0,0.1568
1747088340000,86.9742,1.0,0.0694,1.6626,1.0,0.0255,0.955,1.0,5.0714,0.9718,1.0,0.0,60.6951,0.0,21.803,2.1757,0.9994,0.0174,1.0,0.0,0.0,0.0183,1.0,0.1748,25.9297,0.0486,2.0,2.0971,0.5756,0.0181,1.0,0.0184,0.9657,0.0,0.1586
1747088400000,82.1288,1.0,0.0694,2.3184,1.0,0.0258,0.983,1.0,5.0682,0.9688,1.0,0.0,59.8994,0.0,21.642,2.2187,0.999,0.0174,1.0,0.0,0.0,0.018,1.0,0.1659,23.6144,0.0495,1.1538,2.2973,0.5754,0.0184,1.0,0.0157,0.9601,0.0,0.1587
1747088460000,84.9207,1.0,0.0694,2.4867,1.0,0.0269,0.9466,1.0,5.0691,0.9845,1.0,0.0,48.8665,0.0,20.2836,2.2509,0.9996,0.0173,1.0,1e-04,0.0,0.0185,1.0,0.1693,24.5803,0.0498,1.5833,1.9198,0.5676,0.018,1.0,0.017,0.9745,0.0,0.1577
1747088520000,81.0433,1.0,0.0694,2.0128,1.0,0.0245,0.9677,1.0,5.0555,0.9922,1.0,0.0,48.4243,0.0,20.5678,2.2673,0.9999,0.0175,1.0,0.0,0.0,0.019,1.0,0.1697,21.8839,0.0494,1.5,2.4127,0.5766,0.0185,1.0,0.0202,0.9631,0.0,0.1564
1747088580000,82.8379,1.0,0.0694,1.1914,1.0,0.0265,0.9663,1.0,5.0664,0.9833,1.0,0.0,59.1669,0.0,22.5034,2.27,0.9998,0.0174,1.0,0.0,0.0,0.0188,1.0,0.171,23.8283,0.0495,1.1111,2.6177,0.5762,0.0182,1.0,0.0168,0.9764,0.0,0.1556
1747088640000,81.0389,1.0,0.0694,2.8386,1.0,0.032,0.9815,1.0,5.0545,0.9758,1.0,0.0,47.9305,0.0,22.9212,2.2732,0.9994,0.0174,1.0,0.0,0.0,0.0187,1.0,0.1886,28.1803,0.0491,1.7143,2.6691,0.5603,0.0182,1.0,0.0181,0.9758,0.0,0.1562
1747088700000,76.0081,1.0,0.0694,2.475,1.0,0.0233,0.9839,1.0,5.0736,0.9785,1.0,0.0,47.1731,0.0,20.3504,2.2349,0.9995,0.0175,1.0,0.0,0.0,0.0192,1.0,0.1795,20.4646,0.0513,1.75,2.9766,0.5806,0.0179,1.0,0.0335,0.9711,0.0,0.1566
1747088760000,85.2884,1.0,0.0694,0.9803,1.0,0.0195,0.9602,1.0,5.064,0.994,1.0,0.0,23.6197,0.0,20.0414,2.2618,0.9999,0.0174,1.0,1e-04,0.0,0.019,1.0,0.1885,17.6898,0.0532,1.36,2.1548,0.5474,0.0181,1.0,0.0141,0.9488,0.0,0.1559
1747088820000,78.5459,1.0,0.0694,0.8954,1.0,0.029,0.9936,1.0,5.0727,0.9885,1.0,0.0,42.9033,0.0,20.1101,2.2303,0.9993,0.0178,1.0,0.0,0.0,0.0195,1.0,0.187,23.2467,0.0488,1.3,1.4954,0.5954,0.0181,1.0,0.0149,0.9497,0.0,0.1565
1747088880000,81.0766,1.0,0.0694,0.9387,1.0,0.0297,0.9779,1.0,5.0445,0.9859,1.0,0.0,43.9211,0.0,20.6664,2.2135,0.9996,0.0174,1.0,0.0,0.0,0.0201,1.0,0.1969,22.1984,0.0524,0.8333,2.5509,0.5841,0.0183,1.0,0.0193,0.9778,0.0,0.1561
1747088940000,83.1595,1.0,0.0694,0.8896,1.0,0.0328,0.9775,1.0,5.0555,0.9828,1.0,0.0,48.7795,0.0,19.6574,2.2324,0.9993,0.0175,1.0,0.0,0.0,0.02,1.0,0.1796,23.2275,0.0502,1.0,2.1453,0.5799,0.0182,1.0,0.0142,0.9742,0.0,0.1573
1747089000000,85.8229,1.0,0.0694,1.8012,1.0,0.0262,0.9627,1.0,5.0609,0.9861,1.0,0.0,41.1922,0.0,18.7653,2.2522,0.9995,0.0175,1.0,0.0,0.0,0.0201,1.0,0.1848,22.0777,0.0515,1.25,2.6169,0.6114,0.0183,1.0,0.0135,0.9788,0.0,0.1577
1747089060000,76.0567,1.0,0.0694,1.1245,1.0,0.0274,0.9938,1.0,5.0592,0.9779,1.0,0.0,46.4694,0.0,19.4187,2.2067,0.9996,0.0177,1.0,1e-04,0.0,0.0202,1.0,0.1886,21.9277,0.0523,1.1875,2.2292,0.5866,0.0183,1.0,0.0272,0.9838,0.0,0.1606
1747089120000,65.3402,1.0,0.0694,1.059,1.0,0.0259,0.9651,1.0,5.0547,0.9942,1.0,0.0,34.0331,0.0,20.3801,2.2575,0.9999,0.0177,1.0,0.0,0.0,0.022,1.0,0.1872,20.7979,0.053,1.5,1.8693,0.5655,0.0182,1.0,0.0141,0.9743,0.0,0.1591
1747089180000,73.9881,1.0,0.0694,1.1738,1.0,0.0288,0.9632,1.0,5.0703,0.9665,1.0,0.0,52.3367,0.0,21.572,2.2372,0.9992,0.0176,1.0,0.0,0.0,0.021,1.0,0.1838,25.5567,0.0518,1.6667,3.2901,0.577,0.0183,1.0,0.0162,0.9778,0.0,0.1575
1747089240000,97.4236,1.0,0.0694,1.2289,1.0,0.0273,0.9959,1.0,5.0691,0.9904,1.0,0.0,46.5825,0.0,22.2864,2.2388,0.9995,0.0177,1.0,0.0,0.0,0.0219,1.0,0.1946,28.2107,0.0543,2.5714,2.1765,0.5621,0.0184,1.0,0.0169,0.9812,0.0,0.1599
1747089300000,88.9192,1.0,0.0694,1.3125,1.0,0.0264,0.9481,1.0,5.0783,0.979,1.0,0.0,54.6081,0.0,23.0129,2.2549,0.9992,0.0177,1.0,0.0,0.0,0.0216,1.0,0.1829,28.753,0.0535,1.5833,2.4931,0.5839,0.0185,1.0,0.0205,0.9681,0.0,0.1588
1747089360000,85.0238,1.0,0.0694,1.5947,1.0,0.0274,0.946,1.0,5.0677,0.9816,1.0,0.0,46.236,0.0,21.3213,2.2518,0.9995,0.0176,1.0,1e-04,0.0,0.0215,1.0,0.1787,26.0119,0.0551,1.6071,2.6595,0.6148,0.0187,1.0,0.0197,0.9701,0.0,0.1594
1747089420000,80.9597,1.0,0.0694,1.4508,1.0,0.0277,0.9747,1.0,5.0703,0.9823,1.0,0.0,41.2841,0.0,21.1746,2.3033,0.9996,0.0179,1.0,0.0,0.0,0.0218,1.0,0.1818,24.5883,0.0524,1.2,2.0304,0.5839,0.0187,1.0,0.0175,0.9663,0.0,0.1596
1747089480000,88.4836,1.0,0.0694,1.2193,1.0,0.0289,0.9774,1.0,5.059,0.9695,1.0,0.0,64.2871,0.0,22.4158,2.25,0.9991,0.0176,1.0,0.0,0.0,0.0218,1.0,0.1765,28.3937,0.0557,1.0,2.7644,0.5684,0.0191,1.0,0.016,0.973,0.0,0.1618
1747089540000,89.1929,1.0,0.0694,0.8419,1.0,0.0286,1.0147,1.0,5.0719,0.9893,1.0,0.0,59.4388,0.0,23.3006,2.2573,0.9997,0.0178,1.0,0.0,0.0,0.0214,1.0,0.1855,31.4023,0.0566,1.1429,2.7404,0.5734,0.0185,1.0,0.0162,0.9653,0.0,0.1629
1747089600000,84.3783,1.0,0.0694,0.8737,1.0,0.0323,1.0034,1.0,5.0633,0.9663,1.0,0.0,67.2172,0.0,20.8517,2.2326,0.9992,0.0178,1.0,0.0,0.0,0.0216,1.0,0.1902,30.4293,0.056,1.0,2.3471,0.577,0.0187,1.0,0.0241,0.9684,0.0,0.1613
1747089660000,84.8301,1.0,0.0694,1.4148,1.0,0.0292,1.0066,1.0,5.069,0.9843,1.0,0.0,51.6743,0.0,21.3135,2.2367,0.9996,0.0179,1.0,0.0,0.0,0.0212,1.0,0.1989,28.0617,0.0571,1.5,2.1201,0.5737,0.0189,1.0,0.0279,0.9666,0.0,0.1658
1747089720000,87.0303,1.0,0.0694,1.7164,1.0,0.0288,0.9856,1.0,5.0663,0.9805,1.0,0.0,53.9345,0.0,20.4399,2.2556,0.9994,0.0176,1.0,0.0,0.0,0.0221,1.0,0.1963,28.0091,0.0555,1.3,2.384,0.6028,0.0185,1.0,0.0145,0.9654,0.0,0.1638
1747089780000,83.3364,1.0,0.0694,1.267,1.0,0.0312,1.0103,1.0,5.0745,0.9721,1.0,0.0,65.1207,0.0,20.7856,2.2142,0.9992,0.0179,1.0,0.0,0.0,0.0216,1.0,0.1821,33.7073,0.0554,1.0,2.3884,0.6038,0.0187,1.0,0.0325,0.9584,0.0,0.1637
1747089840000,78.1385,1.0,0.0694,1.1939,1.0,0.0307,1.0256,1.0,5.0587,0.9865,1.0,0.0,52.1175,0.0,20.032,2.2467,0.9995,0.0178,1.0,0.0,0.0,0.0224,1.0,0.1938,27.9308,0.0537,1.2857,2.6444,0.5967,0.0184,1.0,0.014,0.9616,0.0,0.1644
1747089900000,77.5944,1.0,0.0694,1.4656,1.0,0.0295,1.0071,1.0,5.0764,0.9826,1.0,0.0,47.4381,0.0,20.7325,2.246,0.9995,0.0175,1.0,0.0,0.0,0.0221,1.0,0.198,27.416,0.0547,1.3125,1.7747,0.5824,0.0185,1.0,0.0205,0.9616,0.0,0.1637
1747089960000,77.6621,1.0,0.0694,1.2986,1.0,0.033,1.0055,1.0,5.0618,0.982,1.0,0.0,53.2796,0.0,19.4967,2.2873,0.9996,0.0179,1.0,0.0,0.0,0.0215,1.0,0.1916,27.9819,0.0548,1.32,2.3917,0.627,0.0186,1.0,0.0217,0.9593,0.0,0.1662
1747090020000,85.909,1.0,0.0694,1.3905,1.0,0.033,0.9784,1.0,5.0691,0.9802,1.0,0.0,68.8867,0.0,20.5964,2.2424,0.9997,0.0178,1.0,0.0,0.0,0.0225,1.0,0.1954,31.6148,0.056,1.4,2.4017,0.6031,0.0189,1.0,0.0236,0.9599,0.0,0.1671
1747090080000,83.258,1.0,0.0694,0.9379,1.0,0.0286,0.9877,1.0,5.0673,0.9848,1.0,0.0,62.5261,0.0,20.2209,2.2949,0.9998,0.0178,1.0,0.0,0.0,0.0219,1.0,0.1875,29.8295,0.0574,1.4444,2.5069,0.6103,0.0189,1.0,0.0152,0.9506,0.0,0.1657
1747090140000,79.6148,1.0,0.0694,1.1791,1.0,0.0355,1.0108,1.0,5.0727,0.9831,1.0,0.0,63.7348,0.0,19.4222,2.2915,0.9994,0.0179,1.0,0.0,0.0,0.0223,1.0,0.2063,28.1009,0.0589,1.7143,2.9934,0.6014,0.0187,1.0,0.0184,0.9533,0.0,0.1659
1747090200000,74.4984,1.0,0.0694,1.6103,1.0,0.0349,1.0,1.0,5.032,0.9801,1.0,0.0,59.226,0.0,19.513,2.2497,0.9994,0.0178,1.0,0.0,0.0,0.0223,1.0,0.2021,26.9873,0.0569,1.6923,2.2071,0.5933,0.0192,1.0,0.0137,0.9544,0.0,0.168
1747090260000,81.7649,1.0,0.0694,1.6989,1.0,0.028,0.9689,1.0,5.0851,0.9824,1.0,0.0,59.1302,0.0,20.0235,2.2667,0.9997,0.018,1.0,0.0,0.0,0.0225,1.0,0.2167,31.0035,0.057,1.6,2.0439,0.6131,0.019,1.0,0.0183,0.9565,0.0,0.1668
1747090320000,82.5845,1.0,0.0694,1.1806,1.0,0.0319,0.9928,1.0,5.0582,0.9763,1.0,0.0,70.3472,0.0,19.7407,2.2294,0.9996,0.0182,1.0,0.0,0.0,0.0228,1.0,0.208,31.9891,0.0613,1.1,1.8759,0.5886,0.0196,1.0,0.0173,0.9545,0.0,0.1694
1747090380000,78.6549,1.0,0.0694,1.1393,1.0,0.0343,1.0151,1.0,5.0827,0.984,1.0,0.0,65.0284,0.0,20.7549,2.2518,0.9996,0.0181,1.0,0.0,0.0,0.0226,1.0,0.2082,34.9007,0.057,1.3333,2.3286,0.5867,0.0191,1.0,0.0245,0.9502,0.0,0.1727
1747090440000,82.4799,1.0,0.0694,1.9383,1.0,0.0288,1.0345,1.0,5.0497,0.9894,1.0,0.0,52.9892,0.0,20.3588,2.2594,0.9999,0.018,1.0,0.0,0.0,0.0222,1.0,0.2095,31.5077,0.0598,1.375,2.3663,0.6024,0.0188,1.0,0.0142,0.9483,0.0,0.1719
1747090500000,80.3431,1.0,0.0694,1.7169,1.0,0.035,0.9848,1.0,5.0692,0.9843,1.0,0.0,70.8389,0.0,20.855,2.2643,0.9998,0.018,1.0,0.0,0.0,0.0234,1.0,0.2138,35.447,0.059,1.0,2.147,0.5965,0.0199,1.0,0.0116,0.9438,0.0,0.1701
1747090560000,79.5695,1.0,0.0694,0.9794,1.0,0.0359,0.9991,0.9999,5.0509,0.9762,1.0,0.0,79.9871,0.0,19.9728,2.2325,0.9997,0.018,1.0,0.0,0.0,0.0236,1.0,0.2145,37.9556,0.06,1.4194,2.3035,0.61,0.0199,1.0,0.0246,0.9528,0.0,0.1723
1747090620000,75.1205,1.0,0.0694,0.8304,1.0,0.0327,1.0423,1.0,5.0845,0.9731,1.0,0.0,72.1947,0.0,20.4622,2.213,0.9995,0.0182,1.0,0.0,0.0,0.0242,1.0,0.2158,33.3714,0.061,1.1,2.0246,0.611,0.0198,1.0,0.014,0.9514,0.0,0.1748
1747090680000,74.4826,1.0,0.0694,0.8884,1.0,0.0363,1.0331,0.9997,5.0545,0.9826,1.0,0.0,70.5634,0.0,20.6859,2.2399,0.9998,0.0182,1.0,0.0,0.0,0.0237,1.0,0.2152,34.9388,0.0594,1.5,2.4984,0.5872,0.0196,1.0,0.0157,0.9476,0.0,0.1706
1747090740000,79.8196,1.0,0.0694,0.8313,1.0,0.0359,1.0236,0.9997,5.0937,0.9774,1.0,0.0,78.0593,0.0,21.626,2.2343,0.9996,0.0182,1.0,0.0,0.0,0.0246,1.0,0.2125,38.7161,0.06,1.2857,2.0629,0.6065,0.0203,1.0,0.0182,0.9483,0.0,0.1718
1747090800000,80.9429,1.0,0.0694,1.3558,1.0,0.0318,1.0544,1.0,5.0585,0.9801,1.0,0.0,62.7964,0.0,20.8015,2.2471,0.9997,0.018,1.0,0.0,0.0,0.0238,1.0,0.2014,38.4535,0.0652,1.2308,2.2552,0.5225,0.0208,1.0,0.0407,0.9562,0.0,0.1756
1747090860000,77.219,1.0,0.0694,0.9932,1.0,0.0282,1.0383,1.0,5.0855,0.988,1.0,0.0,53.1246,0.0,20.4973,2.3148,0.9996,0.0183,1.0,0.0,0.0,0.0243,1.0,0.2181,33.0434,0.065,1.375,2.2174,0.5022,0.0194,1.0,0.0187,0.9488,0.0,0.1779
1747090920000,72.2978,1.0,0.0694,0.8351,1.0,0.0346,1.0132,1.0,5.0436,0.9841,1.0,0.0,61.7122,0.0,20.3714,2.2677,0.9997,0.0184,1.0,0.0,0.0,0.0264,1.0,0.2183,33.1353,0.0612,1.4,2.0327,0.5204,0.0199,1.0,0.0225,0.9488,0.0,0.174
1747090980000,75.065,1.0,0.0694,1.0575,1.0,0.0358,1.0159,1.0,5.0845,0.9781,1.0,0.0,70.5801,0.0,19.9196,2.2398,0.9996,0.0184,1.0,0.0,0.0,0.0265,1.0,0.2065,33.8615,0.0655,2.0,2.1977,0.5311,0.0202,1.0,0.0116,0.955,0.0,0.1779
1747091040000,76.6009,1.0,0.0694,0.9437,1.0,0.0319,1.0196,0.9999,5.0464,0.9792,1.0,0.0,63.1905,0.0,19.4179,2.2566,0.9996,0.0185,1.0,0.0,0.0,0.025,1.0,0.21,31.7594,0.0674,1.5,2.0301,0.5429,0.02,1.0,0.0315,0.9482,0.0,0.1798
1747091100000,77.1499,1.0,0.0694,1.1685,1.0,0.0366,1.0341,1.0,5.0764,0.9821,1.0,0.0,73.5906,0.0,20.33,2.2575,0.9997,0.0185,1.0,0.0,0.0,0.025,1.0,0.2115,38.6972,0.0642,1.25,2.4454,0.5411,0.0204,1.0,0.0216,0.9443,0.0,0.1817
1747091160000,72.6476,1.0,0.0694,0.9818,1.0,0.0414,1.0329,1.0,5.0582,0.9737,1.0,0.0,77.0805,0.0,19.8159,2.2256,0.9996,0.0183,1.0,0.0,0.0,0.0252,1.0,0.2115,35.9809,0.0639,1.5417,1.9516,0.5172,0.0205,1.0,0.034,0.95,0.0,0.1833
1747091220000,74.7736,1.0,0.0694,1.3705,1.0,0.034,1.0246,1.0,5.0655,0.9848,1.0,0.0,69.9032,0.0,20.8023,2.2449,0.9997,0.0186,1.0,0.0,0.0,0.0239,1.0,0.2168,32.8412,0.0624,2.0,3.2046,0.5212,0.0204,1.0,0.0155,0.9539,0.0,0.1831
1747091280000,70.5663,1.0,0.0694,0.9699,1.0,0.0367,0.9998,1.0,5.0539,0.9802,1.0,0.0,75.1542,0.0,20.8209,2.2215,0.9996,0.0188,1.0,0.0,0.0,0.0255,1.0,0.2072,33.7359,0.063,1.5,2.0582,0.5258,0.0202,1.0,0.0134,0.9451,0.0,0.1827
1747091340000,76.2679,1.0,0.0694,0.8744,1.0,0.0355,1.0029,1.0,5.084,0.9718,1.0,0.0,81.1643,0.0,20.9815,2.2094,0.9997,0.0189,1.0,0.0,0.0,0.025,1.0,0.218,35.2555,0.0653,1.4286,2.0637,0.5258,0.0204,1.0,0.0229,0.9523,0.0,0.1801
1747091400000,76.4379,1.0,0.0694,0.8205,1.0,0.0398,1.0418,1.0,5.0357,0.9718,1.0,0.0,87.1042,0.0,22.2201,2.2389,0.9995,0.019,1.0,0.0,0.0,0.0255,1.0,0.2355,36.1635,0.0655,1.3125,2.0127,0.5134,0.0204,1.0,0.0166,0.9563,0.0,0.1855
1747091460000,78.0651,1.0,0.0694,1.0677,1.0,0.0381,1.0178,0.9999,5.0816,0.9672,1.0,0.0,82.0073,0.0,20.6387,2.2346,0.9996,0.0192,1.0,0.0,0.0,0.0261,1.0,0.2304,34.6671,0.0698,1.3333,2.2434,0.5098,0.0208,1.0,0.0162,0.9511,0.0,0.1814
1747091520000,76.695,1.0,0.0694,1.3076,1.0,0.0402,0.9899,0.9999,5.0575,0.9651,1.0,0.0,96.5882,0.0,21.279,2.2211,0.9994,0.0192,1.0,0.0,0.0,0.0264,1.0,0.235,36.3239,0.0699,1.7,1.8525,0.532,0.0211,1.0,0.0205,0.9499,0.0,0.1874
1747091580000,72.8018,1.0,0.0694,0.955,1.0,0.0365,1.0431,1.0,5.0766,0.9788,1.0,0.0,77.6413,0.0,20.6195,2.2469,0.9996,0.0194,1.0,0.0,0.0,0.0263,1.0,0.2404,33.4784,0.0653,1.1111,2.2615,0.525,0.0202,1.0,0.0274,0.9483,0.0,0.1933
1747091640000,71.1939,1.0,0.0694,1.1474,1.0,0.0367,0.9889,1.0,5.0518,0.9817,1.0,0.0,78.6923,0.0,19.8126,2.2475,0.9997,0.0194,1.0,0.0,0.0,0.0263,1.0,0.2403,31.7984,0.0705,1.5714,2.1466,0.517,0.0208,1.0,0.0141,0.9417,0.0,0.1837
1747091700000,77.9225,1.0,0.0694,1.1664,1.0,0.0358,1.0235,1.0,5.0685,0.9778,1.0,0.0,84.4811,0.0,20.5372,2.2514,0.9997,0.0194,1.0,0.0,0.0,0.0279,1.0,0.2315,35.1135,0.0706,1.25,2.1568,0.5302,0.0205,1.0,0.0183,0.9463,0.0,0.1854
1747091760000,74.0603,1.0,0.0694,1.0399,1.0,0.0348,1.0248,1.0,5.0636,0.981,1.0,0.0,78.6024,0.0,20.2317,2.2532,0.9996,0.0196,1.0,0.0,0.0,0.0273,1.0,0.242,33.1268,0.0697,1.2593,2.3436,0.5207,0.0209,1.0,0.0237,0.9526,0.0,0.1929
1747091820000,72.729,1.0,0.0694,0.9756,1.0,0.0346,1.0314,1.0,5.0822,0.9868,1.0,0.0,71.7822,0.0,19.0721,2.2483,0.9998,0.0195,1.0,0.0,0.0,0.0278,1.0,0.2289,32.7409,0.0703,1.2,2.0576,0.5262,0.0205,1.0,0.0149,0.9465,0.0,0.1915
1747091880000,72.8428,1.0,0.0694,1.0675,1.0,0.0386,1.0651,1.0,5.0555,0.9798,1.0,0.0,80.7073,0.0,19.7904,2.2401,0.9997,0.0198,1.0,0.0,0.0,0.0279,1.0,0.2145,32.1435,0.0681,1.3333,2.1642,0.5439,0.0211,1.0,0.0437,0.9531,0.0,0.1893
1747091940000,68.0497,1.0,0.0694,0.8862,1.0,0.0376,1.049,0.9999,5.0886,0.9773,1.0,0.0,85.1389,0.0,19.977,2.2773,0.9997,0.0195,1.0,0.0,0.0,0.0282,1.0,0.2161,34.7012,0.0699,1.0,2.034,0.5463,0.0218,1.0,0.0102,0.9502,0.0,0.19
1747092000000,69.5949,1.0,0.0694,1.3838,1.0,0.0372,1.0304,1.0,5.0518,0.9845,1.0,0.0,73.358,0.0,20.2056,2.2687,0.9999,0.0196,1.0,0.0,0.0,0.0282,1.0,0.2202,31.2152,0.0711,1.6154,2.6576,0.5253,0.0216,1.0,0.016,0.9479,0.0,0.1992
1747092060000,74.4075,1.0,0.0694,1.3529,1.0,0.0397,1.0493,0.9999,5.0709,0.985,1.0,0.0,75.0631,0.0,19.6919,2.269,0.9998,0.0197,1.0,0.0,0.0,0.0289,1.0,0.2351,34.0998,0.0709,1.24,2.034,0.5359,0.0214,1.0,0.0185,0.9481,0.0,0.188
1747092120000,71.2631,1.0,0.0694,1.1435,1.0,0.0381,1.0605,0.9999,5.0505,0.9799,1.0,0.0,72.8526,0.0,20.7881,2.2601,0.9998,0.0198,1.0,0.0,0.0,0.0295,1.0,0.2177,32.4832,0.0694,1.7778,2.4011,0.5205,0.0213,1.0,0.0153,0.9523,0.0,0.1937
1747092180000,74.5186,1.0,0.0694,0.898,1.0,0.0383,0.9985,1.0,5.0818,0.9704,1.0,0.0,84.2196,0.0,21.6329,2.2241,0.9996,0.0197,1.0,0.0,0.0,0.0298,1.0,0.2319,37.3769,0.0765,1.5,2.4879,0.5276,0.0222,1.0,0.0132,0.9485,0.0,0.189
1747092240000,76.5782,1.0,0.0694,1.2171,1.0,0.041,1.0263,0.9999,5.0618,0.9682,1.0,0.0,83.6267,0.0,20.5682,2.2483,0.9995,0.0197,1.0,0.0,0.0,0.0305,1.0,0.2272,35.845,0.0725,1.0,2.3721,0.5415,0.022,1.0,0.0096,0.9444,0.0,0.1959
1747092300000,76.5978,1.0,0.0694,1.5134,1.0,0.0376,1.086,1.0,5.0755,0.9679,1.0,0.0,85.6317,0.0,20.3018,2.2255,0.9993,0.0197,1.0,0.0,0.0,0.0317,1.0,0.2418,36.3829,0.0778,1.3333,2.2832,0.5309,0.0216,1.0,0.0346,0.9475,0.0,0.2043
1747092360000,71.7827,1.0,0.0694,0.9693,1.0,0.0367,1.065,1.0,5.0509,0.9717,1.0,0.0,75.1888,0.0,19.3482,2.2425,0.9996,0.0196,1.0,0.0,0.0,0.0306,1.0,0.2415,32.7824,0.074,1.2917,2.1849,0.5341,0.0214,1.0,0.0231,0.9509,0.0,0.1997
1747092420000,70.9499,1.0,0.0694,0.8284,1.0,0.0414,0.9935,1.0,5.0673,0.9784,1.0,0.0,73.6661,0.0,19.6547,2.2226,0.9994,0.0196,1.0,0.0,0.0,0.0301,1.0,0.2464,33.6804,0.0736,1.2857,1.7949,0.5195,0.022,1.0,0.0254,0.9457,0.0,0.196
1747092480000,73.7873,1.0,0.0694,0.8339,1.0,0.0448,1.0733,0.9998,5.0382,0.9795,1.0,0.0,82.2135,0.0,20.0386,2.2155,0.9997,0.0197,1.0,0.0,0.0,0.0322,1.0,0.2348,35.6581,0.0736,2.0,1.9784,0.5418,0.0223,1.0,0.0167,0.9451,0.0,0.1945
1747092540000,69.8358,1.0,0.0694,0.835,1.0,0.0399,1.0356,1.0,5.0673,0.9812,1.0,0.0,79.7642,0.0,20.0026,2.2354,0.9996,0.0198,1.0,0.0,0.0,0.0331,1.0,0.2512,35.4173,0.0757,1.5714,1.9808,0.5316,0.0222,1.0,0.0271,0.9416,0.0,0.2008
1747092600000,72.1729,1.0,0.0694,0.902,1.0,0.035,1.0105,1.0,5.0473,0.9818,1.0,0.0,61.1887,0.0,19.5945,2.2433,0.9995,0.0199,1.0,0.0,0.0,0.0314,1.0,0.2619,30.8068,0.0786,0.95,2.5218,0.517,0.0211,1.0,0.0201,0.9538,0.0,0.2019
1747092660000,69.4924,1.0,0.0694,1.143,1.0,0.0361,1.0478,1.0,5.0729,0.9794,1.0,0.0,63.4167,0.0,18.6663,2.2324,0.9996,0.02,1.0,0.0,0.0,0.0331,1.0,0.2543,29.723,0.0792,1.3846,2.0336,0.5628,0.0219,1.0,0.0229,0.9503,0.0,0.192
1747092720000,73.4766,1.0,0.0694,0.8552,1.0,0.0374,1.0408,1.0,5.0445,0.9847,1.0,0.0,65.769,0.0,19.6668,2.2471,0.9998,0.0201,1.0,0.0,0.0,0.0332,1.0,0.2376,31.0265,0.0778,1.2,2.3213,0.53,0.0219,1.0,0.0166,0.9534,0.0,0.1954
1747092780000,68.439,1.0,0.0694,1.0349,1.0,0.039,1.0077,1.0,5.0718,0.9797,1.0,0.0,67.0132,0.0,20.2187,2.2467,0.9995,0.0199,1.0,0.0,0.0,0.0341,1.0,0.2427,32.8427,0.0787,1.6667,2.0302,0.5316,0.0219,1.0,0.0322,0.9505,0.0,0.1974
1747092840000,67.6534,1.0,0.0694,0.8736,1.0,0.0446,1.0578,1.0,5.0622,0.9776,1.0,0.0,69.7907,0.0,19.1346,2.2279,0.9996,0.0204,1.0,0.0,0.0,0.0335,1.0,0.2408,32.5437,0.0773,1.2857,2.1188,0.5433,0.0225,1.0,0.013,0.9528,0.0,0.1992
1747092900000,72.5033,1.0,0.0694,1.2319,1.0,0.035,1.0146,0.9998,5.0641,0.9885,1.0,0.0,52.0884,0.0,19.2625,2.2685,0.9997,0.0202,1.0,0.0,0.0,0.0332,1.0,0.2397,28.2486,0.078,1.5882,1.9914,0.5196,0.0215,1.0,0.0207,0.9523,0.0,0.2029
1747092960000,74.4727,1.0,0.0694,0.9284,1.0,0.037,1.0303,0.9999,5.0409,0.9852,1.0,0.0,66.7839,0.0,20.0291,2.2703,0.9998,0.0204,1.0,0.0,0.0,0.0337,1.0,0.2379,32.079,0.0845,1.52,2.3846,0.5545,0.0222,1.0,0.0205,0.9498,0.0,0.1924
1747093020000,74.6189,1.0,0.0694,1.2375,1.0,0.0423,1.057,1.0,5.0627,0.9836,1.0,0.0,70.8478,0.0,19.8962,2.2354,0.9998,0.0204,1.0,0.0,0.0,0.0346,1.0,0.2509,31.7574,0.0821,1.75,2.3244,0.5375,0.0227,1.0,0.0337,0.9495,0.0,0.2038
1747093080000,70.6079,1.0,0.0694,0.8275,1.0,0.0366,1.0275,1.0,5.0655,0.9855,1.0,0.0,66.7868,0.0,19.7165,2.2257,0.9998,0.0203,1.0,0.0,0.0,0.033,1.0,0.2501,30.2918,0.0854,1.3333,2.1528,0.5338,0.0225,1.0,0.0222,0.9526,0.0,0.2007
1747093140000,67.4975,1.0,0.0694,0.978,1.0,0.0408,1.0537,1.0,5.0748,0.9848,1.0,0.0,65.6278,0.0,19.1589,2.2176,0.9997,0.0206,1.0,0.0,0.0,0.0349,1.0,0.2657,29.9915,0.0795,1.5,2.0741,0.5353,0.0225,1.0,0.0258,0.945,0.0,0.1979
1747093200000,69.0399,1.0,0.0694,0.8297,1.0,0.0397,1.0915,0.9999,5.0491,0.9871,1.0,0.0,68.5001,0.0,19.9903,2.2332,0.9998,0.0206,1.0,0.0,0.0,0.035,1.0,0.2564,31.8345,0.0802,1.2857,2.3129,0.5417,0.0224,1.0,0.0209,0.9451,0.0,0.1966
1747093260000,69.5173,1.0,0.0694,0.9824,1.0,0.041,1.0441,1.0,5.0722,0.9851,1.0,0.0,72.9048,0.0,19.4881,2.2069,0.9998,0.0206,1.0,0.0,0.0,0.0351,1.0,0.2447,32.6266,0.0867,1.5,2.349,0.5288,0.0237,1.0,0.016,0.9484,0.0,0.2003
1747093320000,71.851,1.0,0.0694,1.2037,1.0,0.0409,1.069,1.0,5.0445,0.9801,1.0,0.0,71.0416,0.0,18.8311,2.2217,0.9997,0.0204,1.0,0.0,0.0,0.0341,1.0,0.2356,30.9054,0.0866,1.6,2.2559,0.5461,0.0231,1.0,0.0153,0.9491,0.0,0.203
1747093380000,68.956,1.0,0.0694,0.9681,1.0,0.041,1.0513,1.0,5.0673,0.9895,1.0,0.0,65.5014,0.0,18.4395,2.2446,0.9998,0.0207,1.0,0.0,0.0,0.0374,1.0,0.237,31.8266,0.0843,1.3333,2.5052,0.5703,0.0232,1.0,0.019,0.9471,0.0,0.2061
1747093440000,73.0505,1.0,0.0694,0.9967,1.0,0.0446,1.0272,0.9999,5.0573,0.9721,1.0,0.0,81.0495,0.0,19.9862,2.2469,0.9996,0.0206,1.0,0.0,0.0,0.0364,1.0,0.2325,38.0885,0.0841,1.1667,2.1919,0.5671,0.0245,1.0,0.0173,0.9425,0.0,0.213
1747093500000,71.9472,1.0,0.0694,1.0327,1.0,0.0401,1.0857,1.0,5.0764,0.9784,1.0,0.0,77.046,0.0,20.1053,2.2329,0.9996,0.0206,1.0,0.0,0.0,0.0362,1.0,0.2472,33.7856,0.0845,1.3333,2.4831,0.5495,0.0227,1.0,0.0132,0.9423,0.0,0.2189
1747093560000,69.5656,1.0,0.0694,0.9936,1.0,0.0392,1.0468,1.0,5.0655,0.9819,1.0,0.0,74.5328,0.0,20.116,2.2485,0.9996,0.0208,1.0,0.0,0.0,0.0376,1.0,0.2381,34.7389,0.0908,1.7917,2.4627,0.5379,0.0236,1.0,0.0238,0.9426,0.0,0.213
1747093620000,68.4997,1.0,0.0694,0.9535,1.0,0.0402,1.0892,1.0,5.0593,0.9769,1.0,0.0,75.7033,0.0,19.6791,2.261,0.9997,0.0208,1.0,0.0,0.0,0.0383,1.0,0.2433,33.4692,0.087,1.1765,2.127,0.5499,0.0239,1.0,0.021,0.9412,0.0,0.2149
1747093680000,69.1221,1.0,0.0694,1.0155,1.0,0.0445,1.086,0.9999,5.0318,0.9766,1.0,0.0,83.2722,0.0,19.3578,2.2484,0.9996,0.0208,1.0,0.0,0.0,0.0381,1.0,0.2475,35.3222,0.0872,1.5,2.3218,0.5471,0.0243,1.0,0.0181,0.939,0.0,0.2144
1747093740000,69.8874,1.0,0.0694,0.8128,1.0,0.0433,1.113,0.9999,5.0873,0.979,1.0,0.0,83.9112,0.0,20.3364,2.3065,0.9997,0.0207,1.0,0.0,0.0,0.0363,1.0,0.2526,34.5823,0.0862,1.5,2.172,0.5584,0.0249,1.0,0.0223,0.9377,0.0,0.2212
1747093800000,71.786,1.0,0.0694,1.1656,1.0,0.0448,1.0825,1.0,5.0455,0.9815,1.0,0.0,77.0306,0.0,20.0332,2.257,0.9998,0.0209,1.0,0.0,0.0,0.0381,1.0,0.2558,37.2243,0.0874,1.75,2.2167,0.5591,0.0241,1.0,0.0179,0.9386,0.0,0.219
1747093860000,72.5578,1.0,0.0694,1.2225,1.0,0.0441,1.1221,1.0,5.0718,0.9753,1.0,0.0,90.0552,0.0,20.018,2.254,0.9998,0.0207,1.0,0.0,0.0,0.0366,1.0,0.2573,37.9509,0.0933,1.6,2.3147,0.553,0.025,1.0,0.0193,0.9341,0.0,0.2182
1747093920000,69.902,1.0,0.0694,1.0838,1.0,0.0427,1.0783,1.0,5.0427,0.9762,1.0,0.0,92.1841,0.0,19.5321,2.2436,0.9998,0.0209,1.0,0.0,0.0,0.0386,1.0,0.2621,39.4719,0.092,1.5,2.2369,0.5816,0.0249,1.0,0.0109,0.9359,0.0,0.2252
1747093980000,66.8632,1.0,0.0694,0.8723,1.0,0.0436,1.1215,1.0,5.0564,0.9804,1.0,0.0,82.2426,0.0,19.0586,2.2366,0.9998,0.0208,1.0,0.0,0.0,0.0391,1.0,0.2782,35.4145,0.0868,2.0,2.2358,0.5536,0.0245,1.0,0.0157,0.9341,0.0,0.24
1747094040000,67.0685,1.0,0.0694,1.015,1.0,0.0426,1.0676,0.9998,5.032,0.9825,1.0,0.0,78.1161,0.0,19.4827,2.2567,0.9997,0.0211,1.0,0.0,0.0,0.0398,1.0,0.2692,36.0983,0.092,1.25,2.319,0.5488,0.0247,1.0,0.0183,0.9343,0.0,0.2152
1747094100000,70.1814,1.0,0.0694,1.4335,1.0,0.0452,1.0865,1.0,5.0591,0.9816,1.0,0.0,82.8575,0.0,19.3502,2.2783,0.9997,0.0211,1.0,0.0,0.0,0.0372,1.0,0.2548,38.0621,0.0894,1.0714,2.4362,0.5628,0.0252,1.0,0.0194,0.9301,0.0,0.22
1747094160000,68.4996,1.0,0.0694,1.0328,1.0,0.0437,1.0861,0.9999,5.0313,0.9731,1.0,0.0,89.9744,0.0,19.304,2.2423,0.9998,0.0209,1.0,0.0,0.0,0.0393,1.0,0.2592,39.2521,0.0971,1.2424,2.1998,0.5677,0.0258,1.0,0.0242,0.9265,0.0,0.2276
1747094220000,69.1124,1.0,0.0694,0.8354,1.0,0.0481,1.0926,1.0,5.0911,0.9781,1.0,0.0,91.1352,0.0,19.9892,2.2572,0.9998,0.0211,1.0,0.0,0.0,0.0417,1.0,0.2779,38.5172,0.0948,1.1,1.8757,0.5759,0.025,1.0,0.0227,0.9237,0.0,0.2343
1747094280000,68.0136,1.0,0.0694,0.8359,1.0,0.0498,1.1284,0.9999,5.0313,0.9702,1.0,0.0,98.6793,0.0,20.5197,2.2547,0.9996,0.0211,1.0,0.0,0.0,0.041,1.0,0.2732,42.6381,0.0919,1.0,2.2012,0.5777,0.0265,1.0,0.0137,0.925,0.0,0.2355
1747094340000,70.7388,1.0,0.0694,0.8594,1.0,0.0497,1.1819,1.0,5.0478,0.9746,1.0,0.0,106.0211,0.0,20.408,2.2418,0.9996,0.0215,1.0,0.0,0.0,0.0415,1.0,0.2871,45.2279,0.098,1.375,2.0611,0.5902,0.0275,1.0,0.017,0.9174,0.0,0.242
1747094400000,65.6342,1.0,0.0694,0.8617,1.0,0.0457,1.2124,1.0,5.0302,0.9945,1.0,0.0,16.8372,0.0,19.8502,2.2854,0.9996,0.021,1.0,0.0,0.0,0.0385,1.0,0.3023,36.985,0.0993,1.4118,2.1717,0.5774,0.0257,1.0,0.01,0.9282,0.0,0.2602
1747094460000,66.5045,1.0,0.0694,1.1335,1.0,0.0445,1.1501,1.0,5.0462,0.9961,1.0,0.0,13.2648,0.0,18.8174,2.2858,0.9996,0.0213,1.0,0.0,0.0,0.0391,1.0,0.3127,35.1538,0.0993,1.7407,2.1605,0.5636,0.0251,1.0,0.024,0.9288,0.0,0.2462
1747094520000,67.3224,1.0,0.0694,0.9036,1.0,0.0449,1.1085,1.0,5.0362,0.9855,1.0,0.0,61.3253,0.0,20.1099,2.2911,0.9997,0.0212,1.0,0.0,0.0,0.0398,1.0,0.3256,42.6568,0.1037,1.4545,2.3002,0.5958,0.0266,1.0,0.0147,0.9254,0.0,0.2584
1747094580000,71.749,1.0,0.0694,0.9529,1.0,0.0444,1.1377,0.9999,5.0384,0.9871,1.0,0.0,54.9516,0.0,19.4876,2.2799,0.9997,0.0214,1.0,0.0,0.0,0.0394,1.0,0.3135,37.1331,0.1044,1.25,2.29,0.5859,0.0256,1.0,0.0161,0.9271,0.0,0.2499
1747094640000,68.3781,1.0,0.0694,0.8938,1.0,0.0472,1.1089,0.9999,5.0404,0.9962,1.0,0.0,16.8223,0.0,19.9806,2.2828,0.9998,0.0214,1.0,0.0,0.0,0.0382,1.0,0.3185,40.1004,0.1029,1.75,2.42,0.5735,0.0266,1.0,0.0203,0.9252,0.0,0.246
1747094700000,69.6045,1.0,0.0694,1.041,1.0,0.048,1.1321,1.0,5.0498,0.9878,1.0,0.0,46.7888,0.0,19.5466,2.3054,0.9997,0.0213,1.0,0.0,0.0,0.0395,1.0,0.2989,40.3232,0.103,1.5,2.2914,0.5729,0.027,1.0,0.0242,0.9209,0.0,0.2503
1747094760000,69.0745,1.0,0.0694,0.9283,1.0,0.0456,1.0731,1.0,5.0341,0.9777,1.0,0.0,96.9397,0.0,19.9063,2.3211,0.9998,0.0216,1.0,0.0,0.0,0.0407,1.0,0.2886,41.3927,0.1056,1.5769,2.3725,0.5773,0.0282,1.0,0.0164,0.9239,0.0,0.2413
1747094820000,67.2167,1.0,0.0694,1.0522,1.0,0.0449,1.1157,1.0,5.0503,0.9792,1.0,0.0,93.4054,0.0,19.09,2.2717,0.9997,0.0215,1.0,0.0,0.0,0.0404,1.0,0.295,38.8774,0.1054,1.0909,2.0692,0.5828,0.0263,1.0,0.0206,0.9208,0.0,0.2529
1747094880000,67.6921,1.0,0.0694,0.8711,1.0,0.0458,1.1534,0.9999,5.0291,0.9807,1.0,0.0,92.0258,0.0,19.2703,2.2797,0.9998,0.0215,1.0,0.0,0.0,0.0381,1.0,0.3095,39.5444,0.1053,1.3333,2.3081,0.5793,0.0265,1.0,0.0154,0.9247,0.0,0.2458
1747094940000,65.7243,1.0,0.0694,0.912,1.0,0.0469,1.1173,1.0,5.0466,0.9767,1.0,0.0,93.8224,0.0,19.6858,2.2719,0.9997,0.0214,1.0,0.0,0.0,0.039,1.0,0.3096,39.2844,0.1075,1.0,2.1498,0.5761,0.0266,1.0,0.0221,0.9232,0.0,0.246
1747095000000,66.7598,1.0,0.0694,0.8306,1.0,0.0453,1.0616,1.0,5.0412,0.9744,1.0,0.0,96.0879,0.0,20.0073,2.2776,0.9997,0.0215,1.0,0.0,0.0,0.0389,1.0,0.3241,40.3835,0.1084,1.5,2.3513,0.5854,0.028,1.0,0.0159,0.9235,0.0,0.2473
1747095060000,66.9071,1.0,0.0694,0.9287,1.0,0.0481,1.1306,1.0,5.0449,0.9737,1.0,0.0,99.399,0.0,20.107,2.2613,0.9996,0.0214,1.0,0.0,0.0,0.039,1.0,0.3109,41.4383,0.108,1.56,2.2711,0.5706,0.0273,1.0,0.0224,0.9231,0.0,0.2492
1747095120000,69.8951,1.0,0.0694,1.1002,1.0,0.0471,1.0907,0.9999,5.0401,0.9797,1.0,0.0,94.8005,0.0,20.0274,2.2823,0.9998,0.0217,1.0,0.0,0.0,0.0392,1.0,0.3271,40.0484,0.1058,1.0,2.359,0.5867,0.0263,1.0,0.0237,0.9232,0.0,0.2604
1747095180000,67.6068,1.0,0.0694,0.9795,1.0,0.0461,1.0958,1.0,5.053,0.977,1.0,0.0,99.5923,0.0,20.3474,2.2723,0.9997,0.0216,1.0,0.0,0.0,0.0393,1.0,0.3492,40.6487,0.1037,1.6667,2.5462,0.5782,0.027,1.0,0.0265,0.9211,0.0,0.2544
1747095240000,69.6923,1.0,0.0694,0.9395,1.0,0.0462,1.1081,1.0,5.0145,0.9808,1.0,0.0,101.3377,0.0,20.3642,2.3292,0.9998,0.0217,1.0,0.0,0.0,0.0412,1.0,0.3359,41.1676,0.1054,1.1429,2.3679,0.5824,0.0268,1.0,0.0208,0.9189,0.0,0.25
1747095300000,64.2355,1.0,0.0694,0.9816,1.0,0.0473,1.1571,1.0,5.0573,0.9773,1.0,0.0,92.7747,0.0,18.8273,2.2928,0.9998,0.0217,1.0,0.0,82.0909,0.0399,1.0,0.3372,36.8411,0.102,1.6429,2.3948,0.5752,0.0261,1.0,0.0194,0.9233,0.0182,0.2521
1747095360000,68.1538,1.0,0.0694,0.9739,1.0,0.0457,1.0972,1.0,5.0173,0.9748,1.0,0.0,100.1659,0.0,19.4771,2.3453,0.9998,0.0216,1.0,0.0,0.0,0.0406,1.0,0.3291,39.8734,0.1116,1.64,2.21,0.5921,0.0276,1.0,0.0391,0.927,0.0,0.2463
1747095420000,68.0445,1.0,0.0694,0.9166,1.0,0.0472,1.153,0.9999,5.0209,0.9751,1.0,0.0,103.0592,0.0,20.1249,2.2823,0.9997,0.0217,1.0,0.0,0.0,0.0413,1.0,0.3335,42.3234,0.1101,1.125,2.1115,0.5867,0.0277,1.0,0.0159,0.921,0.0,0.2631
1747095480000,65.3181,1.0,0.0694,0.9831,1.0,0.0467,1.1466,1.0,5.06,0.976,1.0,0.0,97.9678,0.0,19.9702,2.2759,0.9997,0.0218,1.0,0.0,0.0,0.0402,1.0,0.3291,38.7557,0.1074,1.3333,2.1306,0.5815,0.0278,1.0,0.0158,0.9237,0.0,0.2566
1747095540000,66.9295,1.0,0.0694,0.8218,1.0,0.0485,1.105,1.0,5.0709,0.9729,1.0,0.0,101.3196,0.0,19.5444,2.3103,0.9997,0.0217,1.0,0.0,0.0,0.0418,1.0,0.3294,40.7839,0.1054,1.2222,2.0894,0.5793,0.0276,1.0,0.0228,0.9174,0.0,0.2533
1747095600000,67.5161,1.0,0.0694,1.0496,1.0,0.0507,1.1642,0.9999,5.0855,0.9744,1.0,0.0,104.0387,0.0,19.5789,2.3143,0.9997,0.0218,1.0,0.0,0.0,0.0418,1.0,0.338,40.0786,0.108,1.5385,2.4365,0.5868,0.0278,1.0,0.0144,0.9246,0.0,0.2548
1747095660000,68.6077,1.0,0.0694,1.1281,1.0,0.0446,1.1176,1.0,5.07,0.9777,1.0,0.0,102.8892,0.0,20.0454,2.3132,0.9998,0.0219,1.0,0.0,0.0,0.0416,1.0,0.3446,41.071,0.1141,1.8065,2.1112,0.5847,0.029,1.0,0.0243,0.92,0.0,0.2673
1747095720000,71.5415,1.0,0.0694,1.1261,1.0,0.0473,1.2095,0.9999,5.0964,0.9735,1.0,0.0,106.2298,0.0,20.0802,2.2886,0.9998,0.0218,1.0,0.0,0.0,0.0413,1.0,0.3372,43.1605,0.1148,1.6,2.3367,0.5904,0.0276,1.0,0.0173,0.9196,0.0,0.2591
1747095780000,65.2239,1.0,0.0694,0.9237,1.0,0.0459,1.137,1.0,5.0773,0.9765,1.0,0.0,97.5413,0.0,19.4281,2.2822,0.9998,0.0219,1.0,0.0,0.0,0.0433,1.0,0.3455,40.6133,0.1113,2.4,2.3198,0.5946,0.0272,1.0,0.012,0.9233,0.0,0.2727
1747095840000,68.5375,1.0,0.0694,0.9811,1.0,0.0465,1.1687,0.9999,5.0991,0.9759,1.0,0.0,106.0021,0.0,19.8368,2.305,0.9998,0.0219,1.0,0.0,0.0,0.0409,1.0,0.3382,44.7491,0.1141,2.0,2.1135,0.6051,0.0283,1.0,0.021,0.9155,0.0,0.2635
1747095900000,68.5292,0.9999,0.0694,1.211,1.0,0.0466,1.1646,0.9998,5.0639,0.9759,1.0,0.0,104.637,0.0,20.0345,2.3208,0.9997,0.0218,1.0,0.0,0.0,0.0412,1.0,0.3553,41.79,0.1128,1.0625,2.5154,0.5996,0.0282,1.0,0.0182,0.9221,0.0,0.2757
1747095960000,67.569,1.0,0.0694,1.1129,1.0,0.046,1.1882,1.0,5.0927,0.9732,1.0,0.0,109.8228,0.0,19.5933,2.3044,0.9997,0.0219,1.0,0.0,0.0,0.0419,1.0,0.3314,44.4879,0.1197,1.6667,2.4382,0.6052,0.0298,1.0,0.0187,0.9186,0.0,0.2718
1747096020000,68.6728,1.0,0.0694,0.8436,1.0,0.0472,1.1926,1.0,5.0647,0.9749,1.0,0.0,106.1387,0.0,20.6714,2.305,0.9997,0.0219,1.0,0.0,0.0,0.0431,1.0,0.3556,44.8653,0.1166,1.4167,2.1091,0.5904,0.0286,1.0,0.0162,0.9202,0.0,0.2866
1747096080000,67.0263,1.0,0.0694,0.8576,1.0,0.0461,1.1788,1.0,5.1012,0.9762,1.0,0.0,108.9668,0.0,20.0794,2.2794,0.9998,0.0221,1.0,0.0,0.0,0.0422,1.0,0.3607,44.9484,0.1163,1.6,2.3401,0.6093,0.0302,1.0,0.0148,0.9159,0.0,0.2834
1747096140000,70.0641,1.0,0.0694,0.9017,1.0,0.0507,1.1547,1.0,5.08,0.9744,1.0,0.0,117.658,0.0,20.2065,2.3376,0.9998,0.0223,1.0,0.0,0.0,0.045,1.0,0.3592,48.243,0.1209,1.0,2.3486,0.627,0.0309,1.0,0.0149,0.9128,0.0,0.2773
1747096200000,67.3735,1.0,0.0694,0.8703,1.0,0.0453,1.1174,1.0,5.0929,0.9713,1.0,0.0,99.7977,0.0,20.41,2.3382,0.9997,0.0219,1.0,0.0,0.0,0.0412,1.0,0.3673,41.0782,0.1212,1.3333,2.2096,0.5939,0.0279,1.0,0.0261,0.9281,0.0,0.3014
1747096260000,65.0054,1.0,0.0694,1.067,1.0,0.0459,1.1747,1.0,5.0827,0.9774,1.0,0.0,96.3641,0.0,20.6609,2.303,0.9997,0.0219,1.0,0.0,25.8,0.0428,1.0,0.359,40.3828,0.1175,1.5385,2.496,0.5887,0.0277,1.0,0.0139,0.9301,0.0364,0.2683
1747096320000,68.4874,1.0,0.0694,0.8957,1.0,0.0469,1.2631,1.0,5.0636,0.9791,1.0,0.0,94.6922,0.0,19.9596,2.2957,0.9998,0.0219,1.0,0.0,24.9818,0.0411,1.0,0.3596,41.0339,0.113,1.4,2.0926,0.5839,0.0277,1.0,0.0212,0.9281,0.0182,0.2704
1747096380000,69.8635,1.0,0.0694,0.9329,1.0,0.044,1.3881,1.0,5.0659,0.9743,1.0,0.0,94.8237,0.0,19.3474,2.2791,0.9997,0.0218,1.0,0.0,13.7273,0.0395,1.0,0.3382,39.6079,0.1208,1.6667,2.5329,0.584,0.0282,1.0,0.02,0.9248,0.0364,0.2555
1747096440000,69.1026,1.0,0.0694,0.9128,1.0,0.049,1.3606,1.0,5.0973,0.9744,1.0,0.0,105.1442,0.0,20.1589,2.3148,0.9997,0.0219,1.0,0.0,53.5091,0.0434,1.0,0.3389,43.9233,0.1186,1.1176,2.2792,0.601,0.0291,1.0,0.0257,0.9239,0.0727,0.2673
1747096500000,71.9182,1.0,0.0694,1.0074,1.0,0.0478,1.5867,1.0,5.06,0.9762,1.0,0.0,106.5429,0.0,20.3896,2.2987,0.9998,0.0218,1.0,0.0,56.6,0.0428,1.0,0.3244,45.2953,0.1208,1.2667,2.2954,0.5997,0.0287,1.0,0.018,0.927,0.0727,0.2786
1747096560000,70.216,1.0,0.0694,0.9267,1.0,0.0471,1.6598,0.9999,5.0436,0.973,1.0,0.0,104.1324,0.0,20.1565,2.2768,0.9997,0.0221,1.0,0.0,28.8182,0.0408,1.0,0.3405,44.4792,0.118,1.4138,2.4267,0.5955,0.0284,1.0,0.0218,0.927,0.0364,0.28
1747096620000,68.7009,1.0,0.0694,0.9491,1.0,0.0507,1.3907,1.0,5.0811,0.9719,1.0,0.0,110.4024,0.0,20.4182,2.3139,0.9997,0.0219,1.0,0.0,50.9636,0.0428,1.0,0.335,43.4236,0.1142,1.2308,2.141,0.5979,0.0275,1.0,0.0305,0.9222,0.0727,0.2745
1747096680000,67.2625,1.0,0.0694,0.9559,1.0,0.0456,1.3289,0.9999,5.0782,0.9802,1.0,0.0,98.7462,0.0,20.2371,2.2847,0.9998,0.022,1.0,0.0,38.9818,0.0403,1.0,0.3498,40.9891,0.1149,0.9,2.1763,0.5781,0.0283,1.0,0.0255,0.9212,0.0545,0.2825
1747096740000,68.1864,0.9999,0.0694,0.95,1.0,0.048,1.2201,1.0,5.0893,0.9708,1.0,0.0,102.7351,0.0,20.1583,2.2672,0.9997,0.022,1.0,0.0,76.9455,0.0413,1.0,0.3358,41.4527,0.12,1.4286,2.4289,0.5898,0.0282,1.0,0.0216,0.9209,0.1091,0.2684
1747096800000,71.1378,1.0,0.0694,0.8471,1.0,0.045,1.6105,1.0,5.05,0.978,1.0,0.0,110.8425,0.0,20.9106,2.3227,0.9998,0.022,1.0,0.0,152.8545,0.0412,1.0,0.3429,46.0443,0.126,1.4375,2.2684,0.6186,0.0293,1.0,0.027,0.9251,0.2182,0.2747
1747096860000,70.1473,1.0,0.0694,0.8522,1.0,0.049,1.6422,0.9999,5.0321,0.9717,1.0,0.0,107.2318,0.0,20.1126,2.3028,0.9997,0.0219,1.0,0.0,37.5091,0.0421,1.0,0.3576,44.0287,0.1197,1.2963,2.2881,0.6106,0.0292,1.0,0.0183,0.9201,0.0545,0.2972
1747096920000,70.0261,1.0,0.0694,1.1127,1.0,0.0482,1.3299,1.0,5.0593,0.9725,1.0,0.0,107.9229,0.0,20.5283,2.2621,0.9997,0.022,1.0,0.0,23.8,0.0418,1.0,0.3561,43.5658,0.1174,1.5833,2.3221,0.6055,0.0299,1.0,0.0259,0.9212,0.0364,0.2817
1747096980000,69.9776,1.0,0.0694,0.9754,1.0,0.0478,1.308,0.9999,5.1075,0.9742,1.0,0.0,110.479,0.0,20.8282,2.278,0.9997,0.0221,1.0,0.0,45.3636,0.0416,1.0,0.3652,44.5333,0.1223,1.2857,2.2857,0.5863,0.0296,1.0,0.0272,0.9216,0.0727,0.2865
1747097040000,68.1549,1.0,0.0694,0.9134,1.0,0.0504,1.1061,1.0,5.0857,0.9717,1.0,0.0,110.0128,0.0,20.144,2.2805,0.9996,0.022,1.0,0.0,10.4364,0.0428,1.0,0.3591,45.5288,0.1213,1.5,2.366,0.603,0.0305,1.0,0.0166,0.9166,0.0182,0.2854
1747097100000,68.6482,1.0,0.0694,0.9527,1.0,0.0487,1.2018,1.0,5.0127,0.9784,1.0,0.0,102.2896,0.0,20.2772,2.2758,0.9997,0.022,1.0,0.0,0.0,0.0411,1.0,0.3771,42.4052,0.1199,2.3846,2.4365,0.5921,0.0285,1.0,0.0267,0.9211,0.0,0.2897
1747097160000,66.8708,1.0,0.0694,0.9616,1.0,0.0461,1.1394,1.0,5.0855,0.9778,1.0,0.0,104.9457,0.0,19.7054,2.2847,0.9998,0.0221,1.0,0.0,0.0,0.043,1.0,0.3689,42.8276,0.1203,1.7143,2.5352,0.5931,0.0291,1.0,0.0217,0.9187,0.0,0.2724
1747097220000,70.7999,1.0,0.0694,0.8982,1.0,0.0493,1.1187,1.0,5.0891,0.9745,1.0,0.0,107.6792,0.0,20.2643,2.3279,0.9997,0.0221,1.0,0.0,11.4,0.0439,1.0,0.3744,44.7966,0.1207,1.3333,2.4028,0.6059,0.0291,1.0,0.0181,0.9215,0.0182,0.2732
1747097280000,70.2629,1.0,0.0694,0.9562,1.0,0.0495,1.2703,1.0,5.0709,0.9743,1.0,0.0,112.8564,0.0,20.5313,2.2856,0.9997,0.0221,1.0,0.0,0.0,0.0414,1.0,0.3698,46.1619,0.1197,1.1111,2.2959,0.6155,0.0292,1.0,0.0172,0.9224,0.0,0.2853
1747097340000,67.1915,1.0,0.0694,0.8341,1.0,0.0492,1.2045,1.0,5.0958,0.9732,1.0,0.0,108.7523,0.0,20.0093,2.3091,0.9997,0.022,1.0,0.0,0.0,0.0421,1.0,0.3758,43.5943,0.1197,1.75,2.3128,0.6041,0.0289,1.0,0.0159,0.9222,0.0,0.2907
1747097400000,70.3406,1.0,0.0694,1.0509,1.0,0.0476,1.2254,1.0,5.0785,0.9712,1.0,0.0,114.5038,0.0,20.2376,2.3234,0.9997,0.0222,1.0,0.0,0.0,0.0416,1.0,0.373,44.0464,0.1261,1.3158,2.1882,0.6152,0.0294,1.0,0.0221,0.9221,0.0,0.2898
1747097460000,70.2096,1.0,0.0694,1.0883,1.0,0.0501,1.1855,1.0,5.0979,0.9758,1.0,0.0,107.8955,0.0,20.0538,2.3097,0.9997,0.022,1.0,0.0,0.0,0.0421,1.0,0.3741,43.9685,0.1202,1.303,2.2484,0.5998,0.0291,1.0,0.018,0.924,0.0,0.2998
1747097520000,70.9666,1.0,0.0694,1.1229,1.0,0.05,1.1554,1.0,5.074,0.9757,1.0,0.0,111.4551,0.0,20.4599,2.3412,0.9998,0.0222,1.0,0.0,0.3636,0.0432,1.0,0.3612,44.9601,0.1238,1.2667,2.4559,0.6284,0.0302,1.0,0.0235,0.9246,0.0,0.2904
1747097580000,66.9118,1.0,0.0694,0.9176,1.0,0.0492,1.1462,1.0,5.1022,0.9754,1.0,0.0,107.6803,0.0,19.8479,2.3523,0.9998,0.0222,1.0,0.0,27.3818,0.0433,1.0,0.3811,43.6229,0.1215,1.4,2.0796,0.6063,0.0296,1.0,0.022,0.9204,0.0364,0.298
1747097640000,68.8161,1.0,0.0694,0.9957,1.0,0.0501,1.1758,1.0,5.0627,0.9729,1.0,0.0,108.9569,0.0,19.686,2.3228,0.9997,0.0225,1.0,0.0,0.0,0.0418,1.0,0.3876,44.5381,0.1249,0.9286,2.2556,0.6243,0.0303,1.0,0.0299,0.9183,0.0,0.2939
1747097700000,69.4221,1.0,0.0694,1.157,1.0,0.0489,1.2067,1.0,5.0881,0.9721,1.0,0.0,113.0568,0.0,19.9516,2.321,0.9998,0.0222,1.0,0.0,0.0,0.0423,1.0,0.3912,45.9051,0.1237,1.2174,2.3712,0.6138,0.0305,1.0,0.0248,0.9196,0.0,0.2982
1747097760000,68.116,1.0,0.0694,1.1253,1.0,0.0491,1.1626,1.0,5.0829,0.9755,1.0,0.0,112.3973,0.0,20.0295,2.3247,0.9997,0.022,1.0,0.0,11.4182,0.0425,1.0,0.369,45.843,0.1232,1.5,2.4462,0.6294,0.0298,1.0,0.0255,0.9188,0.0182,0.2916
1747097820000,68.2283,1.0,0.0694,0.8801,1.0,0.0491,1.19,1.0,5.09,0.9704,1.0,0.0,109.415,0.0,19.4284,2.3251,0.9997,0.0221,1.0,0.0,0.0,0.0439,1.0,0.3701,44.9141,0.126,1.3846,2.2859,0.6212,0.0312,1.0,0.0152,0.9147,0.0,0.2883
1747097880000,68.7582,1.0,0.0694,0.8442,1.0,0.0501,1.2063,1.0,5.0793,0.974,1.0,0.0,118.5441,0.0,20.4663,2.3215,0.9997,0.0224,1.0,0.0,0.0,0.043,1.0,0.3956,47.5713,0.124,1.25,2.4086,0.6107,0.0306,1.0,0.0169,0.911,0.0,0.2985
1747097940000,68.3615,1.0,0.0694,0.9081,1.0,0.0519,1.2008,0.9999,5.0891,0.9739,1.0,0.0,122.5664,0.0,20.1807,2.3174,0.9998,0.0226,1.0,0.0,0.0,0.0454,1.0,0.4035,49.3687,0.1265,1.8667,2.5283,0.6318,0.0304,1.0,0.0188,0.9155,0.0,0.2926
1747098000000,67.0291,1.0,0.0694,0.8608,1.0,0.05,1.2971,1.0,5.0691,0.9705,1.0,0.0,103.0045,0.0,20.3296,2.3445,0.9997,0.0235,1.0,0.0,0.0,0.0446,1.0,0.4158,42.571,0.1247,1.5625,2.4497,0.6324,0.0302,1.0,0.016,0.9335,0.0,0.3136
1747098060000,66.913,1.0,0.0694,1.0649,1.0,0.0479,1.1659,1.0,5.0827,0.9689,1.0,0.0,106.6587,0.0,20.1436,2.3258,0.9997,0.022,1.0,0.0,0.0,0.0418,1.0,0.4231,45.8219,0.1271,1.4828,2.3463,0.6146,0.0293,1.0,0.0262,0.928,0.0,0.2915
1747098120000,69.4839,1.0,0.0694,0.9084,1.0,0.0518,1.1078,1.0,5.07,0.9702,1.0,0.0,109.5422,0.0,20.2774,2.3435,0.9997,0.0221,1.0,0.0,0.0,0.0419,1.0,0.4038,44.166,0.124,1.9333,2.3298,0.6125,0.0297,1.0,0.0147,0.9248,0.0,0.2959
1747098180000,68.4681,1.0,0.0694,0.8924,1.0,0.0507,1.1798,1.0,5.0866,0.9723,1.0,0.0,109.9533,0.0,20.5783,2.3318,0.9997,0.0223,1.0,0.0,0.0,0.0418,1.0,0.4126,43.6535,0.124,1.0,2.2071,0.5981,0.0295,1.0,0.021,0.9253,0.0,0.2974
1747098240000,70.275,1.0,0.0694,0.9116,1.0,0.0505,1.2261,1.0,5.0832,0.9757,1.0,0.0,107.8276,0.0,20.5548,2.3193,0.9997,0.0221,1.0,0.0,0.0,0.0415,1.0,0.4001,43.0696,0.1236,1.3846,2.4576,0.5989,0.0293,1.0,0.0169,0.9271,0.0,0.2906
1747098300000,70.4024,0.9999,0.0694,0.9729,1.0,0.0493,1.1409,1.0,5.0955,0.9752,1.0,0.0,104.3299,0.0,19.8684,2.3019,0.9998,0.0221,1.0,0.0,0.0,0.0401,1.0,0.3975,43.0149,0.1244,1.1875,2.4543,0.6092,0.0289,1.0,0.0251,0.9247,0.0,0.2946
1747098360000,69.5733,1.0,0.0694,0.9463,1.0,0.0487,1.1734,1.0,5.0809,0.9714,1.0,0.0,111.3819,0.0,20.141,2.3109,0.9997,0.0224,1.0,0.0,0.0,0.0417,1.0,0.3757,43.2521,0.1272,1.25,2.4307,0.6076,0.0301,1.0,0.0167,0.9244,0.0,0.2847
1747098420000,70.187,1.0,0.0694,0.9542,1.0,0.0505,1.1749,1.0,5.0891,0.9737,1.0,0.0,108.2759,0.0,20.419,2.3114,0.9997,0.0222,1.0,0.0,0.0,0.0418,1.0,0.3945,43.6487,0.1245,1.2,2.4901,0.6058,0.0293,1.0,0.0263,0.9261,0.0,0.3007
1747098480000,70.1242,1.0,0.0694,0.9507,1.0,0.0506,1.167,1.0,5.0767,0.9736,1.0,0.0,111.7452,0.0,20.7229,2.3406,0.9997,0.0225,1.0,0.0,0.0,0.0423,1.0,0.387,44.3565,0.1276,1.2727,2.5884,0.6014,0.0298,1.0,0.0157,0.9233,0.0,0.289
1747098540000,71.6958,1.0,0.0694,0.9367,1.0,0.0525,1.1348,0.9999,5.0845,0.976,1.0,0.0,114.4978,0.0,21.2793,2.2986,0.9998,0.0222,1.0,0.0,0.0,0.0407,1.0,0.3945,46.2339,0.1182,1.1667,2.4028,0.6178,0.0295,1.0,0.0256,0.926,0.0,0.3005
1747098600000,70.4025,1.0,0.0694,0.8475,1.0,0.0521,1.1902,1.0,5.0694,0.9749,1.0,0.0,110.4173,0.0,20.6074,2.3249,0.9998,0.0223,1.0,0.0,0.0,0.0419,1.0,0.3896,45.2307,0.1254,1.4,2.4657,0.633,0.0299,1.0,0.0286,0.9238,0.0,0.2943
1747098660000,68.1278,1.0,0.0694,0.8455,1.0,0.0485,1.1138,1.0,5.0839,0.9758,1.0,0.0,109.6449,0.0,20.275,2.3156,0.9998,0.0224,1.0,0.0,0.0,0.0417,1.0,0.3881,42.9663,0.1263,1.5172,2.2165,0.6075,0.0299,1.0,0.0193,0.9244,0.0,0.2923
1747098720000,70.4804,1.0,0.0694,1.0539,1.0,0.0488,1.1765,1.0,5.0785,0.9718,1.0,0.0,113.4846,0.0,20.557,2.3147,0.9997,0.0224,1.0,0.0,0.0,0.0422,1.0,0.3833,45.3264,0.1264,1.7273,2.3633,0.6225,0.0298,1.0,0.0176,0.9241,0.0,0.2919
1747098780000,71.5797,1.0,0.0694,1.0439,1.0,0.0505,1.1669,1.0,5.0757,0.9734,1.0,0.0,115.6653,0.0,20.964,2.3,0.9996,0.0224,1.0,0.0,0.0,0.0423,1.0,0.3695,46.6538,0.1276,1.3,2.3866,0.6259,0.0315,1.0,0.0184,0.9273,0.0,0.3002
1747098840000,68.7768,1.0,0.0694,0.9709,1.0,0.0516,1.1607,0.9999,5.0786,0.9757,1.0,0.0,103.9307,0.0,20.2094,2.3133,0.9998,0.0224,1.0,0.0,0.0,0.0428,1.0,0.3932,44.2701,0.1238,1.2778,2.4391,0.6164,0.0295,1.0,0.0225,0.9261,0.0,0.3056
1747098900000,70.9212,1.0,0.0694,1.0109,1.0,0.049,1.0858,0.9999,5.0865,0.9721,1.0,0.0,113.448,0.0,20.9438,2.3247,0.9997,0.0223,1.0,0.0,0.0,0.0424,1.0,0.383,45.2997,0.1293,2.0476,2.4375,0.62,0.0296,1.0,0.0224,0.9244,0.0,0.2936
1747098960000,68.0704,1.0,0.0694,0.9481,1.0,0.0522,1.1528,1.0,5.0791,0.979,1.0,0.0,106.0018,0.0,20.0186,2.3118,0.9998,0.0226,1.0,0.0,0.0,0.043,1.0,0.382,43.7809,0.1224,1.3514,2.5689,0.6135,0.0305,1.0,0.0202,0.9272,0.0,0.2981
1747099020000,70.9819,1.0,0.0694,0.9716,1.0,0.0492,1.1407,0.9999,5.0945,0.9772,1.0,0.0,107.5681,0.0,19.8959,2.349,0.9998,0.0225,1.0,0.0,0.0,0.0448,1.0,0.3625,43.0932,0.1277,2.5333,2.5371,0.6271,0.0288,1.0,0.018,0.9307,0.0,0.2956
1747099080000,68.0676,1.0,0.0694,1.005,1.0,0.049,1.204,1.0,5.0755,0.9716,1.0,0.0,109.7667,0.0,19.281,2.3265,0.9998,0.0225,1.0,0.0,0.0,0.0433,1.0,0.3795,42.2151,0.1277,1.2222,2.3532,0.6238,0.0308,1.0,0.0178,0.9272,0.0,0.3101
1747099140000,68.834,0.9999,0.0694,0.8424,1.0,0.05,1.185,1.0,5.0973,0.9745,1.0,0.0,110.2442,0.0,20.3326,2.2915,0.9997,0.0225,1.0,0.0,0.0,0.0436,1.0,0.3742,43.057,0.1297,1.3125,2.363,0.6153,0.0304,1.0,0.0198,0.9273,0.0,0.3109
1747099200000,67.7281,1.0,0.0694,0.9645,1.0,0.0521,1.1373,0.9999,5.0729,0.9713,1.0,0.0,112.7789,0.0,20.0146,2.3274,0.9997,0.0225,1.0,0.0,0.0,0.0434,1.0,0.3916,42.7673,0.1266,1.3667,2.4998,0.6195,0.0307,1.0,0.0354,0.9283,0.0,0.3038
1747099260000,70.6268,1.0,0.0694,1.1058,1.0,0.0496,1.1584,0.9999,5.0694,0.9936,1.0,0.0,25.5438,0.0,19.9598,2.3554,0.9997,0.0226,1.0,0.0,0.0,0.0433,1.0,0.3776,41.7956,0.1275,1.3,2.2808,0.6147,0.0294,1.0,0.0258,0.9252,0.0,0.3011
1747099320000,72.0958,1.0,0.0694,1.1396,1.0,0.0523,1.1649,0.9999,5.091,0.995,1.0,0.0,24.909,0.0,20.2256,2.3438,0.9998,0.0226,1.0,0.0,0.0,0.0415,1.0,0.3875,42.8004,0.1252,1.7647,2.5341,0.6139,0.0288,1.0,0.0212,0.9276,0.0,0.3024
1747099380000,72.2311,1.0,0.0694,1.0372,1.0,0.0485,1.1611,1.0,5.0657,0.9847,1.0,0.0,60.8594,0.0,19.7601,2.3258,0.9997,0.0226,1.0,0.0,0.0,0.043,1.0,0.3881,43.2014,0.1306,2.0,2.5249,0.618,0.029,1.0,0.0282,0.9271,0.0,0.3001
1747099440000,70.8471,0.9999,0.0694,0.9596,1.0,0.0476,1.1588,1.0,5.051,0.984,1.0,0.0,64.269,0.0,20.147,2.3165,0.9997,0.0226,1.0,0.0,0.0,0.0431,1.0,0.384,43.5879,0.1299,1.6154,2.4509,0.6239,0.0291,1.0,0.0251,0.9292,0.0,0.3058
1747099500000,72.6199,1.0,0.0694,1.1469,1.0,0.0493,1.1662,1.0,5.09,0.9925,1.0,0.0,30.3001,0.0,19.6465,2.3341,0.9997,0.0225,1.0,0.0,0.0,0.0447,1.0,0.3723,44.1691,0.1339,1.5455,2.3947,0.6378,0.0307,1.0,0.0248,0.9281,0.0,0.3025
1747099560000,72.1189,1.0,0.0694,1.1451,1.0,0.0485,1.2421,0.9999,5.061,0.9933,1.0,0.0,28.9089,0.0,20.2424,2.302,0.9997,0.0226,1.0,0.0,0.0,0.0439,1.0,0.41,44.1235,0.1343,1.3429,2.4002,0.6141,0.0305,1.0,0.0193,0.9272,0.0,0.3226
1747099620000,68.5005,1.0,0.0694,0.9046,1.0,0.0494,1.1871,1.0,5.0737,0.993,1.0,0.0,27.7027,0.0,19.914,2.3341,0.9996,0.0228,1.0,0.0,0.0,0.0425,1.0,0.429,42.6791,0.1293,1.4286,2.6098,0.61,0.0288,1.0,0.0211,0.929,0.0,0.315
1747099680000,67.8562,1.0,0.0694,0.8653,1.0,0.0497,1.1808,1.0,5.0818,0.9822,1.0,0.0,75.7612,0.0,20.2493,2.3243,0.9997,0.0226,1.0,0.0,0.0,0.0449,1.0,0.3965,43.7145,0.1313,1.5556,2.523,0.6224,0.0318,1.0,0.0199,0.9258,0.0,0.3058
1747099740000,68.7464,1.0,0.0694,0.9296,1.0,0.0509,1.1866,0.9999,5.0664,0.9892,1.0,0.0,49.9769,0.0,19.6643,2.3577,0.9997,0.0228,1.0,0.0,0.0,0.0449,1.0,0.402,44.2071,0.1304,5.75,2.3958,0.6375,0.0315,1.0,0.0298,0.9209,0.0,0.3092
1747099800000,67.753,1.0,0.0694,0.8504,1.0,0.0477,1.1823,0.9999,5.07,0.9939,1.0,0.0,24.8968,0.0,19.993,2.3142,0.9997,0.0225,1.0,0.0,0.0,0.0431,1.0,0.4176,41.8546,0.1261,1.2632,2.4497,0.6139,0.0288,1.0,0.0177,0.9346,0.0,0.3133
1747099860000,68.4382,1.0,0.0694,0.9834,1.0,0.0499,1.1336,1.0,5.0828,0.9939,1.0,0.0,23.0411,0.0,20.1071,2.3489,0.9996,0.0223,1.0,0.0,0.0,0.0436,1.0,0.3954,41.7899,0.1275,1.2857,2.4256,0.6075,0.0289,1.0,0.0138,0.9353,0.0,0.2965
1747099920000,71.0363,1.0,0.0694,0.9896,1.0,0.0497,1.108,1.0,5.0711,0.9821,1.0,0.0,70.6166,0.0,20.1013,2.3381,0.9997,0.0225,1.0,0.0,0.0,0.0455,1.0,0.3916,43.1661,0.1249,1.7857,2.2642,0.6209,0.0301,1.0,0.0217,0.9283,0.0,0.2872
1747099980000,69.0878,1.0,0.0694,0.886,1.0,0.0499,1.1584,1.0,5.0645,0.9769,1.0,0.0,87.9592,0.0,20.1767,2.3161,0.9997,0.0223,1.0,0.0,0.0,0.0407,1.0,0.4008,40.771,0.122,2.1111,2.3353,0.6035,0.0296,1.0,0.024,0.9299,0.0,0.2989
1747100040000,69.3231,1.0,0.0694,0.9325,1.0,0.0478,1.142,1.0,5.0796,0.9937,1.0,0.0,24.5623,0.0,19.8039,2.3354,0.9997,0.0227,1.0,0.0,0.0,0.0427,1.0,0.3711,40.9953,0.1274,1.3846,2.6852,0.6083,0.0304,1.0,0.0186,0.9357,0.0,0.2773
1747100100000,72.3741,1.0,0.0694,0.9802,1.0,0.0446,1.1624,1.0,5.0664,0.9743,1.0,0.0,92.6922,0.0,19.7162,2.3138,0.9996,0.0224,1.0,0.0,0.0,0.0437,1.0,0.3584,41.7015,0.1335,1.45,2.4049,0.6227,0.0296,1.0,0.0565,0.9321,0.0,0.2928
1747100160000,69.8688,1.0,0.0694,0.9951,1.0,0.0473,1.1437,1.0,5.0831,0.9773,1.0,0.0,91.1993,0.0,20.0125,2.3359,0.9997,0.0225,1.0,0.0,0.0,0.0427,1.0,0.3537,42.0223,0.1276,1.5357,2.3142,0.6202,0.0286,1.0,0.0391,0.9345,0.0,0.284
1747100220000,71.3902,0.9999,0.0694,1.0209,1.0,0.0485,1.1523,1.0,5.0747,0.9748,1.0,0.0,107.1769,0.0,20.3931,2.3424,0.9997,0.0223,1.0,0.0,11.6364,0.0422,1.0,0.3694,42.0051,0.1293,1.2857,2.5116,0.6177,0.0281,1.0,0.0347,0.9315,0.0182,0.2958
1747100280000,68.991,1.0,0.0694,0.9648,1.0,0.0479,1.2097,0.9999,5.1067,0.9761,1.0,0.0,100.4731,0.0,19.2824,2.3586,0.9997,0.0225,1.0,0.0,0.0,0.0421,1.0,0.3768,40.1928,0.1272,1.2222,2.2609,0.6097,0.0289,1.0,0.0346,0.9288,0.0,0.2891
1747100340000,70.1833,1.0,0.0694,0.9557,1.0,0.0481,1.2076,1.0,5.0991,0.9732,1.0,0.0,109.111,0.0,20.0027,2.3169,0.9997,0.0226,1.0,0.0,0.0,0.0418,1.0,0.3835,42.9675,0.13,1.4444,2.3285,0.6262,0.03,1.0,0.0374,0.9265,0.0,0.2849
1747100400000,69.1855,1.0,0.0694,0.8604,1.0,0.0473,1.2841,0.9999,5.0921,0.9732,1.0,0.0,108.2299,0.0,19.8549,2.3362,0.9997,0.0225,1.0,0.0,0.0,0.0449,1.0,0.3814,42.531,0.1323,1.5,2.5441,0.6161,0.0299,1.0,0.0356,0.9277,0.0,0.2991
1747100460000,70.3151,1.0,0.0694,0.8966,1.0,0.0493,1.1959,0.9999,5.1113,0.9744,1.0,0.0,108.6077,0.0,19.9609,2.3413,0.9998,0.0223,1.0,0.0,0.0,0.0424,1.0,0.3866,44.3327,0.1308,1.8125,2.3639,0.6403,0.0298,1.0,0.0263,0.931,0.0,0.2968
1747100520000,69.7039,1.0,0.0694,1.0592,1.0,0.0468,1.1858,1.0,5.0955,0.9772,1.0,0.0,104.3389,0.0,20.4542,2.3393,0.9997,0.0223,1.0,0.0,0.0,0.0436,1.0,0.3694,42.2585,0.1281,1.3571,2.4331,0.6107,0.0291,1.0,0.0249,0.9326,0.0,0.3116
1747100580000,72.3034,1.0,0.0694,1.1314,1.0,0.0465,1.2003,1.0,5.0691,0.9768,1.0,0.0,104.5874,0.0,20.3771,2.3229,0.9998,0.0224,1.0,0.0,0.0,0.0428,1.0,0.3878,43.0614,0.1326,1.75,2.3147,0.6326,0.0298,1.0,0.0168,0.9331,0.0,0.2875
1747100640000,70.9162,1.0,0.0694,0.9829,1.0,0.0452,1.1723,1.0,5.0891,0.977,1.0,0.0,98.7296,0.0,19.6454,2.3125,0.9997,0.0227,1.0,0.0,0.0,0.041,1.0,0.3863,41.4107,0.129,1.3077,2.2127,0.6189,0.0286,1.0,0.0195,0.9306,0.0,0.3162
1747100700000,67.547,1.0,0.0694,1.0043,1.0,0.048,1.1637,1.0,5.0836,0.9754,1.0,0.0,104.3166,0.0,20.0367,2.322,0.9998,0.0226,1.0,0.0,13.9455,0.045,1.0,0.3828,41.7658,0.129,1.3462,2.4683,0.6098,0.0297,1.0,0.021,0.931,0.0,0.2895
1747100760000,71.2073,0.9999,0.0694,0.9792,1.0,0.0487,1.1073,0.9999,5.0809,0.9733,1.0,0.0,105.3648,0.0,20.1766,2.3597,0.9997,0.0226,1.0,0.0,0.0,0.0429,1.0,0.3901,42.2779,0.1292,2.3077,2.3865,0.6123,0.0293,1.0,0.0214,0.9295,0.0182,0.2992
1747100820000,70.8003,1.0,0.0694,1.0362,1.0,0.0493,1.1327,1.0,5.0982,0.9733,1.0,0.0,106.1115,0.0,19.4606,2.3447,0.9997,0.0225,1.0,0.0,0.0,0.0441,1.0,0.39,41.7241,0.1254,1.5,2.3595,0.6368,0.0294,1.0,0.0232,0.9307,0.0,0.3
1747100880000,70.0634,0.9999,0.0694,0.9967,1.0,0.046,1.1612,1.0,5.0982,0.9743,1.0,0.0,104.2803,0.0,19.8112,2.3355,0.9998,0.0227,1.0,0.0,0.3273,0.0434,1.0,0.3885,42.4268,0.1316,1.375,2.6095,0.6243,0.0294,1.0,0.0231,0.9314,0.0,0.299
1747100940000,69.9874,1.0,0.0694,0.8676,1.0,0.0498,1.1246,1.0,5.1088,0.9725,1.0,0.0,108.3115,0.0,19.7968,2.3566,0.9996,0.0224,1.0,0.0,14.0182,0.0433,1.0,0.3901,43.7726,0.1293,1.5455,2.4748,0.627,0.0295,1.0,0.0351,0.9277,0.0182,0.2958
1747101000000,70.2885,0.9999,0.0694,0.9801,1.0,0.048,1.3877,0.9999,5.0729,0.9759,1.0,0.0,108.7416,0.0,20.1824,2.3271,0.9997,0.0226,1.0,0.0,0.0,0.0426,1.0,0.3874,43.9344,0.1326,1.5217,2.6197,0.6106,0.0298,1.0,0.0349,0.9285,0.0,0.3023
1747101060000,68.7201,1.0,0.0694,1.0592,1.0,0.0454,1.167,1.0,5.08,0.9767,1.0,0.0,103.2677,0.0,19.3415,2.3229,0.9997,0.0227,1.0,0.0,0.0,0.0414,1.0,0.3921,40.9687,0.132,1.5385,2.48,0.6078,0.029,1.0,0.028,0.9306,0.0,0.2976
1747101120000,68.5206,1.0,0.0694,1.1707,1.0,0.048,1.172,1.0,5.0845,0.975,1.0,0.0,104.5828,0.0,19.9291,2.3174,0.9998,0.0226,1.0,0.0,24.7455,0.0422,1.0,0.3913,41.4306,0.1272,1.375,2.485,0.6214,0.0288,1.0,0.0232,0.9276,0.0364,0.2932
1747101180000,68.0867,1.0,0.0694,1.0047,1.0,0.0463,1.2855,1.0,5.0729,0.9754,1.0,0.0,100.0938,0.0,19.5332,2.3058,0.9997,0.0228,1.0,0.0,7.9091,0.0425,1.0,0.3909,40.4341,0.1293,1.3333,2.2174,0.6127,0.0288,1.0,0.0279,0.9286,0.0182,0.2929
1747101240000,69.7527,1.0,0.0694,0.9372,1.0,0.048,1.2254,1.0,5.0845,0.9748,1.0,0.0,107.2138,0.0,19.6921,2.3034,0.9997,0.0228,1.0,0.0,13.0545,0.0453,1.0,0.3825,44.0987,0.1302,1.4,2.41,0.633,0.03,1.0,0.0269,0.9264,0.0182,0.2933
1747101300000,71.6048,1.0,0.0694,1.0246,1.0,0.0476,1.1693,1.0,5.0887,0.9717,1.0,0.0,112.7161,0.0,20.5397,2.3087,0.9997,0.0225,1.0,0.0,51.6909,0.0433,1.0,0.389,44.8196,0.1314,1.1765,2.5102,0.6407,0.0297,1.0,0.0199,0.9267,0.0727,0.3036
1747101360000,70.2077,1.0,0.0694,1.276,1.0,0.052,1.404,0.9999,5.0547,0.9716,1.0,0.0,113.1621,0.0,20.3205,2.3056,0.9997,0.0225,1.0,0.0,56.3818,0.042,1.0,0.3869,44.2459,0.1282,1.5938,2.5025,0.6294,0.0291,1.0,0.0351,0.9311,0.0727,0.3328
1747101420000,70.4708,1.0,0.0694,0.9266,1.0,0.049,1.5283,1.0,5.1023,0.9759,1.0,0.0,106.5161,0.0,20.077,2.3027,0.9997,0.0228,1.0,0.0,50.4,0.0452,1.0,0.396,43.1271,0.1299,1.2941,2.6088,0.6347,0.0286,1.0,0.0305,0.9284,0.0545,0.3135
1747101480000,68.429,1.0,0.0694,0.8549,1.0,0.0479,1.3183,1.0,5.0774,0.9755,1.0,0.0,107.209,0.0,19.8003,2.3261,0.9998,0.0228,1.0,0.0,52.0182,0.0419,1.0,0.3881,43.1016,0.1301,1.1667,2.3913,0.6247,0.0294,1.0,0.0192,0.9267,0.0909,0.3118
1747101540000,71.5767,1.0,0.0694,0.9206,1.0,0.0471,1.5595,1.0,5.0767,0.9763,1.0,0.0,112.3198,0.0,20.3253,2.3101,0.9998,0.0227,1.0,0.0,53.8182,0.0429,1.0,0.4046,44.1018,0.1358,1.6111,2.5873,0.6229,0.0296,1.0,0.0344,0.9329,0.0727,0.3036
1747101600000,66.8906,1.0,0.0694,0.8709,1.0,0.0511,1.722,0.9999,5.0982,0.9709,1.0,0.0,99.6045,0.0,19.7571,2.372,0.9997,0.0237,1.0,0.0,74.1636,0.0416,1.0,0.3937,37.2145,0.1339,1.7,2.4852,0.6295,0.0296,1.0,0.0312,0.9381,0.1091,0.3035
1747101660000,70.2103,1.0,0.0694,0.9264,1.0,0.0502,1.2142,0.9999,5.0757,0.9754,1.0,0.0,102.74,0.0,20.5,2.3644,0.9997,0.0229,1.0,0.0,19.8,0.0431,1.0,0.3981,41.8211,0.1309,1.6897,2.5653,0.6129,0.0276,1.0,0.0498,0.9319,0.0364,0.3105
1747101720000,73.2249,0.9999,0.0694,1.0731,1.0,0.047,1.2013,1.0,5.1045,0.9747,1.0,0.0,100.795,0.0,20.841,2.3437,0.9996,0.0227,1.0,0.0,61.3818,0.0422,1.0,0.405,42.2344,0.1294,1.2727,2.4687,0.6074,0.0285,1.0,0.0309,0.9311,0.0727,0.2988
1747101780000,72.5671,1.0,0.0694,0.8915,1.0,0.0498,1.2602,1.0,5.0964,0.9712,1.0,0.0,106.3358,0.0,20.7931,2.3629,0.9996,0.0227,1.0,0.0,36.8,0.0433,1.0,0.3948,43.4679,0.1361,1.4167,2.4078,0.6164,0.0295,1.0,0.0342,0.9296,0.0727,0.2929
1747101840000,69.2628,1.0,0.0694,0.8877,1.0,0.0496,1.4833,1.0,5.1022,0.9738,1.0,0.0,107.7066,0.0,19.6598,2.3456,0.9996,0.0227,1.0,0.0,29.4,0.044,1.0,0.3795,43.086,0.1311,1.3333,2.4518,0.627,0.0304,1.0,0.0344,0.9304,0.0364,0.3055
1747101900000,70.5415,1.0,0.0694,0.9662,1.0,0.0458,1.5617,0.9999,5.0713,0.9765,1.0,0.0,101.1803,0.0,20.2144,2.3278,0.9996,0.0226,1.0,0.0,24.5455,0.0425,1.0,0.3705,41.4999,0.1314,1.8571,2.4368,0.629,0.0302,1.0,0.0287,0.9306,0.0364,0.3064
1747101960000,70.7319,0.9999,0.0694,1.0319,1.0,0.0478,1.1609,0.9999,5.1122,0.9768,1.0,0.0,105.9306,0.0,20.3498,2.3256,0.9997,0.0227,1.0,0.0,38.5636,0.0427,1.0,0.4128,42.1313,0.1315,1.5667,2.5513,0.6355,0.0292,1.0,0.0239,0.9305,0.0545,0.2926
1747102020000,70.9282,1.0,0.0694,0.9955,1.0,0.0511,1.1887,1.0,5.0709,0.9725,1.0,0.0,105.4413,0.0,20.1679,2.4174,0.9996,0.0225,1.0,0.0,0.0,0.0411,1.0,0.4023,41.184,0.129,1.0526,2.4372,0.614,0.029,1.0,0.0321,0.9307,0.0,0.2944
1747102080000,70.1686,0.9999,0.0694,0.982,1.0,0.0492,1.1452,1.0,5.0973,0.9724,1.0,0.0,106.256,0.0,20.4301,2.3437,0.9997,0.0229,1.0,0.0,0.2909,0.0421,1.0,0.4142,42.9674,0.132,1.2857,2.6568,0.6167,0.0292,1.0,0.0266,0.9327,0.0,0.2957
1747102140000,70.8361,1.0,0.0694,0.9312,1.0,0.0452,1.1782,0.9999,5.0904,0.9707,1.0,0.0,105.8575,0.0,20.6146,2.3259,0.9997,0.0226,1.0,0.0,11.2545,0.0423,1.0,0.4053,41.0455,0.1356,1.3636,2.5705,0.616,0.0293,1.0,0.0462,0.9322,0.0182,0.3009
1747102200000,67.3392,1.0,0.0694,0.8565,1.0,0.0461,1.1753,1.0,5.0941,0.9779,1.0,0.0,96.5889,0.0,19.6403,2.3378,0.9997,0.0227,1.0,0.0,0.0,0.0414,1.0,0.382,38.0591,0.132,1.04,2.4178,0.6174,0.0281,1.0,0.0268,0.936,0.0,0.2969
1747102260000,70.1059,1.0,0.0694,0.8494,1.0,0.0476,1.1593,1.0,5.0834,0.9765,1.0,0.0,98.7081,0.0,20.1578,2.3492,0.9997,0.0226,1.0,0.0,0.0,0.045,1.0,0.3615,40.5522,0.1295,1.5556,2.584,0.6057,0.0293,1.0,0.0526,0.9315,0.0,0.2897
1747102320000,71.7397,1.0,0.0694,0.9568,1.0,0.0462,1.1632,1.0,5.1004,0.9783,1.0,0.0,99.7085,0.0,19.9369,2.3509,0.9997,0.0227,1.0,0.0,11.7636,0.0428,1.0,0.3617,39.6135,0.1329,1.2308,2.5777,0.6034,0.0286,1.0,0.0327,0.9332,0.0182,0.2886
1747102380000,72.6265,0.9999,0.0694,1.1686,1.0,0.0446,1.4039,0.9999,5.1001,0.9732,1.0,0.0,100.2751,0.0,20.1854,2.3477,0.9997,0.0228,1.0,0.0,23.2364,0.0435,1.0,0.3792,39.9605,0.1339,1.2857,2.8161,0.6145,0.0291,1.0,0.0271,0.9351,0.0364,0.2952
1747102440000,69.0953,1.0,0.0694,0.9316,1.0,0.0476,1.3697,1.0,5.1004,0.976,1.0,0.0,105.4611,0.0,20.398,2.3604,0.9996,0.0227,1.0,0.0,0.0,0.0431,1.0,0.3719,42.6749,0.131,1.3571,2.39,0.6221,0.0294,1.0,0.0298,0.9334,0.0,0.2934
1747102500000,71.6776,1.0,0.0694,1.0278,1.0,0.0442,1.1723,1.0,5.0909,0.9944,1.0,0.0,25.9049,0.0,20.0119,2.3344,0.9997,0.0228,1.0,0.0,0.0,0.0403,1.0,0.3865,41.0819,0.1341,1.45,2.5126,0.6265,0.0294,1.0,0.0317,0.9321,0.0,0.3078
1747102560000,73.2809,1.0,0.0694,1.0068,1.0,0.0437,1.1326,1.0,5.1004,0.9946,1.0,0.0,23.2814,0.0,19.9751,2.3276,0.9997,0.0229,1.0,0.0,0.0,0.0441,1.0,0.3879,40.1726,0.1403,1.5625,2.6583,0.6225,0.0293,1.0,0.0235,0.9366,0.0,0.3057
1747102620000,71.8276,1.0,0.0694,1.0462,1.0,0.0448,1.1696,0.9999,5.0766,0.9882,1.0,0.0,53.1747,0.0,20.2216,2.3637,0.9997,0.0226,1.0,0.0,12.0364,0.0425,1.0,0.383,42.7306,0.136,1.6,2.4405,0.6222,0.0299,1.0,0.0261,0.9299,0.0182,0.304
1747102680000,72.688,1.0,0.0694,0.865,1.0,0.0457,1.3759,1.0,5.0662,0.9869,1.0,0.0,56.7393,0.0,20.8512,2.3366,0.9998,0.023,1.0,0.0,0.0,0.0443,1.0,0.3894,42.6067,0.1365,1.0,2.3054,0.6029,0.0289,1.0,0.0259,0.9367,0.0,0.3046
1747102740000,70.9502,1.0,0.0694,0.9521,1.0,0.0466,1.1972,0.9999,5.0848,0.9936,1.0,0.0,26.1374,0.0,20.7166,2.3528,0.9996,0.0228,1.0,0.0,0.0,0.0437,1.0,0.3905,41.3246,0.1338,1.2222,2.4758,0.609,0.0302,1.0,0.0265,0.931,0.0,0.3014
1747102800000,70.841,1.0,0.0694,0.8718,1.0,0.0464,1.1219,0.9999,5.0836,0.9942,1.0,0.0,24.8987,0.0,20.284,2.3448,0.9996,0.0228,1.0,0.0,0.0,0.0439,1.0,0.4148,42.1745,0.1344,1.5,2.6543,0.6094,0.0297,1.0,0.0229,0.9352,0.0,0.3063
1747102860000,72.5549,1.0,0.0694,1.1614,1.0,0.0454,1.1037,0.9999,5.09,0.9775,1.0,0.0,99.6314,0.0,20.114,2.3589,0.9997,0.0229,1.0,0.0,0.0,0.0439,1.0,0.3936,41.3323,0.1386,1.3929,2.5879,0.6213,0.031,1.0,0.0575,0.9322,0.0,0.3108
1747102920000,72.2013,1.0,0.0694,1.1848,1.0,0.0465,1.2476,0.9999,5.0818,0.9818,1.0,0.0,80.4737,0.0,20.6892,2.3354,0.9997,0.0229,1.0,0.0,0.0,0.0435,1.0,0.4137,41.0162,0.1372,1.7333,2.6283,0.6012,0.0294,1.0,0.0253,0.9323,0.0,0.3157
1747102980000,70.2333,1.0,0.0694,1.0284,1.0,0.0463,1.1516,1.0,5.0936,0.994,1.0,0.0,25.5823,0.0,20.0497,2.3283,0.9997,0.0231,1.0,0.0,0.0,0.0437,1.0,0.3998,41.2954,0.1347,1.1429,2.546,0.6201,0.03,1.0,0.0329,0.9338,0.0,0.2964
1747103040000,71.5982,1.0,0.0694,0.881,1.0,0.0463,1.1361,1.0,5.0945,0.9948,1.0,0.0,24.8032,0.0,20.5111,2.3338,0.9997,0.0229,1.0,0.0,0.0,0.0436,1.0,0.408,43.3127,0.1363,1.4,2.3297,0.6044,0.0314,1.0,0.0226,0.9302,0.0,0.3154
1747103100000,72.8273,1.0,0.0694,1.0906,1.0,0.0463,1.2243,1.0,5.085,0.9825,1.0,0.0,80.224,0.0,20.2158,2.3554,0.9997,0.0229,1.0,0.0,0.0,0.0444,1.0,0.4186,41.8175,0.1355,1.375,2.5224,0.6266,0.0297,1.0,0.0289,0.9328,0.0,0.312
1747103160000,72.4125,1.0,0.0694,1.2438,1.0,0.0459,1.1427,1.0,5.0809,0.9823,1.0,0.0,74.745,0.0,19.9433,2.356,0.9998,0.0229,1.0,0.0,0.0,0.0436,1.0,0.4301,41.8794,0.1353,1.5172,2.5083,0.6223,0.0296,1.0,0.0234,0.9346,0.0,0.3081
1747103220000,70.483,1.0,0.0694,0.9765,1.0,0.0462,1.2186,1.0,5.0747,0.9942,1.0,0.0,26.6759,0.0,19.9515,2.3705,0.9997,0.0229,1.0,0.0,0.0,0.0426,1.0,0.4311,41.6032,0.1363,1.6,2.5761,0.6107,0.0314,1.0,0.0276,0.9327,0.0,0.2996
1747103280000,68.358,1.0,0.0694,0.8667,1.0,0.0468,1.1749,0.9999,5.0927,0.9916,1.0,0.0,33.85,0.0,19.8633,2.364,0.9997,0.0232,1.0,0.0,0.0,0.0444,1.0,0.4203,40.6853,0.1348,1.5,2.576,0.6081,0.0304,1.0,0.0367,0.9314,0.0,0.309
1747103340000,69.2363,1.0,0.0694,0.9231,1.0,0.0487,1.1867,0.9999,5.0927,0.9836,1.0,0.0,65.1962,0.0,20.0384,2.3537,0.9997,0.0232,1.0,0.0,0.0,0.0464,1.0,0.3946,44.1252,0.1356,1.4,2.5528,0.6183,0.0311,1.0,0.041,0.9279,0.0,0.3031
1747103400000,69.5368,1.0,0.0694,0.8512,1.0,0.0455,1.2344,1.0,5.0891,0.9931,1.0,0.0,27.787,0.0,20.3546,2.3487,0.9996,0.023,1.0,0.0,0.0,0.0433,1.0,0.411,41.6556,0.139,1.6,2.8078,0.6201,0.0295,1.0,0.0461,0.9334,0.0,0.3154
1747103460000,69.0381,1.0,0.0694,0.8972,1.0,0.046,1.1552,1.0,5.0957,0.9918,1.0,0.0,31.8013,0.0,20.0692,2.3528,0.9997,0.0229,1.0,0.0,0.0,0.0415,1.0,0.4026,41.1408,0.1375,1.5714,2.6284,0.6042,0.0298,1.0,0.0458,0.9353,0.0,0.3161
1747103520000,72.1915,1.0,0.0694,1.0803,1.0,0.0453,1.1827,1.0,5.0657,0.9931,1.0,0.0,27.426,0.0,20.2489,2.3596,0.9997,0.0231,1.0,0.0,0.0,0.0426,1.0,0.388,40.9615,0.1361,1.1905,2.231,0.6087,0.028,1.0,0.0345,0.9353,0.0,0.3013
1747103580000,70.6482,1.0,0.0694,0.8574,1.0,0.0469,1.1379,1.0,5.0749,0.985,1.0,0.0,59.8036,0.0,20.0075,2.351,0.9996,0.0229,1.0,0.0,0.0,0.0425,1.0,0.4049,39.5994,0.1355,1.3333,2.3947,0.6053,0.0289,1.0,0.0512,0.9366,0.0,0.2951
1747103640000,70.1945,1.0,0.0694,0.9284,1.0,0.0488,1.2368,1.0,5.0867,0.993,1.0,0.0,32.5187,0.0,20.2039,2.3453,0.9997,0.0228,1.0,0.0,0.0,0.0437,1.0,0.3927,40.5666,0.1358,1.1429,2.5472,0.6142,0.0296,1.0,0.0433,0.9329,0.0,0.2887
1747103700000,69.9855,1.0,0.0694,0.9559,1.0,0.0459,1.1408,1.0,5.0729,0.9938,1.0,0.0,24.2175,0.0,19.4875,2.3571,0.9997,0.0227,1.0,0.0,0.0,0.0438,1.0,0.3702,40.7228,0.1306,1.25,2.5098,0.6147,0.0289,1.0,0.0307,0.9322,0.0,0.3048
1747103760000,72.878,1.0,0.0694,1.0824,1.0,0.0461,1.2061,1.0,5.0855,0.9947,1.0,0.0,24.9392,0.0,20.4429,2.353,0.9997,0.0231,1.0,0.0,0.0,0.043,1.0,0.3732,42.0157,0.1357,1.6552,2.5271,0.6052,0.0292,1.0,0.0382,0.931,0.0,0.2931
1747103820000,71.1245,1.0,0.0694,0.9246,1.0,0.0451,1.1642,0.9999,5.0684,0.9819,1.0,0.0,76.3921,0.0,19.8844,2.357,0.9997,0.0229,1.0,0.0,0.0,0.0426,1.0,0.393,41.8602,0.1349,1.5,2.3915,0.6263,0.03,1.0,0.0352,0.9319,0.0,0.2962
1747103880000,69.8923,1.0,0.0694,1.0751,1.0,0.0455,1.1996,1.0,5.0801,0.9752,1.0,0.0,100.5503,0.0,20.4642,2.3486,0.9997,0.0229,1.0,0.0,0.0,0.0426,1.0,0.3824,40.6233,0.138,1.6667,2.433,0.6089,0.0302,1.0,0.0445,0.9346,0.0,0.2935
1747103940000,69.8978,1.0,0.0694,0.9439,1.0,0.0457,1.2019,1.0,5.0833,0.9943,1.0,0.0,25.2736,0.0,20.316,2.3543,0.9997,0.0228,1.0,0.0,0.0,0.0418,1.0,0.3825,39.7463,0.1376,2.25,2.5581,0.6116,0.0297,1.0,0.0282,0.9366,0.0,0.2938
1747104000000,69.5342,1.0,0.0694,0.8757,1.0,0.0452,1.1027,1.0,5.0922,0.9926,1.0,0.0,32.0917,0.0,20.0956,2.3403,0.9996,0.0227,1.0,0.0,0.0,0.0441,1.0,0.41,40.8682,0.1357,1.6,2.5306,0.6072,0.0307,1.0,0.0344,0.932,0.0,0.2915
1747104060000,73.1395,1.0,0.0694,0.8764,1.0,0.0448,1.1852,1.0,5.0801,0.9935,1.0,0.0,28.3953,0.0,20.3422,2.3594,0.9997,0.023,1.0,0.0,0.0,0.0422,1.0,0.4028,43.7245,0.1414,1.5806,2.6473,0.6291,0.0321,1.0,0.0414,0.9312,0.0,0.3024
1747104120000,71.833,0.9999,0.0694,0.9538,1.0,0.0456,1.1715,1.0,5.0673,0.9795,1.0,0.0,85.0397,0.0,20.3271,2.3556,0.9997,0.0228,1.0,0.0,0.0,0.0423,1.0,0.3918,42.8546,0.1394,1.4167,2.4863,0.6075,0.031,1.0,0.0187,0.9333,0.0,0.3094
1747104180000,71.5634,1.0,0.0694,1.1317,1.0,0.0444,1.1825,1.0,5.0852,0.9873,1.0,0.0,50.5007,0.0,20.7268,2.3471,0.9997,0.0229,1.0,0.0,0.0,0.0421,1.0,0.4078,42.2805,0.14,1.5,2.4259,0.605,0.0292,1.0,0.0202,0.9343,0.0,0.2958
1747104240000,69.4094,1.0,0.0694,0.8925,1.0,0.046,1.1638,1.0,5.0864,0.9881,1.0,0.0,52.0623,0.0,20.1406,2.3502,0.9997,0.023,1.0,0.0,0.0,0.041,1.0,0.3834,39.4409,0.1388,1.2941,2.5708,0.6032,0.029,1.0,0.0311,0.9343,0.0,0.3027
1747104300000,68.9894,1.0,0.0694,1.0376,1.0,0.0432,1.1245,0.9999,5.0648,0.9946,1.0,0.0,23.4555,0.0,19.8365,2.3375,0.9997,0.0229,1.0,0.0,0.0,0.0419,1.0,0.3765,39.5895,0.1345,2.1538,2.4637,0.614,0.0291,1.0,0.0307,0.9339,0.0,0.2892
1747104360000,70.9208,1.0,0.0694,0.9821,1.0,0.0456,1.1645,0.9999,5.1064,0.9933,1.0,0.0,26.565,0.0,20.1769,2.3395,0.9997,0.023,1.0,0.0,0.0,0.044,1.0,0.3959,40.9785,0.1381,1.7308,2.4384,0.6105,0.0304,1.0,0.0231,0.9349,0.0,0.2985
1747104420000,71.844,1.0,0.0694,1.0032,1.0,0.0438,1.2016,1.0,5.0673,0.9941,1.0,0.0,25.5238,0.0,20.1363,2.3609,0.9997,0.0229,1.0,0.0,0.0,0.0431,1.0,0.3721,40.205,0.1385,1.5714,2.6654,0.6056,0.0296,1.0,0.0362,0.9327,0.0,0.3055
1747104480000,70.2293,1.0,0.0694,0.9093,1.0,0.0476,1.2399,1.0,5.0918,0.9841,1.0,0.0,74.8367,0.0,19.9323,2.3631,0.9998,0.023,1.0,0.0,0.0,0.0417,1.0,0.3802,40.741,0.1336,1.4286,2.718,0.6087,0.0289,1.0,0.0274,0.9296,0.0,0.2971
1747104540000,71.8263,1.0,0.0694,0.9722,1.0,0.047,1.1472,1.0,5.0674,0.9892,1.0,0.0,44.7101,0.0,20.1983,2.3489,0.9996,0.0228,1.0,0.0,0.0,0.0427,1.0,0.3685,41.8228,0.1362,1.3846,2.5527,0.6068,0.0303,1.0,0.027,0.9287,0.0,0.2974
1747104600000,71.579,1.0,0.0694,0.8405,1.0,0.0457,1.1844,1.0,5.081,0.9937,1.0,0.0,25.4397,0.0,21.0545,2.341,0.9996,0.0229,1.0,0.0,0.0,0.043,1.0,0.3862,41.4226,0.1385,1.5556,2.576,0.6,0.0294,1.0,0.0177,0.9353,0.0,0.3056
1747104660000,73.0325,1.0,0.0694,1.1405,1.0,0.0467,1.2476,0.9999,5.0764,0.994,1.0,0.0,25.5695,0.0,20.4179,2.3892,0.9996,0.0208,1.0,0.0,0.0,0.0441,1.0,0.4006,42.2513,0.1394,1.7586,2.5585,0.6192,0.0303,1.0,0.0302,0.9325,0.0,0.2897
1747104720000,73.17,1.0,0.0694,1.1864,1.0,0.0454,1.1494,1.0,5.0918,0.9839,1.0,0.0,64.8857,0.0,19.6599,2.3651,0.9997,0.023,1.0,0.0,0.0,0.0426,1.0,0.411,40.8491,0.1369,1.4,2.4198,0.6165,0.0313,1.0,0.0313,0.9277,0.0,0.3099
1747104780000,70.4449,1.0,0.0694,1.0179,1.0,0.0444,1.2043,0.9999,5.0891,0.977,1.0,0.0,90.1043,0.0,20.6743,2.3283,0.9997,0.0198,1.0,0.0,0.0,0.0427,1.0,0.4004,42.5726,0.1392,1.8,2.4516,0.607,0.0297,1.0,0.0289,0.9322,0.0,0.3033
1747104840000,68.5183,1.0,0.0694,0.8863,1.0,0.0442,1.1768,1.0,5.0867,0.9936,1.0,0.0,25.3454,0.0,19.8223,2.3348,0.9995,0.0209,1.0,0.0,0.3455,0.0413,1.0,0.4081,39.3767,0.1355,1.2,2.5616,0.6132,0.0294,1.0,0.0247,0.9325,0.0,0.299
1747104900000,69.2577,1.0,0.0694,1.0159,1.0,0.0452,1.0938,0.9999,5.086,0.9938,1.0,0.0,27.2851,0.0,19.9914,2.3309,0.9997,0.021,1.0,0.0,9.2,0.0427,1.0,0.3778,40.759,0.1352,1.3125,2.5713,0.6097,0.029,1.0,0.0236,0.9313,0.0182,0.2941
1747104960000,73.4721,1.0,0.0694,1.1743,1.0,0.0444,1.158,1.0,5.0996,0.9926,1.0,0.0,29.0087,0.0,20.2846,2.3292,0.9998,0.023,1.0,0.0,0.0,0.0442,1.0,0.3625,42.8422,0.1421,1.7857,2.4266,0.6284,0.0295,1.0,0.0294,0.9326,0.0,0.309
1747105020000,72.2817,1.0,0.0694,1.1222,1.0,0.0458,1.1555,1.0,5.073,0.9897,1.0,0.0,41.9938,0.0,20.285,2.3639,0.9996,0.0232,1.0,0.0,0.0,0.0423,1.0,0.367,42.3838,0.1384,1.3333,2.3164,0.6155,0.03,1.0,0.0297,0.9294,0.0,0.3148
1747105080000,69.5826,0.9999,0.0694,0.8766,1.0,0.0482,1.1701,1.0,5.0886,0.9793,1.0,0.0,88.5171,0.0,20.3361,2.3691,0.9997,0.0229,1.0,0.0,9.2727,0.0442,1.0,0.3733,43.8859,0.1357,1.25,2.5209,0.6304,0.0315,1.0,0.0291,0.9276,0.0,0.3035
1747105140000,69.3221,1.0,0.0694,0.8851,1.0,0.0451,1.1624,1.0,5.0855,0.9769,1.0,0.0,100.6618,0.0,20.3043,2.3041,0.9997,0.0231,1.0,0.0,0.0,0.0436,1.0,0.3929,41.509,0.1408,1.5333,2.4578,0.6119,0.0297,1.0,0.0411,0.9297,0.0182,0.3028
1747105200000,69.2976,1.0,0.0694,0.9202,1.0,0.0449,1.1627,0.9999,5.0973,0.9911,1.0,0.0,29.5217,0.0,20.2664,2.3529,0.9997,0.023,1.0,0.0,0.0,0.0435,1.0,0.3783,42.0728,0.142,1.3333,2.5876,0.6269,0.0306,1.0,0.0241,0.9309,0.0,0.3007
1747105260000,70.3132,1.0,0.0694,0.8692,1.0,0.047,1.2376,1.0,5.0718,0.9948,1.0,0.0,23.7599,0.0,20.3554,2.3678,0.9996,0.023,1.0,0.0,0.0,0.0425,1.0,0.3904,41.1147,0.134,1.1622,2.6182,0.6098,0.0291,1.0,0.0367,0.93,0.0,0.3101
1747105320000,68.6335,1.0,0.0694,1.1205,1.0,0.0445,1.1341,0.9999,5.09,0.989,1.0,0.0,51.1985,0.0,19.7841,2.3977,0.9997,0.0232,1.0,0.0,0.0,0.0415,1.0,0.3984,38.1537,0.1362,1.6429,2.2693,0.609,0.0289,1.0,0.0357,0.9334,0.0,0.294
1747105380000,69.3742,1.0,0.0694,0.8778,1.0,0.0468,1.1864,0.9999,5.0782,0.9876,1.0,0.0,50.8215,0.0,19.7562,2.375,0.9997,0.023,1.0,0.0,0.0,0.0417,1.0,0.3888,40.2165,0.1336,0.8571,2.7463,0.6135,0.029,1.0,0.05,0.9278,0.0,0.2862
1747105440000,72.8172,1.0,0.0694,0.9768,1.0,0.0468,1.145,1.0,5.0964,0.995,1.0,0.0,24.4372,0.0,19.8118,2.3447,0.9998,0.0232,1.0,0.0,0.0,0.0422,1.0,0.3965,41.1496,0.1353,1.25,2.6364,0.6269,0.0291,1.0,0.0283,0.9317,0.0,0.3009
1747105500000,70.2917,1.0,0.0694,0.9016,1.0,0.0464,1.13,1.0,5.0818,0.9941,1.0,0.0,24.0269,0.0,20.1937,2.3265,0.9996,0.023,1.0,0.0,0.0,0.0419,1.0,0.3877,40.8964,0.1341,1.4118,2.4132,0.6125,0.0305,1.0,0.0451,0.9302,0.0,0.3039
1747105560000,70.1356,1.0,0.0694,1.0924,1.0,0.0456,1.2472,0.9999,5.1,0.978,1.0,0.0,79.2245,0.0,20.508,2.3321,0.9997,0.0228,1.0,0.0,0.0,0.0429,1.0,0.3957,41.3668,0.1366,1.5758,2.5196,0.6081,0.0293,1.0,0.0332,0.9274,0.0,0.3036
1747105620000,69.9112,1.0,0.0694,0.9034,1.0,0.0457,1.1658,1.0,5.08,0.9819,1.0,0.0,79.3191,0.0,20.6154,2.3714,0.9997,0.023,1.0,0.0,10.2182,0.044,1.0,0.3906,41.5703,0.1407,1.5833,2.5795,0.6052,0.0297,1.0,0.0239,0.9289,0.0182,0.2956
1747105680000,71.7035,0.9999,0.0694,1.0635,1.0,0.0435,1.138,0.9999,5.0909,0.9942,1.0,0.0,24.5511,0.0,20.2643,2.3605,0.9997,0.0228,1.0,0.0,11.8364,0.0436,1.0,0.3778,40.3941,0.1412,2.8889,2.5692,0.6073,0.0288,1.0,0.0268,0.9316,0.0182,0.2953
1747105740000,71.085,1.0,0.0694,0.9408,1.0,0.043,1.3566,1.0,5.0555,0.9958,1.0,0.0,22.2643,0.0,20.074,2.3464,0.9998,0.0229,1.0,0.0,13.4727,0.0438,1.0,0.3885,40.1618,0.1436,1.2778,2.4887,0.6113,0.0286,1.0,0.0482,0.932,0.0182,0.2981
1747105800000,70.4371,1.0,0.0694,0.9339,1.0,0.0443,1.161,1.0,5.0736,0.9799,1.0,0.0,76.1124,0.0,20.0234,2.3268,0.9996,0.0228,1.0,0.0,0.0,0.0423,1.0,0.356,39.7538,0.1341,1.35,2.3973,0.6092,0.0283,1.0,0.0314,0.93,0.0,0.3096
1747105860000,72.4756,1.0,0.0694,0.8552,1.0,0.0456,1.1966,1.0,5.08,0.9821,1.0,0.0,70.9545,0.0,20.1523,2.3579,0.9996,0.0229,1.0,0.0,12.8364,0.0413,1.0,0.3411,41.0234,0.1419,1.6296,2.3873,0.6163,0.0305,1.0,0.0459,0.9286,0.0182,0.2873
1747105920000,70.2122,1.0,0.0694,0.8776,1.0,0.0454,1.3397,0.9999,5.0709,0.9945,1.0,0.0,26.1179,0.0,20.4466,2.3613,0.9997,0.0229,1.0,0.0,0.0,0.0427,0.9999,0.3408,41.5076,0.1408,1.875,2.69,0.6073,0.0295,1.0,0.0334,0.9318,0.0,0.3015
1747105980000,71.6725,1.0,0.0694,1.1412,1.0,0.045,1.1667,1.0,5.0964,0.9912,1.0,0.0,32.2909,0.0,20.0347,2.3525,0.9996,0.0229,1.0,0.0,49.0909,0.0415,1.0,0.3558,41.5841,0.1395,1.0,2.4912,0.6125,0.0303,1.0,0.0365,0.9291,0.0727,0.2981
1747106040000,70.6013,1.0,0.0694,1.016,1.0,0.0443,1.5754,0.9999,5.0736,0.9856,1.0,0.0,58.9769,0.0,19.7591,2.3327,0.9997,0.0227,1.0,0.0,0.0,0.0415,1.0,0.363,40.2881,0.14,1.2308,2.6818,0.6113,0.029,1.0,0.0534,0.9304,0.0,0.3128
1747106100000,73.5368,1.0,0.0694,0.9685,1.0,0.0459,1.1288,0.9999,5.09,0.993,1.0,0.0,27.8221,0.0,20.4749,2.3497,0.9997,0.0229,1.0,0.0,24.1091,0.0433,1.0,0.3373,43.0923,0.1439,1.1176,2.5713,0.6168,0.0303,1.0,0.0331,0.9327,0.0364,0.2992
1747106160000,71.2969,1.0,0.0694,1.0412,1.0,0.0436,1.4395,1.0,5.1,0.9927,1.0,0.0,32.165,0.0,20.0988,2.3074,0.9997,0.0228,1.0,0.0,40.1636,0.0425,1.0,0.3689,40.226,0.1402,1.3929,2.5365,0.608,0.0298,1.0,0.0355,0.9318,0.0545,0.3264
1747106220000,70.4682,1.0,0.0694,0.974,1.0,0.0439,1.1538,0.9999,5.0773,0.9942,1.0,0.0,25.1412,0.0,19.9719,2.3371,0.9997,0.0232,1.0,0.0,0.0,0.0414,0.9996,0.3655,39.3612,0.1379,1.4286,2.491,0.6135,0.0292,1.0,0.0314,0.9325,0.0,0.3047
1747106280000,70.5901,1.0,0.0694,0.929,1.0,0.0425,1.1292,1.0,5.0718,0.9863,1.0,0.0,63.2566,0.0,20.2721,2.3397,0.9997,0.0231,1.0,0.0,28.3455,0.0423,1.0,0.3578,39.7142,0.1347,1.3333,2.6369,0.6042,0.028,1.0,0.042,0.9316,0.0364,0.2992
1747106340000,73.7574,1.0,0.0694,0.9827,1.0,0.0462,1.575,1.0,5.0609,0.9921,1.0,0.0,33.4245,0.0,21.1111,2.3387,0.9997,0.0227,1.0,0.0,12.7818,0.0428,1.0,0.3761,44.1962,0.135,1.4615,2.653,0.6163,0.0291,1.0,0.0518,0.9306,0.0182,0.2872
1747106400000,70.8856,1.0,0.0694,0.8519,1.0,0.0438,1.2048,0.9999,5.0817,0.994,1.0,0.0,27.0226,0.0,20.4784,2.3636,0.9997,0.023,1.0,0.0,88.6364,0.0435,1.0,0.418,42.7265,0.137,1.3077,2.6154,0.6277,0.0294,1.0,0.0452,0.928,0.1273,0.3071
1747106460000,70.8569,1.0,0.0694,1.084,1.0,0.0415,1.8991,0.9999,5.0421,0.9942,1.0,0.0,23.6958,0.0,20.4974,2.3799,0.9996,0.023,1.0,0.0,46.6,0.0433,1.0,0.4125,41.2501,0.1386,1.5833,2.5506,0.605,0.0294,1.0,0.0468,0.9258,0.0727,0.3124
1747106520000,70.4142,1.0,0.0694,1.0244,1.0,0.0451,1.3309,1.0,5.07,0.9819,1.0,0.0,71.8568,0.0,20.2794,2.3534,0.9996,0.0229,1.0,0.0,26.9818,0.0421,1.0,0.4193,40.0472,0.137,1.5,2.7864,0.6008,0.0293,1.0,0.0474,0.9315,0.0182,0.3047
1747106580000,72.1797,1.0,0.0694,1.1045,1.0,0.0452,1.4523,1.0,5.0614,0.9789,1.0,0.0,92.5897,0.0,19.9188,2.3329,0.9997,0.023,1.0,0.0,30.1273,0.0415,1.0,0.404,40.2371,0.1389,2.25,2.4991,0.5976,0.0304,1.0,0.0488,0.9294,0.0364,0.2942
1747106640000,71.8157,1.0,0.0694,0.885,1.0,0.0461,1.132,0.9999,5.0528,0.994,1.0,0.0,26.8314,0.0,20.7205,2.3302,0.9997,0.0231,1.0,0.0,66.7455,0.0416,1.0,0.3817,42.2857,0.1375,1.5,2.3699,0.6125,0.0315,1.0,0.0387,0.9282,0.1091,0.2884
1747106700000,68.9058,1.0,0.0694,1.0193,1.0,0.0436,1.1196,1.0,5.0455,0.9932,1.0,0.0,28.276,0.0,20.1883,2.3276,0.9996,0.0225,1.0,0.0,12.4545,0.0416,1.0,0.405,40.4784,0.137,2.0,2.4113,0.5961,0.0294,1.0,0.0287,0.9286,0.0182,0.3069
1747106760000,70.3694,1.0,0.0694,1.1163,1.0,0.0451,1.1441,1.0,5.0558,0.9939,1.0,0.0,25.7189,0.0,19.9594,2.3175,0.9998,0.0229,1.0,0.0,11.5455,0.0407,1.0,0.4157,40.1626,0.1368,1.6875,2.5527,0.5998,0.0301,1.0,0.0391,0.9302,0.0182,0.2929
1747106820000,71.7037,1.0,0.0694,1.208,1.0,0.043,1.2138,0.9999,5.0627,0.9819,1.0,0.0,89.3267,0.0,20.0698,2.349,0.9998,0.0227,1.0,0.0,0.0,0.0398,1.0,0.3792,37.876,0.1354,1.4667,2.4775,0.5905,0.0292,1.0,0.0272,0.9332,0.0,0.2968
1747106880000,69.9946,1.0,0.0694,0.8618,1.0,0.0458,1.1218,1.0,5.0556,0.9874,1.0,0.0,53.2813,0.0,20.3462,2.3406,0.9996,0.0229,1.0,0.0,52.2182,0.0427,1.0,0.363,42.3829,0.1347,1.4286,2.2512,0.6096,0.0304,1.0,0.0509,0.9298,0.0727,0.2829
1747106940000,72.9772,1.0,0.0694,0.8818,1.0,0.0432,1.1967,1.0,5.0355,0.9903,1.0,0.0,47.8314,0.0,20.2074,2.3242,0.9998,0.0229,1.0,0.0,38.8545,0.041,1.0,0.3645,41.3295,0.1413,1.3846,2.6896,0.6033,0.0301,1.0,0.0213,0.9279,0.0545,0.2994
1747107000000,71.8873,1.0,0.0694,0.8938,1.0,0.0442,1.2055,0.9999,5.0485,0.9947,1.0,0.0,23.2608,0.0,20.3428,2.3436,0.9997,0.0228,1.0,0.0,30.3091,0.0401,1.0,0.3999,41.7224,0.1357,1.3333,2.5847,0.6033,0.0278,1.0,0.0252,0.9334,0.0364,0.303
1747107060000,70.5682,1.0,0.0694,0.8796,1.0,0.0428,1.4597,0.9999,5.0309,0.9939,1.0,0.0,24.4003,0.0,19.9608,2.3573,0.9996,0.0228,1.0,0.0,0.3273,0.0427,1.0,0.4102,41.0893,0.1408,1.3667,2.4659,0.5982,0.0296,1.0,0.0303,0.9298,0.0,0.2973
1747107120000,71.2365,0.9997,0.0694,1.048,1.0,0.0443,1.2092,0.9999,5.0691,0.9778,1.0,0.0,96.8492,0.0,20.2023,2.3771,0.9997,0.0228,1.0,0.0,11.2727,0.0414,1.0,0.4051,40.7975,0.1375,1.3333,2.6055,0.5969,0.0296,1.0,0.0592,0.9295,0.0182,0.296
1747107180000,73.6405,1.0,0.0694,0.9244,1.0,0.0443,1.153,1.0,5.0536,0.9829,1.0,0.0,68.9215,0.0,20.5111,2.3563,0.9996,0.023,1.0,0.0,0.0,0.0412,1.0,0.3808,41.4338,0.1382,1.6667,2.5073,0.605,0.029,1.0,0.0259,0.9297,0.0,0.2858
1747107240000,72.0691,1.0,0.0694,0.9456,1.0,0.0453,1.2145,0.9999,5.0745,0.9945,1.0,0.0,23.8512,0.0,20.5685,2.3678,0.9996,0.0227,1.0,0.0,45.5818,0.042,1.0,0.3543,41.98,0.1318,1.0714,2.4771,0.6182,0.0288,1.0,0.034,0.9284,0.0364,0.3037
1747107300000,70.6769,1.0,0.0694,0.9075,1.0,0.0433,1.708,1.0,5.0327,0.9939,1.0,0.0,23.1757,0.0,20.4567,2.3295,0.9996,0.0226,1.0,0.0,0.0,0.0401,1.0,0.3571,41.0865,0.1389,1.3077,2.2865,0.6063,0.0298,1.0,0.0295,0.9323,0.0182,0.3048
1747107360000,70.6489,1.0,0.0694,1.0684,1.0,0.0469,1.1194,0.9999,5.0618,0.978,1.0,0.0,86.528,0.0,19.8562,2.3376,0.9996,0.0226,1.0,0.0,0.0,0.0421,1.0,0.348,41.384,0.1357,1.3929,2.502,0.6077,0.0302,1.0,0.0214,0.9298,0.0,0.299
1747107420000,68.8851,1.0,0.0694,0.9309,1.0,0.0455,1.1362,1.0,5.0591,0.989,1.0,0.0,62.4192,0.0,19.8584,2.3389,0.9998,0.0228,1.0,0.0,13.8182,0.0401,1.0,0.3751,38.0735,0.1338,1.4615,2.5218,0.5961,0.0278,1.0,0.0353,0.931,0.0182,0.2925
1747107480000,69.388,1.0,0.0694,0.9813,1.0,0.0467,1.0978,1.0,5.0548,0.9944,1.0,0.0,23.9991,0.0,20.2874,2.3428,0.9997,0.0228,1.0,0.0,0.0,0.0405,1.0,0.3658,40.9925,0.1345,1.4,2.4234,0.5916,0.0282,1.0,0.0282,0.9313,0.0,0.2793
1747107540000,70.4219,1.0,0.0694,1.008,1.0,0.0439,1.1794,1.0,5.0618,0.9958,1.0,0.0,22.011,0.0,20.0197,2.301,0.9998,0.0228,1.0,0.0,0.0,0.0402,1.0,0.3596,39.7459,0.137,1.4444,2.3584,0.5981,0.0278,1.0,0.0268,0.9308,0.0,0.2875
1747107600000,72.1917,1.0,0.0694,0.9577,1.0,0.0452,1.1992,1.0,5.0713,0.9813,1.0,0.0,79.9975,0.0,20.1234,2.3391,0.9997,0.0229,1.0,0.0,0.0,0.0402,1.0,0.3684,41.8098,0.1358,1.2857,2.388,0.6031,0.0286,1.0,0.0356,0.9294,0.0,0.2952
1747107660000,71.5989,1.0,0.0694,0.8515,1.0,0.0439,1.1517,0.9999,5.051,0.9839,1.0,0.0,68.8076,0.0,20.604,2.3328,0.9997,0.0227,1.0,0.0,0.0,0.0395,1.0,0.3491,40.3881,0.139,1.4828,2.5328,0.6071,0.0278,1.0,0.0359,0.9333,0.0,0.2857
1747107720000,72.7381,1.0,0.0694,0.853,1.0,0.0439,1.2117,1.0,5.0655,0.995,1.0,0.0,22.996,0.0,20.1977,2.3268,0.9997,0.0227,1.0,0.0,15.0727,0.0386,1.0,0.3674,39.0483,0.1352,1.1667,2.6099,0.609,0.0285,1.0,0.043,0.9315,0.0182,0.2889
1747107780000,72.2314,1.0,0.0694,1.1502,1.0,0.0459,1.1894,0.9999,5.0518,0.9915,1.0,0.0,31.3546,0.0,20.2492,2.3184,0.9997,0.0227,1.0,0.0,0.0,0.0409,1.0,0.355,41.1389,0.1342,1.9091,2.5184,0.6104,0.0287,1.0,0.0349,0.9324,0.0,0.2945
1747107840000,72.1535,1.0,0.0694,1.0158,1.0,0.0458,1.1466,1.0,5.0491,0.9906,1.0,0.0,42.2738,0.0,20.5515,2.314,0.9997,0.023,1.0,0.0,0.0,0.0389,1.0,0.38,40.263,0.1338,1.0667,2.5006,0.6042,0.0288,1.0,0.0289,0.9328,0.0,0.2998
1747107900000,73.0162,1.0,0.0694,0.9956,1.0,0.0468,1.2249,0.9999,5.0418,0.9933,1.0,0.0,23.415,0.0,20.1003,2.3479,0.9996,0.0226,1.0,0.0,0.0,0.0396,1.0,0.3567,40.4478,0.1364,1.8667,2.379,0.6133,0.0297,1.0,0.0275,0.9314,0.0,0.291
1747107960000,71.9667,1.0,0.0694,0.9928,1.0,0.0458,1.153,1.0,5.0449,0.9927,1.0,0.0,31.8418,0.0,20.6038,2.3217,0.9996,0.0226,1.0,0.0,0.0,0.0414,1.0,0.3676,40.7734,0.1387,1.8333,2.5865,0.5916,0.0285,1.0,0.0317,0.9317,0.0,0.2977
1747108020000,70.9967,1.0,0.0694,1.0186,1.0,0.0429,1.1419,1.0,5.0382,0.9947,1.0,0.0,23.5211,0.0,20.2138,2.3357,0.9997,0.0228,1.0,0.0,0.0,0.0393,1.0,0.3485,37.9682,0.1339,1.2308,2.2139,0.5937,0.0276,1.0,0.0308,0.9333,0.0,0.2902
1747108080000,68.8296,1.0,0.0694,0.9272,1.0,0.045,1.0887,0.9999,5.0573,0.9772,1.0,0.0,98.0829,0.0,19.55,2.3159,0.9997,0.0227,1.0,0.0,0.0,0.039,1.0,0.36,38.8318,0.1366,1.1,2.4493,0.5827,0.0296,1.0,0.0277,0.9304,0.0,0.2759
1747108140000,72.1391,1.0,0.0694,1.0264,1.0,0.0415,1.1412,0.9999,5.0555,0.9949,1.0,0.0,23.2751,0.0,19.7301,2.3105,0.9998,0.0227,1.0,0.0,0.0,0.0387,1.0,0.3521,37.356,0.1372,1.375,2.2936,0.5826,0.0279,1.0,0.029,0.9316,0.0,0.2789
1747108200000,70.0912,1.0,0.0694,0.8369,1.0,0.0434,1.1028,0.9998,5.0536,0.9957,1.0,0.0,21.9727,0.0,19.9782,2.3106,0.9997,0.0225,1.0,0.0,0.0,0.0388,1.0,0.3511,38.1326,0.1337,1.4286,2.2907,0.5956,0.0287,1.0,0.0227,0.9339,0.0,0.283
1747108260000,73.5418,1.0,0.0694,0.9731,1.0,0.042,1.1417,0.9999,5.05,0.9952,1.0,0.0,21.979,0.0,19.6841,2.3093,0.9996,0.0226,1.0,0.0,0.0,0.0391,1.0,0.3719,39.7656,0.1391,2.0,2.4197,0.5872,0.029,1.0,0.0177,0.9342,0.0,0.2874
1747108320000,75.3587,1.0,0.0694,1.1235,1.0,0.044,1.1085,0.9999,5.05,0.9859,1.0,0.0,58.9087,0.0,20.6448,2.3291,0.9997,0.0226,1.0,0.0,0.0,0.0388,1.0,0.375,42.2915,0.1381,1.1579,2.605,0.5997,0.0301,1.0,0.0214,0.9309,0.0,0.2952
1747108380000,73.7602,1.0,0.0694,1.1528,1.0,0.0442,1.1783,1.0,5.0548,0.9772,1.0,0.0,95.8679,0.0,19.9803,2.3253,0.9997,0.0226,1.0,0.0,0.0,0.0389,1.0,0.3685,40.8907,0.1361,1.3333,2.1846,0.6004,0.0292,1.0,0.0236,0.9308,0.0,0.2878
1747108440000,70.9513,1.0,0.0694,0.9813,1.0,0.0439,1.1389,0.9999,5.0636,0.9938,1.0,0.0,24.5219,0.0,20.3443,2.2914,0.9996,0.0226,1.0,0.0,0.0,0.0385,1.0,0.3651,40.0786,0.1375,1.1,2.4346,0.5957,0.0289,1.0,0.0227,0.9331,0.0,0.2866
1747108500000,69.7501,1.0,0.0694,0.9923,1.0,0.042,1.1923,1.0,5.0555,0.9922,1.0,0.0,36.4012,0.0,19.6109,2.2689,0.9997,0.0226,1.0,0.0,0.0,0.0382,1.0,0.3567,37.5324,0.1349,1.4286,2.5164,0.59,0.0275,1.0,0.0201,0.9304,0.0,0.2947
1747108560000,73.9477,1.0,0.0694,1.1321,1.0,0.0437,1.0638,1.0,5.0518,0.9942,1.0,0.0,25.6522,0.0,20.2005,2.2825,0.9996,0.0226,1.0,0.0,0.0,0.0391,1.0,0.3514,40.5015,0.1391,1.5,2.2436,0.588,0.0287,1.0,0.0405,0.9325,0.0,0.2773
1747108620000,72.0447,1.0,0.0694,1.2097,1.0,0.0438,1.1655,0.9999,5.0609,0.9814,1.0,0.0,75.9768,0.0,19.8678,2.3266,0.9996,0.0225,1.0,0.0,0.0,0.0379,0.9999,0.3787,38.471,0.1343,1.8333,2.4002,0.5868,0.0293,1.0,0.0259,0.9286,0.0,0.2913
1747108680000,69.0585,1.0,0.0694,0.8909,1.0,0.0478,1.1975,0.9998,5.0594,0.993,1.0,0.0,35.5902,0.0,19.8119,2.3353,0.9998,0.0225,1.0,0.0,0.0,0.0395,1.0,0.3573,39.6288,0.1351,1.1667,2.3242,0.5886,0.0283,1.0,0.0177,0.9286,0.0,0.2881
1747108740000,71.2475,1.0,0.0694,0.8426,1.0,0.0453,1.1432,1.0,5.0374,0.9921,1.0,0.0,37.2794,0.0,20.5678,2.2894,0.9998,0.0223,1.0,0.0,0.0,0.039,1.0,0.3606,41.1639,0.1304,1.2,2.482,0.5972,0.0292,1.0,0.0213,0.9286,0.0,0.2904
1747108800000,70.6436,1.0,0.0694,0.9448,1.0,0.0457,1.183,0.9999,5.0682,0.9929,1.0,0.0,23.6193,0.0,20.277,2.3251,0.9996,0.0223,1.0,0.0,0.0,0.038,1.0,0.3677,41.697,0.1349,1.5238,2.4054,0.6225,0.0288,1.0,0.0298,0.9293,0.0,0.2875
1747108860000,70.862,1.0,0.0694,0.8643,1.0,0.0448,1.1771,1.0,5.0537,0.9921,1.0,0.0,28.2849,0.0,20.1595,2.3445,0.9995,0.0222,1.0,0.0,0.0,0.0385,1.0,0.3529,41.7469,0.1317,1.5862,2.7714,0.5995,0.0291,1.0,0.0526,0.9306,0.0,0.2978
1747108920000,70.1457,1.0,0.0694,1.0055,1.0,0.0437,1.1713,0.9999,5.0502,0.9927,1.0,0.0,27.1399,0.0,19.9651,2.3596,0.9996,0.0222,1.0,0.0,0.0,0.0397,1.0,0.3494,40.277,0.1328,1.4615,2.6362,0.598,0.0296,1.0,0.0248,0.9294,0.0,0.2907
1747108980000,71.7105,1.0,0.0694,0.9594,1.0,0.0432,1.1607,0.9999,5.0339,0.9748,1.0,0.0,100.9262,0.0,19.7011,2.3138,0.9997,0.0224,1.0,0.0,0.0,0.0397,1.0,0.3496,40.7948,0.1375,1.25,2.3211,0.6009,0.029,1.0,0.0317,0.9308,0.0,0.2933
1747109040000,70.2705,1.0,0.0694,0.9083,1.0,0.0424,1.1781,1.0,5.0527,0.9951,1.0,0.0,24.5971,0.0,19.8142,2.3368,0.9998,0.0221,1.0,0.0,0.0,0.0363,1.0,0.3761,38.1317,0.1284,1.625,2.4818,0.599,0.0276,1.0,0.0231,0.9321,0.0,0.2918
1747109100000,70.8467,1.0,0.0694,0.8933,1.0,0.0409,1.157,0.9998,5.0428,0.9953,1.0,0.0,21.3505,0.0,19.3839,2.3209,0.9997,0.0225,1.0,0.0,0.0,0.0379,1.0,0.3483,39.0925,0.1362,1.2941,2.3538,0.5983,0.0285,1.0,0.035,0.9317,0.0,0.282
1747109160000,72.3964,1.0,0.0694,1.0213,1.0,0.0438,1.2052,0.9999,5.0545,0.9956,1.0,0.0,18.0801,0.0,19.9077,2.2916,0.9997,0.0222,1.0,0.0,0.0,0.0373,1.0,0.3389,36.0706,0.132,1.9286,2.2696,0.5724,0.0267,1.0,0.0343,0.9356,0.0,0.2926
1747109220000,68.5428,1.0,0.0694,1.0097,1.0,0.044,1.1403,0.9999,5.04,0.9867,1.0,0.0,53.9435,0.0,19.226,2.3357,0.9997,0.0225,1.0,0.0,0.0,0.0359,1.0,0.3541,35.1335,0.129,1.5,2.2595,0.5824,0.0272,1.0,0.0355,0.9348,0.0,0.2792
1747109280000,71.7504,1.0,0.0694,0.988,1.0,0.0419,1.203,1.0,5.0536,0.9819,1.0,0.0,84.5805,0.0,20.0499,2.3381,0.9997,0.0224,1.0,0.0,0.0,0.0375,1.0,0.3557,38.2906,0.1318,1.5833,2.6405,0.5864,0.0278,1.0,0.0199,0.9343,0.0,0.2701
1747109340000,74.7462,1.0,0.0694,0.9568,1.0,0.0415,1.0916,1.0,5.0418,0.9957,1.0,0.0,20.6008,0.0,19.8551,2.3083,0.9997,0.0225,1.0,0.0,0.0,0.0367,1.0,0.3409,37.2899,0.1357,1.5556,2.3257,0.5775,0.0271,1.0,0.0323,0.9362,0.0,0.2711
1747109400000,72.5285,1.0,0.0694,0.9573,1.0,0.0381,1.1327,0.9999,5.0378,0.9915,1.0,0.0,37.7682,0.0,19.6097,2.3096,0.9997,0.0225,1.0,0.0,17.5636,0.0358,1.0,0.3572,38.6734,0.1372,1.7692,2.6522,0.5857,0.0264,1.0,0.0319,0.9318,0.0182,0.2803
1747109460000,74.3679,1.0,0.0694,0.8461,1.0,0.0476,1.0967,0.9999,5.0283,0.9937,1.0,0.0,26.0853,0.0,20.3861,2.3087,0.9997,0.0225,1.0,0.0,0.0,0.0375,1.0,0.3478,38.4705,0.1379,1.6538,2.3352,0.5976,0.0293,1.0,0.023,0.9324,0.0,0.2786
1747109520000,73.1741,0.9999,0.0694,0.8455,1.0,0.0533,1.1282,0.9999,5.0355,0.993,1.0,0.0,25.9674,0.0,19.1153,2.3094,0.9996,0.0225,1.0,0.0,0.0,0.0379,1.0,0.3443,38.7934,0.139,1.5,2.5594,0.601,0.0286,1.0,0.0279,0.9362,0.0,0.2943
1747109580000,71.7361,1.0,0.0694,1.0629,1.0,0.0537,1.2028,1.0,5.05,0.9875,1.0,0.0,48.5309,0.0,19.9249,2.2813,0.9997,0.0223,1.0,0.0,0.0,0.0378,1.0,0.3622,39.433,0.1301,1.25,2.3119,0.5947,0.0275,1.0,0.0267,0.9344,0.0,0.2945
1747109640000,71.7092,1.0,0.0694,1.1064,1.0,0.0536,1.1462,1.0,5.0573,0.9794,1.0,0.0,83.4946,0.0,19.9145,2.3067,0.9996,0.0223,1.0,0.0,0.0,0.0384,1.0,0.3446,39.1723,0.1363,1.8889,2.1658,0.6021,0.0276,1.0,0.0255,0.9325,0.0,0.2808
1747109700000,73.0024,1.0,0.0694,0.9511,1.0,0.0468,1.144,1.0,5.0409,0.9955,1.0,0.0,20.518,0.0,20.6457,2.2859,0.9998,0.0225,1.0,0.0,0.0,0.038,1.0,0.3535,39.0913,0.1389,1.3077,2.4732,0.5784,0.0275,1.0,0.0393,0.9333,0.0,0.2861
1747109760000,73.6854,1.0,0.0694,0.9887,1.0,0.0434,1.1556,0.9999,5.0418,0.9944,1.0,0.0,22.1258,0.0,20.3432,2.3052,0.9997,0.0224,1.0,0.0,0.0,0.0358,1.0,0.3545,38.1291,0.1352,1.64,2.4324,0.5856,0.0271,1.0,0.0361,0.9359,0.0,0.2808
1747109820000,72.5627,1.0,0.0694,0.969,1.0,0.0407,1.0902,0.9999,5.0391,0.9787,1.0,0.0,99.0485,0.0,19.8557,2.3192,0.9998,0.0223,1.0,0.0,0.0,0.0369,1.0,0.3526,37.9459,0.1396,1.381,2.4567,0.5899,0.0277,1.0,0.0282,0.9382,0.0,0.2846
1747109880000,70.3091,1.0,0.0694,0.9351,1.0,0.0392,1.179,0.9999,5.0513,0.9916,1.0,0.0,42.1297,0.0,19.2709,2.3216,0.9997,0.0223,1.0,0.0,0.0,0.0373,1.0,0.3619,36.4879,0.1351,1.0,2.4475,0.5836,0.0273,1.0,0.0288,0.9326,0.0,0.2756
1747109940000,68.8057,1.0,0.0694,0.9956,1.0,0.0427,1.1213,0.9999,5.05,0.994,1.0,0.0,22.8331,0.0,20.8128,2.3286,0.9996,0.0222,1.0,0.0,0.0,0.0375,1.0,0.3641,40.1985,0.1305,1.2857,2.4187,0.5817,0.0279,1.0,0.0208,0.9328,0.0,0.2766
1747110000000,71.5446,1.0,0.0694,0.8359,1.0,0.0397,1.1998,1.0,5.0473,0.996,1.0,0.0,18.3334,0.0,19.6138,2.3055,0.9997,0.0224,1.0,0.0,0.0,0.0366,1.0,0.3684,37.7036,0.133,2.1667,2.4044,0.5834,0.0273,1.0,0.0226,0.9364,0.0,0.2853
1747110060000,72.4371,1.0,0.0694,0.9483,1.0,0.041,1.1887,1.0,5.0291,0.9866,1.0,0.0,60.6947,0.0,20.1177,2.3065,0.9997,0.0222,1.0,0.0,0.0,0.0356,1.0,0.3566,37.7561,0.1336,1.9615,2.1666,0.5875,0.0271,1.0,0.0281,0.9348,0.0,0.2753
1747110120000,74.2072,1.0,0.0694,1.1565,1.0,0.042,1.1125,0.9999,5.0328,0.9834,1.0,0.0,63.3409,0.0,20.3839,2.3252,0.9995,0.0225,1.0,0.0,0.0,0.035,1.0,0.3664,36.6939,0.1338,1.2,2.4301,0.5779,0.0259,1.0,0.0218,0.9377,0.0,0.2735
1747110180000,71.2174,0.9998,0.0694,1.1482,1.0,0.0415,1.1453,1.0,5.0391,0.9951,1.0,0.0,20.176,0.0,19.717,2.2979,0.9997,0.0224,1.0,0.0,0.0,0.0366,1.0,0.3442,37.1786,0.137,1.0,2.284,0.5711,0.0271,1.0,0.0209,0.9371,0.0,0.2756
1747110240000,73.5264,1.0,0.0694,1.0115,1.0,0.0416,1.1703,0.9999,5.0482,0.9941,1.0,0.0,21.3879,0.0,20.2271,2.2782,0.9996,0.0223,1.0,0.0,13.8727,0.0353,1.0,0.3521,37.8627,0.133,1.2222,2.3111,0.6093,0.0273,0.9998,0.0191,0.9363,0.0182,0.2786
1747110300000,75.0599,1.0,0.0694,0.9693,1.0,0.0428,1.213,0.9999,5.0427,0.9937,1.0,0.0,22.7581,0.0,21.0628,2.2826,0.9996,0.0223,1.0,0.0,0.0,0.0367,1.0,0.3322,40.5477,0.133,1.037,2.3575,0.5666,0.0273,1.0,0.0224,0.9377,0.0,0.2733
1747110360000,73.6381,1.0,0.0694,1.0304,1.0,0.043,1.1306,1.0,5.0532,0.9728,1.0,0.0,94.5192,0.0,20.6967,2.2845,0.9995,0.022,1.0,0.0,0.0,0.0392,1.0,0.3371,40.5306,0.1334,1.5714,2.446,0.5755,0.0278,1.0,0.0226,0.9359,0.0,0.2804
1747110420000,74.614,1.0,0.0694,1.3906,1.0,0.0394,1.1428,1.0,5.0427,0.9878,1.0,0.0,43.8592,0.0,20.7235,2.3269,0.9995,0.0224,1.0,0.0,0.0,0.0357,1.0,0.34,37.1446,0.1316,1.5833,2.3175,0.5755,0.0273,1.0,0.0363,0.9365,0.0,0.2748
1747110480000,73.0184,1.0,0.0694,0.9076,1.0,0.0412,1.1575,0.9999,5.0518,0.996,1.0,0.0,19.144,0.0,20.1008,2.2914,0.9997,0.0222,1.0,0.0,0.0,0.0366,1.0,0.3424,35.9953,0.1287,1.25,2.191,0.5722,0.0267,1.0,0.0131,0.936,0.0,0.2758
1747110540000,73.7471,1.0,0.0694,0.8317,1.0,0.0417,1.1432,1.0,5.0529,0.9865,1.0,0.0,50.9841,0.0,20.0459,2.2847,0.9997,0.0222,1.0,0.0,11.1091,0.0349,1.0,0.328,36.3526,0.1316,1.25,2.3497,0.5643,0.0265,1.0,0.0244,0.9401,0.0182,0.2676
1747110600000,73.7289,1.0,0.0694,0.9689,1.0,0.0407,1.39,1.0,5.05,0.9952,1.0,0.0,20.3007,0.0,20.1872,2.2941,0.9997,0.0222,1.0,0.0,39.4,0.0366,1.0,0.3338,36.7545,0.1341,1.8125,2.1431,0.5849,0.0272,1.0,0.0177,0.936,0.0545,0.268
1747110660000,73.4706,1.0,0.0694,0.8331,1.0,0.0397,1.2604,0.9999,5.0282,0.992,1.0,0.0,34.8142,0.0,20.1781,2.3072,0.9996,0.0221,1.0,0.0,0.4909,0.0362,1.0,0.35,37.4392,0.1304,1.64,2.367,0.576,0.0271,1.0,0.0153,0.9375,0.0,0.2763
1747110720000,72.648,1.0,0.0694,0.9095,1.0,0.0428,1.113,0.9999,5.0436,0.9951,1.0,0.0,18.8185,0.0,19.7946,2.3081,0.9996,0.022,1.0,0.0,15.0727,0.0362,1.0,0.3378,36.1417,0.1288,1.4167,2.2034,0.5729,0.0272,1.0,0.0274,0.942,0.0182,0.2675
1747110780000,74.757,0.9998,0.0694,1.067,1.0,0.0414,1.1374,1.0,5.0382,0.9862,1.0,0.0,47.3003,0.0,19.5683,2.3048,0.9996,0.0222,1.0,0.0,0.0,0.0365,1.0,0.3443,36.4587,0.1321,1.6667,2.3212,0.5908,0.0282,1.0,0.0232,0.9385,0.0,0.2712
1747110840000,72.6659,0.9998,0.0694,0.9011,1.0,0.0408,1.2131,0.9999,5.0645,0.9953,1.0,0.0,20.3114,0.0,19.8692,2.3025,0.9997,0.022,1.0,0.0,0.0,0.0353,1.0,0.3445,33.8097,0.1302,1.5625,2.4914,0.5706,0.0264,1.0,0.0196,0.9416,0.0,0.2715
1747110900000,73.7234,1.0,0.0694,0.9415,1.0,0.0385,1.1701,0.9999,5.03,0.9851,1.0,0.0,76.0679,0.0,20.2735,2.3139,0.9997,0.0221,1.0,0.0,0.0,0.0368,1.0,0.35,34.2727,0.1311,1.6429,2.1081,0.5625,0.026,1.0,0.0246,0.9412,0.0,0.2682
1747110960000,76.3052,0.9998,0.0694,0.9667,1.0,0.0402,1.1377,0.9999,5.0675,0.9953,1.0,0.0,18.4655,0.0,19.9554,2.2949,0.9997,0.0219,1.0,0.0,26.7818,0.0351,1.0,0.3318,35.809,0.1309,2.0769,2.3461,0.5768,0.0268,1.0,0.0181,0.9389,0.0364,0.2538
1747111020000,76.0894,1.0,0.0694,1.0057,1.0,0.0374,1.4258,1.0,5.0309,0.9902,1.0,0.0,43.4408,0.0,19.879,2.307,0.9997,0.022,1.0,0.0,0.0,0.0337,1.0,0.3414,33.9514,0.1311,1.6667,2.5708,0.5612,0.0261,1.0,0.0593,0.9404,0.0,0.2717
1747111080000,73.5773,1.0,0.0694,0.9981,1.0,0.0406,1.1313,1.0,5.0509,0.9952,1.0,0.0,19.9244,0.0,20.0053,2.3207,0.9995,0.0219,1.0,0.0,10.9636,0.0359,1.0,0.3233,37.2469,0.1285,1.4286,2.2421,0.5893,0.0263,1.0,0.0306,0.9411,0.0182,0.2605
1747111140000,73.1009,1.0,0.0694,0.9429,1.0,0.0415,1.1197,0.9999,5.0282,0.9873,1.0,0.0,60.6721,0.0,20.5457,2.3129,0.9997,0.022,1.0,0.0,24.9091,0.0357,1.0,0.3296,36.8116,0.1253,1.4444,2.2819,0.5696,0.0256,1.0,0.0269,0.9393,0.0364,0.2746
1747111200000,73.8205,1.0,0.0694,0.9846,1.0,0.0394,1.2427,0.9999,5.0556,0.9927,1.0,0.0,24.5291,0.0,20.3947,2.3156,0.9996,0.022,1.0,0.0,0.0,0.0348,1.0,0.3403,36.0714,0.1314,1.5,2.3539,0.576,0.0269,1.0,0.0233,0.9415,0.0,0.2578
1747111260000,73.698,1.0,0.0694,0.8304,1.0,0.0428,1.1286,0.9998,5.0674,0.9957,1.0,0.0,18.3204,0.0,20.2775,2.2864,0.9996,0.022,1.0,0.0,40.0,0.0351,1.0,0.3249,37.9905,0.1238,2.2917,2.4337,0.5846,0.0264,1.0,0.0191,0.9375,0.0545,0.2708
1747111320000,72.0293,1.0,0.0694,0.8396,1.0,0.0424,1.7104,1.0,5.0445,0.9925,1.0,0.0,36.3126,0.0,19.8807,2.3059,0.9996,0.0219,1.0,0.0,53.5273,0.034,1.0,0.3351,35.8953,0.1207,1.4211,2.0401,0.5702,0.026,1.0,0.0153,0.9399,0.0727,0.2678
1747111380000,74.8729,1.0,0.0694,1.0632,1.0,0.0423,1.2215,1.0,5.0382,0.992,1.0,0.0,30.0739,0.0,19.8365,2.2993,0.9997,0.0219,1.0,0.0,27.7636,0.0342,1.0,0.3392,38.067,0.1294,1.6667,2.2744,0.5775,0.026,1.0,0.029,0.9368,0.0364,0.2537
1747111440000,72.726,1.0,0.0694,1.1637,1.0,0.0395,1.1379,0.9999,5.06,0.9925,1.0,0.0,28.3688,0.0,20.0065,2.2874,0.9996,0.0217,1.0,0.0,23.4182,0.0336,1.0,0.3414,35.5744,0.1289,1.625,2.2632,0.5768,0.0258,1.0,0.0249,0.942,0.0364,0.2685
1747111500000,71.5245,1.0,0.0694,1.0156,1.0,0.0413,1.1716,0.9999,5.0618,0.9955,1.0,0.0,17.9623,0.0,20.4669,2.3044,0.9996,0.0218,1.0,0.0,22.8545,0.0339,1.0,0.342,35.8646,0.1214,1.3077,2.4331,0.5762,0.0264,1.0,0.0202,0.9415,0.0364,0.2624
1747111560000,73.8208,0.9998,0.0694,1.0426,1.0,0.04,1.1369,0.9999,5.0473,0.996,1.0,0.0,19.9903,0.0,19.9801,2.3015,0.9996,0.0219,1.0,0.0,38.3818,0.0339,1.0,0.3319,36.5267,0.1231,1.52,2.4805,0.5676,0.0265,1.0,0.0196,0.9415,0.0545,0.2653
1747111620000,74.7628,1.0,0.0694,0.9989,1.0,0.041,1.1335,1.0,5.0464,0.9954,1.0,0.0,19.6431,0.0,19.7643,2.3001,0.9997,0.0218,1.0,0.0,37.0545,0.0351,1.0,0.3169,35.9115,0.1267,1.8235,2.4522,0.5792,0.026,1.0,0.0317,0.9396,0.0545,0.2531
1747111680000,73.1726,1.0,0.0694,0.9411,1.0,0.0411,1.4473,0.9999,5.0355,0.9795,1.0,0.0,88.6127,0.0,20.0624,2.3031,0.9997,0.0219,1.0,0.0,13.2,0.0352,1.0,0.3292,36.4362,0.1265,1.4,2.4487,0.5705,0.0255,1.0,0.0248,0.9405,0.0182,0.2616
1747111740000,72.1908,1.0,0.0694,1.0034,1.0,0.0385,1.0919,0.9999,5.0567,0.9956,1.0,0.0,17.8073,0.0,19.115,2.3151,0.9996,0.0217,1.0,0.0,13.3818,0.0336,1.0,0.322,33.3093,0.1265,1.4286,2.2451,0.5662,0.0255,1.0,0.0253,0.9384,0.0182,0.2558
1747111800000,71.9701,1.0,0.0694,0.8515,1.0,0.0412,1.1106,1.0,5.0428,0.9948,1.0,0.0,19.5635,0.0,19.9267,2.3022,0.9997,0.0217,1.0,0.0,29.2182,0.0345,1.0,0.2978,38.1889,0.1254,1.6154,2.3158,0.605,0.0261,1.0,0.0195,0.9352,0.0364,0.2538
1747111860000,74.452,1.0,0.0694,0.9785,1.0,0.0406,1.6406,1.0,5.0448,0.9951,1.0,0.0,18.1075,0.0,19.9194,2.3104,0.9997,0.0218,1.0,0.0,47.8909,0.0357,1.0,0.3265,37.651,0.1256,1.3871,2.3411,0.5987,0.0268,1.0,0.0249,0.9349,0.0727,0.2738
1747111920000,72.3273,1.0,0.0694,1.1401,1.0,0.0405,1.2529,0.9999,5.0609,0.9797,1.0,0.0,80.538,0.0,19.8382,2.2974,0.9996,0.0221,1.0,0.0,28.0,0.0357,1.0,0.3571,37.2494,0.1226,1.4167,2.4347,0.5817,0.0267,1.0,0.019,0.9394,0.0364,0.2796
1747111980000,71.001,1.0,0.0694,1.1537,1.0,0.0432,1.1473,0.9999,5.0609,0.9862,1.0,0.0,59.3104,0.0,20.282,2.2566,0.9997,0.0217,1.0,0.0,10.4727,0.0351,1.0,0.3434,36.7807,0.1196,1.2,2.5495,0.5854,0.027,1.0,0.0164,0.9392,0.0182,0.2603
1747112040000,69.0909,1.0,0.0694,1.0297,1.0,0.0416,1.1775,1.0,5.05,0.9974,1.0,0.0,16.0332,0.0,19.1529,2.2826,0.9998,0.0217,1.0,0.0,24.4182,0.0355,1.0,0.3435,34.6354,0.1228,1.4,2.4619,0.5748,0.0258,1.0,0.0223,0.9424,0.0364,0.2594
1747112100000,74.0963,1.0,0.0694,0.918,1.0,0.0425,1.1375,0.9999,5.0555,0.9817,1.0,0.0,66.4956,0.0,20.4506,2.2503,0.9996,0.0217,1.0,0.0,41.1455,0.035,1.0,0.3369,37.5964,0.1286,1.0588,2.2439,0.5703,0.0266,1.0,0.03,0.9407,0.0545,0.2582
1747112160000,79.5405,1.0,0.0694,1.1125,1.0,0.0407,1.4079,0.9999,5.0518,0.9935,1.0,0.0,26.995,0.0,20.7584,2.2638,0.9996,0.0215,1.0,0.0,13.5455,0.0337,1.0,0.3303,40.2518,0.1279,6.0,2.6236,0.5638,0.0265,1.0,0.0202,0.9416,0.0182,0.2656
1747112220000,74.2677,1.0,0.0694,1.2032,1.0,0.0406,1.1513,0.9997,5.0582,0.9961,1.0,0.0,19.265,0.0,20.7598,2.2794,0.9997,0.0216,1.0,0.0,27.8545,0.0347,1.0,0.3551,39.36,0.1217,1.2,2.2689,0.5685,0.0264,1.0,0.0178,0.9402,0.0182,0.2612
1747112280000,73.5628,1.0,0.0694,0.9944,1.0,0.0395,1.0982,1.0,5.0373,0.9786,1.0,0.0,91.5091,0.0,19.9116,2.2549,0.9997,0.0215,1.0,0.0,0.0,0.0336,1.0,0.3564,37.7563,0.1232,0.6667,2.5062,0.5691,0.0262,1.0,0.0226,0.9397,0.0182,0.2682
1747112340000,73.2931,0.9998,0.0694,0.8153,1.0,0.0393,1.1563,0.9999,5.06,0.9924,1.0,0.0,28.0031,0.0,20.4901,2.2206,0.9994,0.0215,1.0,0.0,0.0,0.0339,1.0,0.3342,39.2661,0.1225,1.0714,2.4221,0.569,0.026,1.0,0.0213,0.9426,0.0,0.2524
1747112400000,73.7106,1.0,0.0694,0.9914,1.0,0.0399,1.1067,0.9999,5.0364,0.9947,1.0,0.0,16.3609,0.0,19.9029,2.2779,0.9996,0.0214,1.0,0.0,13.1818,0.0341,1.0,0.3185,35.9122,0.1203,1.3571,2.3004,0.5719,0.0258,1.0,0.0237,0.9365,0.0182,0.2543
1747112460000,72.4193,0.9998,0.0694,0.8251,1.0,0.0385,1.2537,0.9999,5.0745,0.9959,1.0,0.0,15.0837,0.0,20.2644,2.2933,0.9996,0.0214,1.0,0.0,14.1818,0.0346,1.0,0.31,35.8578,0.1227,1.6923,2.6174,0.5647,0.0257,1.0,0.0302,0.9414,0.0182,0.2615
1747112520000,71.6095,1.0,0.0694,1.0165,1.0,0.0414,1.1062,0.9998,5.0393,0.9806,1.0,0.0,78.5265,0.0,19.7869,2.32,0.9996,0.0218,1.0,0.0,13.2545,0.0361,1.0,0.2911,33.8346,0.1231,1.5,2.5667,0.5627,0.0257,1.0,0.0227,0.9405,0.0182,0.2495
1747112580000,74.0614,1.0,0.0694,1.0482,1.0,0.0381,1.0526,1.0,5.0673,0.9903,1.0,0.0,39.596,0.0,19.2184,2.2784,0.9996,0.0213,1.0,0.0,11.2,0.035,1.0,0.2894,34.526,0.1261,1.1667,2.359,0.5615,0.0251,1.0,0.0285,0.9386,0.0182,0.2479
1747112640000,72.3633,1.0,0.0694,0.8613,1.0,0.0415,1.0815,1.0,5.0509,0.9968,1.0,0.0,15.5567,0.0,19.5537,2.2654,0.9997,0.0215,1.0,0.0,0.0,0.034,1.0,0.3007,35.5141,0.1224,1.3333,2.2577,0.5532,0.0255,1.0,0.0274,0.9426,0.0,0.2481
1747112700000,80.6267,1.0,0.0694,0.9214,1.0,0.0433,1.0629,0.9999,5.0491,0.9952,1.0,0.0,20.8637,0.0,20.9787,2.2617,0.9994,0.0212,1.0,0.0,0.0,0.0337,0.9999,0.3027,39.7139,0.1222,1.6875,2.3588,0.5711,0.0256,1.0,0.0216,0.9409,0.0,0.2531
1747112760000,74.8865,1.0,0.0694,0.9759,1.0,0.0419,1.0719,1.0,5.0291,0.9959,1.0,0.0,16.5942,0.0,19.548,2.2888,0.9997,0.0214,1.0,0.0,0.0,0.0343,1.0,0.3116,35.2149,0.1215,1.4231,2.2591,0.5749,0.0262,1.0,0.0185,0.9435,0.0,0.2574
1747112820000,75.7249,1.0,0.0694,0.9802,1.0,0.0432,1.1338,0.9999,5.0573,0.985,1.0,0.0,65.1723,0.0,20.5872,2.2861,0.9994,0.0211,1.0,0.0,0.0,0.0323,1.0,0.2936,38.0279,0.1165,1.25,2.3991,0.5625,0.0249,1.0,0.0258,0.9398,0.0,0.257
1747112880000,73.1885,1.0,0.0694,0.9929,1.0,0.0399,1.1511,1.0,5.0311,0.9946,1.0,0.0,22.1441,0.0,19.5796,2.2601,0.9997,0.0213,1.0,0.0,0.0,0.0335,1.0,0.2994,34.3316,0.1239,4.0,2.5545,0.5653,0.026,1.0,0.0189,0.9434,0.0,0.248
1747112940000,74.0005,1.0,0.0694,0.9828,1.0,0.0415,1.0508,1.0,5.0755,0.9957,1.0,0.0,16.1615,0.0,20.0168,2.2406,0.9996,0.0211,1.0,0.0,0.0,0.0334,1.0,0.2977,34.7171,0.1203,1.2143,2.3517,0.5702,0.0251,1.0,0.0182,0.9466,0.0,0.2525
1747113000000,72.4625,1.0,0.0694,0.9339,1.0,0.0425,1.1458,1.0,5.0286,0.9956,1.0,0.0,16.1753,0.0,20.0277,2.2477,0.9996,0.0211,1.0,0.0,13.4545,0.0324,1.0,0.322,33.9777,0.1192,1.2632,2.1329,0.5572,0.0248,1.0,0.0209,0.9393,0.0182,0.2582
1747113060000,72.3767,1.0,0.0694,0.8161,1.0,0.0408,1.3304,1.0,5.074,0.9897,1.0,0.0,41.656,0.0,19.3369,2.2433,0.9997,0.0214,1.0,0.0,0.0,0.0335,1.0,0.3237,33.1957,0.1215,1.5517,2.3186,0.5633,0.0256,1.0,0.0192,0.9442,0.0,0.2494
1747113120000,73.9511,1.0,0.0694,0.8146,1.0,0.0392,1.0992,1.0,5.0236,0.9956,1.0,0.0,21.7703,0.0,20.1851,2.2844,0.9998,0.021,1.0,0.0,0.0,0.032,1.0,0.327,35.5678,0.1229,1.5294,2.1938,0.5641,0.0256,1.0,0.0128,0.9398,0.0,0.2469
1747113180000,71.3537,1.0,0.0694,0.9658,1.0,0.0417,1.118,0.9999,5.064,0.9934,1.0,0.0,26.3504,0.0,19.6432,2.2807,0.9997,0.0214,1.0,0.0,0.0,0.033,1.0,0.3279,34.7149,0.115,2.25,2.6225,0.5708,0.0261,1.0,0.0173,0.944,0.0,0.2557
1747113240000,74.2876,1.0,0.0694,1.2067,1.0,0.0415,1.098,1.0,5.0219,0.988,1.0,0.0,46.1429,0.0,20.3236,2.2449,0.9996,0.0212,1.0,0.0,0.0,0.0335,1.0,0.3121,36.9033,0.1188,1.7778,2.5339,0.5728,0.0249,1.0,0.0154,0.9426,0.0,0.2455
1747113300000,76.7589,1.0,0.0694,0.8878,1.0,0.0435,1.1597,1.0,5.0445,0.9963,1.0,0.0,15.8557,0.0,19.9713,2.2681,0.9996,0.021,1.0,0.0,0.0,0.034,0.9999,0.3013,37.7765,0.1174,1.5,2.3795,0.5667,0.0252,1.0,0.0225,0.9396,0.0,0.2529
1747113360000,77.3096,1.0,0.0694,1.0523,1.0,0.0424,1.1155,0.9999,5.0319,0.9939,1.0,0.0,20.0543,0.0,20.783,2.2613,0.9995,0.0212,1.0,0.0,0.0,0.0324,0.9999,0.3042,38.7675,0.1222,1.3421,2.2029,0.5649,0.0248,1.0,0.0237,0.9403,0.0,0.257
1747113420000,71.7013,1.0,0.0694,0.9381,1.0,0.0443,1.1697,1.0,5.0682,0.9948,1.0,0.0,16.086,0.0,19.7606,2.2554,0.9995,0.0211,1.0,0.0,0.0,0.0334,1.0,0.3125,35.9416,0.1124,1.0,2.3234,0.5719,0.0255,1.0,0.0172,0.9444,0.0,0.2565
1747113480000,74.2408,1.0,0.0694,0.988,1.0,0.044,1.0841,0.9999,5.0191,0.9872,1.0,0.0,55.7867,0.0,20.442,2.2728,0.9997,0.0212,1.0,0.0,0.0,0.0336,1.0,0.343,36.1023,0.1156,1.4,2.5854,0.5507,0.026,1.0,0.0204,0.9419,0.0,0.2535
1747113540000,74.5889,1.0,0.0694,0.8856,1.0,0.0405,1.1129,0.9999,5.05,0.9945,1.0,0.0,20.1563,0.0,19.5398,2.2461,0.9996,0.0212,1.0,0.0,0.0,0.032,1.0,0.3253,32.6804,0.1163,1.3,2.3825,0.5525,0.025,1.0,0.0204,0.9454,0.0,0.2468
1747113600000,75.0302,1.0,0.0694,0.9471,1.0,0.0435,1.1024,1.0,5.0364,0.9959,1.0,0.0,18.0906,0.0,19.7295,2.2615,0.9997,0.021,1.0,0.0,0.0,0.0345,1.0,0.3324,36.7938,0.12,1.3889,2.4718,0.5688,0.0257,1.0,0.0136,0.9437,0.0,0.2446
1747113660000,74.6437,1.0,0.0694,0.8842,1.0,0.0413,1.1808,0.9999,5.0609,0.9969,1.0,0.0,14.0247,0.0,19.0129,2.2859,0.9998,0.0212,1.0,0.0,0.0,0.0335,1.0,0.3232,34.4871,0.1197,1.8214,2.1562,0.5736,0.0259,1.0,0.0179,0.9446,0.0,0.2639
1747113720000,74.9344,1.0,0.0694,1.2292,1.0,0.043,1.1012,1.0,5.0309,0.9807,1.0,0.0,76.0526,0.0,19.7281,2.2765,0.9997,0.0211,1.0,0.0,0.0,0.0341,1.0,0.3193,35.4206,0.1156,1.3571,2.2642,0.5565,0.0257,1.0,0.0318,0.9413,0.0,0.2468
1747113780000,75.8033,0.9998,0.0694,1.1975,1.0,0.0443,1.0725,1.0,5.0709,0.9861,1.0,0.0,56.5988,0.0,19.7944,2.2832,0.9997,0.0212,1.0,0.0,0.0,0.0334,1.0,0.3238,35.6087,0.1174,1.7143,2.3967,0.5736,0.0253,1.0,0.0217,0.9433,0.0,0.2403
1747113840000,76.8262,1.0,0.0694,1.1284,1.0,0.0419,1.0598,1.0,5.0418,0.9966,1.0,0.0,15.1264,0.0,20.0992,2.2609,0.9996,0.0214,1.0,0.0,0.0,0.0331,1.0,0.321,36.1287,0.115,1.2222,2.4556,0.5665,0.0255,1.0,0.0218,0.9434,0.0,0.2441
1747113900000,73.1248,1.0,0.0694,0.8266,1.0,0.0445,1.1095,0.9999,5.0564,0.9926,1.0,0.0,31.4181,0.0,19.4556,2.2561,0.9997,0.021,1.0,0.0,0.0,0.0337,1.0,0.32,35.4297,0.1156,1.2308,2.3139,0.567,0.0253,1.0,0.0258,0.9421,0.0,0.2459
1747113960000,73.7678,0.9998,0.0694,1.1237,1.0,0.0404,1.0592,1.0,5.0345,0.9949,1.0,0.0,21.0925,0.0,19.5257,2.2466,0.9997,0.0209,1.0,0.0,0.0,0.0328,1.0,0.3055,34.4462,0.1157,2.1154,2.6785,0.5534,0.0257,1.0,0.0129,0.9427,0.0,0.247
1747114020000,74.7238,1.0,0.0694,1.2744,1.0,0.0391,1.1851,0.9999,5.0627,0.9952,1.0,0.0,17.3834,0.0,20.2694,2.2577,0.9996,0.021,1.0,0.0,0.0,0.0335,1.0,0.3032,34.7015,0.1135,1.0909,2.183,0.5528,0.025,1.0,0.0158,0.9449,0.0,0.2466
1747114080000,77.0573,1.0,0.0694,1.0366,1.0,0.0408,1.1589,0.9999,5.0391,0.9915,1.0,0.0,28.5352,0.0,21.1007,2.2766,0.9996,0.021,1.0,0.0,0.0,0.0334,1.0,0.2979,36.5456,0.1153,1.25,2.3939,0.5736,0.0251,1.0,0.0148,0.9456,0.0,0.2439
1747114140000,76.3836,1.0,0.0694,0.8184,1.0,0.0414,1.1109,0.9998,5.0682,0.9833,1.0,0.0,56.6805,0.0,20.3684,2.2535,0.9996,0.0208,1.0,0.0,0.0,0.0339,0.9999,0.3091,38.2825,0.113,1.0625,2.3654,0.5755,0.0255,1.0,0.0178,0.9397,0.0,0.2552
1747114200000,72.5242,1.0,0.0694,0.8978,1.0,0.0411,1.1211,0.9999,5.021,0.9959,1.0,0.0,16.3337,0.0,19.8957,2.2581,0.9996,0.0209,1.0,0.0,0.0,0.0332,1.0,0.2996,35.6152,0.113,1.25,2.2419,0.5605,0.0248,1.0,0.018,0.9439,0.0,0.2458
1747114260000,79.508,1.0,0.0694,0.8529,1.0,0.0401,1.1223,0.9999,5.0645,0.996,1.0,0.0,15.6472,0.0,20.7762,2.2723,0.9994,0.0208,1.0,0.0,13.2545,0.0331,0.9999,0.3048,38.7168,0.1165,1.6154,2.497,0.5601,0.0246,1.0,0.0232,0.9416,0.0182,0.2485
1747114320000,75.456,1.0,0.0694,0.9422,1.0,0.0412,1.072,0.9998,5.0373,0.9965,1.0,0.0,14.9972,0.0,20.0125,2.2862,0.9997,0.0211,1.0,0.0,0.0,0.0339,1.0,0.3191,36.5168,0.1151,1.7857,2.7366,0.5649,0.0253,1.0,0.0188,0.9454,0.0,0.2537
1747114380000,75.2577,1.0,0.0694,1.141,1.0,0.0462,1.1221,0.9999,5.07,0.9903,1.0,0.0,39.0789,0.0,19.9204,2.3323,0.9997,0.0207,1.0,0.0,0.0,0.0329,1.0,0.3144,36.5696,0.1136,1.0,2.4543,0.5702,0.0252,1.0,0.0272,0.9439,0.0,0.2499
1747114440000,76.4504,1.0,0.0694,0.884,1.0,0.0444,1.1543,0.9999,5.0282,0.9932,1.0,0.0,26.5024,0.0,20.0323,2.2543,0.9996,0.0207,1.0,0.0,0.0,0.0342,1.0,0.2965,36.435,0.1153,1.2308,2.3492,0.5776,0.0246,1.0,0.0205,0.9432,0.0,0.2447
1747114500000,77.3251,1.0,0.0694,0.8867,1.0,0.044,1.1707,1.0,5.0645,0.9961,1.0,0.0,15.0366,0.0,21.2092,2.2669,0.9992,0.0208,1.0,0.0,0.0,0.033,0.9999,0.3089,40.1698,0.1143,1.3333,2.3398,0.5683,0.0249,1.0,0.0242,0.9406,0.0,0.2635
1747114560000,74.7217,1.0,0.0694,1.0728,1.0,0.0429,1.0966,0.9999,5.0603,0.9962,1.0,0.0,16.6709,0.0,19.6089,2.2559,0.9996,0.0208,1.0,0.0,0.0,0.0336,1.0,0.3002,37.6919,0.1177,2.037,2.7722,0.5806,0.0253,1.0,0.0284,0.9426,0.0,0.2506
1747114620000,73.8726,0.9998,0.0694,1.0104,1.0,0.0449,1.1383,0.9999,5.0464,0.9946,1.0,0.0,20.0984,0.0,19.9153,2.2702,0.9995,0.0209,1.0,0.0,0.0,0.033,1.0,0.3022,34.6894,0.1137,1.3333,2.7726,0.5672,0.0246,1.0,0.0276,0.9366,0.0,0.2596
1747114680000,73.1677,1.0,0.0694,0.9039,1.0,0.0429,1.0763,0.9999,5.0304,0.9962,1.0,0.0,16.9315,0.0,19.8614,2.3044,0.9997,0.0209,1.0,0.0,0.0,0.0329,1.0,0.2926,37.6499,0.1161,2.125,2.4058,0.5761,0.0252,1.0,0.0261,0.9401,0.0,0.2453
1747114740000,74.2981,1.0,0.0694,1.1085,1.0,0.0435,1.1536,0.9999,5.0818,0.9836,1.0,0.0,69.4342,0.0,19.158,2.3017,0.9997,0.021,1.0,0.0,0.0,0.0329,1.0,0.3,35.2608,0.1146,3.2727,2.2619,0.5745,0.025,1.0,0.0235,0.941,0.0,0.2524
1747114800000,73.3296,1.0,0.0694,0.9439,1.0,0.0442,1.1893,1.0,5.0778,0.9884,1.0,0.0,37.0849,0.0,20.0227,2.2635,0.9995,0.0208,1.0,0.0,0.0,0.0326,1.0,0.2958,37.0094,0.1116,1.6,2.3369,0.5826,0.025,1.0,0.025,0.9449,0.0,0.2442
1747114860000,71.5068,1.0,0.0694,0.8092,1.0,0.0419,1.1302,1.0,5.0849,0.9962,1.0,0.0,16.0536,0.0,19.5309,2.2684,0.9997,0.0209,1.0,0.0,0.0,0.0323,1.0,0.2855,35.8758,0.1127,1.5556,2.2288,0.5672,0.0247,1.0,0.0225,0.9422,0.0,0.2462
1747114920000,73.9109,1.0,0.0694,0.8252,1.0,0.0406,1.1657,0.9999,5.0718,0.9923,1.0,0.0,31.851,0.0,19.5172,2.2682,0.9996,0.021,1.0,0.0,0.0,0.0315,1.0,0.3,34.5091,0.1162,1.4375,2.4488,0.5739,0.0242,1.0,0.0116,0.9465,0.0,0.2489
1747114980000,71.0487,1.0,0.0694,0.9484,1.0,0.0401,1.1545,0.9999,5.1037,0.9817,1.0,0.0,67.9247,0.0,19.5364,2.3028,0.9997,0.021,1.0,0.0,0.0,0.034,1.0,0.3033,34.7725,0.1167,1.4,2.7795,0.5524,0.0249,1.0,0.0155,0.945,0.0,0.2421
1747115040000,69.4046,1.0,0.0694,1.278,1.0,0.0436,1.0379,0.9999,5.0773,0.9781,1.0,0.0,79.6592,0.0,18.2748,2.3179,0.9996,0.021,1.0,0.0,0.0,0.0331,1.0,0.2911,33.6147,0.1123,1.5833,2.5946,0.5737,0.0245,1.0,0.0234,0.9365,0.0,0.2381
1747115100000,69.8095,1.0,0.0694,0.9282,1.0,0.0437,1.1221,1.0,5.0727,0.9969,1.0,0.0,14.7642,0.0,18.4609,2.2842,0.9996,0.0211,1.0,0.0,0.0,0.0334,1.0,0.2979,34.0551,0.1113,1.4118,2.4272,0.5767,0.0244,1.0,0.0291,0.941,0.0,0.2394
1747115160000,73.9326,1.0,0.0694,1.0818,1.0,0.0445,1.084,0.9999,5.0945,0.9964,1.0,0.0,13.9435,0.0,19.1221,2.2812,0.9997,0.0211,1.0,0.0,0.0,0.0344,1.0,0.3131,34.0199,0.114,1.5806,2.17,0.5729,0.0246,1.0,0.0206,0.948,0.0,0.249
1747115220000,72.9024,1.0,0.0694,1.0011,1.0,0.0458,1.0991,1.0,5.0958,0.9887,1.0,0.0,44.4056,0.0,19.9364,2.2865,0.9997,0.0208,1.0,0.0,0.0,0.0342,1.0,0.3001,37.4868,0.1142,1.3529,2.3904,0.5626,0.0259,1.0,0.0219,0.9424,0.0,0.2558
1747115280000,77.6475,1.0,0.0694,1.031,1.0,0.0419,1.0916,1.0,5.0691,0.9901,1.0,0.0,43.2811,0.0,20.9004,2.2988,0.9994,0.0209,1.0,0.0,0.0,0.0329,0.9998,0.2915,36.9393,0.1165,1.375,2.4293,0.5643,0.0249,1.0,0.0261,0.9425,0.0,0.2484
1747115340000,72.3141,1.0,0.0694,0.8654,1.0,0.0402,1.099,1.0,5.0873,0.9959,1.0,0.0,13.516,0.0,19.3385,2.2965,0.9996,0.0211,1.0,0.0,0.0,0.0338,1.0,0.301,34.3257,0.1183,1.6,2.5117,0.5581,0.0245,1.0,0.0313,0.9413,0.0,0.2437
1747115400000,76.6047,1.0,0.0694,1.0142,1.0,0.0462,1.047,1.0,5.07,0.9949,1.0,0.0,16.0166,0.0,19.5418,2.2868,0.9994,0.021,1.0,0.0,11.9455,0.0337,1.0,0.2942,37.8091,0.116,1.1905,2.5279,0.5845,0.0264,1.0,0.0227,0.942,0.0182,0.2449
1747115460000,73.5066,1.0,0.0694,0.8297,1.0,0.042,1.5672,1.0,5.0621,0.9818,1.0,0.0,73.5178,0.0,19.5869,2.2973,0.9997,0.021,1.0,0.0,12.0364,0.0329,1.0,0.3142,34.865,0.1145,1.5357,2.3231,0.5714,0.0259,1.0,0.0303,0.9408,0.0182,0.2745
1747115520000,76.5488,1.0,0.0694,1.134,1.0,0.0442,1.1241,1.0,5.1109,0.9827,1.0,0.0,65.1574,0.0,19.9832,2.2952,0.9997,0.021,1.0,0.0,0.0,0.034,1.0,0.3189,37.9585,0.1177,1.8333,2.4007,0.5784,0.026,1.0,0.0224,0.9413,0.0,0.2461
1747115580000,75.4746,1.0,0.0694,1.2188,1.0,0.0444,1.1513,0.9999,5.0736,0.9968,1.0,0.0,14.3675,0.0,19.0996,2.291,0.9997,0.0209,1.0,0.0,0.0,0.0328,1.0,0.3098,34.5384,0.1147,1.0,2.2548,0.5687,0.0244,1.0,0.0211,0.9441,0.0,0.2576
1747115640000,76.9116,1.0,0.0694,1.1782,1.0,0.0428,1.1005,0.9998,5.099,0.9963,1.0,0.0,14.4277,0.0,20.4226,2.2947,0.9996,0.021,1.0,0.0,14.8909,0.0339,1.0,0.3122,37.6596,0.1184,1.3077,2.3566,0.5699,0.0254,1.0,0.0232,0.9428,0.0182,0.2541
1747115700000,75.8171,1.0,0.0694,0.834,1.0,0.0449,1.1321,0.9999,5.0591,0.9798,1.0,0.0,72.8259,0.0,21.0769,2.2547,0.9995,0.0208,1.0,0.0,23.4364,0.0356,1.0,0.3267,40.7431,0.115,1.2105,2.6217,0.5691,0.0262,1.0,0.0235,0.9389,0.0364,0.2548
1747115760000,75.6013,1.0,0.0694,1.0268,1.0,0.0422,1.3692,0.9999,5.1018,0.9844,1.0,0.0,55.1742,0.0,19.3876,2.2813,0.9996,0.0208,1.0,0.0,16.4727,0.0338,1.0,0.314,37.2032,0.1201,1.7692,2.4414,0.5828,0.0264,1.0,0.0173,0.9407,0.0,0.2561
1747115820000,74.1852,1.0,0.0694,1.2323,1.0,0.0448,1.1912,0.9999,5.0766,0.9957,1.0,0.0,16.8291,0.0,19.5572,2.268,0.9996,0.0211,1.0,0.0,0.0,0.0355,1.0,0.3214,38.0051,0.1136,1.2941,2.5631,0.5764,0.0252,1.0,0.0195,0.9436,0.0182,0.2587
1747115880000,75.4538,1.0,0.0694,1.1589,1.0,0.0418,1.071,0.9999,5.1091,0.9958,1.0,0.0,20.8285,0.0,19.8797,2.2776,0.9997,0.0209,1.0,0.0,0.0,0.0339,1.0,0.3241,36.4469,0.1117,1.1538,2.2337,0.572,0.0254,1.0,0.0319,0.9423,0.0,0.2577
1747115940000,72.2189,1.0,0.0694,0.8224,1.0,0.0426,1.072,1.0,5.0855,0.9897,1.0,0.0,42.8504,0.0,19.5431,2.2529,0.9997,0.0209,1.0,0.0,13.6364,0.0346,1.0,0.3555,35.7256,0.1161,1.5,2.2175,0.5663,0.0256,1.0,0.023,0.9416,0.0182,0.244
1747116000000,74.6067,1.0,0.0694,0.9649,1.0,0.0446,1.2912,1.0,5.0927,0.995,1.0,0.0,17.4561,0.0,20.3932,2.3097,0.9996,0.0208,1.0,0.0,0.0,0.0326,1.0,0.3425,36.5335,0.1152,1.5,2.6611,0.5844,0.0261,1.0,0.0219,0.9393,0.0,0.2461
1747116060000,74.6214,1.0,0.0694,0.8378,1.0,0.0411,1.0663,0.9999,5.0866,0.9959,1.0,0.0,20.524,0.0,20.2675,2.2967,0.9997,0.021,1.0,0.0,0.0,0.0335,1.0,0.3239,35.7288,0.1166,1.3214,2.8522,0.5579,0.0247,1.0,0.0472,0.94,0.0,0.2601
1747116120000,73.5057,1.0,0.0694,0.9102,1.0,0.041,1.1066,1.0,5.0964,0.9967,1.0,0.0,14.558,0.0,19.3524,2.3103,0.9996,0.0209,1.0,0.0,12.4,0.0333,1.0,0.3144,34.4882,0.1166,2.4375,2.3718,0.5711,0.0253,1.0,0.0279,0.9443,0.0182,0.2459
1747116180000,70.8795,1.0,0.0694,1.1103,1.0,0.0413,1.0975,1.0,5.0911,0.9918,1.0,0.0,36.8685,0.0,19.0489,2.3378,0.9997,0.021,1.0,0.0,0.0,0.0342,1.0,0.3279,33.8432,0.1116,1.0,2.2649,0.5754,0.0244,1.0,0.0307,0.9437,0.0,0.2479
1747116240000,70.6295,1.0,0.0694,0.8398,1.0,0.044,1.07,0.9999,5.1136,0.9962,1.0,0.0,17.5465,0.0,19.0865,2.3036,0.9997,0.021,1.0,0.0,0.0,0.0346,1.0,0.3097,34.0779,0.1113,1.4615,2.5092,0.5824,0.0252,1.0,0.0251,0.9399,0.0,0.2396
1747116300000,74.0148,0.9998,0.0694,0.954,1.0,0.0456,1.1965,0.9999,5.0809,0.9965,1.0,0.0,14.7398,0.0,19.2995,2.2986,0.9997,0.0209,1.0,0.0,11.3636,0.0336,1.0,0.3354,35.3609,0.1122,1.375,2.789,0.5794,0.0252,1.0,0.0275,0.9437,0.0182,0.2474
1747116360000,79.3263,1.0,0.0694,0.9417,1.0,0.043,1.4879,1.0,5.0994,0.9954,1.0,0.0,14.545,0.0,21.027,2.3107,0.9993,0.0212,1.0,0.0,0.0,0.0345,0.9999,0.32,40.2308,0.1178,1.4615,2.3952,0.5768,0.0256,1.0,0.0385,0.9418,0.0,0.2536
1747116420000,73.4279,1.0,0.0694,1.0728,1.0,0.0438,1.1351,0.9999,5.0783,0.9869,1.0,0.0,60.5229,0.0,19.5657,2.2838,0.9997,0.0209,1.0,0.0,39.2909,0.0339,1.0,0.3349,35.4991,0.118,1.2083,2.4966,0.5789,0.0254,1.0,0.0277,0.9405,0.0545,0.2571
1747116480000,74.9487,1.0,0.0694,0.8864,1.0,0.0428,1.6464,1.0,5.0818,0.9808,1.0,0.0,75.7969,0.0,19.1766,2.3141,0.9997,0.0212,1.0,0.0,35.0182,0.0342,1.0,0.3285,35.1525,0.1183,1.2,2.3618,0.5804,0.0242,1.0,0.0212,0.9419,0.0545,0.26
1747116540000,75.9395,1.0,0.0694,1.0921,1.0,0.0419,1.3312,1.0,5.0884,0.9968,1.0,0.0,15.1177,0.0,20.1549,2.2936,0.9997,0.0209,1.0,0.0,40.1818,0.0344,1.0,0.3295,35.7463,0.1167,1.4,2.5194,0.5708,0.0247,1.0,0.0205,0.9405,0.0545,0.2502
1747116600000,72.9311,1.0,0.0694,0.972,1.0,0.0431,1.1131,0.9999,5.1218,0.9944,1.0,0.0,20.5831,0.0,20.1628,2.286,0.9997,0.021,1.0,0.0,14.2727,0.0348,1.0,0.3178,36.5926,0.1129,1.5,2.6047,0.5748,0.0252,1.0,0.0275,0.9445,0.0182,0.2548
1747116660000,75.5602,1.0,0.0694,0.8671,1.0,0.0445,1.1688,1.0,5.0657,0.996,1.0,0.0,17.5214,0.0,20.4113,2.2811,0.9996,0.0211,1.0,0.0,11.4182,0.0348,1.0,0.3027,37.0377,0.1175,1.6333,2.4368,0.5819,0.0259,1.0,0.0273,0.9446,0.0182,0.2491
1747116720000,73.2195,1.0,0.0694,0.8307,1.0,0.0433,1.4511,0.9999,5.0964,0.9813,1.0,0.0,73.3011,0.0,19.1388,2.2816,0.9997,0.021,1.0,0.0,53.4909,0.0353,1.0,0.3083,36.9796,0.1188,1.5625,2.1321,0.5761,0.0249,1.0,0.0175,0.9418,0.0727,0.2586
1747116780000,75.9233,1.0,0.0694,0.8289,1.0,0.041,1.4409,0.9999,5.063,0.9928,1.0,0.0,32.0869,0.0,19.6054,2.2837,0.9998,0.0209,1.0,0.0,23.7273,0.0334,1.0,0.3,35.7949,0.1206,1.6,2.4961,0.5747,0.0249,1.0,0.0335,0.9438,0.0364,0.2544
1747116840000,76.6372,1.0,0.0694,1.2438,1.0,0.0417,1.1439,0.9999,5.0863,0.9902,1.0,0.0,33.5442,0.0,19.666,2.2674,0.9995,0.0212,1.0,0.0,14.0727,0.0344,1.0,0.2878,36.6246,0.1206,1.3333,2.4582,0.5715,0.0245,1.0,0.0327,0.9402,0.0,0.2573
1747116900000,74.2759,1.0,0.0694,0.9971,1.0,0.0417,1.2687,1.0,5.0575,0.9956,1.0,0.0,16.325,0.0,19.4645,2.3081,0.9996,0.0211,1.0,0.0,0.0,0.0358,1.0,0.308,36.6046,0.1189,1.15,2.6097,0.5789,0.0252,1.0,0.0318,0.9402,0.0182,0.2592
1747116960000,73.6406,1.0,0.0694,1.0648,1.0,0.0413,1.1302,1.0,5.0909,0.9965,1.0,0.0,16.1479,0.0,20.0748,2.2954,0.9997,0.0214,1.0,0.0,45.9091,0.0334,1.0,0.3228,35.9304,0.1176,1.5385,2.4644,0.5602,0.0251,1.0,0.0207,0.9386,0.0545,0.2644
1747117020000,73.1119,1.0,0.0694,0.9789,1.0,0.0424,1.123,1.0,5.0555,0.9959,1.0,0.0,15.634,0.0,19.2636,2.2938,0.9996,0.0213,1.0,0.0,13.2545,0.0351,1.0,0.3271,34.7629,0.1181,1.2941,2.5634,0.5845,0.0247,1.0,0.0336,0.944,0.0182,0.2646
1747117080000,74.0452,1.0,0.0694,1.0118,1.0,0.0419,1.0999,1.0,5.0927,0.9852,1.0,0.0,68.7844,0.0,20.3096,2.302,0.9996,0.0214,1.0,0.0,25.3091,0.035,1.0,0.3086,36.1829,0.1178,1.375,2.3346,0.5706,0.0258,1.0,0.026,0.9426,0.0364,0.2532
1747117140000,74.2027,1.0,0.0694,0.9262,1.0,0.0408,1.1366,1.0,5.0482,0.9932,1.0,0.0,26.6228,0.0,19.9977,2.2916,0.9996,0.0212,1.0,0.0,24.6182,0.0346,1.0,0.3082,37.0773,0.1198,2.0,2.5078,0.5736,0.0259,1.0,0.0298,0.9405,0.0182,0.2482
1747117200000,74.8268,1.0,0.0694,1.027,1.0,0.0422,1.1059,1.0,5.1104,0.9966,1.0,0.0,15.8658,0.0,19.9401,2.2848,0.9997,0.0214,1.0,0.0,30.4,0.0352,1.0,0.3176,36.7646,0.1165,1.2632,2.3073,0.5813,0.0253,1.0,0.0352,0.9415,0.0545,0.2546
1747117260000,73.6663,1.0,0.0694,0.8213,1.0,0.0404,1.2625,0.9999,5.0727,0.9969,1.0,0.0,13.4967,0.0,20.1538,2.273,0.9998,0.0213,1.0,0.0,12.3636,0.0337,1.0,0.3159,34.7933,0.1196,1.6667,2.6488,0.5657,0.0244,1.0,0.0325,0.9413,0.0,0.2528
1747117320000,75.8679,1.0,0.0694,1.0645,1.0,0.0404,1.0791,0.9999,5.1009,0.9894,1.0,0.0,48.4401,0.0,20.2255,2.3158,0.9997,0.0213,1.0,0.0,12.9636,0.035,1.0,0.3108,34.942,0.119,1.8571,2.627,0.5744,0.0243,1.0,0.021,0.9451,0.0364,0.2469
1747117380000,75.1205,1.0,0.0694,1.258,1.0,0.0423,1.0907,1.0,5.0674,0.9836,1.0,0.0,64.3056,0.0,20.095,2.2977,0.9997,0.0213,1.0,0.0,11.2,0.0344,1.0,0.3167,34.2775,0.1168,0.9231,2.4426,0.5665,0.0251,1.0,0.0213,0.9438,0.0182,0.2445
1747117440000,74.7787,1.0,0.0694,1.2503,1.0,0.043,1.1358,1.0,5.0936,0.9958,1.0,0.0,16.7677,0.0,19.9255,2.2985,0.9997,0.0213,1.0,0.0,0.2727,0.0363,1.0,0.3137,35.7161,0.1202,1.3333,2.5687,0.5708,0.0256,1.0,0.0377,0.9444,0.0,0.2428
1747117500000,74.1876,1.0,0.0694,0.8801,1.0,0.0404,1.1137,0.9999,5.0821,0.9948,1.0,0.0,19.5331,0.0,19.7055,2.272,0.9996,0.0214,1.0,0.0,42.0727,0.0347,1.0,0.3171,34.207,0.12,1.6667,2.4072,0.5699,0.0257,1.0,0.0246,0.9458,0.0545,0.2617
1747117560000,77.3668,1.0,0.0694,1.064,1.0,0.0408,1.0839,1.0,5.0919,0.9964,1.0,0.0,17.9383,0.0,19.8919,2.2689,0.9996,0.0213,1.0,0.0,64.8545,0.0356,1.0,0.33,36.0183,0.1217,1.52,2.4654,0.5783,0.0258,1.0,0.019,0.9413,0.0909,0.2545
1747117620000,74.3525,1.0,0.0694,1.0993,1.0,0.0412,1.9494,0.9998,5.0564,0.9944,1.0,0.0,24.6459,0.0,19.5702,2.2805,0.9998,0.0213,1.0,0.0,14.2545,0.0366,1.0,0.3338,34.5367,0.1197,1.6471,2.2526,0.5677,0.0259,1.0,0.0339,0.9441,0.0182,0.2621
1747117680000,74.8297,1.0,0.0694,1.269,1.0,0.0427,1.4131,1.0,5.0809,0.9871,1.0,0.0,47.3131,0.0,19.907,2.2883,0.9997,0.0215,1.0,0.0,26.7636,0.0366,1.0,0.3244,35.8883,0.1199,1.25,2.6854,0.5915,0.0268,1.0,0.0217,0.9423,0.0364,0.2596
1747117740000,72.0775,1.0,0.0694,0.8371,1.0,0.0463,1.3246,1.0,5.0736,0.9841,1.0,0.0,75.5938,0.0,19.1637,2.2724,0.9998,0.0214,1.0,0.0,0.0,0.0379,1.0,0.3312,37.5596,0.1163,1.5,2.4847,0.5844,0.0263,1.0,0.0205,0.9409,0.0,0.2606
1747117800000,73.9088,1.0,0.0694,0.863,1.0,0.0413,1.1601,0.9999,5.0827,0.9968,1.0,0.0,15.8293,0.0,19.8706,2.2955,0.9997,0.0213,1.0,0.0,0.0,0.0358,1.0,0.341,35.0528,0.1198,1.6667,2.4703,0.5739,0.0251,1.0,0.0189,0.9444,0.0,0.2643
1747117860000,70.4143,1.0,0.0694,0.8948,1.0,0.0393,1.1341,0.9997,5.07,0.9969,1.0,0.0,12.923,0.0,18.713,2.2937,0.9997,0.0214,1.0,0.0,18.8364,0.0345,1.0,0.3433,32.7654,0.1163,1.7692,2.5865,0.5761,0.0248,1.0,0.0295,0.9409,0.0182,0.2612
1747117920000,77.2625,0.9998,0.0694,0.8605,1.0,0.0432,1.1903,1.0,5.0818,0.9843,1.0,0.0,67.359,0.0,20.1382,2.3094,0.9995,0.0215,1.0,0.0,0.0,0.0361,0.9999,0.3134,36.33,0.1193,1.7273,2.9536,0.5761,0.0251,1.0,0.0228,0.9408,0.0,0.2478
1747117980000,74.2414,1.0,0.0694,1.0326,1.0,0.0411,1.1397,0.9999,5.0927,0.9921,1.0,0.0,37.1412,0.0,19.4566,2.31,0.9997,0.0216,1.0,0.0,0.0,0.0369,1.0,0.3086,34.353,0.1219,1.4286,2.5042,0.5733,0.0252,1.0,0.0161,0.9423,0.0,0.2491
1747118040000,75.0834,1.0,0.0694,0.9975,1.0,0.0428,1.1637,0.9999,5.06,0.9968,1.0,0.0,15.9626,0.0,19.4759,2.3061,0.9997,0.0214,1.0,0.0,11.3636,0.0354,1.0,0.3005,35.3831,0.1212,1.4444,2.3074,0.5794,0.0255,1.0,0.0282,0.943,0.0182,0.2516
1747118100000,75.1965,1.0,0.0694,0.9576,1.0,0.042,1.1575,1.0,5.1082,0.9973,1.0,0.0,14.2904,0.0,20.0127,2.296,0.9997,0.0216,1.0,0.0,0.0,0.0366,1.0,0.2989,35.6607,0.1208,1.6667,2.5612,0.5785,0.0254,1.0,0.0201,0.9457,0.0,0.2571
1747118160000,73.2074,1.0,0.0694,0.9135,1.0,0.0419,1.1133,1.0,5.0718,0.9881,1.0,0.0,51.2047,0.0,19.7278,2.2907,0.9997,0.0215,1.0,0.0,0.0,0.0348,1.0,0.3186,35.5589,0.1199,1.5385,2.4028,0.5829,0.0259,1.0,0.0286,0.9425,0.0,0.253
1747118220000,75.4952,1.0,0.0694,1.0333,1.0,0.0442,1.1509,1.0,5.0936,0.9856,1.0,0.0,62.12,0.0,20.1085,2.2889,0.9997,0.0214,1.0,0.0,0.0,0.0351,1.0,0.3141,36.935,0.1164,1.25,2.2685,0.5868,0.0256,1.0,0.0176,0.9415,0.0,0.254
1747118280000,73.4691,1.0,0.0694,0.8776,1.0,0.0444,1.145,1.0,5.0736,0.9959,1.0,0.0,17.3522,0.0,20.1267,2.2906,0.9997,0.0216,1.0,0.0,0.0,0.0357,1.0,0.315,36.9407,0.1201,1.1111,2.2306,0.5788,0.026,1.0,0.029,0.9418,0.0,0.2571
1747118340000,73.7986,1.0,0.0694,0.9955,1.0,0.0423,1.1084,0.9999,5.1055,0.9965,1.0,0.0,16.0358,0.0,19.4054,2.3139,0.9996,0.0217,1.0,0.0,14.3818,0.0363,1.0,0.3261,35.3392,0.1188,1.6667,2.3998,0.5743,0.0247,1.0,0.0281,0.94,0.0182,0.2601
1747118400000,71.9363,1.0,0.0694,0.9927,1.0,0.0409,1.1084,0.9999,5.0492,0.9776,1.0,0.0,82.0501,0.0,19.7193,2.2964,0.9996,0.0214,1.0,0.0,0.0,0.0352,1.0,0.339,35.5724,0.1209,1.5,2.4542,0.5823,0.0259,1.0,0.0241,0.9392,0.0,0.2633
1747118460000,73.2391,1.0,0.0694,0.9499,1.0,0.046,1.1255,1.0,5.1055,0.9883,1.0,0.0,51.137,0.0,19.8769,2.2851,0.9997,0.0215,1.0,0.0,0.0,0.0373,1.0,0.3218,38.9548,0.1194,1.4643,2.6085,0.5983,0.0265,1.0,0.0152,0.9392,0.0,0.2491
1747118520000,72.48,1.0,0.0694,0.8276,1.0,0.0443,1.1456,1.0,5.0664,0.9953,1.0,0.0,18.4146,0.0,20.1481,2.2784,0.9997,0.0215,1.0,0.0,0.0,0.0354,1.0,0.3293,36.9031,0.1179,1.25,2.4756,0.5817,0.0265,1.0,0.0192,0.9435,0.0,0.2681
1747118580000,71.143,1.0,0.0694,0.8241,1.0,0.0448,1.1509,0.9999,5.09,0.9939,1.0,0.0,25.4572,0.0,19.8976,2.2961,0.9997,0.0216,1.0,0.0,0.0,0.0346,1.0,0.3245,37.3198,0.1227,1.25,2.4705,0.5776,0.0265,1.0,0.0246,0.9408,0.0,0.2642
1747118640000,74.5977,1.0,0.0694,1.1682,1.0,0.0439,1.1149,0.9999,5.0764,0.9885,1.0,0.0,41.7491,0.0,19.66,2.305,0.9997,0.0215,1.0,0.0,0.0,0.0363,1.0,0.3466,35.8041,0.1184,1.3,2.4809,0.5794,0.0259,1.0,0.0154,0.9445,0.0,0.2689
1747118700000,72.276,1.0,0.0694,1.0448,1.0,0.0411,1.1047,0.9999,5.1,0.996,1.0,0.0,17.1764,0.0,19.9344,2.2937,0.9998,0.0215,1.0,0.0,0.0,0.0364,1.0,0.3354,36.5302,0.1193,1.2105,2.6874,0.5691,0.0267,1.0,0.0278,0.9411,0.0,0.2638
1747118760000,72.5005,1.0,0.0694,1.0446,1.0,0.0427,1.0944,1.0,5.0527,0.9952,1.0,0.0,20.4584,0.0,19.2103,2.3017,0.9997,0.0216,1.0,0.0,0.0,0.0367,1.0,0.3336,34.6311,0.1197,1.5556,2.5177,0.5794,0.0254,1.0,0.0254,0.9427,0.0,0.2613
1747118820000,72.4328,1.0,0.0694,1.038,1.0,0.0464,1.1273,0.9999,5.1149,0.9944,1.0,0.0,20.0393,0.0,20.0925,2.3016,0.9996,0.0217,1.0,0.0,0.0,0.0378,1.0,0.3171,36.8222,0.1176,1.4667,2.3896,0.5856,0.0263,1.0,0.0345,0.9391,0.0,0.2589
1747118880000,70.2147,1.0,0.0694,0.9578,1.0,0.0441,1.101,1.0,5.0793,0.9817,1.0,0.0,66.7737,0.0,19.5774,2.3068,0.9996,0.0216,1.0,0.0,0.0,0.0383,1.0,0.3363,36.6557,0.1204,1.6,2.7865,0.5808,0.026,1.0,0.02,0.9417,0.0,0.2696
1747118940000,73.0551,1.0,0.0694,0.9452,1.0,0.0445,1.1253,1.0,5.1196,0.9942,1.0,0.0,24.7763,0.0,19.8329,2.2663,0.9997,0.0218,1.0,0.0,0.0,0.0382,1.0,0.343,35.9656,0.1188,1.2222,2.3547,0.5783,0.026,1.0,0.0173,0.9417,0.0,0.2646
1747119000000,72.8365,1.0,0.0694,1.0368,1.0,0.045,1.1577,0.9999,5.0882,0.9954,1.0,0.0,17.5714,0.0,19.2654,2.3113,0.9997,0.0218,1.0,0.0,0.0,0.0375,1.0,0.3596,35.4214,0.1202,1.7143,2.5999,0.5765,0.026,1.0,0.029,0.9384,0.0,0.2649
1747119060000,70.0792,1.0,0.0694,0.8248,1.0,0.0462,1.1116,1.0,5.1064,0.9958,1.0,0.0,17.7599,0.0,19.5786,2.2923,0.9995,0.0217,1.0,0.0,13.5818,0.038,1.0,0.3471,37.7971,0.1199,1.6429,2.364,0.5881,0.0263,1.0,0.0253,0.9393,0.0,0.267
1747119120000,71.6146,1.0,0.0694,0.9754,1.0,0.0446,1.0889,1.0,5.0782,0.986,1.0,0.0,58.9934,0.0,19.6978,2.2869,0.9996,0.0218,1.0,0.0,0.0,0.0371,1.0,0.3498,37.0221,0.1222,1.2143,2.5393,0.5793,0.0263,1.0,0.018,0.9354,0.0182,0.2693
1747119180000,70.4482,1.0,0.0694,1.0984,1.0,0.044,1.0967,1.0,5.0864,0.9823,1.0,0.0,76.8166,0.0,19.5775,2.2622,0.9997,0.0218,1.0,0.0,0.0,0.0371,1.0,0.334,36.4747,0.1216,1.3,2.541,0.5752,0.0268,1.0,0.0191,0.9399,0.0,0.2611
1747119240000,72.5405,1.0,0.0694,1.1577,1.0,0.0464,1.1254,1.0,5.0645,0.996,1.0,0.0,18.8783,0.0,19.9247,2.2735,0.9997,0.0218,1.0,0.0,0.0,0.0383,1.0,0.319,38.0235,0.1159,1.6667,2.4417,0.5838,0.0261,1.0,0.0199,0.9418,0.0,0.2565
1747119300000,73.6737,1.0,0.0694,0.9776,1.0,0.0421,1.1647,0.9999,5.0891,0.9943,1.0,0.0,25.3167,0.0,20.0824,2.251,0.9997,0.0218,1.0,0.0,0.0,0.0367,1.0,0.328,37.3441,0.1227,1.4667,2.6477,0.5828,0.026,1.0,0.0214,0.9426,0.0,0.273
1747119360000,71.7756,1.0,0.0694,1.0188,1.0,0.0428,1.1273,0.9999,5.0782,0.9958,1.0,0.0,18.5476,0.0,19.6128,2.2626,0.9997,0.0217,1.0,0.0,0.0,0.0378,1.0,0.3279,34.9248,0.1224,2.2222,2.3239,0.5796,0.0262,1.0,0.0201,0.9393,0.0,0.2633
1747119420000,73.0846,1.0,0.0694,0.959,1.0,0.0455,1.0784,1.0,5.0936,0.9945,1.0,0.0,25.6738,0.0,19.9262,2.2998,0.9996,0.0219,1.0,0.0,0.0,0.0388,1.0,0.3161,38.8487,0.1241,1.65,2.5931,0.587,0.0274,1.0,0.0164,0.9402,0.0,0.2663
1747119480000,75.6244,1.0,0.0694,1.2529,1.0,0.0449,1.1494,0.9999,5.0518,0.9864,1.0,0.0,54.3119,0.0,20.1857,2.3022,0.9996,0.022,1.0,0.0,0.0,0.038,1.0,0.3355,38.0463,0.1264,2.4286,2.5347,0.5757,0.0265,1.0,0.0259,0.9393,0.0,0.2731
1747119540000,72.4029,1.0,0.0694,0.9205,1.0,0.045,1.0865,1.0,5.0956,0.9843,1.0,0.0,74.4552,0.0,19.9007,2.2694,0.9997,0.0221,1.0,0.0,0.0,0.0386,1.0,0.3242,37.1352,0.1249,1.6,2.7442,0.5841,0.0271,1.0,0.0288,0.9387,0.0,0.2655
1747119600000,70.0319,1.0,0.0694,0.8649,1.0,0.0434,1.1915,1.0,5.0668,0.9936,1.0,0.0,19.3268,0.0,19.9397,2.3071,0.9997,0.0219,1.0,0.0,0.0,0.0398,1.0,0.3183,36.1324,0.1298,1.4444,2.5126,0.5767,0.0269,1.0,0.0209,0.9399,0.0,0.2656
1747119660000,72.3839,1.0,0.0694,0.9092,1.0,0.0424,1.1592,0.9999,5.0845,0.9959,1.0,0.0,16.6482,0.0,19.4223,2.3123,0.9996,0.0219,1.0,0.0,0.0,0.0382,1.0,0.313,36.9434,0.1261,1.4615,2.3634,0.5895,0.0263,1.0,0.0318,0.9396,0.0,0.2671
1747119720000,73.2449,1.0,0.0694,0.8641,1.0,0.0455,1.1793,0.9999,5.0492,0.9813,1.0,0.0,73.0446,0.0,19.871,2.3169,0.9997,0.0219,1.0,0.0,0.0,0.0383,1.0,0.331,37.6088,0.1206,1.5238,2.3173,0.5822,0.0263,1.0,0.029,0.9397,0.0,0.2732
1747119780000,70.7954,1.0,0.0694,0.8848,1.0,0.0487,1.1613,0.9999,5.0958,0.9885,1.0,0.0,48.0711,0.0,20.2379,2.3125,0.9997,0.022,1.0,0.0,0.0,0.0396,1.0,0.345,37.1949,0.121,1.4,2.6805,0.5851,0.0273,1.0,0.0195,0.9416,0.0,0.2571
1747119840000,70.6788,1.0,0.0694,1.0662,1.0,0.0461,1.106,1.0,5.0536,0.996,1.0,0.0,18.9342,0.0,19.6778,2.2891,0.9998,0.0219,1.0,0.0,0.0,0.0395,1.0,0.3408,37.3072,0.1224,2.0,2.5408,0.5874,0.0268,1.0,0.0396,0.9372,0.0,0.2712
1747119900000,71.5465,1.0,0.0694,0.9208,1.0,0.0425,1.1391,0.9999,5.09,0.9963,1.0,0.0,16.4441,0.0,20.2369,2.3108,0.9998,0.0219,1.0,0.0,0.0,0.0369,1.0,0.3353,35.0758,0.1291,1.1333,2.4819,0.5835,0.0266,1.0,0.0256,0.942,0.0,0.2706
1747119960000,71.5745,1.0,0.0694,0.8709,1.0,0.042,1.1882,0.9999,5.0555,0.9868,1.0,0.0,54.6984,0.0,19.8488,2.3052,0.9997,0.022,1.0,0.0,0.0,0.0374,1.0,0.3579,35.3621,0.1268,1.7027,2.5289,0.5677,0.0259,1.0,0.0361,0.9425,0.0,0.2652
1747120020000,75.858,1.0,0.0694,0.9831,1.0,0.0458,1.1127,0.9999,5.0803,0.9861,1.0,0.0,63.4896,0.0,20.1247,2.2961,0.9996,0.0221,1.0,0.0,0.0,0.0389,1.0,0.3545,38.5162,0.1265,2.0556,2.6422,0.5706,0.0271,1.0,0.0239,0.9396,0.0,0.2566
1747120080000,74.4902,1.0,0.0694,0.9713,1.0,0.0431,1.1429,1.0,5.0645,0.9956,1.0,0.0,18.4734,0.0,19.4885,2.283,0.9997,0.0223,1.0,0.0,0.0,0.0379,1.0,0.3393,36.43,0.1244,1.75,2.461,0.5961,0.0262,1.0,0.0249,0.9393,0.0,0.2709
1747120140000,74.6359,1.0,0.0694,0.9928,1.0,0.0427,1.1736,1.0,5.0927,0.9959,1.0,0.0,18.1269,0.0,19.7434,2.2698,0.9997,0.0224,1.0,0.0,0.0,0.0389,1.0,0.3426,36.4106,0.1274,2.8889,2.4687,0.5842,0.0255,1.0,0.0273,0.9399,0.0,0.2756
1747120200000,73.9252,1.0,0.0694,0.9318,1.0,0.0455,1.1106,0.9999,5.0591,0.9789,1.0,0.0,88.5434,0.0,20.5392,2.2941,0.9997,0.0222,1.0,0.0,11.7273,0.0379,1.0,0.331,36.536,0.1286,1.0667,2.5675,0.5861,0.0264,1.0,0.0349,0.9419,0.0182,0.2713
1747120260000,73.3933,1.0,0.0694,0.9068,1.0,0.0441,1.1659,1.0,5.0991,0.991,1.0,0.0,49.5951,0.0,19.303,2.288,0.9997,0.0222,1.0,0.0,0.3818,0.0374,1.0,0.3425,34.5096,0.1325,1.3448,2.4197,0.5704,0.0273,1.0,0.0209,0.9376,0.0,0.2721
1747120320000,70.4241,1.0,0.0694,0.8191,1.0,0.0434,1.1687,1.0,5.0755,0.9963,1.0,0.0,18.364,0.0,19.3975,2.2959,0.9997,0.0221,1.0,0.0,11.6727,0.0386,1.0,0.3455,35.3457,0.1248,1.25,2.448,0.5778,0.0263,1.0,0.0319,0.9385,0.0182,0.2705
1747120380000,72.2418,1.0,0.0694,0.8201,1.0,0.0438,1.1397,0.9999,5.0803,0.9943,1.0,0.0,28.2038,0.0,20.063,2.2969,0.9997,0.0224,1.0,0.0,0.0,0.0388,1.0,0.3323,38.4192,0.1274,1.5714,2.3698,0.5732,0.0283,1.0,0.0274,0.9399,0.0,0.2716
1747120440000,73.3144,1.0,0.0694,1.1185,1.0,0.0456,1.0901,1.0,5.0782,0.9881,1.0,0.0,44.8746,0.0,20.3221,2.2939,0.9997,0.0225,1.0,0.0,0.0,0.0387,1.0,0.3419,37.6715,0.13,1.0625,2.531,0.5786,0.0286,1.0,0.0313,0.9419,0.0,0.2722
1747120500000,74.4017,1.0,0.0694,1.108,1.0,0.0412,1.1015,1.0,5.0982,0.9951,1.0,0.0,17.7829,0.0,19.2331,2.3133,0.9996,0.0223,1.0,0.0,0.0,0.0379,1.0,0.3524,35.1863,0.1331,1.6154,2.4896,0.5722,0.0271,1.0,0.0289,0.9415,0.0,0.2795
1747120560000,72.9115,1.0,0.0694,0.9698,1.0,0.0421,1.0614,0.9999,5.0436,0.9949,1.0,0.0,25.4964,0.0,19.8119,2.3026,0.9997,0.0223,1.0,0.0,26.1636,0.0392,1.0,0.3728,36.453,0.1329,1.3929,2.5386,0.5756,0.0278,1.0,0.0389,0.9442,0.0364,0.276
1747120620000,74.3669,1.0,0.0694,0.9421,1.0,0.0454,1.5682,0.9999,5.0867,0.995,1.0,0.0,21.2878,0.0,20.2863,2.3268,0.9996,0.0227,1.0,0.0,0.0,0.0387,0.9999,0.3584,37.5162,0.1289,1.7273,2.6054,0.579,0.0277,1.0,0.0278,0.9403,0.0,0.2827
1747120680000,73.6228,1.0,0.0694,0.9713,1.0,0.0439,1.2011,1.0,5.0645,0.9834,1.0,0.0,68.7879,0.0,19.9695,2.3047,0.9997,0.0225,1.0,0.0,16.6182,0.0396,1.0,0.355,35.8768,0.1261,1.0,2.5893,0.5854,0.0269,1.0,0.0257,0.9414,0.0182,0.2743
1747120740000,73.2884,1.0,0.0694,0.9233,1.0,0.0444,1.3313,1.0,5.0864,0.9937,1.0,0.0,26.1716,0.0,20.3099,2.283,0.9996,0.0225,1.0,0.0,0.0,0.0381,1.0,0.3413,36.0558,0.1295,1.8,2.5487,0.5803,0.0277,1.0,0.0266,0.9416,0.0,0.2668
1747120800000,72.7058,1.0,0.0694,0.9888,1.0,0.0444,1.1175,0.9999,5.07,0.9949,1.0,0.0,21.3123,0.0,20.0525,2.3034,0.9996,0.0225,1.0,0.0,12.8909,0.0393,1.0,0.3474,36.918,0.1321,2.0769,2.4561,0.5835,0.0271,1.0,0.0193,0.9394,0.0182,0.2767
1747120860000,73.855,1.0,0.0694,0.8257,1.0,0.0456,1.587,0.9998,5.06,0.9952,1.0,0.0,20.077,0.0,20.6363,2.3246,0.9996,0.0227,1.0,0.0,0.3455,0.0411,1.0,0.3608,37.9734,0.1305,1.96,2.7522,0.5823,0.0282,1.0,0.0363,0.9405,0.0,0.2871
1747120920000,72.3273,1.0,0.0694,0.9988,1.0,0.0459,1.1513,1.0,5.07,0.9853,1.0,0.0,57.8223,0.0,20.1444,2.3291,0.9996,0.0228,1.0,0.0,26.0909,0.0398,1.0,0.3455,35.6248,0.1319,1.2609,2.3204,0.5792,0.0275,1.0,0.024,0.941,0.0364,0.2771
1747120980000,72.2302,1.0,0.0694,1.1068,1.0,0.0449,1.0941,1.0,5.0885,0.9832,1.0,0.0,69.5043,0.0,20.2319,2.3375,0.9997,0.0225,1.0,0.0,0.0,0.0398,1.0,0.3605,36.0452,0.1302,1.25,2.5008,0.5721,0.0272,1.0,0.023,0.9395,0.0,0.2782
1747121040000,74.8003,1.0,0.0694,1.1585,1.0,0.0429,1.1163,1.0,5.0736,0.9957,1.0,0.0,19.7806,0.0,20.1315,2.313,0.9998,0.0227,1.0,0.0,0.0,0.0402,1.0,0.3457,36.8717,0.1308,1.1818,2.4259,0.5754,0.0272,1.0,0.0313,0.9405,0.0,0.2736
1747121100000,75.4559,1.0,0.0694,1.0593,1.0,0.0406,1.1807,1.0,5.0873,0.9941,1.0,0.0,27.3788,0.0,20.4574,2.3177,0.9996,0.023,1.0,0.0,0.0,0.0402,1.0,0.3611,36.1113,0.1382,1.4118,2.5177,0.5746,0.0272,1.0,0.023,0.9433,0.0,0.2815
1747121160000,73.7953,1.0,0.0694,0.9923,1.0,0.0461,1.1072,0.9999,5.0747,0.9953,1.0,0.0,24.2865,0.0,20.4962,2.3421,0.9997,0.0227,1.0,0.0,0.0,0.0421,1.0,0.3686,38.3212,0.1333,1.6,2.5235,0.5891,0.0273,1.0,0.0185,0.9371,0.0,0.2778
1747121220000,71.8229,1.0,0.0694,1.0486,1.0,0.0465,1.1358,1.0,5.0855,0.9936,1.0,0.0,26.696,0.0,20.0009,2.319,0.9996,0.0226,1.0,0.0,14.2364,0.0416,1.0,0.3645,36.1463,0.1263,1.5,2.4874,0.5875,0.0273,1.0,0.0169,0.9418,0.0182,0.2825
1747121280000,72.9343,1.0,0.0694,1.2427,1.0,0.0449,1.3309,1.0,5.0736,0.9897,1.0,0.0,51.108,0.0,19.519,2.3062,0.9998,0.0229,1.0,0.0,24.8545,0.0414,1.0,0.3537,37.8239,0.1331,1.2727,2.6657,0.5832,0.0277,1.0,0.0186,0.9399,0.0364,0.278
1747121340000,71.4464,1.0,0.0694,0.8843,1.0,0.0454,1.3281,0.9999,5.0864,0.9821,1.0,0.0,69.4101,0.0,20.1209,2.287,0.9997,0.0227,1.0,0.0,13.4727,0.0434,1.0,0.3593,37.5592,0.1306,1.3333,2.7202,0.5892,0.0275,1.0,0.0229,0.9358,0.0182,0.2751
1747121400000,71.9426,1.0,0.0694,0.8686,1.0,0.0398,1.2389,1.0,5.0845,0.9785,1.0,0.0,78.8919,0.0,19.992,2.2917,0.9996,0.0231,1.0,0.0,25.0182,0.0407,1.0,0.382,35.4575,0.141,1.2308,2.4797,0.5749,0.0268,1.0,0.0236,0.9427,0.0364,0.2709
1747121460000,71.9764,1.0,0.0694,0.879,1.0,0.0424,1.1461,0.9999,5.0882,0.9796,1.0,0.0,82.5073,0.0,19.5966,2.2957,0.9996,0.0229,1.0,0.0,0.0,0.0413,1.0,0.3768,36.0314,0.1331,1.2647,2.4481,0.5789,0.0274,1.0,0.0213,0.9396,0.0,0.2698
1747121520000,74.4406,1.0,0.0694,0.8671,1.0,0.0427,1.1645,1.0,5.0845,0.9794,1.0,0.0,84.8351,0.0,19.4021,2.3299,0.9996,0.0229,1.0,0.0,0.0,0.0404,1.0,0.3553,34.4774,0.1346,1.3846,2.6863,0.5841,0.027,1.0,0.0223,0.942,0.0,0.266
1747121580000,73.3478,1.0,0.0694,0.9191,1.0,0.0403,1.074,1.0,5.1,0.9796,1.0,0.0,82.9506,0.0,20.1426,2.3292,0.9996,0.0232,1.0,0.0,12.7636,0.0404,1.0,0.3551,36.0953,0.131,1.2857,2.4743,0.5766,0.0268,1.0,0.0364,0.9411,0.0182,0.2723
1747121640000,73.6755,1.0,0.0694,1.0493,1.0,0.0424,1.3883,0.9999,5.0691,0.9794,1.0,0.0,87.7842,0.0,20.2984,2.3066,0.9997,0.023,1.0,0.0,13.0364,0.0412,1.0,0.3671,37.2477,0.1373,1.625,2.4501,0.5735,0.0284,1.0,0.0292,0.9409,0.0182,0.2759
1747121700000,74.262,1.0,0.0694,0.9291,1.0,0.0433,1.2897,0.9999,5.0891,0.9826,1.0,0.0,83.8796,0.0,20.0469,2.2871,0.9997,0.023,1.0,0.0,40.0182,0.0412,1.0,0.3848,35.9309,0.1379,1.5294,2.5598,0.5915,0.0274,1.0,0.033,0.9373,0.0545,0.2795
1747121760000,71.9507,1.0,0.0694,0.8734,1.0,0.0411,1.2866,0.9999,5.0582,0.9789,1.0,0.0,88.7852,0.0,20.0871,2.3181,0.9997,0.0231,1.0,0.0,19.3091,0.0418,1.0,0.3699,36.0679,0.14,1.7,2.5015,0.5805,0.0277,1.0,0.0249,0.9398,0.0,0.284
1747121820000,71.3631,1.0,0.0694,0.9622,1.0,0.0443,1.1481,1.0,5.0964,0.9819,1.0,0.0,85.7561,0.0,19.8781,2.2969,0.9997,0.023,1.0,0.0,29.1091,0.0425,1.0,0.3665,35.5636,0.1343,2.1,2.4149,0.5732,0.0273,1.0,0.0135,0.9373,0.0545,0.2789
1747121880000,72.7165,1.0,0.0694,0.9883,1.0,0.044,1.779,0.9998,5.0536,0.9791,1.0,0.0,85.6413,0.0,19.5453,2.2844,0.9997,0.023,1.0,0.0,37.8,0.0411,1.0,0.369,36.2119,0.1369,1.625,2.679,0.5815,0.0273,1.0,0.0299,0.9389,0.0545,0.2761
1747121940000,70.2256,1.0,0.0694,0.9412,1.0,0.0445,1.105,1.0,5.0836,0.9839,1.0,0.0,84.2417,0.0,19.9163,2.2712,0.9998,0.0231,1.0,0.0,0.2909,0.04,1.0,0.3747,34.3137,0.133,1.4615,2.6092,0.574,0.0275,1.0,0.0294,0.9387,0.0,0.2731
1747122000000,73.3884,1.0,0.0694,0.9287,1.0,0.0459,1.116,1.0,5.0527,0.9782,1.0,0.0,86.4423,0.0,20.1186,2.2761,0.9996,0.0236,1.0,0.0,12.4909,0.0429,1.0,0.3626,36.4455,0.1342,1.2381,2.6363,0.5752,0.0281,1.0,0.0178,0.9397,0.0182,0.2666
1747122060000,71.033,0.9999,0.0694,0.9065,1.0,0.043,1.1127,0.9999,5.0991,0.9832,1.0,0.0,84.1402,0.0,19.3387,2.2936,0.9997,0.023,1.0,0.0,57.3818,0.0419,1.0,0.3761,36.5168,0.1372,1.7407,2.5372,0.5832,0.0285,1.0,0.0321,0.9359,0.0727,0.273
1747122120000,70.9449,1.0,0.0694,0.8243,1.0,0.0445,1.1526,0.9999,5.0482,0.9871,1.0,0.0,76.161,0.0,18.8417,2.3012,0.9997,0.0234,1.0,0.0,38.5091,0.0428,1.0,0.3494,35.8672,0.1387,1.3333,2.6019,0.5871,0.0285,1.0,0.0297,0.9379,0.0545,0.2879
1747122180000,70.6617,1.0,0.0694,0.8166,1.0,0.0449,1.4121,1.0,5.0673,0.9817,1.0,0.0,86.6284,0.0,19.5421,2.2812,0.9997,0.0234,1.0,0.0,0.3091,0.0418,1.0,0.3612,35.6203,0.1381,1.2857,2.6078,0.5716,0.0279,1.0,0.0237,0.9382,0.0,0.2918
1747122240000,72.1736,1.0,0.0694,1.0937,1.0,0.0456,1.1156,1.0,5.0791,0.9777,1.0,0.0,90.6493,0.0,20.0428,2.2967,0.9997,0.0232,1.0,0.0,26.0909,0.0405,1.0,0.3479,37.7981,0.1365,1.3333,2.7085,0.5942,0.0274,1.0,0.0171,0.9384,0.0364,0.2732
1747122300000,76.2782,0.9999,0.0694,1.1151,1.0,0.0453,1.3001,1.0,5.1191,0.9796,1.0,0.0,91.6256,0.0,20.7427,2.3126,0.9994,0.0234,1.0,0.0,0.3273,0.0442,1.0,0.3515,40.6369,0.141,1.2222,2.7424,0.5837,0.0293,1.0,0.0254,0.9382,0.0,0.2836
1747122360000,70.7289,1.0,0.0694,0.9576,1.0,0.045,1.1375,0.9999,5.0827,0.9806,1.0,0.0,84.4648,0.0,19.4138,2.3192,0.9997,0.0234,1.0,0.0,26.0182,0.0431,1.0,0.3522,36.8858,0.134,1.5313,2.4667,0.5871,0.0289,1.0,0.0301,0.9384,0.0364,0.2839
1747122420000,75.5444,1.0,0.0694,1.0381,1.0,0.0455,1.1633,0.9999,5.1127,0.9751,1.0,0.0,97.014,0.0,20.9446,2.322,0.9996,0.0233,1.0,0.0,26.4,0.0422,1.0,0.343,39.4222,0.1416,1.4,2.5954,0.5817,0.0285,1.0,0.0221,0.9391,0.0364,0.2813
1747122480000,73.8673,1.0,0.0694,0.9734,1.0,0.0441,1.1772,1.0,4.9729,0.979,1.0,0.0,92.9044,0.0,20.3606,2.3464,0.9996,0.0233,1.0,0.0,8.7455,0.0431,1.0,0.3684,37.4274,0.1439,1.3636,2.4587,0.5763,0.0276,1.0,0.047,0.9372,0.0182,0.2883
1747122540000,71.482,1.0,0.0694,0.9093,1.0,0.0448,1.1057,1.0,5.0782,0.9778,1.0,0.0,92.7871,0.0,20.3805,2.3114,0.9997,0.0235,1.0,0.0,24.0909,0.0437,1.0,0.3618,38.4392,0.139,2.4444,2.5767,0.5841,0.0288,1.0,0.0276,0.9401,0.0364,0.2841
1747122600000,71.4215,1.0,0.0694,0.9929,1.0,0.0473,1.1314,1.0,5.0564,0.9797,1.0,0.0,92.7318,0.0,19.7356,2.3428,0.9997,0.0232,1.0,0.0,42.4727,0.0442,1.0,0.3704,38.648,0.1384,1.4375,2.6471,0.6007,0.0286,1.0,0.0212,0.9355,0.0545,0.2866
1747122660000,70.5589,1.0,0.0694,0.8786,1.0,0.045,1.3367,1.0,5.0755,0.9808,1.0,0.0,92.0374,0.0,19.6059,2.3071,0.9997,0.0234,1.0,0.0,55.6909,0.0445,1.0,0.3828,36.2588,0.1416,1.3611,2.5061,0.5863,0.0284,1.0,0.0263,0.9382,0.0727,0.2963
1747122720000,72.555,1.0,0.0694,0.967,1.0,0.0461,1.1592,1.0,5.0418,0.9815,1.0,0.0,89.8879,0.0,20.1631,2.3098,0.9995,0.0235,1.0,0.0,0.3091,0.0442,0.9999,0.3806,37.9783,0.1355,1.5625,2.4566,0.5773,0.0275,1.0,0.0237,0.9396,0.0,0.2829
1747122780000,72.5441,1.0,0.0694,1.102,1.0,0.0453,1.1841,1.0,5.0818,0.9794,1.0,0.0,91.9065,0.0,20.2088,2.2866,0.9996,0.0236,1.0,0.0,28.1818,0.0439,1.0,0.3816,38.1428,0.1386,1.2222,2.5025,0.5951,0.0278,1.0,0.0227,0.9375,0.0364,0.2842
1747122840000,72.6749,1.0,0.0694,1.1373,1.0,0.0447,1.4419,1.0,5.0518,0.9804,1.0,0.0,87.9759,0.0,19.6588,2.3207,0.9997,0.0236,1.0,0.0,0.0,0.0458,1.0,0.385,36.3737,0.1455,1.5,2.3806,0.5752,0.0292,1.0,0.0253,0.9381,0.0,0.2827
1747122900000,71.9809,1.0,0.0694,1.0378,1.0,0.0455,1.1564,1.0,5.0464,0.9815,1.0,0.0,83.2171,0.0,19.6172,2.3314,0.9997,0.0237,1.0,0.0,0.0,0.0435,1.0,0.3727,37.3286,0.1427,1.7857,2.3832,0.6001,0.0287,1.0,0.0182,0.9364,0.0,0.2827
1747122960000,69.7891,1.0,0.0694,0.9424,1.0,0.0449,1.1814,1.0,5.0609,0.9854,1.0,0.0,74.9626,0.0,19.1883,2.3083,0.9997,0.0239,1.0,0.0,17.2545,0.0447,1.0,0.3711,35.0877,0.1403,1.7143,2.5517,0.5767,0.0285,1.0,0.0286,0.9377,0.0182,0.2993
1747123020000,71.1313,1.0,0.0694,1.0238,1.0,0.0459,1.2829,1.0,5.0691,0.9789,1.0,0.0,90.1275,0.0,19.9671,2.3055,0.9996,0.0239,1.0,0.0,0.0,0.0457,1.0,0.3526,36.6027,0.136,1.25,2.4054,0.5818,0.0288,1.0,0.0214,0.9354,0.0,0.2881
1747123080000,74.2327,1.0,0.0694,1.1155,1.0,0.0454,1.1991,0.9999,5.0609,0.9765,1.0,0.0,94.9971,0.0,20.3875,2.3087,0.9996,0.0239,1.0,0.0,9.6727,0.0448,1.0,0.3406,39.0964,0.1408,1.0,2.4682,0.5815,0.0293,1.0,0.0225,0.9354,0.0,0.2905
1747123140000,72.7652,1.0,0.0694,0.9544,1.0,0.0454,1.1326,1.0,5.0755,0.9831,1.0,0.0,90.3518,0.0,19.709,2.3166,0.9998,0.0238,1.0,0.0,0.0,0.0467,1.0,0.384,37.7952,0.1404,1.5556,2.4883,0.5954,0.0287,1.0,0.0229,0.9366,0.0182,0.2939
1747123200000,68.8909,1.0,0.0694,0.8409,1.0,0.046,1.1527,0.9999,5.0564,0.967,1.0,0.0,93.2351,0.0,19.8544,2.3592,0.9996,0.024,1.0,0.0,0.0,0.0446,1.0,0.3782,38.0677,0.1436,1.5625,2.6406,0.5988,0.0291,1.0,0.0281,0.936,0.0,0.2946
1747123260000,70.6232,1.0,0.0694,0.9414,1.0,0.0445,1.1917,1.0,5.0649,0.9812,1.0,0.0,88.1314,0.0,19.7063,2.3434,0.9995,0.0239,1.0,0.0,0.0,0.0443,1.0,0.3906,37.0122,0.1437,2.0345,2.6676,0.5782,0.0288,1.0,0.0405,0.9368,0.0,0.3034
1747123320000,70.6175,1.0,0.0694,0.8448,1.0,0.0445,1.1169,1.0,5.0736,0.9832,1.0,0.0,81.9843,0.0,19.0169,2.3504,0.9997,0.024,1.0,0.0,0.0,0.0457,1.0,0.369,36.3813,0.1425,1.5882,2.4107,0.5861,0.0283,1.0,0.0224,0.9368,0.0,0.2873
1747123380000,72.1975,1.0,0.0694,0.9171,1.0,0.0464,1.116,0.9999,5.0809,0.9776,1.0,0.0,91.4035,0.0,19.7107,2.3355,0.9997,0.0238,1.0,0.0,0.0,0.0445,1.0,0.3676,37.4221,0.1405,1.2,2.7285,0.5911,0.0286,1.0,0.0237,0.9373,0.0,0.2842
1747123440000,73.4419,1.0,0.0694,1.0435,1.0,0.0431,1.0985,1.0,5.0867,0.9797,1.0,0.0,87.8455,0.0,19.9089,2.3394,0.9996,0.0241,1.0,0.0,15.2727,0.0465,1.0,0.3715,37.0575,0.148,1.9231,2.4096,0.5785,0.0289,1.0,0.0262,0.9404,0.0182,0.2896
1747123500000,69.2084,1.0,0.0694,0.8774,1.0,0.0449,1.1387,1.0,5.0591,0.9803,1.0,0.0,87.7179,0.0,19.8049,2.3623,0.9997,0.0239,1.0,0.0,0.0,0.0458,1.0,0.3527,37.3547,0.143,1.2381,2.4578,0.5841,0.0286,1.0,0.0318,0.9395,0.0,0.2891
1747123560000,72.2818,1.0,0.0694,0.917,1.0,0.0466,1.171,1.0,5.0573,0.9765,1.0,0.0,98.966,0.0,20.341,2.3337,0.9996,0.024,1.0,0.0,9.3455,0.0462,1.0,0.344,39.9644,0.15,1.4074,2.4387,0.604,0.0304,1.0,0.0292,0.9327,0.0182,0.2825
1747123620000,71.0788,1.0,0.0694,0.9342,1.0,0.0438,1.303,0.9999,5.0555,0.9811,1.0,0.0,82.1608,0.0,19.3936,2.3155,0.9997,0.0242,1.0,0.0,0.0,0.0456,1.0,0.355,35.536,0.1457,1.3636,2.4042,0.5828,0.029,1.0,0.0255,0.9411,0.0,0.3114
1747123680000,70.7909,1.0,0.0694,0.9931,1.0,0.0461,1.1285,0.9999,5.08,0.9798,1.0,0.0,92.9674,0.0,19.8122,2.3291,0.9997,0.024,1.0,0.0,0.0,0.0465,1.0,0.3506,37.9924,0.1461,2.0,2.41,0.5831,0.0297,1.0,0.0206,0.9383,0.0,0.2883
1747123740000,69.688,1.0,0.0694,0.9365,1.0,0.0462,1.1468,1.0,5.0736,0.9789,1.0,0.0,87.1999,0.0,19.7133,2.3222,0.9996,0.0242,1.0,0.0,0.0,0.0439,1.0,0.3675,35.3548,0.1428,1.6364,2.4339,0.5878,0.0282,1.0,0.0242,0.9358,0.0,0.296
1747123800000,70.6321,1.0,0.0694,0.9665,1.0,0.0436,1.1453,0.9999,5.0791,0.9822,1.0,0.0,89.2973,0.0,19.5929,2.3378,0.9997,0.0242,1.0,0.0,0.0,0.046,1.0,0.3805,36.7834,0.147,1.1364,2.6515,0.5969,0.0293,1.0,0.0346,0.935,0.0,0.2884
1747123860000,71.3817,0.9999,0.0694,0.9018,1.0,0.0441,1.1707,0.9999,5.0736,0.9771,1.0,0.0,92.5362,0.0,19.2495,2.3203,0.9997,0.0244,1.0,0.0,0.0,0.0449,1.0,0.4151,36.4746,0.1509,1.5517,2.4483,0.5989,0.0294,1.0,0.0252,0.9372,0.0,0.3008
1747123920000,71.0325,1.0,0.0694,0.8307,1.0,0.046,1.2151,1.0,5.0909,0.9776,1.0,0.0,96.4684,0.0,20.1047,2.3245,0.9996,0.0243,1.0,0.0,0.0,0.0476,1.0,0.3979,39.8974,0.1473,1.5333,2.3878,0.6009,0.0306,1.0,0.0193,0.936,0.0,0.2978
1747123980000,71.1326,1.0,0.0694,0.8213,1.0,0.0458,1.1252,1.0,5.0809,0.9791,1.0,0.0,93.6464,0.0,20.4748,2.3112,0.9997,0.0245,1.0,0.0,0.0,0.0469,1.0,0.3814,38.0543,0.1464,1.4,2.5806,0.5945,0.0297,1.0,0.0182,0.9375,0.0,0.3038
1747124040000,70.7556,1.0,0.0694,0.9811,1.0,0.0458,1.147,1.0,5.0958,0.9779,1.0,0.0,93.1859,0.0,20.2204,2.3021,0.9997,0.0244,1.0,0.0,0.0,0.0464,1.0,0.3774,37.4934,0.1456,1.25,2.5296,0.5879,0.0303,1.0,0.023,0.9397,0.0,0.3011
1747124100000,75.489,1.0,0.0694,1.1232,1.0,0.0461,1.1907,1.0,5.0782,0.9789,1.0,0.0,95.5199,0.0,20.8591,2.3467,0.9996,0.0243,1.0,0.0,0.0,0.0484,0.9999,0.3847,41.3951,0.1457,1.3333,2.412,0.5896,0.0303,1.0,0.0374,0.9359,0.0,0.2983
1747124160000,71.2747,1.0,0.0694,0.8691,1.0,0.0419,1.1214,0.9999,5.0809,0.9786,1.0,0.0,88.9528,0.0,20.172,2.3027,0.9996,0.0246,1.0,0.0,0.0,0.0465,1.0,0.4049,37.4892,0.1516,1.75,2.3239,0.5895,0.0301,1.0,0.0257,0.9394,0.0,0.2997
1747124220000,72.2806,1.0,0.0694,1.0246,1.0,0.0455,1.1829,1.0,5.0619,0.9785,1.0,0.0,93.2055,0.0,20.0704,2.2968,0.9997,0.0245,1.0,0.0,0.0,0.0475,1.0,0.4034,37.5497,0.1464,1.7059,2.5357,0.5975,0.0303,1.0,0.0214,0.9357,0.0,0.2932
1747124280000,71.5919,1.0,0.0694,0.948,1.0,0.0449,1.1745,1.0,5.0779,0.976,1.0,0.0,97.2864,0.0,20.1107,2.3259,0.9997,0.0245,1.0,0.0,0.0,0.0463,1.0,0.4233,38.3203,0.1472,1.3333,2.5401,0.5965,0.0295,1.0,0.0319,0.9363,0.0,0.3101
1747124340000,70.1591,0.9998,0.0694,0.9027,1.0,0.0449,1.2029,1.0,5.0855,0.9798,1.0,0.0,92.0734,0.0,20.1777,2.3222,0.9996,0.0247,1.0,0.0,0.0,0.0464,1.0,0.3954,36.853,0.1442,1.4444,2.542,0.5909,0.0295,1.0,0.0309,0.938,0.0,0.3043
1747124400000,70.2542,1.0,0.0694,0.8579,1.0,0.0438,1.1577,1.0,5.0809,0.9809,1.0,0.0,90.829,0.0,19.9283,2.3498,0.9997,0.0246,1.0,0.0,0.0,0.0464,1.0,0.4088,37.5209,0.1511,1.3333,2.4215,0.5892,0.0301,1.0,0.0467,0.937,0.0,0.2982
1747124460000,72.3369,1.0,0.0694,0.961,1.0,0.0447,1.1878,1.0,5.0718,0.982,1.0,0.0,92.0514,0.0,19.9893,2.3547,0.9997,0.0247,1.0,0.0,0.0,0.0462,1.0,0.3856,38.4971,0.1492,1.5429,2.5731,0.6026,0.0299,1.0,0.0257,0.9369,0.0,0.3045
1747124520000,72.4259,1.0,0.0694,0.8843,1.0,0.0435,1.1396,1.0,5.0791,0.9779,1.0,0.0,94.3049,0.0,20.5697,2.3164,0.9997,0.0246,1.0,0.0,0.0,0.046,1.0,0.3965,38.4492,0.1537,1.5294,2.522,0.59,0.0299,1.0,0.0345,0.9363,0.0,0.3007
1747124580000,72.4235,1.0,0.0694,1.0955,1.0,0.0435,1.1489,0.9999,5.0923,0.9773,1.0,0.0,89.5212,0.0,20.0031,2.3348,0.9996,0.0249,1.0,0.0,0.0,0.0464,1.0,0.3917,37.345,0.1561,1.2857,2.4509,0.5857,0.0305,1.0,0.0345,0.9349,0.0,0.3109
1747124640000,72.6794,1.0,0.0694,1.0947,1.0,0.0447,1.1479,0.9999,5.0831,0.9815,1.0,0.0,92.0445,0.0,19.8518,2.3534,0.9998,0.025,1.0,0.0,0.0,0.0465,1.0,0.401,37.1033,0.1549,1.0909,2.478,0.5903,0.0307,1.0,0.0437,0.9359,0.0,0.2979
1747124700000,72.5029,1.0,0.0694,1.0332,1.0,0.0441,1.1809,0.9999,5.075,0.9809,1.0,0.0,91.2797,0.0,20.0832,2.3358,0.9997,0.0249,1.0,0.0,0.0,0.0481,1.0,0.4353,36.2197,0.1566,1.2667,2.552,0.5808,0.0311,1.0,0.0348,0.9349,0.0,0.3176
1747124760000,70.0198,1.0,0.0694,0.8762,1.0,0.045,1.201,1.0,5.0813,0.9823,1.0,0.0,85.0919,0.0,19.656,2.3398,0.9997,0.0252,1.0,0.0,0.0,0.0473,1.0,0.4051,37.2224,0.1514,1.6061,2.6169,0.5862,0.0299,1.0,0.0369,0.9391,0.0,0.3031
1747124820000,71.3667,0.9999,0.0694,1.0414,1.0,0.0454,1.1706,1.0,5.084,0.98,1.0,0.0,88.5969,0.0,19.8595,2.3238,0.9996,0.0208,1.0,0.0,12.7273,0.0486,1.0,0.3924,39.5347,0.1556,1.3333,2.5735,0.5836,0.0307,1.0,0.0346,0.933,0.0182,0.3065
1747124880000,72.6394,1.0,0.0694,1.1413,1.0,0.0439,1.2674,1.0,5.0728,0.9777,1.0,0.0,94.3449,0.0,19.8847,2.3234,0.9997,0.0208,1.0,0.0,0.0,0.0471,1.0,0.4018,38.5045,0.1545,1.125,2.4156,0.5841,0.0313,1.0,0.0391,0.9321,0.0,0.3166
1747124940000,70.4191,0.9999,0.0694,1.071,1.0,0.0473,1.1711,1.0,5.0764,0.9792,1.0,0.0,97.8266,0.0,19.7061,2.3372,0.9997,0.0252,1.0,0.0,0.0,0.0506,1.0,0.3941,39.2,0.1525,1.8182,2.6312,0.5896,0.0315,1.0,0.018,0.9333,0.0,0.3097
1747125000000,71.0641,1.0,0.0694,0.8491,1.0,0.0441,1.1498,1.0,5.0849,0.9787,1.0,0.0,85.4583,0.0,20.1199,2.3454,0.9996,0.0248,1.0,0.0,0.0,0.0458,1.0,0.4065,38.1714,0.1548,1.5417,2.522,0.5909,0.0295,1.0,0.028,0.9382,0.0,0.3128
1747125060000,69.5705,1.0,0.0694,0.9194,1.0,0.0446,1.1069,1.0,5.0986,0.984,1.0,0.0,74.7034,0.0,18.9912,2.3442,0.9996,0.0249,1.0,0.0,16.0545,0.0505,1.0,0.3911,37.7981,0.1536,1.6071,2.4774,0.5986,0.0297,1.0,0.0341,0.9356,0.0182,0.3071
1747125120000,70.4608,1.0,0.0694,0.8246,1.0,0.0457,1.2367,0.9999,5.09,0.981,1.0,0.0,89.7717,0.0,20.0977,2.3174,0.9997,0.025,1.0,0.0,0.0,0.0481,1.0,0.3845,38.9449,0.155,1.4,2.5824,0.5819,0.0309,1.0,0.0247,0.9331,0.0,0.3226
1747125180000,72.1706,1.0,0.0694,0.8944,1.0,0.0456,1.2035,1.0,5.1,0.9817,1.0,0.0,88.5964,0.0,19.5757,2.3438,0.9998,0.0251,1.0,0.0,0.0,0.0495,1.0,0.3936,37.5091,0.1502,2.0,2.4216,0.5959,0.0317,1.0,0.0285,0.9371,0.0,0.3118
1747125240000,71.643,1.0,0.0694,1.02,1.0,0.0463,1.1179,1.0,5.065,0.98,1.0,0.0,87.736,0.0,19.5258,2.3242,0.9996,0.0252,1.0,0.0,0.0,0.0489,1.0,0.3899,36.6626,0.1521,1.8571,2.6274,0.5899,0.031,1.0,0.0296,0.9349,0.0,0.3061
1747125300000,68.5679,1.0,0.0694,0.8563,1.0,0.0455,1.2223,1.0,5.0991,0.981,1.0,0.0,90.9072,0.0,20.2232,2.3253,0.9996,0.0251,1.0,0.0,13.9091,0.05,1.0,0.3846,37.514,0.1546,1.25,2.4348,0.5902,0.0322,1.0,0.0188,0.9371,0.0182,0.3068
1747125360000,71.3821,1.0,0.0694,0.9297,1.0,0.0454,1.1357,1.0,5.0709,0.9769,1.0,0.0,92.1999,0.0,20.0895,2.3132,0.9996,0.0254,1.0,0.0,10.5091,0.0492,1.0,0.3709,38.4767,0.1578,2.6667,2.8352,0.5953,0.0314,1.0,0.0253,0.9335,0.0182,0.3061
1747125420000,72.2815,1.0,0.0694,0.8978,1.0,0.0422,1.2606,0.9998,5.08,0.9785,1.0,0.0,92.0303,0.0,20.4953,2.3146,0.9996,0.0251,1.0,0.0,20.4727,0.0495,1.0,0.3855,38.0014,0.163,2.0714,2.6559,0.5908,0.0321,1.0,0.038,0.937,0.0182,0.3125
1747125480000,71.4686,1.0,0.0694,0.9555,1.0,0.0449,1.2304,1.0,5.0752,0.9798,1.0,0.0,95.2287,0.0,20.114,2.3109,0.9997,0.0251,1.0,0.0,0.0,0.049,1.0,0.3811,38.9925,0.1557,1.0769,2.5219,0.5919,0.0317,1.0,0.0287,0.9347,0.0,0.3126
1747125540000,69.3757,1.0,0.0694,0.8689,1.0,0.0451,1.1893,0.9999,5.0632,0.9775,1.0,0.0,94.1126,0.0,20.0814,2.3058,0.9997,0.0254,1.0,0.0,0.0,0.0506,1.0,0.3729,38.7643,0.1566,1.2727,2.4243,0.581,0.0332,1.0,0.018,0.9321,0.0,0.3117
1747125600000,70.9271,1.0,0.0694,0.9795,1.0,0.0455,1.1689,1.0,5.0485,0.9793,1.0,0.0,94.0286,0.0,20.2515,2.3119,0.9997,0.0252,1.0,0.0,0.0,0.0487,1.0,0.381,37.9398,0.1552,1.5,2.4313,0.5929,0.0304,1.0,0.0274,0.9363,0.0,0.3085
1747125660000,71.4633,1.0,0.0694,0.9135,1.0,0.0452,1.2747,1.0,5.0712,0.9767,1.0,0.0,93.4504,0.0,20.1224,2.3381,0.9997,0.0252,1.0,0.0,14.7273,0.0485,1.0,0.3861,37.7531,0.1579,1.5185,2.3944,0.5931,0.032,1.0,0.0244,0.9367,0.0182,0.3104
1747125720000,71.3951,1.0,0.0694,0.8357,1.0,0.0447,1.1772,0.9999,5.0411,0.9793,1.0,0.0,98.5959,0.0,20.529,2.3652,0.9997,0.0252,1.0,0.0,13.9818,0.0492,1.0,0.379,39.2539,0.1593,1.8333,2.4999,0.5956,0.0333,1.0,0.0333,0.9335,0.0182,0.3054
1747125780000,69.9854,1.0,0.0694,0.8355,1.0,0.0462,1.139,0.9999,5.072,0.9783,1.0,0.0,91.1322,0.0,20.0037,2.3559,0.9997,0.0251,1.0,0.0,0.0,0.0474,1.0,0.3774,38.1807,0.1536,1.1667,2.4629,0.5884,0.0309,1.0,0.0261,0.9331,0.0,0.3161
1747125840000,69.2827,1.0,0.0694,0.849,1.0,0.0471,1.2062,0.9999,5.041,0.9792,1.0,0.0,94.6151,0.0,20.1206,2.3731,0.9997,0.0257,1.0,0.0,0.3455,0.051,1.0,0.3882,39.2404,0.1544,1.3333,2.554,0.5959,0.0323,1.0,0.0237,0.932,0.0,0.3164
1747125900000,71.5331,0.9999,0.0694,1.1878,1.0,0.0442,1.1587,1.0,5.0982,0.9809,1.0,0.0,91.7298,0.0,20.5066,2.3381,0.9996,0.0254,1.0,0.0,12.6545,0.0475,1.0,0.3873,38.0689,0.1599,1.1875,2.6622,0.5843,0.0307,1.0,0.0302,0.9369,0.0182,0.3212
1747125960000,68.3545,1.0,0.0694,0.872,1.0,0.0446,1.1603,0.9999,5.0555,0.9768,1.0,0.0,92.2293,0.0,19.7142,2.3703,0.9997,0.0255,1.0,0.0,0.3091,0.0525,1.0,0.39,37.9063,0.1588,1.5185,2.4591,0.5911,0.032,1.0,0.0318,0.9341,0.0,0.3153
1747126020000,71.283,1.0,0.0694,1.0566,1.0,0.0458,1.2294,0.9999,5.0876,0.9795,1.0,0.0,92.9063,0.0,19.8854,2.3639,0.9998,0.0255,1.0,0.0,33.8909,0.0504,1.0,0.3707,38.5223,0.1584,1.4737,2.6865,0.6002,0.0322,1.0,0.0355,0.933,0.0545,0.3202
1747126080000,71.9916,1.0,0.0694,0.9396,1.0,0.0449,1.4618,1.0,5.0909,0.9727,1.0,0.0,95.9765,0.0,19.9728,2.3553,0.9996,0.0256,1.0,0.0,12.0364,0.0514,1.0,0.3805,38.2729,0.1622,0.6667,2.5257,0.5874,0.0318,1.0,0.0349,0.9324,0.0182,0.3231
1747126140000,73.6002,1.0,0.0694,0.958,1.0,0.0479,1.2194,1.0,5.0429,0.9774,1.0,0.0,98.2401,0.0,21.1409,2.3591,0.9996,0.0256,1.0,0.0,23.8182,0.0501,1.0,0.3904,40.8265,0.155,1.25,2.4177,0.5945,0.0323,1.0,0.0315,0.9342,0.0364,0.3299
1747126200000,73.5293,1.0,0.0694,0.8785,1.0,0.0449,1.1836,1.0,5.0824,0.979,1.0,0.0,91.8391,0.0,20.6738,2.3633,0.9995,0.0256,1.0,0.0,0.0,0.0501,0.9999,0.3952,40.6637,0.1573,2.8,2.5178,0.5986,0.0323,1.0,0.023,0.9341,0.0,0.3311
1747126260000,70.821,1.0,0.0694,0.9508,1.0,0.0437,1.2114,0.9999,5.0555,0.9791,1.0,0.0,93.1831,0.0,19.6633,2.367,0.9997,0.0258,1.0,0.0,0.0,0.0503,1.0,0.4126,39.2326,0.1633,1.3235,2.2703,0.5899,0.0319,1.0,0.0268,0.9302,0.0,0.3226
1747126320000,70.5254,0.9999,0.0694,0.8315,1.0,0.0456,1.1551,1.0,5.1007,0.9817,1.0,0.0,91.7521,0.0,20.2514,2.3517,0.9997,0.0254,1.0,0.0,0.0,0.0505,1.0,0.3925,37.6788,0.1575,1.5385,2.5569,0.5774,0.0309,1.0,0.0336,0.9343,0.0,0.3225
1747126380000,72.1672,1.0,0.0694,1.0826,1.0,0.0467,1.1479,1.0,5.0584,0.9814,1.0,0.0,97.1131,0.0,20.3161,2.3632,0.9997,0.0258,1.0,0.0,10.2909,0.0509,1.0,0.3815,39.066,0.1578,1.6667,2.5053,0.5841,0.0323,1.0,0.0237,0.9309,0.0182,0.3059
1747126440000,69.4154,1.0,0.0694,1.0854,1.0,0.046,1.3645,0.9999,5.0545,0.9793,1.0,0.0,89.8757,0.0,19.4351,2.3322,0.9997,0.0258,1.0,0.0,15.0545,0.0491,1.0,0.3899,36.4835,0.1574,1.7,2.4551,0.5871,0.032,1.0,0.0269,0.9348,0.0182,0.3229
1747126500000,69.5276,1.0,0.0694,1.105,1.0,0.0468,1.2433,0.9999,5.06,0.9801,1.0,0.0,87.702,0.0,19.5865,2.343,0.9996,0.0258,1.0,0.0,11.1091,0.0501,1.0,0.396,37.302,0.1536,1.36,2.4947,0.6089,0.0322,1.0,0.024,0.9318,0.0182,0.3109
1747126560000,69.7111,1.0,0.0694,0.8514,1.0,0.0475,1.2393,0.9999,5.0828,0.9768,1.0,0.0,93.6078,0.0,19.8674,2.3542,0.9996,0.0258,1.0,0.0,24.4,0.0503,1.0,0.3954,38.8985,0.1583,1.5517,2.4496,0.5877,0.0342,1.0,0.0151,0.933,0.0364,0.3221
1747126620000,71.5091,1.0,0.0694,1.019,1.0,0.0453,1.3079,0.9999,5.0591,0.9801,1.0,0.0,92.779,0.0,20.3383,2.3267,0.9996,0.0258,1.0,0.0,34.7273,0.0512,1.0,0.4131,39.377,0.1601,1.1333,2.5086,0.5902,0.0325,1.0,0.016,0.9299,0.0545,0.3268
1747126680000,69.6395,1.0,0.0694,1.0386,1.0,0.0441,1.1888,0.9999,5.09,0.9784,1.0,0.0,91.771,0.0,20.1299,2.3257,0.9997,0.0262,1.0,0.0,24.7455,0.0516,1.0,0.4136,36.9081,0.1623,1.6667,2.5801,0.5748,0.0321,1.0,0.0319,0.9324,0.0364,0.3222
1747126740000,71.8107,1.0,0.0694,1.0817,1.0,0.0456,1.2018,0.9999,5.0456,0.9794,1.0,0.0,94.9161,0.0,20.1991,2.3537,0.9997,0.0256,1.0,0.0,0.0,0.0526,1.0,0.3978,39.5975,0.1633,1.1538,2.3746,0.5883,0.0333,1.0,0.0177,0.9271,0.0,0.3144
1747126800000,71.2192,1.0,0.0694,0.8573,1.0,0.0453,1.1311,0.9999,5.0455,0.9746,1.0,0.0,97.0644,0.0,20.3396,2.4139,0.9997,0.0255,1.0,0.0,32.8545,0.0509,1.0,0.417,40.2775,0.1613,1.2857,2.6151,0.6054,0.0318,1.0,0.0306,0.9314,0.0182,0.3266
1747126860000,70.6665,1.0,0.0694,0.9093,1.0,0.045,1.2464,1.0,5.0855,0.9816,1.0,0.0,88.172,0.0,20.2493,2.3806,0.9997,0.0256,1.0,0.0,40.7273,0.0492,1.0,0.4246,39.0925,0.1576,1.4688,2.6843,0.5927,0.0314,1.0,0.0382,0.9303,0.0727,0.3283
1747126920000,70.3317,1.0,0.0694,0.852,1.0,0.0448,1.5913,1.0,5.0647,0.982,1.0,0.0,90.4594,0.0,19.7515,2.3789,0.9997,0.0257,1.0,0.0,47.5818,0.0534,1.0,0.4071,39.2345,0.1601,1.6667,2.3891,0.5931,0.032,1.0,0.0358,0.9309,0.0545,0.3183
1747126980000,71.0325,1.0,0.0694,0.9165,1.0,0.0449,1.178,1.0,5.0483,0.9792,1.0,0.0,93.2927,0.0,20.1158,2.3656,0.9997,0.0257,1.0,0.0,14.9636,0.0518,1.0,0.4141,38.0778,0.1632,1.5,2.5425,0.5909,0.0321,1.0,0.0316,0.9337,0.0182,0.3178
1747127040000,69.1068,1.0,0.0694,0.8723,1.0,0.0459,1.4135,0.9999,5.0849,0.9778,1.0,0.0,90.8556,0.0,19.5346,2.3149,0.9996,0.0257,1.0,0.0,0.0,0.0497,1.0,0.4169,38.1309,0.1643,1.3158,2.5343,0.5842,0.0333,1.0,0.0198,0.9342,0.0,0.3221
1747127100000,70.4145,1.0,0.0694,1.0911,1.0,0.0465,1.1982,0.9999,5.0736,0.9812,1.0,0.0,88.6947,0.0,19.4891,1.5949,0.9997,0.0261,1.0,0.0,0.0,0.0504,1.0,0.4227,36.4259,0.16,1.5,2.5742,0.5818,0.0316,1.0,0.0203,0.9372,0.0,0.3231
1747127160000,68.8942,1.0,0.0694,0.8835,1.0,0.0461,1.1349,1.0,5.0795,0.98,1.0,0.0,90.5559,0.0,19.729,1.5894,0.9996,0.0258,1.0,0.0,0.0,0.0516,1.0,0.4295,38.2614,0.1595,1.5517,2.5584,0.5918,0.0321,1.0,0.0242,0.9339,0.0,0.3132
1747127220000,71.0856,0.9998,0.0694,0.9225,1.0,0.0462,1.2029,0.9999,5.0752,0.9808,1.0,0.0,93.3443,0.0,19.9102,1.5902,0.9997,0.0256,1.0,0.0,9.7818,0.0505,1.0,0.4163,38.7098,0.1583,1.5385,2.5949,0.593,0.0327,1.0,0.0301,0.935,0.0182,0.3241
1747127280000,70.8608,1.0,0.0694,0.9915,1.0,0.0453,1.2127,1.0,5.0861,0.9838,1.0,0.0,85.4472,0.0,19.4032,1.5825,0.9997,0.026,1.0,0.0,39.3455,0.0499,1.0,0.3997,38.4514,0.1616,1.3,2.4162,0.6048,0.032,1.0,0.0305,0.9345,0.0545,0.3238
1747127340000,71.8066,1.0,0.0694,0.8963,1.0,0.0462,1.672,1.0,5.0839,0.9825,1.0,0.0,90.1946,0.0,19.6313,1.5888,0.9997,0.026,1.0,0.0,10.0727,0.0503,1.0,0.4157,38.5082,0.1609,1.5,2.3235,0.5912,0.0325,1.0,0.0272,0.9366,0.0182,0.329
1747127400000,70.7591,1.0,0.0694,1.0065,1.0,0.0457,1.3466,1.0,5.1089,0.9798,1.0,0.0,88.9077,0.0,19.7448,1.5907,0.9997,0.0259,1.0,0.0,51.2182,0.0511,1.0,0.4062,37.8746,0.1655,1.375,2.4671,0.5892,0.0324,1.0,0.0247,0.9347,0.0727,0.3319
1747127460000,70.8271,1.0,0.0694,0.9089,1.0,0.0452,1.6768,0.9999,5.0678,0.9774,1.0,0.0,93.2063,0.0,20.1466,1.5884,0.9996,0.0259,1.0,0.0,41.6,0.0519,1.0,0.4035,39.9658,0.1657,1.8519,2.3682,0.5923,0.0337,1.0,0.0318,0.9345,0.0545,0.3245
1747127520000,72.9581,1.0,0.0694,0.8299,1.0,0.0449,1.4534,1.0,5.0558,0.9836,1.0,0.0,86.1396,0.0,20.0785,1.582,0.9997,0.0259,1.0,0.0,27.1636,0.0519,1.0,0.4056,39.6671,0.1667,1.45,2.4224,0.5984,0.0337,1.0,0.0275,0.9366,0.0364,0.3305
1747127580000,72.2382,1.0,0.0694,0.82,1.0,0.0462,1.1986,0.9999,5.0823,0.9768,1.0,0.0,94.3095,0.0,20.4321,1.5781,0.9997,0.026,1.0,0.0,37.5273,0.0524,1.0,0.4366,40.0221,0.1657,1.0,2.6474,0.5983,0.033,1.0,0.0359,0.9323,0.0545,0.3356
1747127640000,69.8603,1.0,0.0694,0.8312,1.0,0.0465,1.4493,0.9999,5.0736,0.9767,1.0,0.0,94.5555,0.0,19.7847,1.5712,0.9996,0.026,1.0,0.0,0.0,0.0511,1.0,0.4217,38.4956,0.164,1.2222,2.5615,0.5962,0.0333,1.0,0.0287,0.9335,0.0,0.3283
1747127700000,71.3593,1.0,0.0694,1.1364,1.0,0.045,1.1591,1.0,5.0777,0.9785,1.0,0.0,93.6643,0.0,19.9634,1.5912,0.9996,0.0259,1.0,0.0,9.9273,0.0511,1.0,0.4495,39.4402,0.1674,1.1333,2.5846,0.5973,0.0332,1.0,0.0238,0.9351,0.0182,0.3342
1747127760000,69.7669,1.0,0.0694,0.9264,1.0,0.0459,1.2304,1.0,5.0619,0.9772,1.0,0.0,88.4347,0.0,19.8919,1.5675,0.9996,0.0263,1.0,0.0,13.9455,0.0505,1.0,0.4243,36.4876,0.1619,1.4,2.5605,0.5823,0.0323,1.0,0.0358,0.9367,0.0182,0.3339
1747127820000,71.8162,1.0,0.0694,0.9948,1.0,0.0435,1.1724,0.9999,5.0848,0.9783,1.0,0.0,89.4763,0.0,20.0776,1.571,0.9996,0.0261,1.0,0.0,9.3818,0.0494,1.0,0.4103,38.3247,0.168,1.25,2.4153,0.5843,0.0323,1.0,0.0305,0.9333,0.0182,0.3106
1747127880000,70.8,1.0,0.0694,0.9404,1.0,0.0457,1.1613,0.9999,5.0684,0.98,1.0,0.0,88.2543,0.0,19.9689,1.5787,0.9996,0.0262,1.0,0.0,0.0,0.0528,1.0,0.3825,37.8439,0.1668,1.375,2.3115,0.5724,0.0322,1.0,0.0254,0.9329,0.0,0.3221
1747127940000,70.9641,0.9998,0.0694,0.9808,1.0,0.0446,1.0918,0.9999,5.0745,0.9815,1.0,0.0,90.5333,0.0,19.983,1.5724,0.9997,0.0262,1.0,0.0,0.0,0.0514,1.0,0.3986,38.4308,0.1668,1.3,2.412,0.5761,0.0331,1.0,0.0293,0.9327,0.0,0.3143
1747128000000,71.727,1.0,0.0694,0.8915,1.0,0.0447,1.1357,1.0,5.0745,0.9811,1.0,0.0,87.2974,0.0,19.9599,1.6038,0.9997,0.0262,1.0,0.0,0.0,0.0529,1.0,0.4007,37.4438,0.1625,1.5385,2.3402,0.5925,0.0329,1.0,0.0251,0.9366,0.0,0.3183
1747128060000,71.0683,1.0,0.0694,0.9973,1.0,0.0455,1.1717,1.0,5.0573,0.9769,1.0,0.0,94.9717,0.0,19.8818,1.5791,0.9996,0.0262,1.0,0.0,13.2909,0.0507,1.0,0.426,38.3022,0.1709,1.3611,2.4628,0.5865,0.0333,1.0,0.0268,0.9335,0.0182,0.3232
1747128120000,70.4475,0.9999,0.0694,0.8206,1.0,0.0453,1.4639,0.9999,5.0727,0.9815,1.0,0.0,94.1519,0.0,20.0838,1.5876,0.9997,0.026,1.0,0.0,0.0,0.0495,1.0,0.4242,38.8406,0.1657,1.4286,2.5594,0.5814,0.0321,1.0,0.0286,0.9349,0.0,0.3291
1747128180000,69.7974,1.0,0.0694,1.0162,1.0,0.0476,1.1657,0.9999,5.0627,0.983,1.0,0.0,87.8841,0.0,19.5511,1.5889,0.9998,0.0264,1.0,0.0,0.0,0.0519,1.0,0.4448,39.401,0.1635,1.3333,2.3133,0.5954,0.033,1.0,0.0321,0.9325,0.0,0.3181
1747128240000,70.1925,1.0,0.0694,0.9931,1.0,0.0457,1.2657,1.0,5.0721,0.9856,1.0,0.0,74.7627,0.0,19.0582,1.5894,0.9998,0.0265,1.0,0.0,17.6909,0.053,1.0,0.4271,37.6083,0.1701,1.4,2.6391,0.5853,0.0334,1.0,0.0342,0.9349,0.0182,0.3216
1747128300000,70.7079,1.0,0.0694,1.1351,1.0,0.0446,1.5198,0.9999,5.0756,0.9815,1.0,0.0,92.9968,0.0,20.0996,1.5974,0.9997,0.0264,1.0,0.0,0.0,0.0521,1.0,0.4449,38.2807,0.1681,1.1053,2.4981,0.5855,0.0324,1.0,0.0275,0.9318,0.0,0.3305
1747128360000,69.961,1.0,0.0694,0.8757,1.0,0.0444,1.2461,0.9999,5.0585,0.9799,1.0,0.0,94.8758,0.0,20.1107,1.5839,0.9997,0.0263,1.0,0.0,0.0,0.0512,1.0,0.4382,38.3276,0.1709,1.5,2.4288,0.5807,0.0331,1.0,0.0342,0.9334,0.0,0.335
1747128420000,70.4309,1.0,0.0694,1.0408,1.0,0.0439,1.1741,1.0,5.0646,0.98,1.0,0.0,94.9277,0.0,19.9203,1.5871,0.9997,0.0263,1.0,0.0,0.0,0.0521,1.0,0.4359,38.8701,0.1718,1.6154,2.4448,0.5912,0.0348,1.0,0.0291,0.9334,0.0,0.3285
1747128480000,70.5275,1.0,0.0694,1.0016,1.0,0.043,1.1792,1.0,5.0739,0.9774,1.0,0.0,93.2025,0.0,20.255,1.5806,0.9997,0.0263,1.0,0.0,0.0,0.0514,1.0,0.4129,38.2858,0.1756,1.6667,2.4998,0.5845,0.036,1.0,0.0315,0.9305,0.0,0.3209
1747128540000,72.4288,1.0,0.0694,1.2251,1.0,0.0437,1.1521,0.9999,5.0838,0.9814,1.0,0.0,91.9582,0.0,19.9863,1.5974,0.9997,0.0265,1.0,0.0,0.0,0.0525,1.0,0.4096,39.814,0.178,1.8,2.1994,0.5845,0.0341,1.0,0.0217,0.9281,0.0,0.3309
1747128600000,72.0589,1.0,0.0694,0.8936,1.0,0.042,1.2166,1.0,5.0818,0.9795,1.0,0.0,85.6138,0.0,19.6018,1.6099,0.9997,0.0264,1.0,0.0,0.0,0.0503,1.0,0.4293,37.0521,0.1747,1.6,2.5735,0.5811,0.033,1.0,0.0223,0.9362,0.0,0.3334
1747128660000,71.3375,1.0,0.0694,0.8812,1.0,0.0423,1.1732,1.0,5.0683,0.9794,1.0,0.0,89.4585,0.0,19.9406,1.5746,0.9997,0.0263,1.0,0.0,0.0,0.0505,1.0,0.4295,38.3602,0.1778,1.3929,2.6011,0.5804,0.0338,1.0,0.0316,0.9336,0.0,0.3206
1747128720000,69.7855,1.0,0.0694,0.8418,1.0,0.0444,1.1974,1.0,5.0949,0.9808,1.0,0.0,89.4301,0.0,19.614,1.6005,0.9997,0.0261,1.0,0.0,0.0,0.0513,1.0,0.4428,37.7629,0.1688,1.2,2.389,0.5769,0.0332,1.0,0.0288,0.934,0.0,0.3266
1747128780000,70.9281,1.0,0.0694,0.849,1.0,0.0426,1.1868,1.0,5.0936,0.9821,1.0,0.0,86.9696,0.0,19.9312,1.5759,0.9997,0.0262,1.0,0.0,0.0,0.0527,1.0,0.4195,38.5375,0.1691,1.2857,2.4736,0.5726,0.0328,1.0,0.0363,0.9349,0.0,0.3153
1747128840000,71.513,1.0,0.0694,0.8472,1.0,0.0427,1.1236,1.0,5.0866,0.9803,1.0,0.0,89.7005,0.0,20.0307,1.5737,0.9997,0.0265,1.0,0.0,0.0,0.0506,1.0,0.4295,38.4375,0.1704,1.1111,2.4113,0.5772,0.0342,1.0,0.0399,0.9323,0.0,0.3227
1747128900000,71.613,1.0,0.0694,1.0205,1.0,0.0463,1.1488,1.0,5.0811,0.9776,1.0,0.0,88.6192,0.0,19.8306,1.5644,0.9996,0.0262,1.0,0.0,0.0,0.0516,1.0,0.4175,37.9635,0.1662,1.3571,2.5559,0.5805,0.0315,1.0,0.0279,0.9366,0.0,0.3201
1747128960000,71.398,1.0,0.0694,0.8757,1.0,0.0446,1.1749,0.9999,5.0854,0.9781,1.0,0.0,90.971,0.0,20.0904,1.5851,0.9996,0.0261,1.0,0.0,0.0,0.0525,1.0,0.434,38.44,0.1676,1.3704,2.3947,0.5726,0.0326,1.0,0.02,0.9343,0.0,0.3184
1747129020000,70.6969,1.0,0.0694,0.8882,1.0,0.0426,1.1893,0.9999,5.0793,0.9848,1.0,0.0,82.6398,0.0,19.3471,1.5729,0.9997,0.026,1.0,0.0,0.0,0.0521,1.0,0.454,38.3573,0.1743,1.3636,2.526,0.5878,0.0321,1.0,0.0544,0.9318,0.0,0.3189
1747129080000,72.0312,1.0,0.0694,0.9579,1.0,0.044,1.2684,0.9999,5.0849,0.9805,1.0,0.0,88.1066,0.0,19.8032,1.5734,0.9997,0.0263,1.0,0.0,0.0,0.0481,1.0,0.4408,37.9046,0.1678,1.0,2.5461,0.5836,0.0324,1.0,0.0314,0.9317,0.0,0.3322
1747129140000,72.5526,1.0,0.0694,0.8577,1.0,0.0451,1.1375,1.0,5.0746,0.9781,1.0,0.0,95.7399,0.0,20.6878,1.5925,0.9996,0.0262,1.0,0.0,0.0,0.049,1.0,0.4107,40.4293,0.1677,1.3333,2.2496,0.5865,0.0341,1.0,0.0268,0.9328,0.0,0.3182
1747129200000,71.3108,1.0,0.0694,0.9941,1.0,0.0431,1.1948,0.9999,5.0791,0.9806,1.0,0.0,87.0955,0.0,19.7189,1.6066,0.9998,0.0264,1.0,0.0,12.8545,0.0502,1.0,0.402,37.9003,0.1689,1.4375,2.2905,0.5832,0.0321,1.0,0.0265,0.9337,0.0182,0.3313
1747129260000,71.0555,1.0,0.0694,0.9211,1.0,0.0435,1.232,1.0,5.0866,0.9801,1.0,0.0,88.8205,0.0,20.1163,1.5783,0.9997,0.0263,1.0,0.0,0.0,0.0517,1.0,0.404,38.2235,0.1709,1.2759,2.3782,0.5836,0.033,1.0,0.0398,0.932,0.0,0.325
1747129320000,70.4636,1.0,0.0694,0.8657,1.0,0.0437,1.2289,1.0,5.091,0.9799,1.0,0.0,83.3768,0.0,19.962,1.5899,0.9997,0.0259,1.0,0.0,0.0,0.0493,1.0,0.4,38.4246,0.1728,1.3529,2.3898,0.5839,0.0337,1.0,0.042,0.9322,0.0,0.3231
1747129380000,70.3894,1.0,0.0694,0.8304,1.0,0.0425,1.2023,0.9999,5.09,0.9783,1.0,0.0,91.6927,0.0,19.9891,1.6157,0.9997,0.0264,1.0,0.0,0.0,0.0509,1.0,0.4059,38.7327,0.1757,1.2,2.4855,0.586,0.0329,1.0,0.0508,0.9303,0.0,0.3372
1747129440000,70.3967,1.0,0.0694,0.834,1.0,0.0462,1.1807,1.0,5.0855,0.9794,1.0,0.0,92.7634,0.0,19.9644,1.6069,0.9997,0.0266,1.0,0.0,0.0,0.051,1.0,0.4122,38.7607,0.1668,1.25,2.5915,0.5903,0.0333,1.0,0.0423,0.9308,0.0,0.3345
1747129500000,71.121,1.0,0.0694,1.111,1.0,0.043,1.1391,0.9999,5.0948,0.9799,1.0,0.0,87.1671,0.0,19.6208,1.5872,0.9998,0.0262,1.0,0.0,0.0,0.0483,1.0,0.4472,36.4674,0.174,1.3125,2.4759,0.5863,0.0323,1.0,0.033,0.9337,0.0,0.3346
1747129560000,71.0135,1.0,0.0694,0.9321,1.0,0.041,1.128,1.0,5.0955,0.9811,1.0,0.0,86.8677,0.0,19.6823,1.5948,0.9997,0.0261,1.0,0.0,0.0,0.0493,1.0,0.4391,36.7433,0.1753,1.3529,2.4119,0.5803,0.0319,1.0,0.0292,0.9312,0.0,0.3242
1747129620000,70.7356,1.0,0.0694,0.9755,1.0,0.0427,1.2103,1.0,5.0791,0.9814,1.0,0.0,85.1408,0.0,19.5103,1.6024,0.9997,0.0264,1.0,0.0,14.4545,0.0505,1.0,0.4243,36.6704,0.1706,1.4167,2.3916,0.5895,0.0328,1.0,0.0435,0.9327,0.0182,0.3212
1747129680000,72.0375,1.0,0.0694,0.9657,1.0,0.0437,1.1832,1.0,5.0791,0.9799,1.0,0.0,94.4536,0.0,20.4949,1.5799,0.9997,0.0261,1.0,0.0,0.0,0.0519,1.0,0.4042,38.875,0.1738,0.8571,2.4619,0.5878,0.0331,1.0,0.0488,0.9341,0.0,0.3226
1747129740000,71.1234,1.0,0.0694,0.9644,1.0,0.0432,1.176,1.0,5.0922,0.9783,1.0,0.0,88.7832,0.0,19.8466,1.6039,0.9997,0.0262,1.0,0.0,0.0,0.0507,1.0,0.4162,36.8101,0.1752,1.2727,2.6397,0.5922,0.0329,1.0,0.0315,0.9313,0.0,0.3286
1747129800000,71.1657,1.0,0.0694,0.9002,1.0,0.0436,1.1957,0.9999,5.0991,0.9774,1.0,0.0,92.2969,0.0,20.0079,1.5913,0.9997,0.0263,1.0,0.0,11.2909,0.0488,1.0,0.4145,37.5034,0.1744,1.1875,2.4461,0.5868,0.0341,1.0,0.0301,0.9334,0.0182,0.3264
1747129860000,70.5338,1.0,0.0694,0.9725,1.0,0.0443,1.2172,1.0,5.0918,0.9819,1.0,0.0,91.297,0.0,19.951,1.596,0.9997,0.0264,1.0,0.0,11.3818,0.0494,1.0,0.3986,38.6582,0.1664,1.4483,2.6533,0.5914,0.032,1.0,0.0341,0.9292,0.0182,0.3336
1747129920000,68.6368,1.0,0.0694,0.8219,1.0,0.045,1.4285,0.9999,5.0657,0.9831,1.0,0.0,86.4106,0.0,20.0051,1.5806,0.9997,0.0265,1.0,0.0,0.0,0.0489,1.0,0.3993,36.1807,0.1682,1.5385,2.6005,0.5828,0.0319,1.0,0.0235,0.9335,0.0,0.326
1747129980000,69.5147,0.9999,0.0694,0.9981,1.0,0.0422,1.1866,1.0,5.0811,0.9794,1.0,0.0,90.5921,0.0,19.687,1.6053,0.9997,0.0263,1.0,0.0,10.7091,0.0489,1.0,0.409,37.5102,0.1757,1.2,2.5809,0.5813,0.0334,1.0,0.0388,0.9327,0.0182,0.3142
1747130040000,71.7173,1.0,0.0694,1.0243,1.0,0.044,1.2119,1.0,5.1,0.9808,1.0,0.0,88.136,0.0,19.9172,1.6046,0.9997,0.0263,1.0,0.0,0.0,0.0502,1.0,0.3979,37.7308,0.1718,1.2632,2.3216,0.5918,0.033,1.0,0.0627,0.9315,0.0,0.3304
1747130100000,70.4183,1.0,0.0694,1.1304,1.0,0.0416,1.1852,0.9999,5.0747,0.9845,1.0,0.0,82.237,0.0,19.3754,1.5911,0.9998,0.0263,1.0,0.0,0.0,0.0489,1.0,0.3955,36.7777,0.1737,1.0,2.5335,0.5882,0.0318,1.0,0.0215,0.9302,0.0,0.3194
1747130160000,70.6158,1.0,0.0694,0.9637,1.0,0.0434,1.2578,0.9999,5.1103,0.98,1.0,0.0,87.8193,0.0,19.4373,1.5685,0.9997,0.0263,1.0,0.0,0.3455,0.0491,1.0,0.3872,36.6568,0.1744,1.6207,2.4542,0.5875,0.0341,1.0,0.0246,0.9323,0.0,0.3231
1747130220000,71.6232,0.9999,0.0694,1.0009,1.0,0.0436,1.2133,0.9999,5.0891,0.9785,1.0,0.0,91.3188,0.0,19.8179,1.5909,0.9997,0.0264,1.0,0.0,25.4364,0.0512,1.0,0.3995,39.2053,0.1771,1.6429,2.5576,0.5922,0.0343,1.0,0.0337,0.9308,0.0364,0.3239
1747130280000,71.5686,0.9999,0.0694,1.0105,1.0,0.0435,1.4965,0.9999,5.1068,0.9804,1.0,0.0,94.377,0.0,20.1408,1.5794,0.9997,0.0264,1.0,0.0,0.0,0.0516,1.0,0.4132,39.087,0.1744,1.4286,2.7221,0.593,0.0351,1.0,0.0252,0.9296,0.0,0.3308
1747130340000,72.0502,1.0,0.0694,1.1325,1.0,0.0458,1.1437,0.9999,5.0892,0.9788,1.0,0.0,92.6783,0.0,19.9759,1.5947,0.9997,0.0265,1.0,0.0,0.0,0.0512,1.0,0.4218,39.3017,0.1696,1.4,2.5404,0.5972,0.0344,1.0,0.0237,0.9302,0.0,0.3338
1747130400000,71.2795,1.0,0.0694,0.9235,1.0,0.0439,1.2107,1.0,5.1,0.9752,1.0,0.0,88.4787,0.0,20.0611,1.6219,0.9996,0.0259,1.0,0.0,0.0,0.051,1.0,0.4184,37.5204,0.1739,1.7857,2.5818,0.6009,0.0337,1.0,0.0313,0.9332,0.0,0.34
1747130460000,70.7393,1.0,0.0694,0.9127,1.0,0.0425,1.1778,0.9999,5.0812,0.9841,1.0,0.0,77.4387,0.0,19.7554,1.6117,0.9997,0.026,1.0,0.0,0.0,0.0501,1.0,0.4254,37.6696,0.176,1.5926,2.5149,0.5862,0.0329,1.0,0.0534,0.9313,0.0,0.3312
1747130520000,69.8174,1.0,0.0694,0.8699,1.0,0.0446,1.1759,1.0,5.091,0.9849,1.0,0.0,75.5972,0.0,19.0945,1.6056,0.9997,0.0258,1.0,0.0,23.8909,0.0529,1.0,0.3965,37.7945,0.1729,1.3636,2.5075,0.5843,0.0338,1.0,0.0312,0.9318,0.0364,0.3278
1747130580000,71.2625,1.0,0.0694,0.8663,1.0,0.0424,1.154,1.0,5.1,0.986,1.0,0.0,73.4483,0.0,18.8251,1.5879,0.9998,0.0261,1.0,0.0,24.0545,0.0515,1.0,0.4142,36.8825,0.1739,1.2727,2.4629,0.5868,0.0325,1.0,0.0269,0.9345,0.0364,0.3292
1747130640000,72.677,1.0,0.0694,0.9087,1.0,0.0413,1.1972,1.0,5.1036,0.9802,1.0,0.0,87.9641,0.0,19.7114,1.5862,0.9997,0.0259,1.0,0.0,10.4364,0.0494,1.0,0.4143,37.6628,0.177,1.5556,2.5058,0.5813,0.0323,1.0,0.0209,0.9354,0.0182,0.3339
1747130700000,72.7353,0.9999,0.0694,0.9879,1.0,0.0423,1.3982,0.9999,5.0842,0.9792,1.0,0.0,90.6806,0.0,20.1282,1.5801,0.9997,0.0258,1.0,0.0,28.2182,0.0484,1.0,0.4495,37.0164,0.1766,1.3125,2.5804,0.5779,0.0309,1.0,0.0163,0.9333,0.0364,0.3267
1747130760000,72.9977,0.9999,0.0694,0.958,1.0,0.0424,1.812,1.0,5.0792,0.9849,1.0,0.0,83.5962,0.0,19.681,1.597,0.9997,0.0262,1.0,0.0,0.0,0.0474,1.0,0.4391,35.9456,0.1767,1.5172,2.3231,0.5712,0.033,1.0,0.0199,0.9335,0.0,0.3265
1747130820000,71.9834,1.0,0.0694,0.8835,1.0,0.0421,1.1879,1.0,5.0852,0.9868,1.0,0.0,74.2783,0.0,19.2704,1.5935,0.9997,0.0261,1.0,0.0,0.0,0.0485,1.0,0.4281,36.1475,0.1764,1.2778,2.4067,0.5676,0.033,1.0,0.0259,0.9329,0.0,0.3211
1747130880000,72.8493,1.0,0.0694,0.9437,1.0,0.0427,1.1556,0.9999,5.0555,0.9828,1.0,0.0,84.6472,0.0,19.6116,1.6102,0.9997,0.0261,1.0,0.0,0.0,0.0472,1.0,0.4075,35.6645,0.1754,1.0,2.4078,0.5736,0.0319,1.0,0.031,0.9332,0.0,0.3162
1747130940000,72.4939,1.0,0.0694,0.9081,1.0,0.0426,1.1052,1.0,5.0427,0.9777,1.0,0.0,87.5896,0.0,19.5143,1.5875,0.9997,0.0262,1.0,0.0,0.0,0.0489,1.0,0.3981,37.2129,0.1774,1.1818,2.4904,0.5824,0.0333,1.0,0.0328,0.9321,0.0,0.3199
1747131000000,72.6439,1.0,0.0694,0.9039,1.0,0.0442,1.1316,0.9999,5.0475,0.98,1.0,0.0,91.419,0.0,19.7329,1.59,0.9997,0.0261,1.0,0.0,9.7273,0.0466,1.0,0.4006,37.5708,0.1749,1.2,2.6543,0.5907,0.0335,1.0,0.0322,0.9321,0.0182,0.3252
1747131060000,71.6876,1.0,0.0694,0.9054,1.0,0.0413,1.3758,0.9999,5.0504,0.9818,1.0,0.0,87.8109,0.0,19.7024,1.6055,0.9997,0.0262,1.0,0.0,0.0,0.0465,1.0,0.4218,37.4555,0.1774,1.2647,2.4852,0.5713,0.0321,1.0,0.0318,0.9311,0.0,0.3389
1747131120000,71.511,1.0,0.0694,0.9058,1.0,0.0437,1.1555,0.9999,5.0718,0.9803,1.0,0.0,90.4032,0.0,19.578,1.5797,0.9998,0.0262,1.0,0.0,0.0,0.0484,1.0,0.4374,37.4662,0.1756,1.3846,2.4789,0.5861,0.0328,1.0,0.0248,0.9306,0.0,0.323
1747131180000,73.0147,1.0,0.0694,0.8165,1.0,0.0426,1.1528,1.0,5.042,0.9795,1.0,0.0,95.7292,0.0,19.9777,1.571,0.9997,0.0262,1.0,0.0,26.4545,0.0502,1.0,0.4376,37.6315,0.1798,1.3333,2.5265,0.5703,0.0326,1.0,0.0269,0.9302,0.0364,0.3327
1747131240000,70.3116,1.0,0.0694,0.8312,1.0,0.044,1.2885,1.0,5.0549,0.9792,1.0,0.0,90.5861,0.0,19.8782,1.5839,0.9996,0.0265,1.0,0.0,43.0182,0.0486,1.0,0.4185,38.9531,0.1735,1.1,2.4257,0.5853,0.0336,1.0,0.0185,0.9304,0.0727,0.3277
1747131300000,71.3609,1.0,0.0694,1.0772,1.0,0.0408,1.3503,1.0,5.0438,0.9804,1.0,0.0,84.0787,0.0,19.7364,1.5847,0.9996,0.0261,1.0,0.0,24.0727,0.0487,1.0,0.4073,36.0827,0.1799,1.3077,2.6535,0.5734,0.0318,1.0,0.0332,0.9359,0.0364,0.3395
1747131360000,71.1275,1.0,0.0694,1.005,1.0,0.0417,1.157,0.9999,5.0491,0.9829,1.0,0.0,84.0361,0.0,19.303,1.6,0.9997,0.0263,1.0,0.0,15.3455,0.0472,1.0,0.4014,36.295,0.1794,1.3226,2.5994,0.5854,0.0327,1.0,0.0275,0.9338,0.0182,0.3124
1747131420000,73.4276,1.0,0.0694,0.9575,1.0,0.0409,1.1803,1.0,5.0475,0.9807,1.0,0.0,84.2017,0.0,19.7579,1.5844,0.9997,0.026,1.0,0.0,0.0,0.046,1.0,0.4105,36.1689,0.1797,1.4545,2.4859,0.5799,0.0322,1.0,0.0357,0.9333,0.0,0.3232
1747131480000,72.1849,1.0,0.0694,0.9638,1.0,0.0411,1.2157,0.9999,5.0455,0.9795,1.0,0.0,88.7111,0.0,19.7953,1.5912,0.9997,0.0262,1.0,0.0,0.0,0.0455,1.0,0.4337,36.2267,0.1788,1.0,2.4177,0.5762,0.0328,1.0,0.0294,0.9318,0.0,0.3129
1747131540000,71.5838,1.0,0.0694,0.9722,1.0,0.04,1.18,0.9999,5.0384,0.9819,1.0,0.0,84.2285,0.0,19.6459,1.5893,0.9997,0.0263,1.0,0.0,0.0,0.0473,1.0,0.417,35.5126,0.1777,1.3529,2.5116,0.575,0.0324,1.0,0.0292,0.932,0.0,0.3195
1747131600000,72.4439,1.0,0.0694,0.8875,1.0,0.0407,1.1891,0.9999,5.0555,0.9824,1.0,0.0,86.8282,0.0,20.3805,1.5973,0.9997,0.0263,1.0,0.0,15.5091,0.0478,1.0,0.4104,37.3708,0.1792,1.5,2.5336,0.5788,0.0323,1.0,0.0209,0.9299,0.0182,0.3148
1747131660000,74.0949,1.0,0.0694,0.9696,1.0,0.0412,1.1868,1.0,5.0456,0.9831,1.0,0.0,86.752,0.0,19.95,1.5836,0.9997,0.0262,1.0,0.0,29.8364,0.0461,1.0,0.4019,35.9117,0.1764,1.625,2.6045,0.5766,0.032,1.0,0.0285,0.9315,0.0364,0.3213
1747131720000,71.1825,1.0,0.0694,0.8166,1.0,0.0435,1.3855,1.0,5.0391,0.9781,1.0,0.0,88.5665,0.0,20.0785,1.5841,0.9997,0.0263,1.0,0.0,62.1455,0.0459,1.0,0.3901,36.9192,0.1731,1.6364,2.442,0.5695,0.0323,1.0,0.0309,0.9282,0.0727,0.3172
1747131780000,73.9644,0.9999,0.0694,0.9574,1.0,0.0411,1.3462,1.0,5.0336,0.9802,1.0,0.0,90.093,0.0,20.2144,1.6301,0.9996,0.0263,1.0,0.0,10.6182,0.0482,1.0,0.42,38.4683,0.1835,1.6667,2.4076,0.5771,0.0322,1.0,0.0418,0.9324,0.0182,0.3177
1747131840000,73.5226,1.0,0.0694,1.0268,1.0,0.0396,1.1881,0.9999,5.0555,0.9845,1.0,0.0,80.9563,0.0,19.9856,1.6129,0.9997,0.0263,1.0,0.0,0.0,0.0476,1.0,0.4191,35.2334,0.1768,1.1538,2.3077,0.5681,0.0317,1.0,0.0258,0.9316,0.0,0.3254
1747131900000,73.9416,1.0,0.0694,1.0619,1.0,0.0415,1.2337,0.9999,5.0384,0.9831,1.0,0.0,83.4767,0.0,19.6442,1.601,0.9997,0.0262,1.0,0.0,14.7455,0.0483,1.0,0.4131,38.8598,0.1783,1.5385,2.5622,0.5833,0.0332,1.0,0.0274,0.9314,0.0182,0.3137
1747131960000,74.2245,1.0,0.0694,0.9976,1.0,0.0407,1.2553,1.0,5.0518,0.9789,1.0,0.0,86.0775,0.0,19.7743,1.6133,0.9997,0.0262,1.0,0.0,0.0,0.0465,1.0,0.4008,36.3693,0.1777,1.5926,2.3338,0.5794,0.0314,1.0,0.0157,0.9304,0.0,0.3389
1747132020000,72.903,1.0,0.0694,1.0246,1.0,0.0416,1.2019,1.0,5.0455,0.9813,1.0,0.0,87.0029,0.0,19.9014,1.5829,0.9997,0.0263,1.0,0.0,35.0182,0.0496,1.0,0.3953,36.5607,0.1781,1.3636,2.5557,0.5744,0.0327,1.0,0.03,0.9311,0.0545,0.318
1747132080000,74.2465,1.0,0.0694,1.0048,1.0,0.0411,1.3415,1.0,5.0664,0.9836,1.0,0.0,87.7725,0.0,20.3996,1.582,0.9997,0.0265,1.0,0.0,27.3273,0.0472,1.0,0.4099,37.0243,0.1773,1.1818,2.3237,0.5683,0.0319,1.0,0.0329,0.9307,0.0364,0.3331
1747132140000,73.0364,1.0,0.0694,1.1306,1.0,0.0423,1.1671,0.9999,5.0211,0.9817,1.0,0.0,88.3914,0.0,20.1065,1.5647,0.9997,0.0267,1.0,0.0,30.6545,0.049,1.0,0.3879,37.7698,0.1738,2.625,2.4998,0.583,0.0317,1.0,0.0236,0.9279,0.0364,0.3214
1747132200000,72.3597,1.0,0.0694,0.9589,1.0,0.0416,1.1545,1.0,5.0304,0.9837,1.0,0.0,76.1607,0.0,19.8712,1.5949,0.9998,0.0262,1.0,0.0,11.3091,0.0459,1.0,0.405,36.402,0.1769,1.4615,2.3821,0.5794,0.0321,1.0,0.0397,0.9369,0.0182,0.3315
1747132260000,70.5372,1.0,0.0694,0.9056,1.0,0.0403,1.4577,1.0,5.0638,0.9895,1.0,0.0,67.0286,0.0,18.8546,1.5897,0.9998,0.026,1.0,0.0,74.2182,0.0453,1.0,0.4265,34.5323,0.1765,1.44,2.4678,0.5736,0.0311,1.0,0.0256,0.9344,0.0727,0.323
1747132320000,73.302,1.0,0.0694,0.8654,1.0,0.0397,1.6155,0.9999,5.0602,0.9855,1.0,0.0,73.327,0.0,19.1205,1.5672,0.9997,0.026,1.0,0.0,14.9818,0.0461,1.0,0.4209,35.5001,0.1775,1.6667,2.4371,0.5635,0.0313,1.0,0.021,0.9352,0.0364,0.3131
1747132380000,73.5253,1.0,0.0694,0.8393,1.0,0.0425,1.1709,0.9999,5.0555,0.9799,1.0,0.0,85.6519,0.0,19.5949,1.5746,0.9997,0.0263,1.0,0.0,28.9636,0.048,1.0,0.3954,36.0382,0.1755,1.0,2.4438,0.5828,0.0321,1.0,0.0255,0.9343,0.0364,0.3139
1747132440000,72.4048,1.0,0.0694,0.8716,1.0,0.042,1.7541,1.0,5.0355,0.9852,1.0,0.0,75.9946,0.0,19.198,1.5669,0.9997,0.0258,1.0,0.0,29.6,0.0481,1.0,0.406,36.0884,0.1788,1.1333,2.5485,0.578,0.0331,1.0,0.0177,0.9348,0.0364,0.3202
1747132500000,73.5505,1.0,0.0694,0.9414,1.0,0.0406,1.35,0.9999,5.0613,0.9814,1.0,0.0,83.1546,0.0,19.8844,1.5631,0.9996,0.0262,1.0,0.0,15.4182,0.0475,1.0,0.4008,35.1533,0.1791,1.5714,2.5938,0.5635,0.0306,1.0,0.0196,0.9335,0.0182,0.3336
1747132560000,73.1433,1.0,0.0694,0.9444,1.0,0.0404,1.6338,0.9999,5.0273,0.9802,1.0,0.0,82.4735,0.0,19.7246,1.5721,0.9997,0.0261,1.0,0.0,0.0,0.045,1.0,0.3933,35.2368,0.1798,1.5946,2.4496,0.5598,0.0315,1.0,0.0184,0.9348,0.0,0.3152
1747132620000,73.4408,0.9999,0.0694,0.8553,1.0,0.0386,1.1574,0.9999,5.0418,0.9828,1.0,0.0,79.8684,0.0,20.1005,1.5632,0.9998,0.0263,1.0,0.0,17.4545,0.0469,1.0,0.4031,34.4005,0.1785,1.0,2.4796,0.5544,0.0307,1.0,0.0471,0.933,0.0182,0.3128
1747132680000,70.5148,1.0,0.0694,0.9437,1.0,0.0404,1.5273,0.9999,5.0318,0.9812,1.0,0.0,82.4215,0.0,19.9958,1.5976,0.9997,0.0263,1.0,0.0,0.0,0.0464,1.0,0.399,34.3243,0.1784,1.6667,2.5586,0.5535,0.0316,1.0,0.0312,0.935,0.0,0.3069
1747132740000,70.6294,1.0,0.0694,0.9384,1.0,0.0389,1.1579,0.9999,5.0291,0.9825,1.0,0.0,77.5918,0.0,19.8042,1.5636,0.9997,0.0262,1.0,0.0,13.1636,0.0448,1.0,0.3819,32.1116,0.1772,1.1429,2.5108,0.556,0.032,1.0,0.0177,0.9345,0.0182,0.3166
1747132800000,72.0037,1.0,0.0694,0.8934,1.0,0.0395,1.1577,1.0,5.0245,0.9807,1.0,0.0,81.3287,0.0,20.1899,1.5537,0.9996,0.0261,1.0,0.0,0.0,0.0459,1.0,0.3865,35.4086,0.1784,1.7857,2.6218,0.5597,0.0307,1.0,0.0147,0.9294,0.0,0.3061
1747132860000,75.8521,1.0,0.0694,0.9121,1.0,0.0382,1.2088,1.0,5.0309,0.9838,1.0,0.0,80.3284,0.0,19.9245,1.5633,0.9997,0.0266,1.0,0.0,0.0,0.047,1.0,0.3914,33.798,0.1807,1.7241,2.3666,0.5684,0.0311,1.0,0.0243,0.9365,0.0,0.3123
1747132920000,73.9944,1.0,0.0694,0.9391,1.0,0.0387,1.1542,0.9999,5.0418,0.9844,1.0,0.0,77.0178,0.0,19.5434,1.5955,0.9997,0.0262,1.0,0.0,0.0,0.0458,1.0,0.3933,33.5836,0.1757,0.9167,2.2182,0.5617,0.0307,1.0,0.0238,0.9342,0.0,0.3122
1747132980000,74.2221,1.0,0.0694,0.8285,1.0,0.0401,1.1684,0.9999,5.0391,0.9854,1.0,0.0,74.9915,0.0,19.555,1.5899,0.9997,0.0264,1.0,0.0,0.0,0.0464,1.0,0.3874,35.3181,0.1792,1.25,2.3197,0.5772,0.0323,1.0,0.0153,0.9347,0.0,0.314
1747133040000,74.1485,1.0,0.0694,0.8248,1.0,0.0395,1.1516,1.0,5.0355,0.9808,1.0,0.0,78.7929,0.0,19.793,1.5816,0.9996,0.0261,1.0,0.0,15.4,0.0439,1.0,0.4148,35.664,0.1755,1.5,2.474,0.5754,0.0305,1.0,0.0267,0.9309,0.0182,0.3285
1747133100000,72.1994,1.0,0.0694,1.0225,1.0,0.0398,1.1472,0.9999,5.0382,0.9812,1.0,0.0,78.9639,0.0,20.1535,1.5904,0.9996,0.0261,1.0,0.0,0.0,0.0453,1.0,0.4298,34.4857,0.1804,1.3333,2.4672,0.5713,0.032,1.0,0.0147,0.9355,0.0,0.3124
1747133160000,73.9767,1.0,0.0694,1.08,1.0,0.0381,1.1508,1.0,5.0409,0.9834,1.0,0.0,76.8487,0.0,19.7209,1.5936,0.9997,0.0263,1.0,0.0,0.0,0.0467,1.0,0.4177,33.4209,0.1794,1.4583,2.4516,0.5601,0.0306,1.0,0.0286,0.9329,0.0,0.307
1747133220000,72.7879,1.0,0.0694,0.9035,1.0,0.0386,1.1589,1.0,5.0355,0.9832,1.0,0.0,78.0196,0.0,19.4563,1.5702,0.9997,0.0261,1.0,0.0,0.0,0.0481,1.0,0.4179,33.5847,0.1773,1.3333,2.5899,0.5605,0.0306,1.0,0.0185,0.9315,0.0,0.3032
1747133280000,72.5908,1.0,0.0694,0.9831,1.0,0.0391,1.2068,1.0,5.0456,0.9839,1.0,0.0,81.3585,0.0,19.5124,1.5839,0.9998,0.0263,1.0,0.0,0.0,0.0466,1.0,0.4039,33.9333,0.1768,2.0,2.3451,0.5558,0.0306,1.0,0.0253,0.9351,0.0,0.3073
1747133340000,74.1482,1.0,0.0694,0.921,1.0,0.0397,1.1384,0.9999,5.05,0.98,1.0,0.0,83.9698,0.0,19.8183,1.5644,0.9996,0.0261,1.0,0.0,0.0,0.0449,1.0,0.3872,35.292,0.1763,2.0909,2.4364,0.5609,0.0309,1.0,0.0322,0.9348,0.0,0.3032
1747133400000,73.9955,1.0,0.0694,0.9104,1.0,0.0377,1.1833,1.0,5.03,0.9828,1.0,0.0,77.0414,0.0,19.5948,1.5736,0.9997,0.026,1.0,0.0,0.0,0.0441,1.0,0.3628,33.5316,0.182,1.375,2.4169,0.5717,0.0299,1.0,0.0172,0.9361,0.0,0.313
1747133460000,72.4291,0.9999,0.0694,0.8898,1.0,0.037,1.1562,0.9999,5.0109,0.9832,1.0,0.0,77.4984,0.0,19.8268,1.5825,0.9997,0.0263,1.0,0.0,0.0,0.0454,1.0,0.3783,33.2734,0.1797,1.625,2.3005,0.5598,0.0308,1.0,0.0391,0.9341,0.0,0.3117
1747133520000,74.7199,1.0,0.0694,0.8929,1.0,0.0377,1.1178,1.0,5.0427,0.9815,1.0,0.0,79.1392,0.0,19.9282,1.577,0.9996,0.0263,1.0,0.0,0.0,0.0449,1.0,0.3988,33.7825,0.1808,1.5833,2.3514,0.5609,0.0305,1.0,0.0211,0.9346,0.0,0.3013
1747133580000,74.4876,1.0,0.0694,0.9381,1.0,0.0401,1.1827,1.0,5.0364,0.9887,1.0,0.0,67.6054,0.0,19.0263,1.5856,0.9997,0.0266,1.0,0.0,0.0,0.0465,1.0,0.3844,33.5341,0.1777,1.0909,2.2091,0.5668,0.0311,1.0,0.0287,0.9348,0.0,0.3054
1747133640000,73.9064,1.0,0.0694,1.0669,1.0,0.0386,1.151,1.0,5.0318,0.9826,1.0,0.0,76.7349,0.0,19.0981,1.5737,0.9997,0.0262,1.0,0.0,0.0,0.0451,1.0,0.3766,32.7967,0.1819,1.6364,2.4304,0.5679,0.0321,1.0,0.027,0.9342,0.0,0.3074
1747133700000,73.618,1.0,0.0694,1.0761,1.0,0.0374,1.1695,0.9999,5.0383,0.9832,1.0,0.0,74.6584,0.0,19.3018,1.5854,0.9997,0.0263,1.0,0.0,0.0,0.0459,1.0,0.3874,32.674,0.18,1.5,2.3897,0.5596,0.0306,1.0,0.0225,0.9338,0.0,0.3115
1747133760000,72.3601,1.0,0.0694,1.0123,1.0,0.0395,1.1618,1.0,5.0456,0.9878,1.0,0.0,65.6525,0.0,18.8082,1.5694,0.9997,0.0262,1.0,0.0,11.7636,0.0442,1.0,0.3809,33.524,0.1807,1.963,2.4864,0.5632,0.0306,1.0,0.0254,0.9337,0.0182,0.3019
1747133820000,73.7772,1.0,0.0694,0.901,1.0,0.038,1.1806,1.0,5.0375,0.988,1.0,0.0,68.1251,0.0,18.9521,1.5734,0.9997,0.0263,1.0,0.0,0.0,0.0448,1.0,0.3897,33.1088,0.1808,1.6,2.3263,0.5528,0.0307,1.0,0.0213,0.9335,0.0,0.3091
1747133880000,72.6424,1.0,0.0694,1.0545,1.0,0.039,1.1999,1.0,5.0436,0.9819,1.0,0.0,79.6304,0.0,19.0522,1.5782,0.9996,0.0263,1.0,0.0,0.0,0.0462,1.0,0.3942,33.6573,0.1767,1.1429,2.4595,0.5567,0.0311,1.0,0.0187,0.9295,0.0,0.3086
1747133940000,73.1507,1.0,0.0694,1.0648,1.0,0.0397,1.1709,1.0,5.0345,0.9835,1.0,0.0,74.432,0.0,19.0322,1.5975,0.9996,0.0265,1.0,0.0,0.0,0.0446,1.0,0.4129,32.9515,0.1734,1.5556,2.3922,0.5598,0.0315,1.0,0.0218,0.9306,0.0,0.3076
1747134000000,74.3712,1.0,0.0694,1.0433,1.0,0.0375,1.1616,1.0,5.0464,0.9814,1.0,0.0,68.4208,0.0,19.2666,1.5953,0.9996,0.0262,1.0,0.0,0.0,0.0445,1.0,0.3988,32.8969,0.1825,1.6154,2.5788,0.5597,0.0314,1.0,0.0224,0.9381,0.0,0.3021
1747134060000,72.473,1.0,0.0694,0.8846,1.0,0.0367,1.203,1.0,5.0409,0.9803,1.0,0.0,72.8529,0.0,19.2566,1.5683,0.9996,0.0261,1.0,0.0,0.0,0.0454,1.0,0.3913,32.6379,0.1863,2.0,2.5467,0.559,0.0309,1.0,0.0366,0.9375,0.0,0.309
1747134120000,72.5067,1.0,0.0694,0.8539,1.0,0.0399,1.1407,1.0,5.0494,0.9819,1.0,0.0,75.6611,0.0,19.5667,1.5764,0.9996,0.0264,1.0,0.0,13.1273,0.046,1.0,0.3747,32.824,0.1799,1.2,2.5734,0.5521,0.0309,1.0,0.0226,0.9374,0.0182,0.3059
1747134180000,71.7622,1.0,0.0694,0.848,1.0,0.0349,1.171,0.9999,5.0373,0.9831,1.0,0.0,77.507,0.0,19.1816,1.5774,0.9997,0.0264,1.0,0.0,0.0,0.0445,1.0,0.3955,32.0053,0.1887,1.2,2.3862,0.5448,0.0307,1.0,0.0184,0.9362,0.0,0.305
1747134240000,72.3695,1.0,0.0694,0.8689,1.0,0.0369,1.157,1.0,5.0282,0.9821,1.0,0.0,79.1906,0.0,19.443,1.5797,0.9996,0.0263,1.0,0.0,0.0,0.0466,1.0,0.3872,33.1343,0.191,1.4444,2.4446,0.5567,0.0317,1.0,0.0208,0.9373,0.0,0.2978
1747134300000,73.2846,1.0,0.0694,1.0024,1.0,0.0354,1.1534,1.0,5.0445,0.9844,1.0,0.0,72.3111,0.0,18.9197,1.5896,0.9997,0.0265,1.0,0.0,0.0,0.045,1.0,0.3956,30.372,0.1937,1.0714,2.2757,0.5546,0.0303,1.0,0.0293,0.938,0.0,0.3092
1747134360000,74.8838,1.0,0.0694,0.9552,1.0,0.0362,1.1389,1.0,5.0364,0.9848,1.0,0.0,70.1251,0.0,18.9149,1.563,0.9997,0.0267,1.0,0.0,10.6182,0.0458,1.0,0.3888,30.4112,0.1951,1.5862,2.5381,0.5485,0.031,1.0,0.0163,0.9382,0.0182,0.3073
1747134420000,74.4083,1.0,0.0694,0.8582,1.0,0.0362,1.3181,1.0,5.05,0.9826,1.0,0.0,76.0624,0.0,18.9208,1.5562,0.9997,0.0262,1.0,0.0,15.4545,0.0444,1.0,0.3945,31.1588,0.1891,1.75,2.5647,0.5546,0.0304,1.0,0.0176,0.939,0.0182,0.3075
1747134480000,74.7192,1.0,0.0694,0.9161,1.0,0.0357,1.6613,0.9999,5.0036,0.9835,1.0,0.0,75.0753,0.0,19.1363,1.5443,0.9998,0.0266,1.0,0.0,17.1455,0.0451,1.0,0.3837,30.8038,0.1932,1.5,2.4781,0.5486,0.0312,1.0,0.026,0.9384,0.0182,0.3131
1747134540000,75.5949,1.0,0.0694,0.9537,1.0,0.0358,1.2139,1.0,5.0318,0.9863,1.0,0.0,67.0184,0.0,19.1159,1.5512,0.9996,0.0267,1.0,0.0,0.0,0.0453,1.0,0.3969,31.1251,0.1944,1.2,2.5838,0.5464,0.0309,1.0,0.0189,0.9375,0.0,0.3077
1747134600000,76.0614,1.0,0.0694,0.9005,1.0,0.0358,1.1531,1.0,5.0464,0.984,1.0,0.0,72.7702,0.0,19.188,1.5767,0.9996,0.0267,1.0,0.0,0.0,0.0436,1.0,0.3898,31.2774,0.199,1.85,2.6215,0.5471,0.0299,1.0,0.0246,0.9362,0.0,0.3102
1747134660000,73.7982,1.0,0.0694,0.8915,1.0,0.0368,1.2195,1.0,5.0391,0.9817,1.0,0.0,74.392,0.0,19.1752,1.5552,0.9996,0.0267,1.0,0.0,0.0,0.0444,1.0,0.3962,31.1453,0.1863,1.5417,2.5216,0.5468,0.0311,1.0,0.0234,0.9377,0.0,0.3058
1747134720000,74.5267,0.9999,0.0694,0.8966,1.0,0.0366,1.1076,0.9999,5.0148,0.9809,1.0,0.0,75.2629,0.0,19.6503,1.5674,0.9996,0.0267,1.0,0.0,10.6545,0.0432,1.0,0.387,31.648,0.1931,1.6364,2.5736,0.5502,0.0312,1.0,0.0177,0.9363,0.0182,0.3062
1747134780000,73.805,1.0,0.0694,0.8085,1.0,0.0349,1.4712,0.9999,5.0318,0.9833,1.0,0.0,71.6311,0.0,19.317,1.5679,0.9997,0.0266,1.0,0.0,0.0,0.0448,1.0,0.3963,31.0213,0.1916,1.6667,2.2569,0.5546,0.0303,1.0,0.0228,0.9358,0.0,0.3134
1747134840000,73.395,1.0,0.0694,0.8122,1.0,0.0363,1.136,0.9999,5.0427,0.9814,1.0,0.0,74.7939,0.0,19.4039,1.5582,0.9997,0.0265,1.0,0.0,15.1455,0.0464,1.0,0.3807,32.3963,0.1922,1.25,2.4452,0.5499,0.0304,1.0,0.0282,0.9372,0.0182,0.3031
1747134900000,74.6992,1.0,0.0694,0.9292,1.0,0.0381,1.1808,1.0,5.0355,0.9836,1.0,0.0,68.319,0.0,19.146,1.5677,0.9997,0.0268,1.0,0.0,0.0,0.0447,1.0,0.3978,31.6728,0.1895,1.9167,2.4302,0.5488,0.0316,1.0,0.025,0.9387,0.0,0.3153
1747134960000,73.4991,1.0,0.0694,1.1084,1.0,0.0375,1.1398,1.0,5.0591,0.983,1.0,0.0,70.5824,0.0,19.505,1.5641,0.9997,0.0267,1.0,0.0,0.0,0.0452,1.0,0.4096,31.5328,0.1888,1.56,2.3694,0.5479,0.0305,1.0,0.0186,0.9376,0.0,0.3091
1747135020000,73.6324,1.0,0.0694,0.8251,1.0,0.0364,1.1154,0.9999,5.0464,0.9851,1.0,0.0,72.4794,0.0,19.6877,1.5415,0.9997,0.0271,1.0,0.0,0.0,0.0462,1.0,0.3949,31.5011,0.1851,1.6364,2.3656,0.5438,0.031,1.0,0.0214,0.9417,0.0,0.3064
1747135080000,73.8581,1.0,0.0694,1.0059,1.0,0.0368,1.1678,0.9999,5.0582,0.9879,1.0,0.0,63.4608,0.0,18.6596,1.5416,0.9997,0.0268,1.0,0.0,0.0,0.0463,1.0,0.393,30.77,0.1814,1.4545,2.5257,0.5463,0.0315,1.0,0.0164,0.9392,0.0,0.2977
1747135140000,74.2543,1.0,0.0694,0.9327,1.0,0.036,1.1296,0.9999,5.0445,0.9845,1.0,0.0,69.1262,0.0,19.3742,1.5383,0.9997,0.0269,1.0,0.0,0.0,0.0456,1.0,0.3739,30.3316,0.1862,1.1,2.329,0.5498,0.0307,1.0,0.0182,0.9381,0.0,0.3026
1747135200000,74.6889,1.0,0.0694,0.9013,1.0,0.0352,1.1789,0.9999,5.0491,0.9845,1.0,0.0,73.9774,0.0,19.3797,1.5656,0.9997,0.0268,1.0,0.0,14.6909,0.047,1.0,0.3593,30.6261,0.1907,1.2308,2.5069,0.5523,0.0311,1.0,0.0144,0.9384,0.0182,0.298
1747135260000,73.7882,1.0,0.0694,0.8636,1.0,0.0347,1.4722,0.9999,5.0136,0.9831,1.0,0.0,71.9145,0.0,19.5506,1.5668,0.9997,0.0266,1.0,0.0,14.2364,0.0457,1.0,0.372,30.5458,0.1948,1.2917,2.2272,0.5461,0.031,1.0,0.0218,0.9387,0.0182,0.3094
1747135320000,76.2153,1.0,0.0694,0.8916,1.0,0.0365,1.4716,1.0,5.0518,0.9847,1.0,0.0,72.7175,0.0,19.6662,1.5692,0.9997,0.0268,1.0,0.0,13.2545,0.0446,1.0,0.3676,31.5792,0.1869,1.4286,2.4788,0.5462,0.031,1.0,0.0157,0.938,0.0182,0.3065
1747135380000,72.1822,1.0,0.0694,0.8388,1.0,0.0378,1.1325,1.0,5.0218,0.9884,1.0,0.0,66.1268,0.0,19.0196,1.5574,0.9997,0.0269,1.0,0.0,13.9455,0.0472,1.0,0.3756,32.4136,0.183,0.8333,2.4901,0.5457,0.0315,1.0,0.0241,0.9371,0.0182,0.3062
1747135440000,74.5402,1.0,0.0694,1.0322,1.0,0.0359,1.1798,0.9999,5.0464,0.9853,1.0,0.0,68.2892,0.0,19.182,1.5493,0.9997,0.0268,1.0,0.0,15.7273,0.0449,1.0,0.3837,30.3268,0.1902,1.4,2.2933,0.5489,0.0315,1.0,0.0174,0.9371,0.0182,0.3076
1747135500000,75.2004,1.0,0.0694,1.0638,1.0,0.0364,1.1692,0.9999,5.0091,0.9867,1.0,0.0,61.0293,0.0,18.6121,1.5611,0.9997,0.0268,1.0,0.0,0.0,0.0459,1.0,0.3641,31.639,0.1858,1.625,2.3117,0.552,0.03,1.0,0.0139,0.9387,0.0,0.3068
1747135560000,75.8221,1.0,0.0694,1.1104,1.0,0.038,1.1734,0.9999,5.0627,0.9882,1.0,0.0,62.1689,0.0,18.4598,1.5659,0.9997,0.0268,1.0,0.0,27.7818,0.047,1.0,0.35,31.9285,0.186,1.88,2.3417,0.5606,0.032,1.0,0.0139,0.9389,0.0364,0.3162
1747135620000,73.0148,1.0,0.0694,0.8444,1.0,0.0375,1.6473,0.9999,4.9736,0.9849,1.0,0.0,74.8164,0.0,19.3402,1.5732,0.9997,0.0269,1.0,0.0,0.0,0.0468,1.0,0.384,31.1598,0.1866,1.6842,2.4824,0.5448,0.0305,1.0,0.0187,0.9396,0.0,0.3195
1747135680000,74.5292,1.0,0.0694,1.0221,1.0,0.0368,1.2041,0.9999,5.073,0.9864,1.0,0.0,67.081,0.0,18.9112,1.5663,0.9998,0.0269,1.0,0.0,0.0,0.0468,1.0,0.3899,32.4685,0.1893,1.3333,2.4549,0.5513,0.031,1.0,0.0158,0.9359,0.0,0.3087
1747135740000,73.5719,1.0,0.0694,1.0507,1.0,0.0388,1.1766,1.0,5.0109,0.984,1.0,0.0,69.5868,0.0,18.7476,1.5694,0.9997,0.027,1.0,0.0,11.8,0.0473,1.0,0.3732,31.9979,0.1842,2.0,2.2733,0.5534,0.0315,1.0,0.0222,0.9377,0.0182,0.3088
1747135800000,74.1334,1.0,0.0694,1.1448,1.0,0.0366,1.3889,1.0,5.0709,0.9841,1.0,0.0,65.3406,0.0,19.1578,1.5799,0.9997,0.0267,1.0,0.0,0.0,0.0454,1.0,0.3683,30.1683,0.1859,1.5,2.4834,0.5505,0.0298,1.0,0.0199,0.9409,0.0,0.3156
1747135860000,73.5488,1.0,0.0694,0.8719,1.0,0.0365,1.1624,1.0,5.0136,0.9792,1.0,0.0,71.7109,0.0,19.1879,1.5543,0.9996,0.0266,1.0,0.0,15.0182,0.0466,1.0,0.396,30.5709,0.1886,2.1429,2.4487,0.551,0.0306,1.0,0.0244,0.9398,0.0182,0.3009
1747135920000,75.6094,1.0,0.0694,0.9063,1.0,0.0369,1.2247,0.9999,5.0755,0.9834,1.0,0.0,73.5496,0.0,19.4762,1.5582,0.9997,0.0265,1.0,0.0,10.9455,0.0454,1.0,0.3889,32.0368,0.1867,1.6154,2.2793,0.5512,0.0298,1.0,0.0223,0.9394,0.0182,0.3071
1747135980000,72.5517,1.0,0.0694,0.8304,1.0,0.0382,1.1785,1.0,4.9955,0.9841,1.0,0.0,76.0662,0.0,19.4752,1.5654,0.9998,0.0267,1.0,0.0,16.0,0.047,1.0,0.3904,32.3907,0.1901,1.5,2.3676,0.5471,0.031,1.0,0.0177,0.9396,0.0182,0.3104
1747136040000,74.7497,1.0,0.0694,0.8673,1.0,0.036,1.3756,1.0,5.07,0.9888,1.0,0.0,61.0642,0.0,18.6519,1.5691,0.9997,0.0265,1.0,0.0,31.2,0.0476,1.0,0.397,30.7746,0.1852,1.5714,2.5471,0.5459,0.0287,1.0,0.0163,0.9386,0.0364,0.3153
1747136100000,72.1845,1.0,0.0694,0.8605,1.0,0.0371,1.6466,1.0,5.0045,0.9857,1.0,0.0,68.6223,0.0,19.1264,1.5526,0.9997,0.0265,1.0,0.0,31.2364,0.0441,1.0,0.3811,30.8318,0.183,1.55,2.2815,0.5474,0.0305,1.0,0.0164,0.9402,0.0182,0.3
1747136160000,75.4038,1.0,0.0694,1.0541,1.0,0.0381,1.1569,1.0,5.0545,0.9825,1.0,0.0,70.7354,0.0,19.553,1.5556,0.9997,0.0267,1.0,0.0,0.2727,0.047,1.0,0.3745,30.0786,0.1882,1.6667,2.2978,0.5494,0.0308,1.0,0.0295,0.9398,0.0182,0.2947
1747136220000,73.8015,1.0,0.0694,0.883,1.0,0.0373,1.1208,0.9999,5.0291,0.9823,1.0,0.0,74.8628,0.0,19.5098,1.5578,0.9996,0.0265,1.0,0.0,29.2545,0.0459,1.0,0.3559,32.4555,0.1874,1.3,2.3931,0.5519,0.0308,1.0,0.0136,0.9401,0.0364,0.3012
1747136280000,75.3521,0.9999,0.0694,0.8744,1.0,0.0363,1.1162,1.0,5.0656,0.981,1.0,0.0,76.1301,0.0,19.7453,1.5683,0.9996,0.0266,1.0,0.0,14.6364,0.0449,1.0,0.3545,32.697,0.1912,1.2,2.7382,0.5454,0.0302,1.0,0.0342,0.9363,0.0182,0.3071
1747136340000,75.0697,1.0,0.0694,0.9921,1.0,0.0377,1.1512,0.9999,5.0073,0.9854,1.0,0.0,70.2939,0.0,18.7688,1.5642,0.9997,0.0269,1.0,0.0,0.0,0.0455,1.0,0.3736,31.5501,0.1853,1.625,2.2611,0.5463,0.029,1.0,0.0299,0.9376,0.0,0.3036
1747136400000,74.143,1.0,0.0694,0.8782,1.0,0.0354,1.153,1.0,5.0555,0.9836,1.0,0.0,72.2119,0.0,19.2958,1.5721,0.9996,0.0265,1.0,0.0,0.0,0.0446,1.0,0.3742,31.2809,0.1891,1.5625,2.4877,0.5457,0.0299,1.0,0.0164,0.9393,0.0,0.2998
1747136460000,73.833,1.0,0.0694,0.9149,1.0,0.0375,1.1611,1.0,5.0491,0.9838,1.0,0.0,72.5533,0.0,19.3712,1.5573,0.9998,0.0265,1.0,0.0,15.3636,0.0461,1.0,0.3706,31.3549,0.1878,1.36,2.3429,0.5434,0.0313,1.0,0.0227,0.9385,0.0182,0.2983
1747136520000,73.5595,1.0,0.0694,0.9043,1.0,0.0381,1.1886,1.0,5.0436,0.9835,1.0,0.0,71.5833,0.0,19.3579,1.5858,0.9997,0.0266,1.0,0.0,16.3636,0.0442,1.0,0.3696,32.1557,0.1802,1.2727,2.291,0.5514,0.0313,1.0,0.0156,0.9379,0.0182,0.2984
1747136580000,72.2767,1.0,0.0694,0.8126,1.0,0.038,1.1,1.0,5.0461,0.9855,1.0,0.0,66.428,0.0,18.8327,1.5618,0.9997,0.0265,1.0,0.0,57.3091,0.0459,1.0,0.3715,32.6292,0.187,1.4,2.6781,0.5622,0.0317,1.0,0.0203,0.9383,0.0727,0.2949
1747136640000,74.5644,1.0,0.0694,0.8156,1.0,0.0389,1.2795,1.0,4.995,0.9821,1.0,0.0,80.0223,0.0,19.7803,1.5546,0.9996,0.0265,1.0,0.0,0.0,0.0445,1.0,0.3617,34.4988,0.1837,1.1333,2.3894,0.5596,0.0321,1.0,0.0274,0.934,0.0,0.31
1747136700000,72.3992,1.0,0.0694,0.8711,1.0,0.0382,1.195,1.0,5.0712,0.988,1.0,0.0,67.2914,0.0,18.9831,1.5447,0.9997,0.0268,1.0,0.0,14.0364,0.0452,1.0,0.3722,32.2533,0.181,2.2143,2.3292,0.547,0.03,1.0,0.0227,0.9388,0.0182,0.3108
1747136760000,71.6184,1.0,0.0694,1.1658,1.0,0.0405,1.5038,1.0,5.0328,0.9836,1.0,0.0,74.4474,0.0,18.9084,1.5587,0.9997,0.0264,1.0,0.0,28.6364,0.0454,1.0,0.3865,32.8935,0.1784,1.52,2.5808,0.5515,0.0312,1.0,0.0178,0.9379,0.0364,0.2993
1747136820000,73.1492,1.0,0.0694,0.8563,1.0,0.0399,1.1341,1.0,5.0966,0.9848,1.0,0.0,71.9188,0.0,19.3752,1.5786,0.9997,0.0265,1.0,0.0,0.0,0.0444,1.0,0.3971,31.5009,0.1779,1.4667,2.399,0.5535,0.0296,1.0,0.0164,0.9358,0.0,0.3055
1747136880000,74.1942,1.0,0.0694,1.0616,1.0,0.0366,1.098,1.0,5.0491,0.9829,1.0,0.0,70.5251,0.0,19.1043,1.585,0.9997,0.0265,1.0,0.0,0.0,0.0431,1.0,0.3824,29.9321,0.1835,1.2222,2.461,0.5443,0.0301,1.0,0.0272,0.9391,0.0,0.2918
1747136940000,73.408,0.9999,0.0694,0.9529,1.0,0.0388,1.1876,1.0,5.0709,0.9828,1.0,0.0,74.319,0.0,19.1747,1.5644,0.9997,0.0262,1.0,0.0,23.7818,0.0445,1.0,0.3641,31.7802,0.1804,1.1111,2.3449,0.5445,0.0319,1.0,0.0224,0.9353,0.0364,0.2952
1747137000000,73.7286,1.0,0.0694,0.9146,1.0,0.0371,1.1856,1.0,5.0456,0.9826,1.0,0.0,71.2192,0.0,18.9317,1.5795,0.9997,0.0263,1.0,0.0,14.2182,0.0461,1.0,0.3817,30.5602,0.1833,1.3077,2.3488,0.5562,0.0302,1.0,0.019,0.9382,0.0182,0.2965
1747137060000,73.0893,1.0,0.0694,0.842,1.0,0.0393,1.1508,0.9999,5.0536,0.9842,1.0,0.0,66.9392,0.0,18.5151,1.5611,0.9997,0.0261,1.0,0.0,30.2,0.0441,1.0,0.404,31.4186,0.1812,1.24,2.2285,0.5483,0.0311,1.0,0.0327,0.9356,0.0364,0.3003
1747137120000,73.0659,1.0,0.0694,0.9153,1.0,0.0387,1.1783,1.0,5.0445,0.9858,1.0,0.0,66.1607,0.0,18.5303,1.6053,0.9996,0.0265,1.0,0.0,31.3636,0.0445,1.0,0.4052,32.8103,0.1753,1.2778,2.5903,0.5535,0.0317,1.0,0.0281,0.9354,0.0364,0.3032
1747137180000,72.7177,1.0,0.0694,0.8028,1.0,0.04,1.3821,1.0,5.0718,0.9834,1.0,0.0,75.8996,0.0,19.4089,1.5759,0.9997,0.0262,1.0,0.0,0.0,0.0468,1.0,0.3855,34.0056,0.1773,1.6667,2.5925,0.5501,0.0317,1.0,0.013,0.9374,0.0,0.3047
1747137240000,72.4022,1.0,0.0694,1.0221,1.0,0.0389,1.1301,0.9999,5.0573,0.9846,1.0,0.0,76.271,0.0,19.0492,1.5783,0.9997,0.0261,1.0,0.0,31.0545,0.0441,1.0,0.3717,31.0226,0.1801,2.0909,2.5519,0.5453,0.0303,1.0,0.0186,0.9354,0.0364,0.3004
1747137300000,71.6391,1.0,0.0694,0.9598,1.0,0.037,1.5729,0.9999,5.0492,0.9846,1.0,0.0,68.4298,0.0,18.6334,1.5654,0.9997,0.0263,1.0,0.0,0.0,0.0435,1.0,0.3734,29.8992,0.1757,1.6667,2.3856,0.5333,0.029,1.0,0.0183,0.9391,0.0,0.2957
1747137360000,72.9712,1.0,0.0694,1.1461,1.0,0.039,1.0795,0.9999,5.0558,0.9887,1.0,0.0,65.6207,0.0,18.5347,1.5498,0.9997,0.0263,1.0,0.0,0.0,0.0451,1.0,0.3664,32.6506,0.1763,1.5152,2.4713,0.5404,0.0309,1.0,0.0255,0.9366,0.0,0.2848
1747137420000,74.3747,1.0,0.0694,0.8453,1.0,0.0408,1.1498,0.9999,5.0849,0.9846,1.0,0.0,67.5324,0.0,18.7493,1.5633,0.9997,0.0262,1.0,0.0,72.1273,0.0448,1.0,0.3726,31.9007,0.1727,1.7273,2.2187,0.5575,0.0306,1.0,0.0158,0.9365,0.0909,0.3001
1747137480000,72.4001,1.0,0.0694,0.9845,1.0,0.0394,1.8292,1.0,5.0255,0.9836,1.0,0.0,74.022,0.0,18.6059,1.5808,0.9997,0.0261,1.0,0.0,0.0,0.045,1.0,0.3646,31.9653,0.1758,2.0,2.3167,0.5445,0.0311,1.0,0.0144,0.9323,0.0,0.31
1747137540000,71.3009,1.0,0.0694,1.048,1.0,0.0408,1.1351,0.9999,5.0809,0.9832,1.0,0.0,80.422,0.0,19.2379,1.576,0.9997,0.026,1.0,0.0,39.1091,0.0435,1.0,0.3676,32.6487,0.1748,1.4444,2.3772,0.5582,0.0311,1.0,0.0158,0.9357,0.0545,0.2998
1747137600000,72.821,1.0,0.0694,1.087,1.0,0.0387,1.3632,0.9999,5.0418,0.9764,1.0,0.0,76.8064,0.0,19.4653,1.5801,0.9997,0.0258,1.0,0.0,16.5818,0.0439,1.0,0.3648,32.3949,0.1753,2.0833,2.6741,0.5777,0.0301,1.0,0.0248,0.9392,0.0182,0.3029
1747137660000,70.6369,1.0,0.0694,0.8824,1.0,0.0387,1.3717,1.0,5.0445,0.985,1.0,0.0,71.6325,0.0,18.8744,1.585,0.9998,0.0261,1.0,0.0,0.0,0.046,1.0,0.3744,31.628,0.1733,1.7097,2.6802,0.5676,0.0295,1.0,0.0284,0.938,0.0,0.3125
1747137720000,71.5899,1.0,0.0694,0.9222,1.0,0.0381,1.1814,1.0,5.014,0.9814,1.0,0.0,75.9884,0.0,19.4176,1.5817,0.9997,0.0259,1.0,0.0,0.0,0.0447,1.0,0.3725,31.8089,0.1841,1.4,2.5611,0.5573,0.03,1.0,0.0209,0.9385,0.0,0.2943
1747137780000,70.9258,1.0,0.0694,0.8103,1.0,0.0363,1.1571,1.0,5.0527,0.9834,1.0,0.0,70.3032,0.0,19.1012,1.5838,0.9997,0.026,1.0,0.0,29.0545,0.0408,1.0,0.358,31.0855,0.1708,1.6667,2.5013,0.551,0.0297,1.0,0.0409,0.9377,0.0364,0.2964
1747137840000,70.5594,1.0,0.0694,0.9056,1.0,0.0381,1.1965,1.0,5.0191,0.9841,1.0,0.0,73.1309,0.0,19.2593,1.5906,0.9997,0.026,1.0,0.0,0.0,0.0421,1.0,0.364,31.5949,0.1769,1.7778,2.3245,0.5606,0.0303,1.0,0.0222,0.9385,0.0,0.2887
1747137900000,71.8517,1.0,0.0694,0.8398,1.0,0.0373,1.1569,1.0,5.0645,0.9809,1.0,0.0,75.0911,0.0,19.9379,1.6127,0.9996,0.0261,1.0,0.0,0.0,0.0439,1.0,0.3627,32.3661,0.1782,1.4706,2.384,0.5556,0.0314,1.0,0.0224,0.9374,0.0,0.2952
1747137960000,72.6142,1.0,0.0694,1.0704,1.0,0.0367,1.1025,1.0,5.0265,0.9815,1.0,0.0,77.0909,0.0,19.3109,1.583,0.9996,0.0258,1.0,0.0,0.0,0.0425,1.0,0.3646,31.4813,0.1837,1.72,2.6019,0.5525,0.03,1.0,0.0473,0.939,0.0,0.2981
1747138020000,70.8588,1.0,0.0694,0.901,1.0,0.0387,1.1713,1.0,5.0798,0.9842,1.0,0.0,71.5601,0.0,19.3772,1.5648,0.9997,0.026,1.0,0.0,0.0,0.0426,1.0,0.3589,31.4776,0.1729,1.1667,2.2882,0.5595,0.0305,1.0,0.0163,0.9354,0.0,0.2985
1747138080000,73.0771,1.0,0.0694,0.8638,1.0,0.0381,1.1672,1.0,5.0293,0.9829,1.0,0.0,75.4725,0.0,19.3301,1.5705,0.9997,0.0261,1.0,0.0,0.0,0.0422,1.0,0.3678,32.135,0.1776,1.3333,2.3639,0.5539,0.0305,1.0,0.0272,0.9416,0.0,0.2901
1747138140000,72.0735,1.0,0.0694,0.9502,1.0,0.039,1.1041,1.0,5.0827,0.9828,1.0,0.0,71.0893,0.0,18.8276,1.5707,0.9997,0.0259,1.0,0.0,0.0,0.0433,1.0,0.3802,31.9415,0.1821,2.0625,2.2422,0.5609,0.0311,1.0,0.0245,0.9375,0.0,0.2949
1747138200000,72.5454,1.0,0.0694,0.877,1.0,0.0356,1.1742,1.0,5.0182,0.9844,1.0,0.0,71.556,0.0,18.922,1.6089,0.9997,0.0262,1.0,0.0,16.3818,0.0425,1.0,0.389,31.344,0.1825,1.4286,2.465,0.5681,0.0311,1.0,0.0182,0.9378,0.0182,0.2995
1747138260000,70.4984,1.0,0.0694,0.9368,1.0,0.0384,1.535,1.0,5.0627,0.9839,1.0,0.0,75.232,0.0,18.8381,1.5567,0.9997,0.0257,1.0,0.0,10.7273,0.0444,1.0,0.4064,32.2443,0.1725,1.48,2.4702,0.5534,0.0302,1.0,0.0283,0.9383,0.0182,0.3004
1747138320000,72.4223,1.0,0.0694,0.8921,1.0,0.0377,1.1294,1.0,5.0191,0.9853,1.0,0.0,76.4157,0.0,19.2057,1.5625,0.9998,0.026,1.0,0.0,0.0,0.043,1.0,0.4003,30.6084,0.1789,1.8,2.5127,0.5534,0.0299,1.0,0.0211,0.9367,0.0,0.2914
1747138380000,70.3041,1.0,0.0694,0.7951,1.0,0.0377,1.1119,0.9999,5.07,0.9857,1.0,0.0,73.7942,0.0,18.8121,1.5549,0.9997,0.0262,1.0,0.0,0.0,0.0414,1.0,0.4033,29.9908,0.1739,1.125,2.548,0.5466,0.0301,1.0,0.0287,0.9402,0.0,0.2919
1747138440000,71.8985,0.9999,0.0694,0.8004,1.0,0.0382,1.1253,1.0,5.0239,0.9838,1.0,0.0,73.6797,0.0,19.0859,1.5598,0.9997,0.0258,1.0,0.0,0.0,0.0416,1.0,0.3704,30.6225,0.1718,1.625,2.4482,0.556,0.0295,1.0,0.0169,0.9379,0.0,0.2847
1747138500000,70.8546,1.0,0.0694,0.8302,1.0,0.0377,1.1379,0.9999,5.0545,0.9846,1.0,0.0,74.106,0.0,18.648,1.5806,0.9997,0.026,1.0,0.0,0.0,0.0455,1.0,0.3786,31.2121,0.1705,2.25,2.4299,0.5659,0.0287,1.0,0.0194,0.9369,0.0,0.2819
1747138560000,74.5121,1.0,0.0694,1.1248,1.0,0.0368,1.0987,1.0,5.0111,0.9836,1.0,0.0,74.1629,0.0,18.9607,1.5741,0.9997,0.0258,1.0,0.0,0.0,0.0434,1.0,0.3764,31.8318,0.1773,1.7917,2.3095,0.5562,0.029,1.0,0.0409,0.9363,0.0,0.2937
1747138620000,73.4446,1.0,0.0694,0.9319,1.0,0.0359,1.1342,1.0,5.0609,0.9836,1.0,0.0,73.8976,0.0,19.2012,1.5726,0.9997,0.0258,1.0,0.0,0.0,0.0424,1.0,0.3777,30.9036,0.1817,1.6,2.5603,0.5464,0.0291,1.0,0.0272,0.9367,0.0,0.2923
1747138680000,72.5971,1.0,0.0694,1.0195,1.0,0.038,1.1435,1.0,5.0291,0.9817,1.0,0.0,74.3244,0.0,19.1524,1.5471,0.9997,0.0257,1.0,0.0,13.6909,0.0434,1.0,0.3651,32.2099,0.1747,1.3636,2.4634,0.556,0.0301,1.0,0.0214,0.9386,0.0182,0.2908
1747138740000,75.0387,1.0,0.0694,0.921,1.0,0.038,1.1379,1.0,5.0536,0.9855,1.0,0.0,68.5676,0.0,18.8174,1.5414,0.9997,0.0258,1.0,0.0,0.0,0.0433,1.0,0.3587,32.1934,0.177,1.625,2.5397,0.5566,0.0296,1.0,0.0135,0.9383,0.0,0.2938
1747138800000,71.6536,1.0,0.0694,0.9252,1.0,0.0391,1.1859,1.0,5.01,0.9901,1.0,0.0,60.4085,0.0,18.2629,1.5746,0.9997,0.0257,1.0,0.0,0.0,0.0424,1.0,0.3667,31.1029,0.169,1.3571,2.5449,0.5563,0.0297,1.0,0.0269,0.9367,0.0,0.2958
1747138860000,74.6734,1.0,0.0694,0.8739,1.0,0.0383,1.1675,1.0,5.05,0.9797,1.0,0.0,79.4518,0.0,19.3705,1.583,0.9996,0.0257,1.0,0.0,0.0,0.0416,1.0,0.3798,33.004,0.1772,1.4,2.3923,0.5618,0.0292,1.0,0.018,0.9371,0.0,0.2999
1747138920000,74.2503,1.0,0.0694,0.9392,1.0,0.0363,1.2466,1.0,5.0082,0.9824,1.0,0.0,72.6829,0.0,19.2473,1.5697,0.9995,0.0258,1.0,0.0,0.0,0.0418,1.0,0.3791,30.8053,0.1753,1.4545,2.6959,0.5545,0.0285,1.0,0.015,0.9374,0.0,0.3047
1747138980000,73.0833,1.0,0.0694,0.8012,1.0,0.0375,1.1433,1.0,5.0582,0.9879,1.0,0.0,64.0614,0.0,18.4219,1.5893,0.9997,0.0256,1.0,0.0,0.0,0.0405,1.0,0.3714,30.7642,0.1747,1.2,2.5055,0.5532,0.0292,1.0,0.0235,0.938,0.0,0.2892
1747139040000,75.227,1.0,0.0694,1.0768,1.0,0.0377,1.1481,1.0,5.0173,0.9881,1.0,0.0,65.3547,0.0,18.5901,1.5663,0.9997,0.0257,1.0,0.0,0.0,0.0429,1.0,0.3816,32.4096,0.1728,1.0,2.4425,0.564,0.0301,1.0,0.017,0.9363,0.0,0.2974
1747139100000,73.0647,1.0,0.0694,0.9772,1.0,0.0386,1.2363,1.0,5.0536,0.9885,1.0,0.0,65.8152,0.0,18.5441,1.5535,0.9997,0.0255,1.0,0.0,0.0,0.041,1.0,0.3819,30.9057,0.171,1.7143,2.4182,0.5569,0.0296,1.0,0.024,0.9393,0.0,0.3038
1747139160000,71.764,1.0,0.0694,1.0813,1.0,0.0377,1.1972,0.9999,5.0256,0.9832,1.0,0.0,71.148,0.0,18.7597,1.5536,0.9997,0.0256,1.0,0.0,43.2909,0.0402,1.0,0.3782,30.6614,0.1718,1.3636,2.6682,0.5524,0.0293,1.0,0.0335,0.9388,0.0364,0.293
1747139220000,72.6443,1.0,0.0694,0.9533,1.0,0.0377,1.1528,1.0,5.0549,0.9827,1.0,0.0,75.2221,0.0,19.1905,1.5591,0.9996,0.0256,1.0,0.0,0.0,0.0418,1.0,0.3591,31.2502,0.1655,1.3846,2.2754,0.5485,0.0296,1.0,0.0249,0.9383,0.0182,0.2898
1747139280000,73.0915,1.0,0.0694,0.9622,1.0,0.0395,1.2159,1.0,4.9927,0.9834,1.0,0.0,77.692,0.0,18.9683,1.5534,0.9997,0.0254,1.0,0.0,0.0,0.0418,1.0,0.3543,31.6331,0.1698,1.3333,2.2249,0.5536,0.0302,1.0,0.0232,0.9389,0.0,0.2833
1747139340000,72.4901,1.0,0.0694,1.0364,1.0,0.041,1.1155,1.0,5.0873,0.987,1.0,0.0,67.3036,0.0,18.3249,1.5384,0.9998,0.0254,1.0,0.0,0.0,0.0409,1.0,0.3449,31.9066,0.1701,1.3333,2.6361,0.5525,0.0302,1.0,0.0165,0.9355,0.0,0.2893
1747139400000,75.0113,1.0,0.0694,1.1577,1.0,0.0375,1.1587,0.9999,5.0118,0.9847,1.0,0.0,68.4403,0.0,18.8911,1.5554,0.9996,0.0251,1.0,0.0,0.0,0.0408,1.0,0.3414,33.9977,0.176,1.1667,2.2799,0.5521,0.0295,1.0,0.033,0.9364,0.0,0.2923
1747139460000,73.5815,1.0,0.0694,0.9154,1.0,0.0382,1.1225,1.0,5.0801,0.981,1.0,0.0,74.2388,0.0,19.3644,1.5398,0.9995,0.0252,1.0,0.0,0.0,0.0401,1.0,0.3536,32.394,0.1677,1.3462,2.5364,0.5427,0.0285,1.0,0.0507,0.9352,0.0,0.2879
1747139520000,73.1542,1.0,0.0694,0.9065,1.0,0.0391,1.1214,1.0,5.0203,0.9882,1.0,0.0,63.0669,0.0,18.176,1.5555,0.9997,0.0249,1.0,0.0,8.6909,0.0397,1.0,0.3728,32.1111,0.1637,1.5,2.3392,0.5504,0.029,1.0,0.0283,0.938,0.0182,0.2813
1747139580000,73.9213,1.0,0.0694,0.8112,1.0,0.0388,1.1264,1.0,5.0982,0.9839,1.0,0.0,73.4599,0.0,19.2439,1.5675,0.9997,0.0251,1.0,0.0,14.4727,0.0402,1.0,0.3805,31.2415,0.1638,2.0,2.4517,0.5553,0.029,1.0,0.0173,0.9382,0.0182,0.2851
1747139640000,74.2236,0.9999,0.0694,0.8946,1.0,0.041,1.5752,1.0,5.0318,0.9827,1.0,0.0,72.752,0.0,18.843,1.5534,0.9997,0.0249,1.0,0.0,0.0,0.0426,1.0,0.3739,31.4403,0.1601,1.0,2.3573,0.5495,0.0286,1.0,0.031,0.9378,0.0,0.2813
1747139700000,74.1403,1.0,0.0694,0.8133,1.0,0.0388,1.1088,1.0,5.0664,0.9803,1.0,0.0,78.3663,0.0,19.2842,1.5443,0.9997,0.025,1.0,0.0,0.0,0.0404,1.0,0.3738,32.4191,0.1713,1.6667,2.4627,0.556,0.0293,1.0,0.0215,0.935,0.0,0.2728
1747139760000,73.1732,1.0,0.0694,1.0041,1.0,0.0371,1.1176,1.0,5.0227,0.9849,1.0,0.0,69.6456,0.0,18.5251,1.5679,0.9997,0.025,1.0,0.0,0.0,0.0402,1.0,0.3711,29.1556,0.1685,1.72,2.4466,0.5477,0.0281,1.0,0.0256,0.9382,0.0,0.2854
1747139820000,74.9735,1.0,0.0694,0.9271,1.0,0.0393,1.1028,0.9999,5.0512,0.9847,1.0,0.0,71.8652,0.0,19.0026,1.5616,0.9997,0.0249,1.0,0.0,0.0,0.0412,1.0,0.3789,31.1676,0.1665,1.6,2.387,0.5421,0.0296,1.0,0.0259,0.9382,0.0,0.2762
1747139880000,73.6863,1.0,0.0694,0.8725,1.0,0.0368,1.1165,1.0,5.0329,0.9804,1.0,0.0,75.6364,0.0,19.1128,1.541,0.9996,0.0246,1.0,0.0,0.0,0.0415,1.0,0.3531,32.2522,0.1669,1.0,2.2357,0.5414,0.0287,1.0,0.0214,0.9371,0.0,0.2768
1747139940000,73.741,1.0,0.0694,0.936,1.0,0.0361,1.0793,1.0,5.07,0.9835,1.0,0.0,74.8712,0.0,18.8989,1.5495,0.9997,0.0247,1.0,0.0,13.3636,0.0377,1.0,0.3435,32.1573,0.1693,1.6,2.4481,0.5441,0.0285,1.0,0.033,0.9352,0.0182,0.2759
1747140000000,72.1385,1.0,0.0694,0.8691,1.0,0.0413,1.0635,0.9999,5.0245,0.9856,1.0,0.0,68.3965,0.0,18.8439,1.5579,0.9997,0.0249,1.0,0.0,0.0,0.0394,1.0,0.3389,32.6273,0.1635,1.0625,2.2739,0.5464,0.0294,1.0,0.0154,0.9351,0.0,0.2789
1747140060000,73.5231,1.0,0.0694,0.9848,1.0,0.0379,1.1242,1.0,5.0673,0.9915,1.0,0.0,55.8724,0.0,17.7442,1.5485,0.9998,0.0251,1.0,0.0,11.7091,0.0384,1.0,0.3471,29.5514,0.1648,1.5417,2.238,0.5427,0.0293,1.0,0.0178,0.9402,0.0182,0.2816
1747140120000,72.833,1.0,0.0694,0.8862,1.0,0.0384,1.1106,1.0,5.0338,0.982,1.0,0.0,67.5155,0.0,18.6039,1.5487,0.9996,0.0252,1.0,0.0,0.0,0.04,1.0,0.3448,30.0591,0.1619,3.1818,2.4222,0.5457,0.0281,1.0,0.0197,0.9416,0.0,0.2806
1747140180000,73.5565,1.0,0.0694,0.8059,1.0,0.0377,1.1236,1.0,5.0755,0.9814,1.0,0.0,73.7959,0.0,19.0295,1.5777,0.9996,0.025,1.0,0.0,0.0,0.0397,1.0,0.3423,31.1413,0.1686,1.2727,2.4036,0.5504,0.029,1.0,0.0129,0.94,0.0,0.2689
1747140240000,74.0077,1.0,0.0694,0.8059,1.0,0.0389,1.1351,1.0,5.0127,0.982,1.0,0.0,74.3476,0.0,19.5612,1.5632,0.9997,0.0247,1.0,0.0,19.3455,0.0392,1.0,0.3351,33.2562,0.1623,1.125,2.5623,0.556,0.0288,1.0,0.0278,0.9369,0.0364,0.2814
1747140300000,72.9989,1.0,0.0694,0.8008,1.0,0.0387,1.3157,1.0,5.0582,0.9823,1.0,0.0,73.6907,0.0,19.6091,1.5535,0.9996,0.0243,1.0,0.0,14.8182,0.0389,1.0,0.339,33.0027,0.1582,1.0,2.4616,0.5514,0.0286,1.0,0.0275,0.9378,0.0182,0.28
1747140360000,74.2253,1.0,0.0694,1.1957,1.0,0.0378,1.1415,1.0,5.0127,0.9827,1.0,0.0,67.9045,0.0,19.0424,1.5679,0.9997,0.0246,1.0,0.0,0.3636,0.0385,1.0,0.3553,30.5021,0.1597,1.48,2.672,0.5316,0.028,1.0,0.0206,0.9359,0.0,0.2767
1747140420000,76.398,1.0,0.0694,0.9035,1.0,0.0367,1.1257,0.9999,5.05,0.9822,1.0,0.0,73.6225,0.0,19.4406,1.572,0.9996,0.0241,1.0,0.0,12.9818,0.0394,1.0,0.3737,32.8776,0.162,1.2,2.4701,0.5526,0.0281,1.0,0.0183,0.9347,0.0182,0.2645
1747140480000,73.7213,1.0,0.0694,1.0738,1.0,0.0371,1.1,0.9999,5.0139,0.9809,1.0,0.0,73.1679,0.0,19.0063,1.5607,0.9996,0.0242,1.0,0.0,0.0,0.0373,1.0,0.3654,30.6642,0.1609,1.25,2.2864,0.5517,0.0274,1.0,0.0428,0.9371,0.0,0.2719
1747140540000,73.2995,0.9999,0.0694,0.9343,1.0,0.0405,1.1134,1.0,5.0603,0.9865,1.0,0.0,67.0461,0.0,18.8802,1.5829,0.9997,0.0245,1.0,0.0,0.0,0.0385,1.0,0.3451,33.6293,0.1578,1.3846,2.4856,0.5529,0.0278,1.0,0.0136,0.934,0.0,0.2707
1747140600000,74.5896,1.0,0.0694,0.993,1.0,0.0371,1.1194,1.0,5.0345,0.9879,1.0,0.0,65.7354,0.0,18.9389,1.6261,0.9997,0.0241,1.0,0.0,14.9273,0.0384,1.0,0.3448,30.323,0.1626,1.5,2.0881,0.5615,0.0278,1.0,0.0446,0.9373,0.0182,0.2792
1747140660000,73.8245,1.0,0.0694,0.8651,1.0,0.039,1.4273,0.9999,5.0595,0.9813,1.0,0.0,77.138,0.0,19.2105,1.5848,0.9997,0.0242,1.0,0.0,0.0,0.0385,1.0,0.329,34.5059,0.1571,2.0606,2.3395,0.5658,0.0293,1.0,0.0227,0.9344,0.0,0.2748
1747140720000,74.3309,1.0,0.0694,0.9591,1.0,0.039,1.156,1.0,5.0055,0.9814,1.0,0.0,75.0925,0.0,19.1825,1.572,0.9996,0.0241,1.0,0.0,13.6545,0.0381,1.0,0.3335,32.2083,0.1558,1.5,2.3525,0.556,0.028,1.0,0.0248,0.9352,0.0182,0.2817
1747140780000,73.0346,1.0,0.0694,0.7973,1.0,0.0391,1.1291,0.9999,5.06,0.9872,1.0,0.0,65.1603,0.0,18.7189,1.5791,0.9997,0.0241,1.0,0.0,30.2182,0.0381,1.0,0.3469,32.1146,0.1622,1.5,2.333,0.5497,0.0294,1.0,0.0272,0.9349,0.0364,0.2718
1747140840000,74.2576,1.0,0.0694,1.0268,1.0,0.0399,1.1335,1.0,5.0302,0.9851,1.0,0.0,69.9112,0.0,18.9676,1.5553,0.9997,0.0239,1.0,0.0,0.0,0.0369,1.0,0.3593,33.2,0.1546,1.625,2.361,0.5531,0.0285,1.0,0.0231,0.937,0.0,0.2791
1747140900000,75.3799,1.0,0.0694,0.9709,1.0,0.0367,1.1062,1.0,5.0516,0.9864,1.0,0.0,70.523,0.0,19.0489,1.548,0.9997,0.024,1.0,0.0,26.4364,0.0359,1.0,0.3612,30.8058,0.1587,1.1875,2.2722,0.5369,0.0266,1.0,0.0209,0.9331,0.0364,0.2758
1747140960000,71.1077,1.0,0.0694,1.1707,1.0,0.0378,1.4725,1.0,5.031,0.9829,1.0,0.0,71.8697,0.0,18.8029,1.5642,0.9997,0.024,1.0,0.0,28.8545,0.037,1.0,0.3542,30.9738,0.1561,1.6154,2.3334,0.539,0.0273,1.0,0.0265,0.9339,0.0364,0.2687
1747141020000,73.9728,1.0,0.0694,0.9456,1.0,0.0403,1.2765,0.9999,5.0329,0.9878,1.0,0.0,68.8571,0.0,18.8868,1.5757,0.9997,0.0236,1.0,0.0,15.4182,0.0381,1.0,0.3533,34.0624,0.1546,1.5455,2.2589,0.5505,0.0272,1.0,0.018,0.9363,0.0182,0.2702
1747141080000,73.12,1.0,0.0694,1.0081,1.0,0.0395,1.1676,0.9999,5.0294,0.988,1.0,0.0,65.7032,0.0,18.7739,1.5623,0.9997,0.0239,1.0,0.0,0.0,0.0365,1.0,0.3383,31.9675,0.1551,1.8333,2.3331,0.5453,0.0267,1.0,0.0099,0.9335,0.0,0.2765
1747141140000,74.1847,1.0,0.0694,1.0162,1.0,0.0397,1.1196,1.0,5.0377,0.9833,1.0,0.0,71.5735,0.0,19.3599,1.5441,0.9996,0.0239,1.0,0.0,0.0,0.0357,1.0,0.348,31.2557,0.1556,1.9,2.502,0.5426,0.0268,1.0,0.0231,0.9348,0.0,0.2678
1747141200000,77.0145,1.0,0.0694,1.1639,1.0,0.0387,1.0644,0.9999,5.0557,0.98,1.0,0.0,73.3427,0.0,19.8436,1.5919,0.9997,0.0235,1.0,0.0,13.5636,0.0358,1.0,0.3362,33.4619,0.1564,1.45,2.4134,0.5457,0.0276,1.0,0.0291,0.9365,0.0182,0.2664
1747141260000,75.6387,1.0,0.0694,0.8644,1.0,0.0359,1.3368,1.0,5.033,0.9851,1.0,0.0,68.3855,0.0,19.0,1.5479,0.9997,0.0234,1.0,0.0,14.0727,0.0358,1.0,0.3401,33.3158,0.1578,1.4167,2.4372,0.5489,0.0274,1.0,0.0154,0.9291,0.0182,0.2678
1747141320000,77.127,1.0,0.0694,1.0052,1.0,0.0403,1.0858,0.9999,5.0536,0.9906,1.0,0.0,56.5413,0.0,17.9933,1.5733,0.9997,0.0232,1.0,0.0,12.0727,0.0361,1.0,0.3301,33.7519,0.1476,1.4545,2.5171,0.5522,0.029,1.0,0.0181,0.9332,0.0182,0.2687
1747141380000,74.121,1.0,0.0694,0.8238,1.0,0.0384,1.1905,1.0,5.0218,0.9852,1.0,0.0,71.7666,0.0,19.413,1.5564,0.9996,0.023,1.0,0.0,0.0,0.0353,1.0,0.3509,33.8845,0.1452,2.0,2.3095,0.5428,0.0274,1.0,0.0154,0.931,0.0,0.2815
1747141440000,75.2738,1.0,0.0694,0.8873,1.0,0.0382,1.0955,1.0,5.0573,0.9868,1.0,0.0,69.6471,0.0,18.9976,1.5716,0.9998,0.023,1.0,0.0,0.0,0.035,1.0,0.3325,34.0328,0.1512,1.0667,2.2035,0.5425,0.0276,1.0,0.02,0.9319,0.0,0.2573
1747141500000,76.7522,1.0,0.0694,0.8413,1.0,0.0383,1.0674,0.9999,5.03,0.9778,1.0,0.0,78.4034,0.0,19.6326,1.5768,0.9997,0.0229,1.0,0.0,0.0,0.0354,1.0,0.3234,32.7974,0.1489,2.25,2.3699,0.5416,0.0275,1.0,0.0189,0.9347,0.0,0.2584
1747141560000,73.9852,1.0,0.0694,1.0607,1.0,0.0374,1.1787,1.0,5.0564,0.9845,1.0,0.0,71.7888,0.0,19.7153,1.5649,0.9997,0.0229,1.0,0.0,16.4182,0.0343,1.0,0.311,32.7966,0.1475,1.84,2.3818,0.5356,0.0267,1.0,0.0236,0.9325,0.0182,0.263
1747141620000,74.9996,1.0,0.0694,0.9382,1.0,0.038,1.1181,1.0,5.0221,0.9855,1.0,0.0,75.9303,0.0,19.4457,1.5587,0.9998,0.0228,1.0,0.0,13.9818,0.0337,1.0,0.3086,32.1401,0.1467,1.4615,2.5285,0.5423,0.0267,1.0,0.0165,0.9336,0.0182,0.2579
1747141680000,74.3487,1.0,0.0694,0.9004,1.0,0.0384,1.4657,1.0,5.0318,0.9898,1.0,0.0,63.3021,0.0,18.811,1.5751,0.9997,0.0228,1.0,0.0,28.7273,0.0344,1.0,0.3249,32.4685,0.1459,1.3333,2.2046,0.5488,0.0265,1.0,0.0272,0.929,0.0364,0.2568
1747141740000,76.9408,1.0,0.0694,0.9404,1.0,0.0374,1.7706,1.0,5.0,0.9877,1.0,0.0,64.7976,0.0,18.6268,1.5659,0.9997,0.0227,1.0,0.0,39.8545,0.0352,1.0,0.3345,33.6731,0.1477,1.7778,2.4896,0.5476,0.0268,1.0,0.0342,0.9301,0.0545,0.2575
1747141800000,73.6727,1.0,0.0694,0.8998,1.0,0.04,1.3732,1.0,5.0473,0.9882,1.0,0.0,63.313,0.0,18.8105,1.5534,0.9997,0.0226,1.0,0.0,25.6545,0.0342,1.0,0.3265,34.2243,0.1422,1.2308,2.4688,0.5415,0.0268,1.0,0.0197,0.929,0.0364,0.2656
1747141860000,72.3898,0.9996,0.0694,0.971,1.0,0.0362,1.1637,1.0,5.0273,0.9896,1.0,0.0,63.017,0.0,18.4839,1.5453,0.9998,0.0224,1.0,0.0,0.0,0.0332,1.0,0.316,31.461,0.1481,1.8462,2.8498,0.5432,0.0265,1.0,0.0194,0.9315,0.0,0.2591
1747141920000,75.3833,1.0,0.0694,0.8972,1.0,0.0379,1.1291,1.0,5.0709,0.9818,1.0,0.0,77.054,0.0,19.8597,1.5255,0.9996,0.0224,1.0,0.0,0.0,0.0325,1.0,0.3278,34.4927,0.1422,1.75,2.3151,0.5481,0.0263,1.0,0.0222,0.9287,0.0,0.2552
1747141980000,76.5024,1.0,0.0694,0.8626,1.0,0.0363,1.1182,0.9999,5.0312,0.9767,1.0,0.0,80.0278,0.0,19.7167,1.5335,0.9995,0.0225,1.0,0.0,0.0,0.0329,1.0,0.3215,36.0147,0.1433,1.0,2.4655,0.5443,0.0272,1.0,0.028,0.927,0.0,0.2519
1747142040000,78.0001,0.9998,0.0694,0.8023,1.0,0.0353,1.1351,1.0,5.0722,0.9807,1.0,0.0,82.1492,0.0,19.8278,1.5849,0.9997,0.0223,1.0,0.0,22.8909,0.0341,1.0,0.3062,36.7995,0.1487,1.8571,2.2844,0.5558,0.0275,1.0,0.0156,0.9265,0.0364,0.2557
1747142100000,73.7573,1.0,0.0694,0.8033,1.0,0.0358,1.161,1.0,5.0209,0.981,1.0,0.0,76.0688,0.0,19.6962,1.5473,0.9997,0.022,1.0,0.0,10.9273,0.0328,1.0,0.3009,34.3715,0.1464,1.4167,2.5202,0.5365,0.0274,1.0,0.0205,0.9246,0.0182,0.256
1747142160000,75.4372,1.0,0.0694,1.0543,1.0,0.0369,1.1201,1.0,5.0632,0.9837,1.0,0.0,79.2813,0.0,19.437,1.5459,0.9997,0.022,1.0,0.0,0.3455,0.0316,1.0,0.3077,34.6969,0.1475,1.625,2.3397,0.5388,0.0263,1.0,0.03,0.9284,0.0,0.253
1747142220000,75.6687,1.0,0.0694,1.0183,1.0,0.0379,1.0929,1.0,5.041,0.9841,1.0,0.0,73.9876,0.0,19.347,1.5417,0.9996,0.022,1.0,0.0,40.6364,0.0321,1.0,0.2937,34.6625,0.1395,1.8947,2.1702,0.5335,0.0263,1.0,0.0187,0.9203,0.0545,0.2533
1747142280000,77.6507,1.0,0.0694,1.0786,1.0,0.0384,1.1027,1.0,5.0618,0.9835,1.0,0.0,76.1863,0.0,19.5176,1.5426,0.9996,0.0219,1.0,0.0,0.0,0.0316,1.0,0.2926,35.4891,0.1366,1.4,2.7211,0.5361,0.0263,1.0,0.02,0.9252,0.0,0.244
1747142340000,77.4546,1.0,0.0694,0.9512,1.0,0.0388,1.0942,1.0,5.0482,0.9863,1.0,0.0,76.1068,0.0,19.5682,1.5339,0.9997,0.0219,1.0,0.0,26.3455,0.0316,1.0,0.3094,34.1693,0.1331,1.375,2.3631,0.5462,0.0268,1.0,0.0312,0.9227,0.0364,0.2405
1747142400000,78.5187,1.0,0.0694,1.0113,1.0,0.0376,1.3154,1.0,5.0273,0.9815,1.0,0.0,77.578,0.0,19.5821,1.5761,0.9997,0.022,1.0,0.0,0.0,0.0309,1.0,0.2924,34.1575,0.1347,1.2667,2.3592,0.5444,0.0266,1.0,0.0153,0.9222,0.0,0.2469
1747142460000,75.8823,1.0,0.0694,0.8482,1.0,0.0377,1.1176,1.0,5.0594,0.9817,1.0,0.0,76.8927,0.0,19.3158,1.5472,0.9997,0.0219,1.0,0.0,0.3273,0.0305,1.0,0.276,35.1317,0.1351,1.6786,2.541,0.5403,0.0267,1.0,0.031,0.9208,0.0,0.2493
1747142520000,76.6748,1.0,0.0694,0.9088,1.0,0.0354,1.0734,1.0,5.0577,0.9859,1.0,0.0,70.1623,0.0,19.7385,1.5524,0.9997,0.0218,1.0,0.0,13.7091,0.0304,1.0,0.2941,33.1683,0.1341,1.3636,2.3075,0.536,0.0255,1.0,0.0167,0.9286,0.0182,0.2518
1747142580000,75.6469,1.0,0.0694,0.7904,1.0,0.0368,1.0874,1.0,5.053,0.9849,1.0,0.0,76.1914,0.0,19.902,1.5512,0.9998,0.0215,1.0,0.0,40.1273,0.0311,1.0,0.2958,33.7349,0.1397,1.3333,2.3778,0.5527,0.0258,1.0,0.0145,0.9227,0.0545,0.2353
1747142640000,77.3122,1.0,0.0694,1.0333,1.0,0.0403,1.0077,1.0,5.0545,0.9834,1.0,0.0,77.1583,0.0,19.8445,1.5642,0.9997,0.0216,1.0,0.0,0.0,0.0306,1.0,0.3129,33.884,0.1346,1.5714,2.2279,0.5394,0.0262,1.0,0.03,0.9205,0.0,0.2453
1747142700000,78.2365,1.0,0.0694,1.0274,1.0,0.0359,1.1547,1.0,5.0491,0.9829,1.0,0.0,78.4931,0.0,19.988,1.5689,0.9997,0.0214,1.0,0.0,23.8727,0.0306,1.0,0.3103,35.0404,0.1376,2.0909,2.2912,0.5449,0.0255,1.0,0.0175,0.9198,0.0364,0.2391
1747142760000,76.9504,1.0,0.0694,1.2428,1.0,0.035,1.5198,1.0,5.0666,0.9821,1.0,0.0,72.9715,0.0,20.5763,1.5617,0.9997,0.0214,1.0,0.0,23.0545,0.0301,1.0,0.3043,35.1361,0.1342,1.9231,2.1969,0.5313,0.0256,1.0,0.0148,0.9211,0.0364,0.2455
1747142820000,77.0137,1.0,0.0694,0.989,1.0,0.0413,1.2669,0.9999,5.05,0.9778,1.0,0.0,85.0431,0.0,20.2276,1.5672,0.9997,0.0212,1.0,0.0,25.5273,0.0288,1.0,0.3039,37.6652,0.1308,2.3636,2.0411,0.5432,0.0268,1.0,0.0157,0.9197,0.0364,0.2374
1747142880000,79.4666,1.0,0.0694,0.9833,1.0,0.0365,1.0957,1.0,5.0618,0.9844,1.0,0.0,84.4251,0.0,20.6414,1.5709,0.9998,0.0211,1.0,0.0,0.0,0.0297,1.0,0.3057,38.0629,0.138,1.5,2.6371,0.5329,0.0265,1.0,0.0155,0.9167,0.0,0.2409
1747142940000,78.505,1.0,0.0694,0.9895,1.0,0.0391,1.0601,1.0,5.0582,0.9815,1.0,0.0,87.8647,0.0,19.9499,1.5297,0.9997,0.0212,1.0,0.0,15.3273,0.0295,1.0,0.3182,39.6709,0.135,1.25,2.459,0.5381,0.0261,1.0,0.0231,0.9163,0.0182,0.2406
1747143000000,78.3307,1.0,0.0694,1.1261,1.0,0.0371,1.1162,1.0,5.0548,0.9838,1.0,0.0,73.6301,0.0,19.8867,1.5746,0.9998,0.0212,1.0,0.0,0.0,0.0308,1.0,0.3109,35.5046,0.128,2.0,2.2452,0.534,0.0245,1.0,0.0204,0.9235,0.0,0.247
1747143060000,77.9155,1.0,0.0694,1.0812,1.0,0.0398,1.085,1.0,5.0464,0.9784,1.0,0.0,85.3135,0.0,20.3515,1.5494,0.9996,0.0207,1.0,0.0,0.0,0.0293,1.0,0.318,37.8005,0.1297,1.64,2.4564,0.5365,0.0257,1.0,0.016,0.9161,0.0,0.233
1747143120000,79.698,1.0,0.0694,0.9208,1.0,0.0381,1.0775,0.9999,5.0582,0.9793,1.0,0.0,87.5366,0.0,20.3497,1.5493,0.9996,0.0205,1.0,0.0,11.4364,0.0296,1.0,0.2979,38.6434,0.1318,1.5,2.0827,0.5435,0.0255,1.0,0.015,0.9182,0.0182,0.2379
1747143180000,77.9748,1.0,0.0694,0.8225,1.0,0.038,1.1057,1.0,5.0427,0.9809,1.0,0.0,91.6435,0.0,20.1831,1.5675,0.9998,0.0205,1.0,0.0,9.9818,0.0287,1.0,0.288,40.4966,0.1343,2.0,2.0906,0.5474,0.0256,1.0,0.0183,0.9185,0.0182,0.2382
1747143240000,79.4605,1.0,0.0694,0.8545,1.0,0.0361,1.0992,1.0,5.0455,0.9792,1.0,0.0,81.1615,0.0,20.0626,1.5535,0.9996,0.0203,1.0,0.0,0.0,0.0287,1.0,0.2834,36.5748,0.1337,0.9375,2.4792,0.5366,0.0249,1.0,0.0215,0.9163,0.0,0.2408
1747143300000,74.9798,1.0,0.0694,0.8146,1.0,0.0356,1.057,1.0,5.0355,0.9817,1.0,0.0,80.2265,0.0,19.9271,1.545,0.9996,0.0204,1.0,0.0,0.0,0.0279,1.0,0.3099,36.6544,0.1265,1.75,2.3164,0.5307,0.0247,1.0,0.0502,0.9156,0.0,0.2346
1747143360000,76.9964,0.9998,0.0694,1.063,1.0,0.0364,1.0828,1.0,5.0573,0.9802,1.0,0.0,85.3553,0.0,19.3538,1.5537,0.9997,0.0201,1.0,0.0,0.0,0.0277,1.0,0.3045,36.1961,0.134,1.84,2.4029,0.5389,0.0251,1.0,0.0237,0.9173,0.0,0.229
1747143420000,82.4602,1.0,0.0694,0.959,1.0,0.0374,1.0672,1.0,5.0227,0.9831,1.0,0.0,86.4971,0.0,20.7259,1.5378,0.9998,0.0201,1.0,0.0,13.2182,0.0269,1.0,0.297,38.1417,0.1316,1.5333,2.4419,0.5468,0.0252,1.0,0.0185,0.9158,0.0182,0.239
1747143480000,77.2606,1.0,0.0694,0.8992,1.0,0.037,1.0378,1.0,5.0573,0.9818,1.0,0.0,82.6781,0.0,20.659,1.5401,0.9997,0.02,1.0,0.0,0.0,0.0265,1.0,0.2978,38.0491,0.1243,1.6,2.3488,0.538,0.0255,1.0,0.0349,0.9142,0.0,0.2328
1747143540000,73.9536,1.0,0.0694,0.8811,1.0,0.036,1.0863,1.0,5.0382,0.9855,1.0,0.0,71.7415,0.0,20.3078,1.5522,0.9998,0.0202,1.0,0.0,0.0,0.0259,1.0,0.2888,33.1597,0.1258,1.2857,2.3494,0.5185,0.0246,1.0,0.0216,0.9182,0.0,0.226
1747143600000,81.7521,1.0,0.0694,0.9691,1.0,0.0368,1.0516,1.0,5.0576,0.9852,1.0,0.0,75.3064,0.0,20.1295,1.545,0.9998,0.0201,1.0,0.0,0.0,0.0262,1.0,0.2897,37.2666,0.1268,1.8571,2.401,0.5357,0.0247,1.0,0.029,0.9133,0.0,0.2185
1747143660000,78.5993,1.0,0.0694,0.9181,1.0,0.0365,1.0982,1.0,5.0391,0.9837,1.0,0.0,84.3422,0.0,19.5688,1.5381,0.9998,0.02,1.0,0.0,14.2,0.0267,1.0,0.2694,36.9491,0.1276,1.7083,2.2958,0.5425,0.0251,1.0,0.0306,0.9151,0.0182,0.2271
1747143720000,76.3323,1.0,0.0694,0.9247,1.0,0.0391,1.0328,1.0,5.05,0.9792,1.0,0.0,79.4534,0.0,20.1252,1.5385,0.9997,0.0199,1.0,0.0,0.0,0.0248,1.0,0.2678,37.2108,0.1181,1.7778,2.3848,0.5314,0.0244,1.0,0.0156,0.9171,0.0,0.2291
1747143780000,78.3201,1.0,0.0694,0.9242,1.0,0.0365,1.0437,1.0,5.0409,0.9837,1.0,0.0,81.0848,0.0,20.0744,1.5217,0.9996,0.0199,1.0,0.0,0.0,0.0251,1.0,0.2639,36.5424,0.1187,2.0,2.6323,0.5331,0.0239,1.0,0.0225,0.911,0.0,0.2219
1747143840000,78.4892,1.0,0.0694,0.7795,1.0,0.0392,1.0381,1.0,5.0676,0.9835,1.0,0.0,87.0751,0.0,20.1966,1.5318,0.9997,0.0197,1.0,0.0,0.0,0.0252,1.0,0.2839,38.2985,0.1185,1.7,2.634,0.54,0.0241,1.0,0.0173,0.913,0.0,0.2198
1747143900000,76.9219,1.0,0.0694,0.7822,1.0,0.0343,1.0749,1.0,5.0373,0.9792,1.0,0.0,78.931,0.0,19.7614,1.5205,0.9996,0.0196,1.0,0.0,0.0,0.0249,1.0,0.2736,36.4613,0.1219,1.3333,2.3405,0.5311,0.0241,1.0,0.0288,0.913,0.0,0.2243
1747143960000,79.6158,1.0,0.0694,1.1042,1.0,0.0375,1.053,1.0,5.0431,0.9777,1.0,0.0,86.6938,0.0,20.8245,1.5766,0.9995,0.0195,1.0,0.0,14.8182,0.0246,0.9999,0.2692,38.9844,0.1221,1.3,2.1741,0.5295,0.0245,1.0,0.0272,0.9094,0.0182,0.218
1747144020000,83.1879,1.0,0.0694,1.1657,1.0,0.0371,1.0862,1.0,5.0291,0.9822,1.0,0.0,85.1027,0.0,20.5711,1.5542,0.9997,0.0193,1.0,0.0,0.0,0.0247,1.0,0.2856,39.7836,0.1166,2.0,2.232,0.5348,0.0235,1.0,0.0179,0.9135,0.0,0.2219
1747144080000,79.695,1.0,0.0694,0.9787,1.0,0.0352,1.0386,1.0,5.0345,0.9804,1.0,0.0,82.8168,0.0,20.4538,1.5463,0.9997,0.0192,1.0,0.0,0.0,0.024,1.0,0.2815,37.1236,0.1184,1.6667,2.4177,0.5299,0.0232,1.0,0.0202,0.9133,0.0,0.2283
1747144140000,80.2249,1.0,0.0694,1.1998,1.0,0.0368,1.0245,1.0,5.0445,0.9755,1.0,0.0,82.8278,0.0,20.0657,1.56,0.9995,0.0192,1.0,0.0,0.3455,0.0242,1.0,0.277,38.3345,0.1133,1.3333,2.4462,0.5461,0.0237,1.0,0.0174,0.9111,0.0,0.2166
1747144200000,82.1161,1.0,0.0694,0.9485,1.0,0.0368,1.0597,1.0,5.04,0.983,1.0,0.0,76.5559,0.0,20.0182,1.5821,0.9997,0.0193,1.0,0.0,10.2364,0.024,1.0,0.2934,36.4371,0.1128,1.7333,2.3688,0.5313,0.0224,1.0,0.0235,0.9128,0.0182,0.2181
1747144260000,80.0022,1.0,0.0694,0.9323,1.0,0.038,1.0735,0.9999,5.0355,0.9843,1.0,0.0,79.9416,0.0,20.2812,1.5498,0.9998,0.019,1.0,0.0,11.7636,0.0239,1.0,0.2797,37.6004,0.1074,1.6129,2.2292,0.5344,0.0227,1.0,0.0192,0.9121,0.0182,0.2128
1747144320000,81.1548,1.0,0.0694,0.8634,1.0,0.0349,1.0841,0.9999,5.042,0.9813,1.0,0.0,73.5518,0.0,19.6575,1.5588,0.9996,0.019,1.0,0.0,0.0,0.0235,1.0,0.285,34.1854,0.1148,1.8462,2.3287,0.5235,0.0233,1.0,0.0199,0.9189,0.0,0.2113
1747144380000,78.4167,1.0,0.0694,0.8971,1.0,0.0355,1.0864,1.0,5.0264,0.9839,1.0,0.0,80.7762,0.0,19.7485,1.5372,0.9998,0.019,1.0,0.0,0.0,0.0239,1.0,0.2729,37.5317,0.1116,1.0,2.7856,0.5243,0.0235,1.0,0.0185,0.9197,0.0,0.209
1747144440000,82.7933,1.0,0.0694,1.0707,1.0,0.0327,1.0335,1.0,5.0336,0.9829,1.0,0.0,70.1641,0.0,20.2548,1.5638,0.9997,0.0188,1.0,0.0,0.0,0.0227,1.0,0.2616,36.003,0.1093,1.1667,2.2549,0.5223,0.0228,1.0,0.0207,0.9182,0.0,0.2075
1747144500000,80.9593,1.0,0.0694,1.0512,1.0,0.0354,1.0199,0.9999,5.03,0.9819,1.0,0.0,76.8366,0.0,20.1592,1.5554,0.9997,0.0187,1.0,0.0,0.0,0.0224,1.0,0.2514,37.3884,0.1104,1.5714,2.3976,0.5251,0.0226,1.0,0.0176,0.9212,0.0,0.2039
1747144560000,82.4554,1.0,0.0694,1.1442,1.0,0.0357,1.0433,1.0,5.0464,0.9796,1.0,0.0,76.5003,0.0,20.1402,1.5488,0.9996,0.0186,1.0,0.0,12.5636,0.0231,1.0,0.2534,38.1205,0.1123,1.56,2.0685,0.5304,0.0226,1.0,0.0232,0.9179,0.0182,0.2098
1747144620000,81.7131,1.0,0.0694,1.2915,1.0,0.0327,1.0014,0.9999,5.0245,0.9773,1.0,0.0,81.1868,0.0,20.3559,1.5356,0.9995,0.0185,1.0,0.0,0.0,0.0234,1.0,0.2514,39.3568,0.1135,1.4615,2.119,0.522,0.0228,1.0,0.0153,0.9208,0.0,0.2097
1747144680000,84.8664,1.0,0.0694,1.0026,1.0,0.0339,1.0785,1.0,5.0284,0.9853,1.0,0.0,80.9865,0.0,20.8936,1.5526,0.9997,0.0186,1.0,0.0,0.0,0.0229,1.0,0.2645,37.8708,0.1104,1.0,2.4406,0.521,0.0221,1.0,0.0244,0.9176,0.0,0.2088
1747144740000,84.5235,1.0,0.0694,1.1754,1.0,0.0343,1.0375,0.9999,5.0173,0.9818,1.0,0.0,69.5152,0.0,19.6186,1.58,0.9996,0.0186,1.0,0.0,0.0,0.0226,1.0,0.2753,34.9931,0.1065,1.125,2.7453,0.5248,0.0218,1.0,0.0155,0.9202,0.0,0.2067
1747144800000,84.9896,1.0,0.0694,1.1231,1.0,0.0316,1.0697,0.9999,5.0373,0.9664,1.0,0.0,73.2818,0.0,20.8131,1.6215,0.9994,0.0185,1.0,0.0,0.0,0.0223,1.0,0.2716,34.6915,0.1098,1.4615,2.3918,0.5397,0.0225,1.0,0.0315,0.9294,0.0,0.2032
1747144860000,86.1228,1.0,0.0694,1.372,1.0,0.0321,1.0421,1.0,5.0296,0.9791,1.0,0.0,74.0429,0.0,20.6447,1.5718,0.9996,0.0183,1.0,0.0,0.0,0.0223,1.0,0.266,35.6579,0.1082,1.3704,2.6406,0.5275,0.0225,1.0,0.027,0.9297,0.0,0.2194
1747144920000,79.6959,1.0,0.0694,0.9983,1.0,0.0323,1.0154,1.0,5.0364,0.9845,1.0,0.0,64.0799,0.0,20.1629,1.558,0.9997,0.0181,1.0,0.0,0.0,0.022,1.0,0.2492,35.0699,0.1025,2.4,2.7005,0.5281,0.0225,1.0,0.0252,0.9292,0.0,0.2051
1747144980000,82.1438,1.0,0.0694,0.8915,1.0,0.0346,1.0415,1.0,5.0382,0.9829,1.0,0.0,64.5546,0.0,21.3111,1.5606,0.9996,0.0183,1.0,0.0,0.0,0.0216,1.0,0.245,30.2324,0.105,1.3636,2.7743,0.517,0.0223,1.0,0.0189,0.9266,0.0,0.1991
1747145040000,81.7361,1.0,0.0694,0.8357,1.0,0.0325,1.0992,1.0,5.0429,0.9748,1.0,0.0,60.7657,0.0,20.2856,1.5765,0.9994,0.0181,1.0,0.0,0.0,0.0215,1.0,0.2399,33.2771,0.1088,1.3,2.4096,0.5211,0.0214,1.0,0.0269,0.924,0.0,0.1987
1747145100000,85.0536,1.0,0.0694,0.8182,1.0,0.0302,1.029,1.0,5.0375,0.9789,1.0,0.0,71.8579,0.0,21.1851,1.5627,0.9996,0.0181,1.0,0.0,0.0,0.0212,1.0,0.2375,37.7722,0.1097,1.4615,2.6559,0.5179,0.0223,1.0,0.0146,0.9261,0.0,0.197
1747145160000,85.9053,1.0,0.0694,1.0229,1.0,0.0334,1.0569,0.9999,5.0402,0.9758,1.0,0.0,72.8383,0.0,21.0694,1.5732,0.9996,0.018,1.0,0.0,0.0,0.0213,1.0,0.2508,37.0157,0.1015,1.6538,2.1048,0.5148,0.0225,1.0,0.0214,0.9306,0.0,0.1985
1747145220000,86.53,1.0,0.0694,1.127,1.0,0.0284,0.9967,1.0,5.0282,0.9853,1.0,0.0,59.5026,0.0,20.0505,1.5579,0.9998,0.0179,1.0,0.0,0.0,0.0217,1.0,0.257,33.0845,0.1066,1.4167,2.2969,0.5132,0.0214,1.0,0.0178,0.9234,0.0,0.1952
1747145280000,84.1909,1.0,0.0694,0.8981,1.0,0.0273,1.0187,1.0,5.0373,0.9832,1.0,0.0,57.0812,0.0,20.3891,1.5312,0.9996,0.018,1.0,0.0,0.0,0.0208,1.0,0.2417,30.8666,0.1032,0.5,2.5705,0.506,0.0212,1.0,0.0121,0.9269,0.0,0.1929
1747145340000,89.204,1.0,0.0694,0.9231,1.0,0.0271,1.0332,1.0,5.0282,0.981,1.0,0.0,58.1385,0.0,20.6684,1.5621,0.9995,0.0181,1.0,0.0,0.0,0.0208,1.0,0.2453,33.3869,0.1076,1.4444,2.6735,0.5008,0.0215,1.0,0.0215,0.9259,0.0,0.1876
1747145400000,89.7945,1.0,0.0694,1.0482,1.0,0.0251,0.9875,1.0,5.0318,0.9887,1.0,0.0,51.7251,0.0,19.6877,1.5766,0.9996,0.0181,1.0,0.0,0.0,0.0205,1.0,0.2314,30.5518,0.1073,1.3846,2.5134,0.5049,0.0213,1.0,0.0178,0.9416,0.0,0.1902
1747145460000,92.8564,1.0,0.0694,0.9657,1.0,0.0277,0.9834,1.0,5.0309,0.9837,1.0,0.0,55.2436,0.0,20.0384,1.5697,0.9996,0.0181,1.0,0.0,0.0,0.0207,1.0,0.2379,30.9747,0.106,1.25,2.8273,0.5086,0.0207,1.0,0.0175,0.9454,0.0,0.1888
1747145520000,93.9262,1.0,0.0694,1.0663,1.0,0.0292,1.0328,0.9999,5.0055,0.9791,1.0,0.0,64.9004,0.0,21.2465,1.5771,0.9995,0.0181,1.0,0.0,0.0,0.0201,1.0,0.2372,36.2213,0.1022,1.2667,2.67,0.5167,0.0213,1.0,0.0209,0.9361,0.0,0.1903
1747145580000,89.3544,1.0,0.0694,1.0461,1.0,0.0279,1.0446,1.0,5.0264,0.9791,1.0,0.0,55.784,0.0,20.6747,1.5459,0.9996,0.0178,1.0,0.0,0.0,0.0202,1.0,0.2329,33.0126,0.1031,1.25,2.1123,0.5027,0.0215,1.0,0.0164,0.937,0.0,0.1912
1747145640000,89.8699,1.0,0.0694,0.7915,1.0,0.0285,0.9816,0.9999,5.0256,0.9831,1.0,0.0,52.6538,0.0,20.3733,1.5654,0.9996,0.0179,1.0,0.0,0.0,0.0203,1.0,0.2318,32.8226,0.1023,2.0,2.6478,0.507,0.0213,1.0,0.0184,0.9329,0.0,0.1843
1747145700000,90.0984,1.0,0.0694,0.7985,1.0,0.0276,1.0216,1.0,5.0302,0.9808,1.0,0.0,53.7526,0.0,20.6219,1.5658,0.9996,0.0179,1.0,0.0,0.0,0.0199,1.0,0.2239,37.8235,0.0984,1.75,2.1256,0.5049,0.0211,1.0,0.0229,0.9346,0.0,0.1839
1747145760000,91.1908,1.0,0.0694,1.1078,1.0,0.0293,0.9931,1.0,5.0473,0.9877,1.0,0.0,50.113,0.0,20.5319,1.609,0.9996,0.0179,1.0,0.0,0.0,0.0203,1.0,0.2211,32.0975,0.0959,1.4375,2.463,0.515,0.0207,1.0,0.0259,0.9434,0.0,0.1834
1747145820000,96.8002,1.0,0.0694,1.3951,1.0,0.0271,1.0324,1.0,5.0282,0.9815,1.0,0.0,51.9115,0.0,21.5426,1.5752,0.9994,0.0179,1.0,0.0,0.0,0.0197,1.0,0.2123,31.3039,0.0999,1.7,2.0775,0.5008,0.0206,1.0,0.0182,0.9435,0.0,0.1839
1747145880000,89.8432,1.0,0.0694,0.8873,1.0,0.0291,1.0089,1.0,5.0511,0.9815,1.0,0.0,56.8663,0.0,20.563,1.5658,0.9995,0.018,1.0,0.0,0.0,0.0203,1.0,0.2024,35.0453,0.0963,1.6667,2.448,0.5034,0.0213,1.0,0.028,0.944,0.0,0.1841
1747145940000,94.4835,1.0,0.0694,1.3096,1.0,0.0307,1.0,1.0,5.0441,0.9745,1.0,0.0,66.876,0.0,22.3994,1.5462,0.9993,0.0179,1.0,0.0,0.0,0.0207,1.0,0.203,42.2492,0.1026,1.1667,2.3847,0.5012,0.0217,1.0,0.0164,0.9326,0.0,0.1852
1747146000000,92.0765,1.0,0.0694,1.0484,1.0,0.0296,1.0669,0.9999,5.0373,0.9795,1.0,0.0,51.3279,0.0,20.9346,1.5808,0.9996,0.0179,1.0,0.0,0.0,0.02,1.0,0.2099,36.1462,0.0959,1.3077,2.7458,0.5038,0.0212,1.0,0.0196,0.9401,0.0,0.1969
1747146060000,92.6213,1.0,0.0694,0.9778,1.0,0.026,1.0259,1.0,5.0236,0.9836,1.0,0.0,42.5713,0.0,20.7213,1.5959,0.9991,0.0181,1.0,0.0,0.0,0.0194,1.0,0.2248,29.5413,0.0953,1.75,2.3109,0.5003,0.0206,1.0,0.0191,0.9428,0.0,0.1892
1747146120000,95.9903,1.0,0.0694,0.8796,1.0,0.0249,1.0596,1.0,5.0364,0.9794,1.0,0.0,48.263,0.0,21.1819,1.5661,0.9995,0.0183,1.0,0.0,0.0,0.02,1.0,0.2387,30.9828,0.0945,1.6,2.45,0.5001,0.0206,1.0,0.0148,0.9466,0.0,0.1814
1747146180000,98.6408,1.0,0.0694,1.0488,1.0,0.025,1.0311,1.0,5.0429,0.9784,1.0,0.0,54.7104,0.0,21.2425,1.5616,0.9995,0.018,1.0,0.0,0.0,0.02,1.0,0.2214,34.1974,0.1004,1.6667,2.4491,0.5002,0.0207,1.0,0.0163,0.9526,0.0,0.1864
1747146240000,94.9038,1.0,0.0694,0.8627,1.0,0.0244,1.069,0.9998,5.0374,0.9793,1.0,0.0,43.4748,0.0,20.5725,1.6005,0.9996,0.0181,1.0,0.0,0.0,0.0197,1.0,0.2182,23.6389,0.0969,0.7857,2.4497,0.502,0.0201,1.0,0.0148,0.9602,0.0,0.1925
1747146300000,100.7412,1.0,0.0694,1.3422,1.0,0.0287,1.025,0.9997,5.0255,0.9742,1.0,0.0,54.1794,0.0,21.7143,1.557,0.9994,0.018,1.0,0.0,0.0,0.02,1.0,0.2231,32.3351,0.0955,2.0769,2.4808,0.4993,0.0204,1.0,0.0175,0.9566,0.0,0.1819
1747146360000,99.7874,1.0,0.0694,1.319,1.0,0.0283,1.0568,1.0,5.0636,0.9729,1.0,0.0,54.0742,0.0,21.7477,1.569,0.9991,0.0181,1.0,0.0,0.0,0.0196,1.0,0.2181,38.2392,0.0926,1.8,2.4111,0.5033,0.0206,1.0,0.0163,0.9533,0.0,0.1881
1747146420000,91.9454,0.9987,0.0694,1.4952,1.0,0.0261,1.0252,1.0,5.0436,0.9678,1.0,0.0,59.1893,0.0,21.9747,1.5405,0.9991,0.0178,1.0,0.0,0.0,0.0204,1.0,0.2206,34.0309,0.093,1.3,3.3453,0.501,0.0207,1.0,0.0321,0.9557,0.0,0.1866
1747146480000,96.834,1.0,0.0694,0.9365,1.0,0.0247,0.9973,1.0,5.0527,0.973,1.0,0.0,56.0512,0.0,22.3082,1.5601,0.9991,0.018,1.0,0.0,0.0,0.0194,1.0,0.2194,34.7574,0.0923,1.4286,2.1024,0.4998,0.0208,1.0,0.0277,0.95,0.0,0.1836
1747146540000,100.3776,1.0,0.0694,1.2999,1.0,0.0263,1.0379,1.0,5.0509,0.9789,1.0,0.0,53.7827,0.0,21.5252,1.5632,0.9993,0.018,1.0,0.0,0.0,0.0197,1.0,0.2257,29.3013,0.0951,1.75,2.2611,0.5042,0.0209,1.0,0.0164,0.9595,0.0,0.1804
1747146600000,96.0758,1.0,0.0694,1.232,1.0,0.0259,1.0333,1.0,5.04,0.9805,1.0,0.0,54.6035,0.0,22.0892,1.5688,0.9993,0.018,1.0,0.0,0.0,0.0194,1.0,0.222,36.1996,0.094,1.4167,2.878,0.507,0.0209,1.0,0.017,0.959,0.0,0.1808
1747146660000,96.3057,1.0,0.0694,1.3538,1.0,0.0277,1.0434,1.0,5.0455,0.9849,1.0,0.0,39.7084,0.0,20.472,1.5919,0.9993,0.0182,1.0,0.0,0.0,0.0193,1.0,0.2155,26.2611,0.0921,1.44,2.1501,0.5071,0.02,1.0,0.0192,0.9606,0.0,0.1806
1747146720000,99.9775,1.0,0.0694,0.9182,1.0,0.0239,1.0252,1.0,5.06,0.977,1.0,0.0,52.5083,0.0,21.128,1.5739,0.9994,0.018,1.0,0.0,0.0,0.0198,1.0,0.2147,32.4855,0.099,1.3,2.805,0.5035,0.0205,1.0,0.0164,0.9559,0.0,0.1772
1747146780000,97.2885,1.0,0.0694,0.9245,1.0,0.026,1.0346,1.0,5.0464,0.981,1.0,0.0,42.9701,0.0,21.3543,1.534,0.9994,0.018,1.0,0.0,0.0,0.0195,1.0,0.2144,28.7358,0.0928,1.2222,1.9221,0.4931,0.0203,1.0,0.0165,0.9582,0.0,0.1834
1747146840000,95.0338,1.0,0.0694,0.8389,1.0,0.0257,0.9849,1.0,5.0591,0.981,1.0,0.0,44.1358,0.0,20.8395,1.5435,0.9993,0.018,1.0,0.0,0.0,0.0193,1.0,0.2113,26.174,0.0896,1.7143,2.041,0.4927,0.0197,1.0,0.0202,0.9614,0.0,0.1791
1747146900000,92.9619,1.0,0.0694,0.8884,1.0,0.0253,0.973,1.0,5.0318,0.9831,1.0,0.0,42.7202,0.0,20.3294,1.5677,0.9995,0.0181,1.0,0.0,0.0,0.0199,1.0,0.2176,24.944,0.0932,1.2308,2.4754,0.4917,0.0206,1.0,0.0164,0.9605,0.0,0.1751
1747146960000,96.224,1.0,0.0694,0.8946,1.0,0.0267,0.9759,1.0,5.062,0.974,1.0,0.0,52.6572,0.0,21.1372,1.5632,0.9993,0.0181,1.0,0.0,0.0,0.0207,1.0,0.2266,32.5033,0.0919,1.0667,2.1685,0.4919,0.0203,1.0,0.0236,0.9639,0.0,0.1819
1747147020000,97.4862,1.0,0.0694,1.377,1.0,0.0234,0.9698,1.0,5.053,0.9745,1.0,0.0,58.3719,0.0,23.359,1.5456,0.9992,0.0181,1.0,0.0,0.0,0.02,1.0,0.2173,34.1689,0.0971,1.2727,2.1859,0.4918,0.0201,1.0,0.0251,0.9687,0.0,0.1801
1747147080000,86.8257,1.0,0.0694,0.8709,1.0,0.0252,1.0159,1.0,5.0709,0.974,1.0,0.0,47.9225,0.0,21.453,1.5311,0.9991,0.0182,1.0,0.0,0.0,0.0194,1.0,0.2183,26.9465,0.0917,1.3333,2.5384,0.4919,0.0206,1.0,0.0222,0.9644,0.0,0.1788
1747147140000,101.2288,1.0,0.0694,1.0308,1.0,0.0229,0.9832,1.0,5.0555,0.9925,1.0,0.0,37.0577,0.0,21.4928,1.5206,0.9997,0.0182,1.0,0.0,0.0,0.0187,1.0,0.206,23.8397,0.091,1.375,2.3498,0.4878,0.0197,1.0,0.0223,0.9682,0.0,0.1748
1747147200000,102.3893,1.0,0.0694,0.9972,1.0,0.0276,0.9668,1.0,5.04,0.9787,1.0,0.0,48.8828,0.0,22.4765,1.5405,0.9994,0.0181,1.0,0.0,0.0,0.0195,1.0,0.2074,28.8286,0.0979,1.5,2.0959,0.5023,0.0203,1.0,0.0256,0.9726,0.0,0.1687
1747147260000,100.0591,1.0,0.0694,0.9958,1.0,0.0248,0.9667,1.0,5.0373,0.9821,1.0,0.0,42.8258,0.0,21.0875,1.5137,0.9996,0.0184,1.0,0.0,0.0,0.0191,1.0,0.199,27.0974,0.0972,1.4231,2.2774,0.4884,0.0207,1.0,0.0232,0.9693,0.0,0.1775
1747147320000,105.9424,1.0,0.0694,1.0812,1.0,0.0218,0.9859,1.0,5.0509,0.9895,1.0,0.0,44.3414,0.0,21.5166,1.5872,0.9997,0.0182,1.0,0.0,0.0,0.0191,1.0,0.1923,28.4898,0.0991,1.3,2.5802,0.4911,0.0202,1.0,0.0114,0.9724,0.0,0.1763
1747147380000,98.489,1.0,0.0694,1.0794,1.0,0.0234,0.9756,1.0,5.0455,0.9737,1.0,0.0,48.3283,0.0,20.3481,1.5268,0.9992,0.0179,1.0,0.0,0.0,0.0195,1.0,0.1946,28.7278,0.092,2.5,2.3372,0.4803,0.0201,1.0,0.0227,0.9673,0.0,0.1814
1747147440000,90.923,1.0,0.0694,0.7934,1.0,0.0221,0.9895,1.0,5.0584,0.9869,1.0,0.0,44.2511,0.0,19.2946,1.5292,0.9997,0.0182,1.0,0.0,0.0,0.0194,1.0,0.1947,28.6285,0.0923,1.5,2.4664,0.4757,0.0199,1.0,0.0312,0.974,0.0,0.1724
1747147500000,97.9686,1.0,0.0694,0.798,1.0,0.0217,0.9321,1.0,5.0302,0.9864,1.0,0.0,33.8365,0.0,20.2332,1.5113,0.9997,0.0184,1.0,0.0,0.0,0.0194,1.0,0.2069,22.0952,0.0926,1.25,2.2431,0.4823,0.0193,1.0,0.0197,0.9779,0.0,0.1697
1747147560000,100.2126,1.0,0.0694,1.0377,1.0,0.0231,0.959,1.0,5.0519,0.9826,1.0,0.0,43.0914,0.0,20.7578,1.5479,0.9997,0.0185,1.0,0.0,0.0,0.0196,1.0,0.203,26.5571,0.0932,1.32,2.5294,0.4772,0.0193,1.0,0.0183,0.9709,0.0,0.1694
1747147620000,100.1069,1.0,0.0694,1.5176,1.0,0.023,0.9923,1.0,4.9591,0.9888,1.0,0.0,35.5563,0.0,20.9008,1.5365,0.9997,0.0184,1.0,0.0,0.0,0.0189,1.0,0.2043,22.2473,0.0928,1.5,2.5798,0.4883,0.0195,1.0,0.0134,0.9763,0.0,0.1714
1747147680000,95.5374,1.0,0.0694,0.876,1.0,0.0255,0.9999,1.0,5.0418,0.9908,1.0,0.0,29.3824,0.0,21.1501,1.585,0.9997,0.0183,1.0,0.0,0.0,0.0194,1.0,0.2017,23.3112,0.0876,1.0,2.3217,0.4906,0.0196,1.0,0.0231,0.9774,0.0,0.1728
1747147740000,102.8446,1.0,0.0694,1.4089,1.0,0.0251,1.0015,1.0,4.9958,0.9721,1.0,0.0,42.4268,0.0,21.3848,1.5087,0.9994,0.0181,1.0,0.0,0.0,0.0194,1.0,0.2137,28.4112,0.0894,1.5714,2.5821,0.4895,0.0195,1.0,0.0139,0.9718,0.0,0.1692
1747147800000,98.4805,1.0,0.0694,1.1555,1.0,0.0241,1.037,1.0,4.96,0.9844,1.0,0.0,43.5979,0.0,21.9441,1.5542,0.9996,0.0185,1.0,0.0,0.0,0.0191,1.0,0.2043,26.2173,0.0853,1.1053,2.6977,0.4805,0.02,1.0,0.0164,0.9793,0.0,0.1743
1747147860000,103.9324,1.0,0.0694,1.0219,1.0,0.0253,0.9683,1.0,5.0018,0.9854,1.0,0.0,46.4684,0.0,22.3353,1.5122,0.9994,0.018,1.0,0.0,0.0,0.0188,1.0,0.2045,28.3893,0.0928,1.375,1.9753,0.4866,0.0197,1.0,0.0168,0.9801,0.0,0.1732
1747147920000,99.6096,1.0,0.0694,0.8251,1.0,0.0245,1.0424,1.0,5.0331,0.9808,1.0,0.0,47.8276,0.0,24.6065,1.5392,0.9995,0.0184,1.0,0.0,0.0,0.0191,1.0,0.214,33.7554,0.0889,1.0909,2.8568,0.4837,0.0198,1.0,0.0185,0.9804,0.0,0.1717
1747147980000,97.4363,1.0,0.0694,1.0439,1.0,0.026,0.9797,1.0,4.9848,0.9727,1.0,0.0,53.2525,0.0,23.5841,1.5566,0.9992,0.018,1.0,0.0,0.0,0.0191,1.0,0.2141,34.9134,0.087,1.0,2.6251,0.4922,0.0204,1.0,0.0229,0.9788,0.0,0.1742
1747148040000,99.0195,1.0,0.0694,0.7981,1.0,0.0227,0.9614,0.9991,4.9818,0.9841,1.0,0.0,37.2729,0.0,23.6198,1.5735,0.9993,0.0183,1.0,0.0,0.0,0.0196,1.0,0.213,25.2859,0.0897,1.5,2.3135,0.4891,0.0198,1.0,0.0164,0.9834,0.0,0.1698
1747148100000,105.428,1.0,0.0694,1.3657,1.0,0.028,0.9843,1.0,5.0073,0.9739,1.0,0.0,47.531,0.0,22.1003,1.542,0.9994,0.0185,1.0,0.0,0.0,0.0191,1.0,0.2094,25.6061,0.0902,1.375,2.265,0.4919,0.0202,1.0,0.017,0.982,0.0,0.1712
1747148160000,104.858,1.0,0.0694,1.1012,1.0,0.0228,1.0081,1.0,5.0064,0.9831,1.0,0.0,46.5669,0.0,23.2845,1.5235,0.9996,0.0184,1.0,0.0,0.0,0.0187,1.0,0.2101,32.1333,0.0865,1.4167,1.9418,0.4819,0.0198,1.0,0.0114,0.9814,0.0,0.1712
1747148220000,103.6785,1.0,0.0694,1.7105,1.0,0.0248,0.9667,1.0,5.0291,0.9779,1.0,0.0,45.6327,0.0,23.5372,1.5615,0.9991,0.0183,1.0,0.0,0.0,0.0189,1.0,0.208,31.2695,0.0847,1.6,2.6087,0.4765,0.0199,1.0,0.0185,0.9786,0.0,0.169
1747148280000,103.6863,1.0,0.0694,1.094,1.0,0.0247,0.994,1.0,5.0398,0.9816,1.0,0.0,43.0241,0.0,22.281,1.5236,0.9992,0.0182,1.0,0.0,0.0,0.019,1.0,0.1973,26.7682,0.0851,2.0,2.6343,0.4977,0.0196,1.0,0.0193,0.9837,0.0,0.1681
1747148340000,102.5404,1.0,0.0694,1.2429,1.0,0.0242,1.0022,1.0,5.0563,0.9781,1.0,0.0,47.0011,0.0,22.4977,1.5082,0.9992,0.0183,1.0,0.0,0.0,0.0194,1.0,0.2014,28.955,0.0879,1.125,2.0285,0.4867,0.0198,1.0,0.023,0.9683,0.0,0.1727
1747148400000,98.7112,1.0,0.0694,1.2789,1.0,0.0237,1.023,0.9998,5.0484,0.9688,1.0,0.0,49.5206,0.0,22.3526,1.5798,0.9993,0.0183,1.0,0.0,0.0,0.019,1.0,0.213,29.6461,0.0844,1.6923,1.9322,0.4911,0.0202,1.0,0.0206,0.9694,0.0,0.1757
1747148460000,102.1235,1.0,0.0694,1.4316,1.0,0.0241,1.0106,1.0,5.0538,0.9754,1.0,0.0,52.2743,0.0,22.229,1.5424,0.9995,0.0182,1.0,0.0,0.0,0.0188,1.0,0.217,31.1232,0.09,1.3333,2.9154,0.4923,0.0199,1.0,0.0173,0.9683,0.0,0.1744
1747148520000,105.2072,1.0,0.0694,1.0501,1.0,0.0235,0.9756,1.0,5.06,0.9924,1.0,0.0,31.7286,0.0,21.5667,1.5795,0.9997,0.0185,1.0,0.0,0.0,0.0187,1.0,0.2101,22.5172,0.0828,1.1333,2.3728,0.4946,0.0193,1.0,0.014,0.9787,0.0,0.1754
1747148580000,108.1764,1.0,0.0694,0.9233,1.0,0.0254,0.9828,1.0,5.0265,0.9749,1.0,0.0,52.0219,0.0,22.8665,1.5759,0.9995,0.0182,1.0,0.0,0.0,0.0189,1.0,0.2033,30.7665,0.0918,1.75,1.9862,0.5007,0.0199,1.0,0.0146,0.9787,0.0,0.17
1747148640000,103.7007,1.0,0.0694,0.9199,1.0,0.0221,1.0024,1.0,5.0623,0.9881,1.0,0.0,31.3486,0.0,21.3976,1.5203,0.9997,0.0184,1.0,0.0,0.0,0.0186,1.0,0.2071,20.6084,0.0871,1.7143,1.9374,0.491,0.0194,1.0,0.0177,0.9834,0.0,0.1775
1747148700000,105.4686,1.0,0.0694,0.8352,1.0,0.0223,0.9997,1.0,5.0347,0.9811,1.0,0.0,32.7986,0.0,22.7241,1.5175,0.9997,0.0187,1.0,0.0,0.0,0.0185,1.0,0.2039,16.7543,0.0842,1.75,2.05,0.4992,0.0193,1.0,0.0153,0.9887,0.0,0.1673
1747148760000,103.37,1.0,0.0694,0.9272,1.0,0.0199,0.998,0.9997,5.0548,0.9811,1.0,0.0,37.2443,0.0,22.0252,1.5271,0.9991,0.0186,1.0,0.0,0.0,0.019,1.0,0.2068,19.6682,0.0845,1.52,2.972,0.489,0.0195,1.0,0.033,0.9854,0.0,0.1704
1747148820000,104.0971,1.0,0.0694,1.6128,1.0,0.0209,1.0065,1.0,5.0356,0.9882,1.0,0.0,29.805,0.0,21.7895,1.5304,0.9996,0.0187,1.0,0.0,0.0,0.0184,1.0,0.1849,14.8247,0.0794,1.5,2.2289,0.4849,0.0189,1.0,0.0147,0.9924,0.0,0.1706
1747148880000,103.9306,1.0,0.0694,1.0182,1.0,0.0223,0.9812,1.0,5.0696,0.9834,1.0,0.0,34.9231,0.0,22.4362,1.5347,0.9995,0.0188,1.0,0.0,0.0,0.0184,1.0,0.179,16.5794,0.0801,1.0,2.5538,0.4908,0.0191,1.0,0.015,0.9823,0.0,0.165
1747148940000,105.2359,1.0,0.0694,0.947,1.0,0.0221,0.9608,1.0,5.0382,0.9753,1.0,0.0,41.6534,0.0,23.8006,1.5099,0.9991,0.0187,1.0,0.0,0.0,0.0186,1.0,0.1796,20.9337,0.0813,1.1111,2.0708,0.4817,0.0196,1.0,0.0161,0.9855,0.0,0.1658
1747149000000,102.1432,1.0,0.0694,1.2375,1.0,0.0265,0.9771,1.0,5.0618,0.9745,1.0,0.0,48.4526,0.0,22.7107,1.515,0.9994,0.0187,1.0,0.0,0.0,0.0187,1.0,0.1847,22.507,0.0808,1.2353,2.0925,0.4804,0.02,1.0,0.0172,0.9837,0.0,0.166
1747149060000,104.3445,1.0,0.0694,1.067,1.0,0.0228,0.9585,1.0,5.0412,0.9826,1.0,0.0,39.6857,0.0,22.013,1.4888,0.9994,0.019,1.0,0.0,0.0,0.0187,1.0,0.1784,16.8804,0.0866,1.44,2.9174,0.4767,0.0196,1.0,0.0121,0.9896,0.0,0.1652
1747149120000,103.6584,1.0,0.0694,1.1107,1.0,0.0239,0.9721,1.0,5.0712,0.9835,1.0,0.0,39.1757,0.0,22.2795,1.4816,0.9997,0.019,1.0,0.0,0.0,0.0188,1.0,0.177,18.5584,0.0844,1.5,2.4774,0.4842,0.0195,1.0,0.0125,0.9836,0.0,0.168
1747149180000,110.2431,1.0,0.0694,1.1329,1.0,0.018,0.9849,1.0,5.0291,0.9877,1.0,0.0,25.2953,0.0,22.686,1.5368,0.9994,0.019,1.0,0.0,0.0,0.0191,1.0,0.1722,11.8266,0.0888,1.5,2.9401,0.4755,0.0193,1.0,0.0202,0.9802,0.0,0.1683
1747149240000,97.0881,1.0,0.0694,0.7987,1.0,0.0215,0.9743,1.0,5.0647,0.9856,1.0,0.0,39.0286,0.0,21.0808,1.5131,0.9995,0.0191,1.0,0.0,0.0,0.0189,1.0,0.1934,16.0438,0.0888,1.7143,2.5318,0.4821,0.0195,1.0,0.0192,0.986,0.0,0.1667
1747149300000,99.5414,1.0,0.0694,0.8143,1.0,0.0193,0.9838,1.0,5.051,0.9816,1.0,0.0,38.3485,0.0,22.1287,1.5397,0.9997,0.0188,1.0,0.0,0.0,0.0189,1.0,0.2032,17.6318,0.0854,1.25,2.2869,0.4777,0.0196,1.0,0.013,0.9927,0.0,0.1667
1747149360000,96.12,1.0,0.0694,0.8993,1.0,0.0254,0.939,1.0,5.047,0.9622,1.0,0.0,48.7932,0.0,20.8878,1.5176,0.9994,0.0189,1.0,0.0,0.0,0.0187,1.0,0.201,17.4352,0.0835,1.7083,1.9814,0.4749,0.0198,1.0,0.0134,0.9885,0.0,0.1647
1747149420000,102.0674,1.0,0.0694,1.6174,1.0,0.0235,0.9936,1.0,5.0227,0.9755,1.0,0.0,44.7901,0.0,21.2792,1.505,0.9997,0.019,1.0,0.0,0.0,0.0187,1.0,0.1948,19.4393,0.0837,1.4545,2.5407,0.473,0.0192,1.0,0.0149,0.9882,0.0,0.1691
1747149480000,102.6437,1.0,0.0694,1.0477,1.0,0.0214,0.9744,1.0,5.0411,0.9886,1.0,0.0,37.3511,0.0,21.9399,1.56,0.9997,0.0193,1.0,0.0,0.0,0.019,1.0,0.1865,14.6788,0.0869,1.3333,2.0912,0.482,0.0198,1.0,0.0139,0.9896,0.0,0.1695
1747149540000,106.2176,1.0,0.0694,1.4047,1.0,0.0248,0.9651,1.0,5.0227,0.9767,1.0,0.0,50.5749,0.0,23.551,1.5454,0.9995,0.019,1.0,0.0,0.0,0.0187,1.0,0.2006,21.4249,0.0813,1.2857,2.7222,0.4891,0.0192,1.0,0.0156,0.9788,0.0,0.171
1747149600000,96.3764,1.0,0.0694,1.0808,1.0,0.0233,0.9889,1.0,5.0173,0.9757,1.0,0.0,48.2497,0.0,21.8549,1.5046,0.999,0.0187,1.0,0.0,0.0,0.019,1.0,0.2056,20.333,0.0807,1.4167,1.8802,0.4853,0.0196,1.0,0.0122,0.9875,0.0,0.1682
1747149660000,101.8257,1.0,0.0694,1.0178,1.0,0.0222,0.9928,1.0,5.0336,0.9845,1.0,0.0,40.1569,0.0,21.8548,1.5909,0.9994,0.0189,1.0,0.0,0.0,0.0186,1.0,0.1935,18.4798,0.0809,1.16,2.6344,0.472,0.0193,1.0,0.0166,0.9853,0.0,0.1681
1747149720000,107.1742,1.0,0.0694,0.8274,1.0,0.0216,0.9559,1.0,5.0267,0.9856,1.0,0.0,42.4497,0.0,21.8554,1.5411,0.9995,0.0188,1.0,0.0,0.0,0.0188,1.0,0.1894,20.3618,0.0814,1.5455,1.729,0.4793,0.0195,1.0,0.0156,0.9873,0.0,0.1663
1747149780000,106.4946,1.0,0.0694,1.1624,1.0,0.0207,1.0015,1.0,5.0327,0.9869,1.0,0.0,32.7243,0.0,21.99,1.5125,0.9994,0.0188,1.0,0.0,0.0,0.0183,1.0,0.1961,14.3173,0.0823,1.5,2.6955,0.4765,0.0191,1.0,0.0124,0.9923,0.0,0.167
1747149840000,99.2451,1.0,0.0694,0.8012,1.0,0.0197,0.9782,1.0,5.0305,0.9844,1.0,0.0,35.8141,0.0,20.6678,1.5243,0.9995,0.0188,1.0,0.0,0.0,0.0191,1.0,0.1888,15.1885,0.0811,1.0,2.2695,0.47,0.019,1.0,0.0149,0.9941,0.0,0.164
1747149900000,104.1965,1.0,0.0694,1.5332,1.0,0.02,0.9626,1.0,5.0311,0.9776,1.0,0.0,41.8611,0.0,21.5345,1.5237,0.9995,0.0189,1.0,0.0,0.0,0.0185,1.0,0.1828,16.5991,0.0831,1.3333,2.5697,0.4899,0.0196,1.0,0.0118,0.9907,0.0,0.1656
1747149960000,105.543,1.0,0.0694,1.075,1.0,0.018,0.9633,1.0,5.0302,0.9867,1.0,0.0,31.9585,0.0,21.5554,1.5438,0.9994,0.0191,1.0,0.0,0.0,0.0188,1.0,0.185,14.0206,0.0819,1.3333,2.1476,0.4783,0.0195,1.0,0.0257,0.9918,0.0,0.1689
1747150020000,108.2792,1.0,0.0694,1.501,1.0,0.0174,1.013,1.0,5.0455,0.988,1.0,0.0,39.2572,0.0,22.7798,1.532,0.9995,0.019,1.0,0.0,0.0,0.0203,1.0,0.1843,16.3129,0.0869,1.0667,2.1708,0.4723,0.0192,1.0,0.0114,0.9946,0.0,0.1648
1747150080000,103.7862,1.0,0.0694,1.1406,1.0,0.0202,0.9563,1.0,5.0291,0.9856,1.0,0.0,32.872,0.0,22.8573,1.493,0.9995,0.0188,1.0,0.0,0.0,0.0183,1.0,0.177,15.8199,0.0793,1.0,3.7755,0.467,0.0193,1.0,0.0144,0.987,0.0,0.1656
1747150140000,103.0148,1.0,0.0694,1.2157,1.0,0.0214,0.9753,1.0,5.0312,0.9743,1.0,0.0,46.5922,0.0,22.5411,1.4906,0.9993,0.0189,1.0,0.0,0.0,0.0195,1.0,0.18,18.3786,0.088,1.1429,2.0738,0.4788,0.0196,1.0,0.0145,0.9873,0.0,0.1596
1747150200000,103.0801,1.0,0.0694,1.3277,1.0,0.0232,0.9192,1.0,5.0138,0.9593,1.0,0.0,58.2759,0.0,22.6798,1.5215,0.9992,0.0188,1.0,0.0,0.0,0.0187,1.0,0.18,21.1571,0.0847,1.25,2.2361,0.4647,0.0199,1.0,0.0139,0.9836,0.0,0.1624
1747150260000,96.6563,1.0,0.0694,1.4642,1.0,0.0189,0.9521,1.0,5.04,0.9737,1.0,0.0,46.5867,0.0,22.831,1.566,0.9993,0.0189,1.0,0.0,0.0,0.0187,1.0,0.1858,19.2083,0.0841,1.36,2.3951,0.4718,0.0199,1.0,0.0124,0.9818,0.0,0.1653
1747150320000,96.973,1.0,0.0694,0.8257,1.0,0.0192,1.0002,1.0,5.0329,0.985,1.0,0.0,53.7315,0.0,21.9425,1.57,0.9996,0.0185,1.0,0.0,0.0,0.0198,1.0,0.1962,20.9926,0.0848,1.4118,2.6371,0.4636,0.0203,1.0,0.0178,0.9816,0.0,0.1675
1747150380000,106.7371,1.0,0.0694,0.9458,1.0,0.0228,0.9905,1.0,5.0245,0.9877,1.0,0.0,34.9189,0.0,21.0339,1.5213,0.9996,0.0189,1.0,0.0,0.0,0.02,1.0,0.1993,14.2103,0.0852,1.3333,1.9121,0.4685,0.0197,1.0,0.0207,0.9947,0.0,0.166
1747150440000,104.3608,1.0,0.0694,0.7896,1.0,0.025,0.9619,1.0,5.0464,0.9767,1.0,0.0,42.2429,0.0,21.785,1.4994,0.9994,0.0186,1.0,0.0,0.0,0.0192,1.0,0.191,19.9783,0.0807,1.0,2.3051,0.4649,0.0194,1.0,0.0143,0.9836,0.0,0.1632
1747150500000,102.7428,1.0,0.0694,0.8598,1.0,0.0212,0.9588,1.0,5.0373,0.9768,1.0,0.0,49.989,0.0,22.0725,1.5096,0.9993,0.0189,1.0,0.0,0.0,0.0211,1.0,0.1837,21.4198,0.0819,1.3125,3.0331,0.4634,0.0195,1.0,0.0171,0.9881,0.0,0.162
1747150560000,102.4286,1.0,0.0694,0.9161,1.0,0.0232,0.9668,1.0,5.0464,0.9754,1.0,0.0,50.5264,0.0,22.83,1.5189,0.9992,0.019,1.0,0.0,0.0,0.0189,1.0,0.188,19.8025,0.0816,1.375,1.8795,0.4648,0.0196,1.0,0.0133,0.9887,0.0,0.1614
1747150620000,100.7109,1.0,0.0694,1.3046,1.0,0.0257,0.9125,1.0,5.0436,0.9806,1.0,0.0,43.265,0.0,22.028,1.4913,0.9995,0.0193,1.0,0.0,0.0,0.0192,1.0,0.1791,18.3974,0.0792,1.2727,2.6241,0.4662,0.019,1.0,0.0216,0.9917,0.0,0.161
1747150680000,107.3561,1.0,0.0694,1.0777,1.0,0.0245,0.9544,1.0,5.0373,0.9877,1.0,0.0,40.1827,0.0,22.0167,1.5129,0.9995,0.0187,1.0,0.0,0.0,0.0196,1.0,0.17,16.1795,0.0812,1.25,2.4133,0.4611,0.0196,1.0,0.0197,0.9946,0.0,0.1623
1747150740000,107.1812,1.0,0.0694,0.9641,1.0,0.0223,0.9397,1.0,5.03,0.9807,1.0,0.0,48.8069,0.0,22.2166,1.514,0.9994,0.0188,1.0,0.0,0.0,0.0196,1.0,0.1676,19.1512,0.0785,1.625,2.2792,0.4714,0.0196,1.0,0.0151,0.9927,0.0,0.1607
1747150800000,102.9505,1.0,0.0694,1.0996,1.0,0.0243,0.9573,1.0,5.0391,0.9816,1.0,0.0,36.8509,0.0,20.6949,1.5168,0.9994,0.0188,1.0,0.0,0.0,0.0191,1.0,0.1702,13.777,0.0798,1.3333,2.8805,0.4712,0.0195,1.0,0.0234,0.9902,0.0,0.1612
1747150860000,105.9202,1.0,0.0694,0.9076,1.0,0.0218,0.9436,1.0,5.0527,0.9764,1.0,0.0,52.3496,0.0,21.2524,1.5384,0.9996,0.0187,1.0,0.0,0.0,0.0207,1.0,0.1743,19.3796,0.0865,1.4063,2.5293,0.4577,0.0198,1.0,0.0116,0.9925,0.0,0.1579
1747150920000,101.1395,1.0,0.0694,1.1585,1.0,0.0296,0.9235,1.0,5.0356,0.972,1.0,0.0,63.139,0.0,22.6711,1.4759,0.999,0.0188,1.0,0.0,0.0,0.0197,1.0,0.1772,23.4356,0.0784,1.2727,2.2623,0.4563,0.0195,1.0,0.0141,0.9856,0.0,0.1622
1747150980000,102.7554,1.0,0.0694,1.0607,1.0,0.0213,0.9338,1.0,5.0418,0.9774,1.0,0.0,41.6577,0.0,20.5099,1.4876,0.9995,0.0188,1.0,0.0,0.0,0.0215,1.0,0.1834,14.9096,0.08,1.5,2.3467,0.4633,0.0189,1.0,0.0155,0.9915,0.0,0.1588
1747151040000,100.801,1.0,0.0694,0.7883,1.0,0.0244,0.9416,1.0,5.0482,0.982,1.0,0.0,45.4087,0.0,21.9194,1.5358,0.9995,0.019,1.0,0.0,0.0,0.0185,1.0,0.1886,19.0832,0.08,1.0,2.3202,0.4558,0.0192,1.0,0.0113,0.9892,0.0,0.1569
1747151100000,102.6471,1.0,0.0694,0.7876,1.0,0.0268,0.9341,1.0,5.0364,0.9647,1.0,0.0,57.6771,0.0,22.1313,1.4991,0.9988,0.0184,1.0,0.0,0.0,0.0196,1.0,0.1927,23.3044,0.0822,1.5,2.2265,0.4671,0.02,1.0,0.0141,0.9878,0.0,0.1575
1747151160000,103.5099,1.0,0.0694,0.8289,1.0,0.0187,0.9295,1.0,5.0445,0.984,1.0,0.0,38.5672,0.0,21.2146,1.495,0.9996,0.0186,1.0,0.0,0.0,0.0197,1.0,0.1939,16.1282,0.081,1.25,2.1046,0.4626,0.0192,1.0,0.0121,0.9942,0.0,0.164
1747151220000,101.9756,1.0,0.0694,1.6072,1.0,0.0213,0.9244,1.0,5.0158,0.9743,1.0,0.0,47.4113,0.0,21.3238,1.5067,0.9993,0.019,1.0,0.0,0.0,0.0197,1.0,0.2055,16.7905,0.079,1.2727,2.3001,0.4666,0.0194,1.0,0.0116,0.9954,0.0,0.1609
1747151280000,101.9254,1.0,0.0694,1.2033,1.0,0.0201,0.9448,1.0,5.0455,0.9862,1.0,0.0,47.0917,0.0,21.8542,1.5306,0.9995,0.0188,1.0,0.0,0.0,0.0193,1.0,0.2033,18.2671,0.0796,1.5,2.1323,0.468,0.0194,1.0,0.0156,0.993,0.0,0.1615
1747151340000,95.8792,1.0,0.0694,1.4742,1.0,0.0243,0.9316,1.0,5.0445,0.9731,1.0,0.0,48.8195,0.0,21.2988,1.6164,0.9992,0.0191,1.0,0.0,0.0,0.0193,1.0,0.2101,19.4827,0.0757,1.3571,2.2854,0.4601,0.0196,1.0,0.0195,0.9901,0.0,0.1617
1747151400000,98.2594,1.0,0.0694,1.1515,1.0,0.023,0.9392,1.0,5.0282,0.9753,1.0,0.0,53.1375,0.0,20.452,2.1833,0.9993,0.0187,1.0,0.0,0.0,0.0205,1.0,0.2068,21.5053,0.08,0.9167,2.4799,0.4583,0.0196,1.0,0.0211,0.9924,0.0,0.1592
1747151460000,97.0991,1.0,0.0694,1.0741,1.0,0.0212,0.9843,1.0,5.0427,0.9868,1.0,0.0,43.0863,0.0,20.6164,2.1861,0.9994,0.0189,1.0,0.0,0.0,0.0197,1.0,0.198,16.4468,0.0777,1.2917,2.2188,0.4551,0.0194,1.0,0.015,0.9883,0.0,0.1597
1747151520000,89.5234,1.0,0.0694,0.8425,1.0,0.0238,0.9145,1.0,5.05,0.9815,1.0,0.0,47.217,0.0,20.6725,2.1688,0.9995,0.0191,1.0,0.0,0.0,0.0198,1.0,0.2049,16.6425,0.0808,1.3571,1.8971,0.4499,0.0197,1.0,0.0218,0.9847,0.0,0.1573
1747151580000,93.6579,1.0,0.0694,1.1683,1.0,0.0254,0.9122,1.0,5.0373,0.9767,1.0,0.0,46.9349,0.0,20.7665,2.1942,0.9996,0.0189,1.0,0.0,0.0,0.0211,1.0,0.192,16.8078,0.0805,1.5,2.0404,0.4481,0.0198,1.0,0.0118,0.9908,0.0,0.1576
1747151640000,95.2917,1.0,0.0694,0.7999,1.0,0.0256,0.9323,0.9998,5.0427,0.9678,1.0,0.0,58.7711,0.0,22.4602,2.202,0.9991,0.0186,1.0,0.0,0.0,0.0191,1.0,0.1875,21.5603,0.083,1.375,2.3799,0.4596,0.0199,1.0,0.0187,0.9844,0.0,0.1562
1747151700000,91.266,1.0,0.0694,1.3869,1.0,0.0244,0.9466,1.0,5.0374,0.9813,1.0,0.0,48.7161,0.0,21.721,2.169,0.9995,0.0187,1.0,0.0,0.0,0.0208,1.0,0.1842,23.6003,0.0776,1.3333,2.3466,0.4466,0.02,1.0,0.0142,0.9849,0.0,0.1605
1747151760000,91.284,1.0,0.0694,0.9938,1.0,0.0211,0.9309,0.9997,5.0411,0.9814,1.0,0.0,46.4622,0.0,21.806,2.179,0.9995,0.019,1.0,0.0,0.0,0.0202,1.0,0.1918,21.9389,0.0832,1.3333,2.1997,0.4446,0.0199,1.0,0.0206,0.9902,0.0,0.1572
1747151820000,86.9039,1.0,0.0694,1.5493,1.0,0.0193,0.9311,1.0,5.0273,0.9862,1.0,0.0,39.8519,0.0,20.6846,2.1613,0.9995,0.0192,1.0,0.0,0.0,0.02,1.0,0.1822,18.5424,0.08,1.0,2.346,0.4489,0.02,1.0,0.0338,0.9907,0.0,0.1554
1747151880000,86.1513,1.0,0.0694,1.3329,1.0,0.0186,0.9311,1.0,5.0509,0.9882,1.0,0.0,26.3007,0.0,19.9215,2.2005,0.9994,0.0204,1.0,0.0,0.0,0.0195,1.0,0.1898,13.3386,0.0819,1.0,1.9342,0.4422,0.0198,1.0,0.0158,0.9916,0.0,0.1562
1747151940000,79.5756,1.0,0.0694,1.1964,1.0,0.0206,0.9373,1.0,5.0391,0.9857,1.0,0.0,46.4257,0.0,20.6776,2.2252,0.9996,0.0231,1.0,0.0,0.0,0.0209,1.0,0.1874,16.1569,0.0976,1.0,2.353,0.4417,0.0208,1.0,0.0135,0.9929,0.0,0.1547
1747152000000,89.3336,1.0,0.0694,1.1093,1.0,0.026,0.9387,1.0,5.0327,0.972,1.0,0.0,72.9687,0.0,21.8997,2.2388,0.9996,0.0181,1.0,0.0,0.0,0.0206,1.0,0.1803,31.4871,0.0926,1.2353,2.7224,0.4637,0.0211,1.0,0.0157,0.9754,0.0,0.1626
1747152060000,96.5521,1.0,0.0694,1.4456,1.0,0.0245,0.9783,1.0,5.0391,0.9807,1.0,0.0,87.7591,0.0,22.7001,2.2565,0.9995,0.0177,1.0,0.0,0.0,0.0202,1.0,0.204,44.6462,0.0778,1.75,2.6178,0.4726,0.0201,1.0,0.0232,0.9676,0.0,0.177
1747152120000,100.4446,1.0,0.0694,0.9621,1.0,0.0243,0.9934,0.9998,4.9682,0.9911,1.0,0.0,61.4098,0.0,23.2286,2.2892,0.9997,0.0175,1.0,0.0,0.0,0.02,1.0,0.1943,35.0324,0.0732,1.4,2.7392,0.4708,0.0195,1.0,0.022,0.9719,0.0,0.1683
1747152180000,98.7781,1.0,0.0694,0.9398,1.0,0.0223,0.9536,1.0,5.0373,0.9706,1.0,0.0,61.8092,0.0,23.561,2.2473,0.9991,0.0175,1.0,0.0,0.0,0.02,1.0,0.2003,39.6905,0.0711,1.5,1.7422,0.4625,0.0192,1.0,0.0131,0.9729,0.0,0.1631
1747152240000,100.248,1.0,0.0694,0.8023,1.0,0.0201,0.9651,1.0,5.0409,0.9875,1.0,0.0,43.9116,0.0,22.0889,2.2345,0.9994,0.0178,1.0,0.0,0.0,0.0206,1.0,0.2055,30.0654,0.0696,1.4286,2.1578,0.465,0.0193,1.0,0.0175,0.9716,0.0,0.1626
1747152300000,103.6154,1.0,0.0694,0.8879,1.0,0.018,0.9421,1.0,5.0264,0.9919,1.0,0.0,34.2042,0.0,22.4207,2.2807,0.9995,0.0175,1.0,0.0,0.0,0.0199,1.0,0.204,25.7909,0.0674,1.5833,2.2217,0.4616,0.019,1.0,0.0196,0.9926,0.0,0.1608
1747152360000,106.118,0.9983,0.0694,0.8753,1.0,0.023,0.9225,1.0,4.9745,0.9672,1.0,0.0,41.1941,0.0,21.0122,2.2297,0.9994,0.0177,1.0,1e-04,0.0,0.0211,1.0,0.1943,25.0178,0.0695,1.2581,2.3802,0.4602,0.0193,1.0,0.0591,0.9911,0.0,0.1544
1747152420000,97.9623,1.0,0.0694,1.6753,1.0,0.0252,0.9225,1.0,4.9773,0.9832,1.0,0.0,47.8177,0.0,21.6767,2.2282,0.9994,0.0177,1.0,0.0,0.0,0.0201,1.0,0.1936,30.2311,0.0652,1.5,2.2338,0.4661,0.0193,1.0,0.0148,0.9873,0.0,0.1569
1747152480000,103.1076,1.0,0.0694,1.2373,1.0,0.0269,0.93,1.0,5.0467,0.9828,1.0,0.0,38.9484,0.0,21.1636,2.2804,0.9995,0.0174,1.0,0.0,0.0,0.0199,1.0,0.1868,28.4885,0.0652,1.0,2.2482,0.4651,0.0189,1.0,0.023,0.9872,0.0,0.1553
1747152540000,102.6052,1.0,0.0694,0.9929,1.0,0.0247,0.9418,1.0,5.0009,0.9852,1.0,0.0,36.3685,0.0,22.2151,2.1969,0.9995,0.0172,1.0,0.0,0.0,0.0185,1.0,0.1834,27.9586,0.065,2.0,2.0528,0.4658,0.0186,1.0,0.0198,0.982,0.0,0.155
1747152600000,101.4153,1.0,0.0694,1.0881,1.0,0.0292,0.9374,1.0,5.0,0.9758,1.0,0.0,34.7479,0.0,21.1386,2.2302,0.9995,0.0176,1.0,0.0,0.0,0.0194,0.9998,0.1899,22.181,0.064,1.3333,2.5696,0.479,0.0187,1.0,0.0137,0.9943,0.0,0.1533
1747152660000,101.8191,1.0,0.0694,1.1902,1.0,0.0224,0.9806,1.0,4.9729,0.984,1.0,0.0,40.4873,0.0,22.092,2.2153,0.9991,0.0177,1.0,0.0,0.0,0.0195,1.0,0.1794,26.9849,0.0633,1.4583,2.4148,0.4863,0.0187,1.0,0.0136,0.9881,0.0,0.156
1747152720000,102.1231,1.0,0.0694,1.5017,1.0,0.0196,0.9985,1.0,5.0473,0.986,1.0,0.0,28.5194,0.0,20.5035,2.2372,0.9996,0.0176,1.0,0.0,0.0,0.02,1.0,0.1805,21.2837,0.0631,2.3636,2.7296,0.4734,0.0189,1.0,0.0163,0.9957,0.0,0.1575
1747152780000,98.8494,1.0,0.0694,1.1466,1.0,0.0236,0.9661,1.0,5.0436,0.9846,1.0,0.0,38.2387,0.0,20.8016,2.2267,0.9994,0.0175,1.0,0.0,0.0,0.0198,1.0,0.1808,24.1176,0.063,2.0,2.6544,0.4769,0.0187,1.0,0.0178,0.9917,0.0,0.1568
1747152840000,102.2093,1.0,0.0694,0.9617,1.0,0.0219,0.9691,1.0,5.0482,0.9881,1.0,0.0,29.5879,0.0,20.3554,2.2468,0.9996,0.0177,1.0,0.0,0.0,0.0219,1.0,0.1894,20.4209,0.0655,1.0714,2.2613,0.4793,0.0185,1.0,0.0158,0.9931,0.0,0.158
1747152900000,99.3583,1.0,0.0694,0.8614,1.0,0.0234,0.9404,1.0,5.0436,0.986,1.0,0.0,33.2579,0.0,20.9207,2.2779,0.9994,0.0178,1.0,0.0,0.0,0.0205,1.0,0.191,22.2179,0.0639,1.3333,3.1448,0.4811,0.0184,1.0,0.0176,0.9847,0.0,0.1572
1747152960000,96.425,1.0,0.0694,0.8521,1.0,0.0258,0.9803,1.0,5.0515,0.9862,1.0,0.0,37.171,0.0,20.4551,2.2526,0.9997,0.0174,1.0,0.0,0.0,0.0212,1.0,0.2047,23.4651,0.0608,1.5,2.8094,0.4799,0.0184,1.0,0.0182,0.9965,0.0,0.1586
1747153020000,99.3429,1.0,0.0694,1.6497,1.0,0.0252,0.9872,1.0,5.041,0.993,1.0,0.0,26.404,0.0,20.4938,2.239,0.9996,0.0175,1.0,0.0,0.0,0.0192,1.0,0.1796,19.2018,0.0606,1.6,2.4466,0.4854,0.0186,1.0,0.0196,0.99,0.0,0.1619
1747153080000,104.9738,1.0,0.0694,1.9421,1.0,0.027,0.9627,1.0,5.0557,0.9851,1.0,0.0,28.9776,0.0,19.8799,2.2229,0.9993,0.0174,1.0,0.0,0.0,0.0196,1.0,0.1891,20.3186,0.0627,2.0,2.7152,0.474,0.0184,1.0,0.0134,0.977,0.0,0.1608
1747153140000,104.4177,1.0,0.0694,1.6136,1.0,0.0232,0.9839,1.0,5.0312,0.9881,1.0,0.0,32.9864,0.0,20.9832,2.242,0.9996,0.0172,1.0,0.0,0.0,0.0204,1.0,0.2005,21.8555,0.0615,1.2857,1.8408,0.4819,0.0184,1.0,0.0164,0.9948,0.0,0.161
1747153200000,112.9737,1.0,0.0694,1.3941,1.0,0.0244,0.9811,1.0,5.0395,0.9569,1.0,0.0,37.8904,0.0,23.4779,2.281,0.9994,0.0177,1.0,0.0,499.6182,0.0218,1.0,0.1965,35.7822,0.0619,1.5,3.3115,0.5298,0.0185,1.0,0.0147,0.9783,0.4909,0.1599
1747153260000,103.6598,1.0,0.0694,1.5014,1.0,0.0277,1.3779,1.0,5.0003,0.9771,1.0,0.0,51.743,0.0,23.5975,2.2694,0.9991,0.0173,1.0,0.0,516.4727,0.0197,1.0,0.2062,39.141,0.0615,2.2083,1.9191,0.5693,0.0186,1.0,0.0169,0.9597,0.8909,0.1963
1747153320000,90.143,1.0,0.0694,0.9518,1.0,0.0216,8.9054,1.0,4.7297,0.99,1.0,0.0,32.3616,0.0,20.9224,2.4019,0.9998,0.0171,1.0,0.0,159.8364,0.0193,1.0,0.2274,23.7211,0.0619,1.8,2.9744,0.4768,0.0181,1.0,0.0144,0.9584,0.0364,0.1845
1747153380000,90.4735,1.0,0.0694,1.4076,1.0,0.0232,3.2097,1.0,4.8632,0.1144,1.0,0.0,133.4158,0.0,26.681,2.2412,0.9999,0.0178,1.0,0.0,0.0,0.0729,1.0,0.2129,23.7914,0.0596,1.2222,2.3158,0.488,0.0181,1.0,0.0138,0.9575,0.0,0.1554
1747153440000,93.113,1.0,0.0694,0.8414,1.0,0.0229,0.9942,0.9995,5.0621,0.212,1.0,0.0,147.3802,0.0,29.5066,2.2537,1.0,0.0179,1.0,0.0,0.0,0.2738,1.0,0.215,24.0486,0.0615,1.5714,2.6646,0.494,0.0185,1.0,0.0281,0.9717,0.0,0.2121
1747153500000,103.4647,1.0,0.0694,1.62,1.0,0.026,1.0455,1.0,5.0345,0.3455,1.0,0.0,161.8062,0.0,32.5408,2.2651,0.9999,0.0178,1.0,0.0,0.0,0.1343,1.0,0.2162,28.059,0.063,1.75,2.6173,0.4846,0.0186,1.0,0.022,0.9696,0.0,0.1889
1747153560000,92.0671,1.0,0.0694,1.4391,1.0,0.0254,1.0067,1.0,5.0542,0.9488,1.0,0.0,132.2838,0.0,29.8774,2.209,0.9996,0.0176,1.0,1e-04,76.0545,0.0286,1.0,0.2205,32.8907,0.0589,1.8929,2.0833,0.4859,0.0183,1.0,0.0196,0.9805,0.0182,0.1784
1747153620000,94.6701,1.0,0.0694,1.6076,1.0,0.0245,0.9996,1.0,5.0575,0.3759,1.0,0.0,156.0241,0.0,31.9713,2.2718,1.0,0.0175,1.0,0.0,0.0,0.0863,1.0,0.2095,24.4667,0.0607,1.5,2.2774,0.4799,0.0182,1.0,0.016,0.9821,0.0,0.1585
1747153680000,93.1028,1.0,0.0694,2.1416,1.0,0.0285,1.0454,1.0,5.0492,0.9825,1.0,0.0,70.7949,0.0,24.6173,2.1992,0.9995,0.0175,1.0,0.0,0.0,0.0214,1.0,0.2096,28.5015,0.0588,2.0,2.4969,0.4926,0.0184,1.0,0.0206,0.9862,0.0,0.1719
1747153740000,90.1339,1.0,0.0694,1.4244,1.0,0.0273,1.0159,1.0,5.0456,0.9918,1.0,0.0,43.5834,0.0,22.2152,2.2867,0.9996,0.0172,1.0,0.0,0.0,0.0198,1.0,0.2017,24.217,0.0576,1.0,2.1667,0.4967,0.0187,1.0,0.0244,0.9825,0.0,0.1596
1747153800000,85.9988,1.0,0.0694,1.4136,1.0,0.0277,0.9925,1.0,5.0667,0.4625,1.0,0.0,169.7322,0.0,34.7021,2.2885,0.9998,0.0176,1.0,0.0,0.0,0.0617,1.0,0.209,33.2957,0.0574,1.5833,2.3567,0.5052,0.0195,1.0,0.0248,0.9693,0.0,0.1615
1747153860000,85.7514,1.0,0.0694,1.8221,1.0,0.021,1.0399,1.0,5.0464,0.9795,1.0,0.0,54.1387,0.0,27.1181,2.2773,0.999,0.0175,1.0,1e-04,0.0,0.0213,1.0,0.2025,30.9273,0.0568,1.7419,2.3446,0.4663,0.0187,1.0,0.0277,0.9628,0.0,0.1787
1747153920000,99.7148,1.0,0.0694,1.5533,1.0,0.0242,1.0271,0.9997,5.0376,0.987,1.0,0.0,72.3815,0.0,23.761,2.2056,0.9996,0.0175,1.0,0.0,0.0,0.0205,1.0,0.2019,37.0354,0.0594,1.4,2.8808,0.4872,0.0184,1.0,0.0141,0.9671,0.0,0.1612
1747153980000,90.6051,1.0,0.0694,1.1158,1.0,0.024,1.0138,1.0,5.0445,0.9929,1.0,0.0,42.7015,0.0,20.9636,2.2791,0.9997,0.018,1.0,0.0,0.0,0.0233,1.0,0.199,20.0354,0.0568,2.0,2.8562,0.4778,0.0179,1.0,0.0134,0.9784,0.0,0.1645
1747154040000,97.0585,1.0,0.0694,0.8701,1.0,0.0261,0.9911,1.0,5.0473,0.5676,1.0,0.0,177.1264,0.0,35.5798,2.2975,0.9999,0.0176,1.0,0.0,0.0,0.0521,1.0,0.2055,25.7711,0.057,1.3333,1.3623,0.5085,0.0181,1.0,0.0223,0.9925,0.0,0.1605
1747154100000,94.1232,1.0,0.0694,0.9249,1.0,0.0249,1.0179,1.0,5.0385,0.9842,1.0,0.0,65.5524,0.0,24.5659,2.262,0.9995,0.0172,1.0,0.0,0.0,0.0184,1.0,0.2105,33.2711,0.0579,1.3333,3.1395,0.5007,0.0184,1.0,0.0183,0.9849,0.0,0.165
1747154160000,91.1759,1.0,0.0694,0.874,1.0,0.0245,0.9822,1.0,5.0529,0.9856,1.0,0.0,62.6094,0.0,22.036,2.2399,0.9994,0.0176,1.0,1e-04,0.0,0.0222,1.0,0.2028,26.4825,0.0555,1.4,2.7862,0.4805,0.0183,1.0,0.0249,0.9898,0.0,0.1613
1747154220000,102.2775,1.0,0.0694,1.9212,1.0,0.019,0.971,1.0,5.0584,0.9931,1.0,0.0,53.1384,0.0,23.113,2.2353,0.9997,0.0173,1.0,0.0,0.0,0.0193,1.0,0.1908,30.5287,0.0552,1.6,2.8255,0.4958,0.0183,1.0,0.0199,0.99,0.0,0.1596
1747154280000,95.6272,1.0,0.0694,1.2804,1.0,0.0237,1.0223,1.0,5.0449,0.9907,1.0,0.0,47.8636,0.0,22.3137,2.2246,0.9995,0.0174,1.0,0.0,0.0,0.021,1.0,0.1895,29.0694,0.0557,1.5,2.7927,0.4962,0.0181,1.0,0.0129,0.9877,0.0,0.1589
1747154340000,94.1998,1.0,0.0694,1.1038,1.0,0.0255,1.0237,1.0,5.06,0.7948,1.0,0.0,195.9187,0.0,37.4395,2.2837,0.9998,0.0173,1.0,0.0,0.0,0.0354,1.0,0.2048,30.5964,0.0594,1.375,2.2743,0.4904,0.0183,1.0,0.0199,0.9847,0.0,0.1584
1747154400000,94.5152,1.0,0.0694,1.0824,1.0,0.0244,1.0038,1.0,5.0495,0.9888,1.0,0.0,62.724,0.0,22.1739,2.3063,0.9996,0.0181,1.0,0.0,0.0,0.0224,1.0,0.1992,26.0219,0.0571,1.3684,2.1703,0.4906,0.0185,1.0,0.0289,0.992,0.0,0.1638
1747154460000,95.1105,1.0,0.0694,1.2684,1.0,0.0242,0.9966,1.0,5.0418,0.9847,1.0,0.0,65.5077,0.0,23.6636,2.2763,0.9992,0.0179,1.0,1e-04,0.0,0.021,1.0,0.2046,32.6074,0.0555,1.375,2.6024,0.4978,0.0181,1.0,0.0133,0.9833,0.0,0.1599
1747154520000,90.2466,1.0,0.0694,1.5196,1.0,0.0235,1.0103,1.0,5.0336,0.9708,1.0,0.0,65.9948,0.0,22.4896,2.2817,0.9993,0.0177,1.0,0.0,0.0,0.021,1.0,0.1945,30.49,0.053,1.9,3.0367,0.5029,0.0181,1.0,0.0101,0.9829,0.0,0.1577
1747154580000,94.5543,1.0,0.0694,1.0891,1.0,0.0297,0.9987,1.0,5.0482,0.9689,1.0,0.0,76.8678,0.0,23.666,2.2221,0.999,0.0172,1.0,0.0,0.0,0.0196,1.0,0.2077,40.9642,0.0565,1.1667,3.1964,0.4919,0.0188,1.0,0.0117,0.9747,0.0,0.1591
1747154640000,88.3452,1.0,0.0694,1.4381,1.0,0.0249,1.0303,1.0,5.0429,0.9891,1.0,0.0,62.0074,0.0,24.1038,2.2453,0.9998,0.0174,1.0,0.0,0.0,0.0199,1.0,0.1978,33.6492,0.0553,2.5714,2.4286,0.4916,0.0184,1.0,0.0192,0.988,0.0,0.1614
1747154700000,84.7507,1.0,0.0694,0.8521,1.0,0.0263,1.007,1.0,5.0336,0.9902,1.0,0.0,164.4076,0.0,34.1818,2.2398,0.9996,0.0173,1.0,0.0,0.0,0.0243,1.0,0.197,34.527,0.0551,1.5833,3.1892,0.495,0.0186,1.0,0.0211,0.9872,0.0,0.1577
1747154760000,91.507,1.0,0.0694,0.8654,1.0,0.0266,1.0016,1.0,5.0527,0.9814,1.0,0.0,67.4551,0.0,23.3084,2.2713,0.9993,0.0179,1.0,1e-04,0.0,0.0205,1.0,0.206,30.5437,0.0544,1.3333,2.6329,0.4813,0.019,1.0,0.0249,0.9906,0.0,0.1581
1747154820000,101.0243,1.0,0.0694,1.6463,1.0,0.0211,0.9909,1.0,5.0382,0.9948,1.0,0.0,50.4253,0.0,21.6147,2.2391,0.9996,0.0181,1.0,0.0,0.0,0.0247,1.0,0.1975,24.8252,0.0552,1.4,2.9221,0.4741,0.0179,1.0,0.0222,0.9912,0.0,0.1594
1747154880000,94.9193,1.0,0.0694,2.0188,1.0,0.0276,0.9731,1.0,5.0391,0.9947,1.0,0.0,45.8996,0.0,20.73,2.2164,0.9997,0.018,1.0,0.0,0.0,0.0227,1.0,0.2018,21.1287,0.053,1.2222,2.0403,0.4923,0.018,1.0,0.0108,0.994,0.0,0.1558
1747154940000,90.0382,1.0,0.0694,1.3473,1.0,0.0312,0.9814,1.0,5.0491,0.9888,1.0,0.0,61.8562,0.0,22.9348,2.2591,0.9996,0.0174,1.0,0.0,0.0,0.0219,1.0,0.1967,26.0544,0.0536,1.4286,3.4224,0.5298,0.018,1.0,0.0178,0.9843,0.0,0.1563
1747155000000,87.4815,1.0,0.0694,1.7981,1.0,0.1127,0.9934,1.0,5.0501,0.9889,1.0,0.0,62.8197,0.0,20.5784,2.2764,0.9997,0.0183,1.0,0.0,0.0,0.0244,1.0,0.1923,26.8053,0.0527,1.9231,2.8531,0.5003,0.0186,1.0,0.0101,0.9655,0.0,0.1579
1747155060000,86.8146,1.0,0.0694,1.546,1.0,0.1078,0.996,1.0,5.0457,0.9789,1.0,0.0,55.7529,0.0,21.6143,2.2248,0.9994,0.0172,1.0,1e-04,0.0,0.0202,1.0,0.1889,27.1593,0.0576,1.6071,2.5933,0.5046,0.018,1.0,0.0186,0.9394,0.0,0.1585
1747155120000,91.2338,1.0,0.0694,0.8839,1.0,0.1109,1.0089,1.0,5.01,0.9591,1.0,0.0,85.1696,0.0,22.3998,2.2367,0.9985,0.0175,1.0,0.0,0.0,0.0205,1.0,0.1778,36.6263,0.0579,1.3,2.436,0.5184,0.0184,1.0,0.0167,0.9539,0.0,0.1589
1747155180000,89.8831,1.0,0.0694,1.2822,1.0,0.1059,0.9884,1.0,5.0573,0.9844,1.0,0.0,64.0784,0.0,22.0851,2.2589,0.9994,0.0171,1.0,0.0,0.0,0.0198,1.0,0.1803,32.6651,0.0575,1.5,3.4866,0.5209,0.0183,1.0,0.0113,0.9713,0.0,0.1626
1747155240000,96.632,1.0,0.0694,0.9993,1.0,0.0259,1.0141,1.0,5.0505,0.983,1.0,0.0,67.5514,0.0,24.0325,2.229,0.9989,0.0173,1.0,0.0,0.0,0.0199,1.0,0.1968,34.7657,0.0549,2.0,2.4904,0.4841,0.0182,1.0,0.016,0.9749,0.0,0.1585
1747155300000,98.9897,1.0,0.0694,1.3433,1.0,0.0322,0.9819,1.0,5.0511,0.9526,1.0,0.0,78.3557,0.0,25.7083,2.1991,0.9987,0.0174,1.0,0.0,0.0,0.0217,1.0,0.1846,36.8039,0.0522,1.0833,1.9846,0.4944,0.0183,1.0,0.0096,0.9807,0.0,0.1565
1747155360000,101.4335,1.0,0.0694,1.3975,1.0,0.0234,0.9936,1.0,5.0709,0.9806,1.0,0.0,69.1613,0.0,23.4392,2.2738,0.9996,0.0181,1.0,1e-04,0.0,0.0227,1.0,0.181,32.9777,0.0534,1.2903,2.3408,0.4958,0.0182,1.0,0.0209,0.9835,0.0,0.1615
1747155420000,92.3139,1.0,0.0694,1.6207,1.0,0.025,1.0035,1.0,5.0464,0.9668,1.0,0.0,78.2776,0.0,22.9248,2.2251,0.999,0.0183,1.0,0.0,0.0,0.0247,1.0,0.1859,32.5543,0.0509,1.4,2.1691,0.4984,0.0182,1.0,0.0175,0.9791,0.0,0.1577
1747155480000,94.1073,1.0,0.0694,2.6314,1.0,0.0206,1.0033,1.0,5.02,0.9863,1.0,0.0,50.449,0.0,23.413,2.2344,0.999,0.0175,1.0,0.0,0.0,0.021,1.0,0.1869,29.7317,0.0528,1.0,2.6581,0.5082,0.0178,1.0,0.0179,0.9673,0.0,0.159
1747155540000,91.5849,1.0,0.0694,1.4661,1.0,0.0265,0.9968,1.0,5.05,0.9812,1.0,0.0,79.3946,0.0,25.4959,2.2295,0.9994,0.0179,1.0,0.0,0.0,0.0229,1.0,0.1901,33.7896,0.0532,1.7143,2.2588,0.4848,0.0184,1.0,0.0145,0.9788,0.0,0.1575
1747155600000,94.1621,1.0,0.0694,1.48,1.0,0.0258,1.0028,1.0,5.04,0.981,1.0,0.0,82.5964,0.0,27.8369,2.2435,0.9993,0.0172,1.0,0.0,0.0,0.0196,1.0,0.1856,45.208,0.0539,1.6875,2.2473,0.4856,0.0183,1.0,0.016,0.9781,0.0,0.1572
1747155660000,108.6936,1.0,0.0694,1.8136,1.0,0.0192,0.9942,1.0,5.0773,0.976,1.0,0.0,57.8812,0.0,23.4986,2.1877,0.9993,0.0173,1.0,1e-04,0.0,0.0211,1.0,0.186,29.4757,0.052,1.3462,1.9115,0.4866,0.0179,1.0,0.0167,0.9903,0.0,0.1584
1747155720000,102.9874,1.0,0.0694,1.5842,1.0,0.0201,0.9714,1.0,5.0391,0.9878,1.0,0.0,73.1016,0.0,26.4468,2.222,0.9993,0.0173,1.0,0.0,0.0,0.02,1.0,0.1823,36.4826,0.0534,2.0,1.795,0.4869,0.0178,1.0,0.0206,0.9861,0.0,0.1541
1747155780000,100.2981,1.0,0.0694,1.0809,1.0,0.0285,0.9554,1.0,5.0582,0.9763,1.0,0.0,64.7288,0.0,24.4363,2.2249,0.9993,0.0172,1.0,0.0,0.0,0.0209,1.0,0.1776,31.9142,0.0543,1.5,3.4006,0.491,0.0181,1.0,0.0147,0.978,0.0,0.1565
1747155840000,99.6645,1.0,0.0694,0.8437,1.0,0.0306,0.9986,1.0,5.0555,0.9824,1.0,0.0,71.3188,0.0,22.936,2.1937,0.999,0.0176,1.0,0.0,0.0,0.0228,1.0,0.1801,30.1804,0.0533,4.0,2.4744,0.4829,0.0182,1.0,0.0177,0.9844,0.0,0.156
1747155900000,99.8693,1.0,0.0694,0.9273,1.0,0.0327,1.0038,1.0,5.0548,0.9854,1.0,0.0,71.9573,0.0,23.0059,2.2877,0.9992,0.0176,1.0,1e-04,0.0,0.0226,1.0,0.1765,29.5015,0.0524,1.1579,2.206,0.5085,0.0179,1.0,0.016,0.9754,0.0,0.1589
1747155960000,100.9621,1.0,0.0694,0.9375,1.0,0.0269,0.9834,1.0,5.0491,0.9785,1.0,0.0,78.3688,0.0,25.7157,2.2553,0.9992,0.0173,1.0,1e-04,0.0,0.0195,1.0,0.1895,43.3375,0.0526,1.4583,2.6159,0.4928,0.0181,1.0,0.0161,0.979,0.0,0.159
1747156020000,100.1885,1.0,0.0694,1.1264,1.0,0.0232,0.9817,1.0,5.0682,0.9836,1.0,0.0,71.1373,0.0,22.5471,2.197,0.9994,0.0178,1.0,0.0,0.0,0.023,1.0,0.1912,34.461,0.0506,1.5,3.4463,0.4927,0.0178,1.0,0.0155,0.9906,0.0,0.1589
1747156080000,98.7185,1.0,0.0694,2.1207,1.0,0.0316,0.9953,1.0,5.0527,0.9853,1.0,0.0,82.9825,0.0,24.6353,2.222,0.9993,0.0181,1.0,0.0,0.0,0.0223,1.0,0.1857,38.1264,0.0507,1.5,2.6879,0.4812,0.0181,1.0,0.0249,0.9862,0.0,0.1569
1747156140000,99.7356,1.0,0.0694,1.0972,1.0,0.0235,0.9829,1.0,5.0465,0.9879,1.0,0.0,64.2865,0.0,22.9991,2.2914,0.9994,0.0174,1.0,0.0,0.0,0.0218,1.0,0.1861,26.2189,0.0531,1.5455,1.964,0.4848,0.0177,1.0,0.0167,0.9902,0.0,0.1555
1747156200000,97.6244,1.0,0.0694,1.192,1.0,0.0303,0.9934,1.0,5.0573,0.9854,1.0,0.0,65.6382,0.0,23.2139,2.2636,0.9997,0.0172,1.0,0.0,0.0,0.0206,1.0,0.1867,30.9571,0.054,1.4167,2.7953,0.4948,0.0181,1.0,0.018,0.9937,0.0,0.1551
1747156260000,110.6981,1.0,0.0694,1.697,1.0,0.017,0.9487,1.0,5.0575,0.9872,1.0,0.0,58.1957,0.0,21.8582,2.2961,0.999,0.0173,1.0,1e-04,0.0,0.0197,1.0,0.1891,30.7556,0.0538,1.4167,2.8644,0.5016,0.0176,1.0,0.0253,0.9876,0.0,0.1564
1747156320000,94.8228,1.0,0.0694,1.5027,1.0,0.0307,0.9852,1.0,5.0439,0.9836,1.0,0.0,81.0005,0.0,24.9093,2.2549,0.9993,0.0172,1.0,0.0,0.0,0.0192,1.0,0.189,39.6314,0.0506,1.0,2.4562,0.4853,0.018,1.0,0.013,0.9901,0.0,0.1559
1747156380000,93.3605,1.0,0.0694,1.2485,1.0,0.0292,0.9801,1.0,5.0773,0.9781,1.0,0.0,65.5685,0.0,22.7748,2.2271,0.9996,0.0171,1.0,0.0,0.0,0.0208,1.0,0.1927,36.398,0.0508,1.0,2.8867,0.4813,0.0179,1.0,0.0174,0.9851,0.0,0.1552
1747156440000,91.9011,1.0,0.0694,1.4547,1.0,0.0224,0.9785,1.0,5.0567,0.9846,1.0,0.0,73.4576,0.0,25.9568,2.2374,0.9993,0.0169,1.0,0.0,0.0,0.0181,1.0,0.1855,43.2274,0.0513,1.1429,1.9808,0.4788,0.018,1.0,0.0125,0.971,0.0,0.1562
1747156500000,80.2306,1.0,0.0694,0.8708,1.0,0.0179,0.9522,1.0,5.0712,0.9941,1.0,0.0,65.8803,0.0,23.0147,2.2387,0.9998,0.0173,1.0,0.0,0.0,0.021,1.0,0.1827,28.9419,0.0504,1.4167,2.2927,0.4726,0.0179,1.0,0.029,0.9538,0.0,0.1547
1747156560000,74.7429,1.0,0.0694,0.8704,1.0,0.0203,0.948,1.0,5.0545,0.9843,1.0,0.0,66.1725,0.0,25.8026,2.2249,0.9988,0.0174,1.0,1e-04,0.0,0.0199,1.0,0.1813,39.7649,0.0501,1.5417,1.918,0.4912,0.0181,1.0,0.0221,0.9355,0.0,0.1539
1747156620000,82.3853,1.0,0.0694,1.6489,1.0,0.0236,0.9872,1.0,5.0857,0.9791,1.0,0.0,81.8478,0.0,22.7909,2.2181,0.9989,0.0176,1.0,0.0,0.0,0.023,1.0,0.1817,33.9639,0.051,1.3571,2.4499,0.4759,0.0182,1.0,0.0121,0.963,0.0,0.1537
1747156680000,100.8826,1.0,0.0694,2.5345,1.0,0.024,0.9723,1.0,5.0585,0.983,1.0,0.0,63.6916,0.0,25.4906,2.2453,0.9991,0.0171,1.0,0.0,0.0,0.0198,1.0,0.1708,37.168,0.0502,1.0,2.029,0.4815,0.0177,1.0,0.0153,0.9804,0.0,0.1574
1747156740000,95.3217,1.0,0.0694,1.4159,1.0,0.0302,0.9709,1.0,5.0727,0.979,1.0,0.0,69.0636,0.0,21.8997,2.1966,0.9992,0.0172,1.0,0.0,0.0,0.0218,1.0,0.1759,30.1591,0.0489,1.2857,2.0791,0.508,0.0178,1.0,0.0213,0.9889,0.0,0.155
1747156800000,101.9357,1.0,0.0694,1.9313,1.0,0.0235,0.9813,1.0,5.0594,0.9834,1.0,0.0,79.8746,0.0,24.4043,2.2814,0.9993,0.0174,1.0,0.0,0.0,0.0225,1.0,0.1731,35.2509,0.0499,1.8333,2.3277,0.4921,0.0179,1.0,0.0124,0.9859,0.0,0.1551
1747156860000,88.5295,1.0,0.0694,1.431,1.0,0.0223,0.9577,1.0,5.0704,0.9815,1.0,0.0,74.0385,0.0,20.0976,2.2421,0.9995,0.0176,1.0,1e-04,0.0,0.0239,1.0,0.1867,29.5258,0.0517,1.25,3.4165,0.4691,0.0178,1.0,0.0188,0.9883,0.0,0.1557
1747156920000,93.526,1.0,0.0694,1.3649,1.0,0.0265,0.9549,1.0,5.0582,0.9867,1.0,0.0,71.353,0.0,23.9758,2.2503,0.9991,0.017,1.0,1e-04,0.0,0.0184,1.0,0.1808,38.1236,0.0513,1.3529,2.9688,0.4698,0.0177,1.0,0.0141,0.9753,0.0,0.1544
1747156980000,91.6062,1.0,0.0694,0.9597,1.0,0.0219,0.9553,1.0,5.0858,0.9862,1.0,0.0,68.9983,0.0,23.5601,2.2306,0.9992,0.0172,1.0,0.0,0.0,0.0224,1.0,0.1764,37.5839,0.0499,1.5,2.318,0.4876,0.0177,1.0,0.0224,0.9546,0.0,0.1533
1747157040000,83.9724,1.0,0.0694,1.6529,1.0,0.0316,0.9898,1.0,5.0514,0.9818,1.0,0.0,75.2415,0.0,25.0354,2.2414,0.9989,0.0177,1.0,0.0,0.0,0.0209,1.0,0.1862,31.5074,0.0551,1.375,3.7945,0.4788,0.0178,1.0,0.0165,0.9241,0.0,0.1527
1747157100000,80.4814,1.0,0.0694,1.3742,1.0,0.0269,0.9732,1.0,5.0764,0.9881,1.0,0.0,56.0728,0.0,24.4133,2.218,0.9993,0.0178,1.0,0.0,0.0,0.0214,1.0,0.1971,29.9349,0.0493,1.3333,3.8529,0.475,0.018,1.0,0.0165,0.9614,0.0,0.1549
1747157160000,86.563,1.0,0.0694,1.543,1.0,0.0297,0.9667,1.0,5.0741,0.9688,1.0,0.0,78.4919,0.0,25.1557,2.2341,0.9985,0.017,1.0,1e-04,0.0,0.018,1.0,0.2008,45.0166,0.0492,1.4286,1.7847,0.4823,0.0181,1.0,0.0211,0.9668,0.0,0.1532
1747157220000,91.6599,1.0,0.0694,2.2289,1.0,0.03,0.9666,1.0,5.0833,0.9887,1.0,0.0,40.0125,0.0,20.7672,2.2737,0.9985,0.0172,1.0,0.0,0.0,0.0197,1.0,0.2124,20.8679,0.0473,1.2,1.9038,0.4862,0.018,1.0,0.014,0.9886,0.0,0.1538
1747157280000,103.9456,1.0,0.0694,2.3765,1.0,0.0276,0.9659,1.0,5.0529,0.9662,1.0,0.0,61.418,0.0,22.3333,2.2351,0.9986,0.0173,1.0,0.0,0.0,0.0206,1.0,0.1901,34.0992,0.0517,1.0,1.6369,0.4895,0.0178,1.0,0.0123,0.9669,0.0,0.1526
1747157340000,79.4496,1.0,0.0694,1.325,1.0,0.0181,0.9534,1.0,5.07,0.9874,1.0,0.0,40.6564,0.0,22.3731,2.2696,0.9992,0.0173,1.0,0.0,0.0,0.0192,1.0,0.1884,23.646,0.0497,1.1429,3.6272,0.4798,0.0177,1.0,0.0183,0.9175,0.0,0.1546
1747157400000,73.0054,1.0,0.0694,1.9926,1.0,0.0259,0.9711,1.0,5.0522,0.9944,1.0,0.0,27.409,0.0,22.8027,2.2682,0.9996,0.0172,1.0,1e-04,0.0,0.0182,1.0,0.1888,18.7753,0.0488,1.3333,1.4697,0.4973,0.0177,1.0,0.0157,0.9042,0.0,0.1519
1747157460000,94.678,1.0,0.0694,2.0375,1.0,0.0249,0.9738,1.0,5.0855,0.9815,1.0,0.0,36.568,0.0,22.1228,2.3207,0.9991,0.0168,1.0,1e-04,0.0,0.0188,1.0,0.1842,27.3669,0.0505,1.3333,2.1951,0.4879,0.0175,1.0,0.0162,0.9704,0.0,0.1532
1747157520000,89.6258,1.0,0.0694,2.1987,1.0,0.0381,0.9691,1.0,5.0455,0.9644,1.0,0.0,60.9553,0.0,25.1629,2.2354,0.9987,0.0172,1.0,0.0,0.0,0.018,1.0,0.1872,42.1277,0.0483,1.25,2.122,0.4785,0.0179,1.0,0.018,0.9371,0.0,0.1528
1747157580000,91.2652,1.0,0.0694,1.0073,1.0,0.031,1.0021,1.0,5.0627,0.9897,1.0,0.0,37.1331,0.0,17.5459,2.2989,0.9995,0.0203,1.0,0.0,0.0,0.0202,1.0,0.1727,24.351,0.0476,1.0,2.3646,0.4996,0.0177,1.0,0.0188,0.9943,0.0,0.1563
1747157640000,79.5817,1.0,0.0694,0.8464,1.0,0.0354,0.982,1.0,5.05,0.9554,1.0,0.0,46.9435,0.0,20.4801,2.2117,0.9993,0.0186,1.0,0.0,0.0,0.019,1.0,0.1764,26.3533,0.0484,1.3636,2.3166,0.4831,0.0176,1.0,0.0294,0.9964,0.0,0.1528
1747157700000,109.6933,1.0,0.0694,1.0526,1.0,0.0357,0.9783,1.0,5.0923,0.9734,1.0,0.0,59.6373,0.0,25.6155,2.2679,0.9986,0.0168,1.0,0.0,0.0,0.0182,1.0,0.1796,57.0019,0.0477,1.1667,2.471,0.4911,0.0175,1.0,0.0092,0.9639,0.0,0.1554
1747157760000,105.9078,1.0,0.0694,1.1161,1.0,0.0297,0.9703,1.0,5.0502,0.9856,1.0,0.0,47.8237,0.0,24.1315,2.2786,0.9994,0.017,1.0,1e-04,0.0,0.019,1.0,0.1914,33.8367,0.0497,1.4167,2.3828,0.4978,0.0178,1.0,0.0214,0.9835,0.0,0.1584
1747157820000,106.6485,1.0,0.0694,1.4249,1.0,0.0212,0.9904,1.0,5.0655,0.9916,1.0,0.0,33.7106,0.0,21.2496,2.257,0.9993,0.0171,1.0,0.0,0.0,0.0204,1.0,0.1836,20.2956,0.0495,1.5,2.8978,0.4894,0.0174,1.0,0.0115,0.9806,0.0,0.156
1747157880000,84.7134,1.0,0.0694,2.8884,1.0,0.0288,0.9641,1.0,5.0427,0.9845,1.0,0.0,48.129,0.0,22.6995,2.3181,0.9992,0.017,1.0,0.0,0.0,0.0189,1.0,0.1751,29.1396,0.0473,1.3333,2.7867,0.4902,0.0176,1.0,0.0192,0.9125,0.0,0.1519
1747157940000,86.0624,1.0,0.0694,1.1461,1.0,0.0234,0.9598,1.0,5.0709,0.9659,1.0,0.0,45.6064,0.0,20.731,2.3562,0.9982,0.0173,1.0,0.0,0.0,0.02,1.0,0.1682,27.3246,0.0516,1.2857,2.6349,0.4631,0.0178,1.0,0.0203,0.9319,0.0,0.1527
1747158000000,78.2509,1.0,0.0694,1.2561,1.0,0.0269,0.9648,1.0,5.0566,0.9829,1.0,0.0,41.002,0.0,22.6936,2.2417,0.999,0.0171,1.0,0.0,0.0,0.0191,1.0,0.1749,29.8438,0.0475,1.3333,2.6417,0.4741,0.018,1.0,0.0138,0.8711,0.0,0.1523
1747158060000,79.6514,1.0,0.0694,1.7939,1.0,0.0254,0.9673,1.0,5.0609,0.9856,1.0,0.0,20.2907,0.0,19.0974,2.1892,0.9991,0.0173,1.0,1e-04,0.0,0.0199,1.0,0.1731,16.3191,0.048,1.3333,1.9899,0.4786,0.018,1.0,0.0149,0.9634,0.0,0.1512
1747158120000,89.2744,1.0,0.0694,1.6455,1.0,0.0281,0.9589,1.0,5.0509,0.9794,1.0,0.0,29.7606,0.0,20.9165,2.2433,0.9992,0.0172,1.0,0.0,0.0,0.021,1.0,0.1681,19.3788,0.0473,1.4,1.9732,0.4793,0.018,1.0,0.019,0.9823,0.0,0.1519
1747158180000,93.7263,1.0,0.0694,1.7872,1.0,0.0249,0.9523,0.9989,5.0768,0.9809,1.0,0.0,39.0703,0.0,19.9271,2.2778,0.9993,0.018,1.0,0.0,0.0,0.0234,1.0,0.1668,22.2799,0.0457,1.3333,2.0441,0.4827,0.0175,1.0,0.0145,0.993,0.0,0.1503
1747158240000,99.4182,1.0,0.0694,1.4934,1.0,0.0434,0.9703,1.0,5.0445,0.9511,1.0,0.0,68.7453,0.0,21.7436,2.2336,0.9981,0.018,1.0,0.0,0.0,0.0217,1.0,0.1763,31.8943,0.0448,1.4286,2.4548,0.4894,0.0178,1.0,0.0189,0.9809,0.0,0.151
1747158300000,106.7945,1.0,0.0694,0.9455,1.0,0.0275,0.9781,1.0,5.0732,0.9889,1.0,0.0,33.2101,0.0,19.104,2.2077,0.9995,0.0178,1.0,0.0,0.0,0.0252,1.0,0.1733,20.1143,0.0453,1.4167,2.9203,0.4699,0.0177,1.0,0.0177,0.9947,0.0,0.156
1747158360000,111.276,1.0,0.0694,0.9591,1.0,0.0204,0.9673,1.0,5.0418,0.9953,1.0,0.0,9.2268,0.0,18.3926,2.3878,0.9997,0.0179,1.0,1e-04,0.0,0.0249,1.0,0.1853,15.4519,0.0448,1.375,1.8537,0.4726,0.0173,1.0,0.0231,1.0,0.0,0.1518
1747158420000,106.0358,1.0,0.0694,1.708,1.0,0.0307,0.9857,1.0,5.0791,0.9793,1.0,0.0,45.491,0.0,23.7011,2.1936,0.9992,0.0168,1.0,0.0,0.0,0.0188,1.0,0.1758,32.1816,0.0462,1.4,2.0539,0.4952,0.0178,1.0,0.013,0.9809,0.0,0.1496
1747158480000,101.3053,1.0,0.0694,3.2204,1.0,0.0219,0.9216,1.0,5.0502,0.9935,1.0,0.0,29.2982,0.0,20.4254,2.2857,0.9997,0.0178,1.0,0.0,0.0,0.0233,1.0,0.1665,23.558,0.0448,1.3333,1.6228,0.4721,0.0176,1.0,0.0204,0.9667,0.0,0.1523
1747158540000,98.1584,1.0,0.0694,1.4986,1.0,0.0214,0.9473,1.0,5.0703,0.995,1.0,0.0,26.5701,0.0,21.5601,2.3063,0.9999,0.0173,1.0,0.0,0.0,0.0196,1.0,0.1774,21.8879,0.0452,2.0,2.5565,0.4922,0.0175,1.0,0.016,0.9804,0.0,0.152
1747158600000,107.3019,1.0,0.0694,2.9821,1.0,0.022,0.9793,1.0,5.0427,0.994,1.0,0.0,12.1007,0.0,19.9901,2.1978,0.9998,0.0171,1.0,0.0,0.0,0.0213,1.0,0.1947,17.9196,0.0492,1.5,2.431,0.4931,0.0177,1.0,0.0153,0.9682,0.0,0.1499
1747158660000,101.352,1.0,0.0694,1.4147,1.0,0.0184,0.957,1.0,5.0773,0.9927,1.0,0.0,20.8407,0.0,19.5208,2.3354,0.9997,0.0178,1.0,1e-04,0.0,0.024,1.0,0.1747,20.7691,0.0466,1.4167,1.9394,0.4773,0.0175,1.0,0.0192,0.974,0.0,0.1515
1747158720000,93.9401,1.0,0.0694,2.0502,1.0,0.0295,0.9535,1.0,5.0536,0.9935,1.0,0.0,18.6829,0.0,18.7899,2.2404,0.9996,0.0177,1.0,0.0,0.0,0.0244,1.0,0.1713,18.6554,0.0453,1.2,2.4923,0.4767,0.0174,1.0,0.0322,0.9477,0.0,0.1494
1747158780000,98.4077,1.0,0.0694,1.0714,1.0,0.0206,0.9525,1.0,5.0727,0.9962,1.0,0.0,11.0023,0.0,21.9757,2.1593,0.9994,0.017,1.0,0.0,0.0,0.0192,1.0,0.1706,24.2414,0.047,0.8333,2.4808,0.5229,0.0175,1.0,0.0148,0.9337,0.0,0.1499
1747158840000,102.5639,1.0,0.0694,2.069,1.0,0.0251,0.9703,1.0,5.0455,0.9894,1.0,0.0,18.0514,0.0,17.6763,2.2634,0.9997,0.0175,1.0,0.0,0.0,0.0245,1.0,0.1792,19.905,0.0476,2.125,1.5732,0.4973,0.0175,1.0,0.0174,0.9959,0.0,0.1523
1747158900000,98.9923,1.0,0.0694,1.2427,1.0,0.022,0.9713,1.0,5.0518,0.9692,1.0,0.0,39.0692,0.0,20.767,2.2127,0.9975,0.0171,1.0,0.0,0.0,0.0197,1.0,0.178,30.3395,0.0467,1.5833,2.0331,0.5032,0.0178,1.0,0.0135,0.9647,0.0,0.1533
1747158960000,114.7004,1.0,0.0694,2.7592,1.0,0.0164,1.0338,1.0,5.0365,0.9836,1.0,0.0,16.8051,0.0,18.6752,2.3058,0.9995,0.0174,1.0,1e-04,0.0,0.0226,1.0,0.1815,23.3305,0.047,1.4194,1.5238,0.4798,0.0175,1.0,0.012,0.988,0.0,0.1564
1747159020000,89.7777,1.0,0.0694,2.5483,1.0,0.0272,0.9898,1.0,5.0664,0.9837,1.0,0.0,24.2948,0.0,20.8307,2.2623,0.999,0.0168,1.0,1e-04,0.0,0.0187,1.0,0.1863,26.0442,0.0442,1.5,2.9453,0.5016,0.0177,1.0,0.0114,0.9636,0.0,0.1532
1747159080000,101.0394,1.0,0.0694,2.6765,1.0,0.0259,0.9604,1.0,5.0467,0.9941,1.0,0.0,21.3622,0.0,19.2604,2.2333,0.9998,0.0179,1.0,0.0,0.0,0.0229,1.0,0.179,21.8393,0.0457,2.0,1.5172,0.5209,0.0176,1.0,0.0173,0.9656,0.0,0.1535
1747159140000,97.1774,1.0,0.0694,2.1777,1.0,0.0197,0.979,1.0,5.0812,0.9847,1.0,0.0,22.079,0.0,16.4643,2.2846,0.9997,0.0177,1.0,0.0,0.0,0.024,1.0,0.1818,20.1501,0.048,1.4286,2.4474,0.4699,0.0174,1.0,0.0155,0.9905,0.0,0.152
1747159200000,89.7819,1.0,0.0694,2.3693,1.0,0.0236,0.9626,1.0,5.0473,0.9473,1.0,0.0,26.8623,0.0,19.2271,2.3025,0.999,0.0176,1.0,1e-04,0.0,0.0231,1.0,0.1804,15.4892,0.0466,1.5833,1.5468,0.5099,0.018,1.0,0.0234,0.9976,0.0,0.1515
1747159260000,100.8944,1.0,0.0694,2.0787,1.0,0.0258,0.9681,1.0,5.0722,0.9588,1.0,0.0,62.5871,0.0,24.9519,2.2165,0.9987,0.0169,1.0,1e-04,0.0,0.0181,1.0,0.1873,43.4942,0.0477,1.2143,2.738,0.4905,0.0176,1.0,0.0134,0.9806,0.0,0.1592
1747159320000,97.3871,1.0,0.0694,2.6166,1.0,0.0258,0.9755,1.0,5.0464,0.9948,1.0,0.0,22.4356,0.0,20.1966,2.2215,0.9996,0.0175,1.0,1e-04,0.0,0.0216,1.0,0.1774,25.3003,0.045,1.3636,3.2037,0.5041,0.0175,1.0,0.0133,0.9826,0.0,0.1545
1747159380000,92.6825,1.0,0.0694,1.2601,1.0,0.0237,0.9631,1.0,5.0755,0.9877,1.0,0.0,11.8069,0.0,21.164,2.2107,0.9999,0.0168,1.0,0.0,0.0,0.0186,1.0,0.1785,18.822,0.0455,2.0,7.6071,0.508,0.0175,1.0,0.02,0.9848,0.0,0.1506
1747159440000,101.223,1.0,0.0694,1.3471,1.0,0.019,0.9864,1.0,5.0445,0.9943,1.0,0.0,13.2062,0.0,18.3262,2.3247,1.0,0.0174,1.0,0.0,0.0,0.0222,1.0,0.1883,17.2168,0.0502,1.5714,3.0571,0.5121,0.0176,1.0,0.016,0.9981,0.0,0.1522
1747159500000,111.9395,1.0,0.0694,1.2237,1.0,0.0181,0.9736,1.0,5.0773,0.9941,1.0,0.0,18.7523,0.0,22.5676,2.3427,0.9999,0.0168,1.0,1e-04,0.0,0.0184,1.0,0.1809,22.1085,0.0463,1.1053,3.4032,0.5388,0.0175,1.0,0.0169,0.9883,0.0,0.1524
1747159560000,94.5489,1.0,0.0694,1.4364,1.0,0.0221,0.9709,1.0,5.0318,0.9601,1.0,0.0,18.3761,0.0,19.2107,2.2936,0.9995,0.0177,1.0,1e-04,0.0,0.0237,1.0,0.1741,17.6321,0.0447,1.4583,2.8353,0.4872,0.0174,1.0,0.0148,0.9875,0.0,0.1536
1747159620000,92.7121,1.0,0.0694,1.4008,1.0,0.0339,0.9684,1.0,5.0645,0.9728,1.0,0.0,42.3741,0.0,20.2996,2.1772,0.9987,0.0171,1.0,1e-04,0.0,0.0209,1.0,0.1817,23.2205,0.0463,1.8,3.2195,0.5076,0.0174,1.0,0.0193,0.9753,0.0,0.1517
1747159680000,105.4239,1.0,0.0694,3.5211,1.0,0.0301,0.9688,1.0,5.0382,0.9894,1.0,0.0,19.3556,0.0,21.358,2.2206,0.9992,0.0171,1.0,0.0,0.0,0.0196,1.0,0.1776,24.4565,0.0468,1.5,1.6267,0.4943,0.0177,1.0,0.0107,0.952,0.0,0.1529
1747159740000,123.0313,1.0,0.0694,1.3537,1.0,0.0296,0.9533,1.0,5.0813,0.9765,1.0,0.0,33.5466,0.0,28.5436,2.2345,0.9988,0.017,1.0,0.0,0.0,0.0188,1.0,0.1821,39.911,0.0441,1.2857,2.0901,0.5154,0.0175,1.0,0.0197,0.9792,0.0,0.1522
1747159800000,104.2233,1.0,0.0694,1.4516,1.0,0.0235,0.9756,1.0,5.0427,0.99,1.0,0.0,24.6872,0.0,22.4815,2.3239,0.9993,0.0173,1.0,1e-04,0.0,0.0212,1.0,0.174,24.6756,0.0452,1.8125,1.6961,0.5256,0.0181,1.0,0.0135,0.9889,0.0,0.1533
1747159860000,102.8252,1.0,0.0694,1.9388,1.0,0.0221,0.9757,1.0,5.0436,0.9895,1.0,0.0,21.1296,0.0,22.6996,2.2657,0.9996,0.0167,1.0,1e-04,0.0,0.0177,1.0,0.1791,25.3944,0.0477,1.9583,2.8349,0.5028,0.0174,1.0,0.0216,0.9761,0.0,0.1537
1747159920000,99.9005,1.0,0.0694,2.1023,1.0,0.0242,0.9996,1.0,5.0438,0.9974,1.0,0.0,16.8319,0.0,22.1001,2.3234,0.9999,0.0171,1.0,1e-04,0.0,0.0212,1.0,0.183,22.2763,0.0466,1.1,1.8723,0.498,0.0174,1.0,0.0142,0.9953,0.0,0.1534
1747159980000,103.2814,1.0,0.0694,1.9485,1.0,0.0294,0.9746,1.0,5.0656,0.9799,1.0,0.0,35.8409,0.0,25.1347,2.3938,0.9995,0.0171,1.0,0.0,0.0,0.0172,1.0,0.1802,32.5021,0.0466,0.6667,2.6691,0.4953,0.0177,1.0,0.013,0.9627,0.0,0.1524
1747160040000,110.668,1.0,0.0694,2.0878,1.0,0.02,0.99,1.0,5.0415,0.9932,1.0,0.0,11.7253,0.0,21.2918,2.3087,0.9999,0.0172,1.0,0.0,0.0,0.0207,1.0,0.1802,21.2785,0.0486,1.4286,3.0282,0.4945,0.0174,1.0,0.0176,0.9879,0.0,0.1541
1747160100000,92.786,1.0,0.0694,0.935,1.0,0.0415,0.9806,1.0,5.0658,0.9667,1.0,0.0,46.3205,0.0,25.369,2.2597,0.999,0.0168,1.0,1e-04,0.0,0.0172,1.0,0.1775,43.2977,0.0474,1.5385,2.1493,0.5163,0.0176,1.0,0.0171,0.9547,0.0,0.1521
1747160160000,91.4724,1.0,0.0694,1.0094,1.0,0.0289,0.9833,1.0,5.0438,0.9802,1.0,0.0,31.9475,0.0,21.8325,2.2586,0.9994,0.0173,1.0,0.0002,0.0,0.0194,1.0,0.1824,30.6187,0.0444,1.9583,2.7133,0.5198,0.0173,1.0,0.0179,0.9867,0.0,0.1551
1747160220000,86.9354,1.0,0.0694,2.2791,1.0,0.0173,0.9469,1.0,5.0845,0.9952,1.0,0.0,6.5992,0.0,23.07,2.1181,0.9996,0.0169,1.0,1e-04,0.0,0.0183,1.0,0.1803,14.9333,0.0423,1.6,1.6154,0.4925,0.0173,1.0,0.0117,0.9524,0.0,0.1516
1747160280000,82.2401,1.0,0.0694,4.4679,1.0,0.0185,0.9406,1.0,5.04,0.9954,1.0,0.0,3.7945,0.0,20.7436,2.6024,0.9998,0.0173,1.0,0.0,0.0,0.0201,1.0,0.1965,14.9773,0.0468,1.4,2.1429,0.4985,0.0175,1.0,0.0231,0.9448,0.0,0.1492
1747160340000,92.4696,1.0,0.0694,1.6266,1.0,0.0252,0.9615,1.0,5.0582,0.9886,1.0,0.0,22.6987,0.0,23.3009,2.2714,0.9989,0.0169,1.0,0.0,0.0,0.0178,1.0,0.1801,26.6109,0.0458,1.4286,2.4409,0.5064,0.0176,1.0,0.011,0.8836,0.0,0.1511
1747160400000,104.1894,1.0,0.0694,3.361,1.0,0.0195,0.9935,1.0,5.0555,0.9953,1.0,0.0,7.3679,0.0,20.3837,2.4938,1.0,0.0167,1.0,1e-04,0.0,0.0196,1.0,0.1753,15.5196,0.0452,1.5,3.8529,0.5017,0.0177,1.0,0.0144,0.994,0.0,0.1539
1747160460000,95.0263,1.0,0.0694,1.872,1.0,0.034,0.9792,1.0,5.0709,0.9788,1.0,0.0,32.2809,0.0,24.8855,2.3075,0.9989,0.0167,1.0,1e-04,0.0,0.0182,1.0,0.1799,25.0824,0.0418,1.2917,2.4688,0.4994,0.0175,1.0,0.0126,0.9677,0.0,0.1514
1747160520000,96.7098,1.0,0.0694,2.0771,1.0,0.0254,0.9608,1.0,5.0464,0.9866,1.0,0.0,31.6242,0.0,21.0609,2.2539,0.9992,0.017,1.0,1e-04,0.0,0.0196,1.0,0.1917,31.0943,0.0462,1.2353,4.614,0.5031,0.0174,1.0,0.0085,0.9838,0.0,0.1505
1747160580000,82.9613,1.0,0.0694,1.0128,1.0,0.0305,0.9585,1.0,5.0647,0.9784,1.0,0.0,42.1472,0.0,22.9427,2.2365,0.9995,0.0169,1.0,0.0,0.0,0.0194,1.0,0.1813,30.3417,0.043,1.5,1.9722,0.5215,0.0181,1.0,0.0206,0.9522,0.0,0.1522
1747160640000,77.1946,1.0,0.0694,2.4424,1.0,0.0197,0.9674,1.0,5.0464,0.992,1.0,0.0,16.7954,0.0,21.5453,2.359,0.9999,0.0172,1.0,0.0,0.0,0.0199,1.0,0.18,16.6096,0.0447,1.1429,2.56,0.523,0.0179,1.0,0.0122,0.9253,0.0,0.1516
1747160700000,83.45,1.0,0.0694,0.9661,1.0,0.0201,0.9647,1.0,5.0655,0.9952,1.0,0.0,3.7332,0.0,22.8607,2.3788,0.9998,0.0169,1.0,1e-04,0.0,0.0189,1.0,0.1732,21.2025,0.0483,1.25,1.1538,0.5045,0.0175,1.0,0.0159,0.8903,0.0,0.1497
1747160760000,73.549,1.0,0.0694,3.1995,1.0,0.0255,0.972,1.0,5.0418,0.9801,1.0,0.0,30.2459,0.0,23.8822,2.1738,0.999,0.0174,1.0,1e-04,0.0,0.0181,1.0,0.1697,41.4353,0.0441,1.3333,2.055,0.4876,0.0176,1.0,0.0169,0.836,0.0,0.1499
1747160820000,92.7922,1.0,0.0694,1.7138,1.0,0.0192,0.9542,1.0,5.0736,0.9955,1.0,0.0,17.5259,0.0,23.7873,2.2582,0.9995,0.0169,1.0,1e-04,0.0,0.0187,1.0,0.1667,27.7746,0.0449,1.4,1.5588,0.4906,0.0176,1.0,0.0093,0.9385,0.0,0.1494
1747160880000,97.8024,1.0,0.0694,4.0086,1.0,0.0286,0.9791,1.0,5.06,0.9855,1.0,0.0,20.7164,0.0,23.6729,2.1635,0.9997,0.0168,1.0,0.0,0.0,0.0181,1.0,0.177,21.0691,0.0442,2.0,5.6835,0.5015,0.0174,1.0,0.0167,0.9539,0.0,0.149
1747160940000,103.6725,1.0,0.0694,2.78,1.0,0.0296,0.9786,1.0,5.0573,0.9869,1.0,0.0,23.3155,0.0,22.7982,2.2629,0.9997,0.0168,1.0,1e-04,0.0,0.0191,1.0,0.1704,18.6012,0.0459,1.4545,2.2267,0.4963,0.0177,1.0,0.0105,0.9844,0.0,0.1485
1747161000000,90.7464,1.0,0.0694,2.6351,1.0,0.0228,0.964,1.0,5.0464,0.9903,1.0,0.0,32.1977,0.0,21.1973,2.3532,0.9999,0.0167,1.0,1e-04,0.0,0.0193,1.0,0.172,33.6404,0.0441,1.3333,2.542,0.5137,0.0175,1.0,0.011,0.9888,0.0,0.1478
1747161060000,100.4851,1.0,0.0694,2.3562,1.0,0.0177,0.9726,1.0,5.06,0.9914,1.0,0.0,17.172,0.0,24.5386,2.2653,0.9997,0.017,1.0,1e-04,0.0,0.0181,1.0,0.1718,25.446,0.0436,1.5,3.25,0.5081,0.0173,1.0,0.0245,0.9532,0.0,0.1498
1747161120000,102.7805,1.0,0.0694,3.0775,1.0,0.0234,0.9948,1.0,5.0409,0.9881,1.0,0.0,29.3214,0.0,27.6253,2.2807,0.9997,0.0167,1.0,1e-04,0.0,0.0171,1.0,0.1792,35.6972,0.0458,1.4,3.2653,0.5226,0.0172,1.0,0.0175,0.9633,0.0,0.1507
1747161180000,100.6946,1.0,0.0694,1.2827,1.0,0.0194,0.9792,1.0,5.0611,0.9963,1.0,0.0,14.1541,0.0,22.3001,2.267,0.9998,0.0167,1.0,0.0,0.0,0.0187,1.0,0.1778,27.7778,0.0419,1.5,2.55,0.5013,0.0172,1.0,0.0217,0.9733,0.0,0.1505
1747161240000,104.1507,1.0,0.0694,1.303,1.0,0.0145,0.9745,1.0,5.0609,0.9981,1.0,0.0,6.38,0.0,23.232,2.2899,1.0,0.0172,1.0,0.0,0.0,0.017,1.0,0.1699,12.9128,0.0442,1.2857,5.3077,0.4836,0.0172,1.0,0.0174,0.9942,0.0,0.1503
1747161300000,92.5302,1.0,0.0694,0.983,1.0,0.0194,0.9534,1.0,5.0639,0.9904,1.0,0.0,8.7869,0.0,21.8986,2.3261,0.9998,0.0169,1.0,1e-04,0.0,0.0184,1.0,0.166,15.576,0.044,1.1667,4.7073,0.5262,0.0172,1.0,0.0184,0.9401,0.0,0.1488
1747161360000,90.9066,1.0,0.0694,1.19,1.0,0.0158,0.9674,1.0,5.0373,0.9887,1.0,0.0,22.3617,0.0,24.6668,2.2722,0.999,0.0167,1.0,1e-04,0.0,0.0178,1.0,0.1672,26.7917,0.0436,1.2083,1.6143,0.5165,0.0171,1.0,0.0098,0.9542,0.0,0.1487
1747161420000,103.3887,1.0,0.0694,1.6148,1.0,0.016,0.9561,1.0,5.0673,0.9913,1.0,0.0,13.5867,0.0,22.5661,2.3853,0.9997,0.0171,1.0,1e-04,0.0,0.0192,1.0,0.1723,31.5529,0.0448,1.2,3.7917,0.5084,0.0175,1.0,0.0118,0.9556,0.0,0.1488
1747161480000,110.354,1.0,0.0694,3.1946,1.0,0.0287,0.9808,1.0,5.0464,0.9699,1.0,0.0,49.6321,0.0,26.7585,2.26,0.9995,0.0169,1.0,0.0,0.0,0.0185,1.0,0.1714,41.8658,0.0443,1.0,2.7181,0.5114,0.0174,1.0,0.0133,0.943,0.0,0.148
1747161540000,96.7605,1.0,0.0694,1.8256,1.0,0.0275,0.9561,1.0,5.0636,0.9925,1.0,0.0,27.6892,0.0,23.8094,2.3248,0.9993,0.0172,1.0,1e-04,0.0,0.0199,1.0,0.1697,30.34,0.0423,1.5714,3.1905,0.5141,0.0179,1.0,0.0233,0.945,0.0,0.1473
1747161600000,83.4754,1.0,0.0694,1.3777,1.0,0.0269,0.9988,1.0,5.0483,0.9775,1.0,0.0,35.5802,0.0,24.6092,2.2682,0.9994,0.0169,1.0,1e-04,0.0,0.0175,1.0,0.1677,38.7787,0.0451,1.4167,3.8279,0.4897,0.0176,1.0,0.0108,0.9064,0.0,0.1488
1747161660000,97.2071,1.0,0.0694,2.254,1.0,0.0185,0.9588,1.0,5.0719,0.9945,1.0,0.0,11.0576,0.0,22.7856,2.2617,1.0,0.0168,1.0,0.0002,0.0,0.0185,1.0,0.1714,21.2694,0.0433,1.4583,2.1698,0.4876,0.0173,1.0,0.0143,0.9673,0.0,0.1495
1747161720000,108.6748,1.0,0.0694,2.0676,1.0,0.0226,0.9573,1.0,5.0455,0.9786,1.0,0.0,39.4192,0.0,25.5023,2.2235,0.9992,0.0169,1.0,1e-04,0.0,0.018,1.0,0.1781,37.3699,0.0444,1.3,2.0313,0.5167,0.0172,1.0,0.0218,0.9431,0.0,0.1486
1747161780000,100.8403,1.0,0.0694,2.2676,1.0,0.0182,0.9877,1.0,5.06,0.9879,1.0,0.0,14.4026,0.0,24.084,2.2932,0.9996,0.0167,1.0,0.0,0.0,0.0178,1.0,0.1799,25.3744,0.0434,2.0,1.6271,0.5134,0.0172,1.0,0.02,0.9589,0.0,0.1511
1747161840000,93.5631,1.0,0.0694,2.0062,1.0,0.0378,0.9723,1.0,5.0509,0.9651,1.0,0.0,54.1265,0.0,29.2509,2.2438,0.9979,0.017,1.0,0.0,0.0,0.0178,1.0,0.1773,57.9614,0.0449,1.5714,1.92,0.5105,0.0176,1.0,0.0111,0.8912,0.0,0.1508
1747161900000,82.1472,1.0,0.0694,0.9566,1.0,0.0204,1.0299,1.0,5.0709,0.9657,1.0,0.0,30.2822,0.0,23.7547,2.2012,0.9978,0.0169,1.0,1e-04,0.0,0.0181,1.0,0.1874,53.7807,0.0455,1.3333,7.5398,0.4838,0.0173,1.0,0.0232,0.8885,0.0,0.1523
1747161960000,93.8188,1.0,0.0694,0.9977,1.0,0.027,0.9485,1.0,5.0427,0.9868,1.0,0.0,31.4661,0.0,24.3285,2.2702,0.9992,0.0168,1.0,0.0002,0.0,0.0186,1.0,0.1786,36.2598,0.045,1.3571,2.1667,0.5148,0.0173,0.9998,0.0199,0.9786,0.0,0.1488
1747162020000,101.6172,1.0,0.0694,1.6804,1.0,0.0269,0.9645,1.0,5.07,0.9812,1.0,0.0,36.4841,0.0,24.1214,2.3074,0.9994,0.0172,1.0,1e-04,0.0,0.0187,1.0,0.1741,38.1019,0.0446,1.3333,2.8455,0.5015,0.0175,1.0,0.0132,0.9623,0.0,0.1489
1747162080000,112.6231,1.0,0.0694,3.6023,1.0,0.0162,0.9718,1.0,5.0456,0.9866,1.0,0.0,15.5543,0.0,24.5941,2.302,0.9984,0.017,1.0,0.0,0.0,0.0169,1.0,0.1767,13.1839,0.0446,2.0,1.7174,0.5472,0.0175,1.0,0.0199,0.908,0.0,0.151
1747162140000,109.9086,1.0,0.0694,2.897,1.0,0.0183,0.9805,1.0,5.0682,0.9979,1.0,0.0,3.5661,0.0,22.4537,2.5714,0.9998,0.0171,1.0,0.0,102.6364,0.0191,1.0,0.1786,16.6944,0.044,1.2857,1.0,0.5178,0.0174,1.0,0.0194,0.9213,0.0182,0.1515
1747162200000,99.7174,1.0,0.0694,3.8023,1.0,0.0166,3.884,1.0,5.0039,0.9909,1.0,0.0,13.9473,0.0,24.8616,2.3407,0.9996,0.017,1.0,1e-04,0.0,0.0176,1.0,0.1785,16.7667,0.0456,1.4615,1.6667,0.5263,0.0177,1.0,0.0193,0.8556,0.0,0.1545
1747162260000,95.1517,1.0,0.0694,1.9337,1.0,0.0188,0.9792,1.0,5.0357,0.9753,1.0,0.0,29.2312,0.0,23.6279,2.2875,0.9985,0.0167,1.0,0.0002,0.0,0.0178,1.0,0.171,29.7623,0.0446,1.2917,2.0854,0.5423,0.0174,1.0,0.0157,0.9103,0.0,0.1536
1747162320000,95.3627,1.0,0.0694,2.4591,1.0,0.0199,0.9862,1.0,5.0648,0.9959,1.0,0.0,10.0223,0.0,24.161,2.3395,0.9998,0.017,1.0,1e-04,0.0,0.0177,1.0,0.1859,30.1022,0.0443,1.1,4.38,0.517,0.0173,1.0,0.0153,0.9422,0.0,0.1537
1747162380000,96.9795,1.0,0.0694,1.2881,1.0,0.0192,0.9829,0.9906,5.0482,0.9956,1.0,0.0,5.6652,0.0,25.4853,2.3868,1.0,0.0168,1.0,0.0,0.0,0.0172,1.0,0.1683,8.0,0.0417,1.5,1.5217,0.5172,0.0174,1.0,0.0279,0.974,0.0,0.1519
1747162440000,111.3862,1.0,0.0694,2.5092,1.0,0.0269,0.9909,1.0,5.0755,0.9792,1.0,0.0,29.9762,0.0,27.1979,2.2594,0.999,0.0167,1.0,0.0,0.0,0.017,1.0,0.1717,41.0425,0.0417,1.2857,2.383,0.5303,0.0172,1.0,0.009,0.8962,0.0,0.1512
1747162500000,89.0445,1.0,0.0694,0.9693,1.0,0.0219,0.9906,1.0,5.0427,0.9778,1.0,0.0,22.4233,0.0,22.7713,2.2287,0.9997,0.0169,1.0,1e-04,0.0,0.0178,1.0,0.1775,21.3128,0.041,1.25,2.3452,0.5115,0.0175,1.0,0.0164,0.9295,0.0,0.1508
1747162560000,105.2641,1.0,0.0694,3.4712,1.0,0.0219,0.957,1.0,5.0755,0.9919,1.0,0.0,15.9942,0.0,21.3334,2.2557,1.0,0.0167,1.0,0.0002,0.0,0.0182,1.0,0.1904,20.7815,0.0424,1.1316,2.0652,0.5418,0.0175,1.0,0.0243,0.9404,0.0,0.1516
1747162620000,110.354,1.0,0.0694,1.5421,1.0,0.0237,0.9556,1.0,5.0545,0.9848,1.0,0.0,38.7716,0.0,20.736,2.323,0.9998,0.0168,1.0,1e-04,0.0,0.0176,1.0,0.181,34.8683,0.0482,1.1429,2.5486,0.5336,0.0175,1.0,0.025,0.9581,0.0,0.1498
1747162680000,108.7839,1.0,0.0694,2.204,1.0,0.0272,0.9618,1.0,5.0629,0.9308,1.0,0.0,78.778,0.0,23.9828,2.2312,0.9983,0.0168,1.0,0.0,0.0,0.0173,1.0,0.1737,66.7034,0.0499,1.5,1.4608,0.5074,0.0176,0.9999,0.0194,0.9138,0.0,0.1523
1747162740000,104.358,1.0,0.0694,3.7752,1.0,0.0239,0.9675,1.0,5.052,0.9603,1.0,0.0,39.5213,0.0,20.8369,2.2289,0.9995,0.017,1.0,0.0,0.0,0.0191,1.0,0.1788,34.467,0.044,1.1429,1.75,0.4965,0.0175,1.0,0.0088,0.9863,0.0,0.1539
1747162800000,96.0642,1.0,0.0694,2.4665,1.0,0.0312,0.9576,1.0,5.0939,0.8951,1.0,0.0,54.7062,0.0,22.4918,2.2363,0.996,0.0169,1.0,1e-04,0.0,0.0186,1.0,0.1791,30.6366,0.0448,1.4167,2.3497,0.5054,0.0177,1.0,0.0163,0.941,0.0,0.1523
1747162860000,106.4906,1.0,0.0694,1.5805,1.0,0.0165,0.9426,1.0,5.0645,0.9665,1.0,0.0,27.2096,0.0,20.8771,2.2299,0.9986,0.0168,1.0,1e-04,0.0,0.0185,1.0,0.1825,32.9133,0.0512,1.375,2.1639,0.4845,0.0176,1.0,0.0181,0.8878,0.0,0.1522
1747162920000,110.3596,1.0,0.0694,3.3402,1.0,0.0334,0.9751,1.0,5.0764,0.9786,1.0,0.0,41.0662,0.0,22.9106,2.3177,0.9986,0.0169,1.0,1e-04,0.0,0.0183,1.0,0.1846,36.4023,0.0449,1.2,2.3158,0.513,0.0175,1.0,0.022,0.9617,0.0,0.1508
1747162980000,116.0078,1.0,0.0694,1.6471,1.0,0.0284,0.954,1.0,5.0565,0.9744,1.0,0.0,45.1538,0.0,25.9029,2.3138,0.9993,0.0168,1.0,0.0,0.0,0.0181,1.0,0.1877,49.2681,0.0433,2.0,1.8503,0.5164,0.0175,1.0,0.0201,0.9787,0.0,0.1556
1747163040000,129.1157,1.0,0.0694,1.1789,1.0,0.0194,0.9816,1.0,5.0936,0.9848,1.0,0.0,42.1659,0.0,26.6801,2.3718,0.9986,0.0169,1.0,0.0,0.0,0.0189,1.0,0.1811,51.4874,0.043,1.4286,1.6632,0.5016,0.0174,1.0,0.0154,0.9664,0.0,0.1521
1747163100000,105.4844,1.0,0.0694,1.0289,1.0,0.0229,0.9791,1.0,5.064,0.9854,1.0,0.0,23.7178,0.0,23.626,2.3016,0.9998,0.0169,1.0,0.0002,0.0,0.019,1.0,0.1765,28.6059,0.0413,1.2609,2.625,0.5061,0.0172,1.0,0.0144,0.9746,0.0,0.1507
1747163160000,104.8484,1.0,0.0694,1.0498,1.0,0.0259,0.9951,1.0,5.0836,0.987,1.0,0.0,24.1891,0.0,28.5075,2.3321,0.9991,0.0167,1.0,0.0002,0.0,0.018,1.0,0.177,24.7353,0.0395,1.2917,2.8393,0.5158,0.0173,1.0,0.0186,0.9951,0.0,0.1512
1747163220000,122.0419,1.0,0.0694,1.6487,1.0,0.0177,1.0167,1.0,5.0536,0.9964,1.0,0.0,18.2228,0.0,24.5526,2.3191,0.9996,0.0168,1.0,1e-04,0.0,0.0184,1.0,0.1679,22.7811,0.0445,1.5,1.3784,0.5109,0.0171,1.0,0.0254,1.0,0.0,0.1505
1747163280000,114.4306,1.0,0.0694,2.3272,1.0,0.0228,0.983,1.0,5.0768,0.9822,1.0,0.0,17.6091,0.0,22.8629,2.2472,0.9993,0.017,1.0,0.0,0.0,0.0184,1.0,0.1648,22.3289,0.0416,1.0,1.6364,0.5183,0.0171,1.0,0.0164,0.9822,0.0,0.1502
1747163340000,113.4,1.0,0.0694,2.9247,1.0,0.0317,0.964,1.0,5.0649,0.9687,1.0,0.0,43.0805,0.0,23.9103,2.2821,0.9976,0.0168,1.0,0.0,0.0,0.0184,1.0,0.1695,46.9565,0.0433,1.2857,3.687,0.5276,0.0173,1.0,0.0191,0.9532,0.0,0.1488
1747163400000,98.9659,1.0,0.0694,1.634,1.0,0.0118,0.9665,1.0,5.0682,0.9935,1.0,0.0,20.0559,0.0,25.8175,2.3029,0.9997,0.017,1.0,1e-04,0.0,0.0183,1.0,0.172,24.3764,0.0425,1.3333,2.0526,0.5066,0.0183,1.0,0.0186,0.9114,0.0,0.1516
1747163460000,100.2994,1.0,0.0694,2.3256,1.0,0.0357,0.9702,1.0,5.0703,0.9734,1.0,0.0,41.5892,0.0,26.3005,2.3048,0.9986,0.0167,1.0,0.0002,0.0,0.0178,1.0,0.1852,30.607,0.0411,1.6667,2.8582,0.5199,0.0174,1.0,0.0234,0.9261,0.0,0.1515
1747163520000,113.1793,1.0,0.0694,2.2483,1.0,0.0139,0.9857,1.0,5.0792,0.9884,1.0,0.0,24.0697,0.0,27.2452,2.2969,0.9987,0.0169,1.0,1e-04,0.0,0.0169,1.0,0.1922,53.5894,0.0426,1.4,3.7273,0.5282,0.0172,1.0,0.0189,0.9536,0.0,0.1515
1747163580000,111.3567,1.0,0.0694,2.8548,1.0,0.0319,0.9908,1.0,5.0566,0.9964,1.0,0.0,6.7665,0.0,22.7356,2.1084,0.9997,0.0167,1.0,0.0,0.0,0.0187,1.0,0.1777,15.0395,0.0421,1.5,2.0714,0.5095,0.017,1.0,0.0144,0.9803,0.0,0.1526
1747163640000,120.237,1.0,0.0694,2.5487,1.0,0.0327,0.9713,1.0,5.0756,0.9711,1.0,0.0,33.3932,0.0,28.4123,2.2923,0.9989,0.0168,1.0,1e-04,0.0,0.0175,1.0,0.1825,53.0,0.0414,1.0556,3.4699,0.5505,0.0174,1.0,0.0302,0.959,0.0,0.1527
1747163700000,94.5287,1.0,0.0694,1.0332,1.0,0.0237,1.0179,1.0,5.0627,0.9888,1.0,0.0,13.4814,0.0,23.7772,2.4182,0.9998,0.0171,1.0,1e-04,0.0,0.0172,1.0,0.1852,36.0313,0.0426,1.5833,1.8,0.5628,0.0175,1.0,0.0183,0.8516,0.0,0.1524
1747163760000,111.8244,1.0,0.0694,1.0589,1.0,0.0251,0.9932,1.0,5.0764,0.9847,1.0,0.0,27.9847,0.0,26.5913,2.268,0.9985,0.0167,1.0,0.0002,0.0,0.017,1.0,0.189,23.0246,0.0415,2.0417,1.4902,0.5382,0.0172,1.0,0.0113,0.9836,0.0,0.1525
1747163820000,102.5629,1.0,0.0694,1.0618,1.0,0.0136,1.0023,1.0,5.0491,0.9951,1.0,0.0,5.265,0.0,24.6254,2.3214,0.9995,0.0167,1.0,1e-04,0.0,0.0169,1.0,0.187,11.1053,0.0432,1.4,1.9231,0.5321,0.0173,1.0,0.0323,0.9158,0.0,0.1533
1747163880000,104.5639,1.0,0.0694,3.4388,1.0,0.0254,1.0408,1.0,5.0827,0.9856,1.0,0.0,15.5783,0.0,25.3613,2.3709,1.0,0.0167,1.0,0.0,0.0,0.0169,1.0,0.1882,14.6571,0.0439,3.0,2.1667,0.518,0.0171,1.0,0.022,0.8786,0.0,0.1559
1747163940000,111.965,1.0,0.0694,3.1658,1.0,0.0482,1.0108,1.0,5.0668,0.9563,1.0,0.0,70.4777,0.0,28.6031,2.2367,0.9973,0.0168,1.0,0.0,0.0,0.0171,1.0,0.1904,67.6822,0.0425,1.2857,2.866,0.5601,0.0174,1.0,0.0188,0.9346,0.0,0.1535
1747164000000,107.3598,1.0,0.0694,3.2743,1.0,0.0202,0.9977,1.0,5.09,0.994,1.0,0.0,29.4916,0.0,25.1308,2.2236,0.9995,0.0168,1.0,1e-04,0.0,0.0169,1.0,0.1902,49.008,0.042,1.25,1.5313,0.5321,0.0174,1.0,0.017,0.984,0.0,0.1549
1747164060000,106.7331,1.0,0.0694,2.1717,1.0,0.0281,0.9968,1.0,5.06,0.9744,1.0,0.0,44.1904,0.0,25.1901,2.3388,0.9989,0.0167,1.0,0.0002,0.0,0.017,1.0,0.1809,33.2151,0.0404,1.2917,1.9779,0.5219,0.0175,1.0,0.0152,0.9535,0.0,0.1537
1747164120000,89.5399,1.0,0.0694,2.3543,1.0,0.0218,1.0107,1.0,5.0929,0.9916,1.0,0.0,22.0456,0.0,23.1311,2.219,0.9998,0.0168,1.0,1e-04,0.0,0.0179,1.0,0.1925,21.9872,0.0419,1.4,1.5541,0.5361,0.017,1.0,0.0176,0.8782,0.0,0.1539
1747164180000,99.3852,1.0,0.0694,1.0519,1.0,0.0319,1.0134,1.0,5.0527,0.9859,1.0,0.0,47.8313,0.0,26.667,2.2665,0.9992,0.0173,1.0,1e-04,0.0,0.0172,1.0,0.2061,65.878,0.043,1.1429,3.0424,0.5515,0.0173,1.0,0.0205,0.8598,0.0,0.1529
1747164240000,89.6069,1.0,0.0694,2.7717,1.0,0.0377,0.9651,1.0,5.0818,0.9953,1.0,0.0,7.605,0.0,22.133,2.2932,0.9996,0.0168,1.0,1e-04,0.0,0.0169,1.0,0.1899,14.466,0.0431,1.4286,1.8095,0.5529,0.0173,1.0,0.0151,0.9634,0.0,0.1532
1747164300000,66.4738,1.0,0.0694,1.0214,1.0,0.0393,1.0064,1.0,5.06,0.9872,1.0,0.0,27.036,0.0,25.6307,2.435,0.9994,0.0175,1.0,1e-04,0.0,0.0171,1.0,0.1865,23.4204,0.044,1.4167,2.0,0.5313,0.0173,1.0,0.014,0.6939,0.0,0.1512
1747164360000,78.7522,1.0,0.0694,3.2851,1.0,0.0421,0.9831,1.0,5.0627,0.9714,1.0,0.0,43.1023,0.0,24.4105,2.2326,0.9989,0.0169,1.0,0.0002,0.0,0.017,1.0,0.1841,24.3861,0.045,1.32,2.4336,0.526,0.0174,1.0,0.0136,0.8267,0.0,0.1519
1747164420000,92.4672,1.0,0.0694,2.1487,1.0,0.0261,0.978,1.0,5.0573,0.9471,1.0,0.0,36.8315,0.0,23.1293,2.2625,0.9983,0.0168,1.0,1e-04,0.0,0.0171,1.0,0.1849,27.5556,0.0467,1.9,1.5645,0.5137,0.0172,1.0,0.0141,0.9048,0.0,0.1523
1747164480000,97.1605,1.0,0.0694,2.828,1.0,0.0269,0.9852,1.0,5.075,0.9782,1.0,0.0,46.6796,0.0,21.4384,2.1584,0.9992,0.0169,1.0,0.0,0.0,0.0171,1.0,0.1733,36.1959,0.0427,1.0,2.4071,0.5004,0.0173,1.0,0.0191,0.9595,0.0,0.1519
1747164540000,96.4634,1.0,0.0694,5.1844,1.0,0.0305,0.9672,1.0,5.0548,0.9875,1.0,0.0,29.8738,0.0,24.0753,2.268,0.9995,0.0167,1.0,1e-04,0.0,0.0171,1.0,0.1736,28.5778,0.0414,1.1429,2.1111,0.5455,0.0173,1.0,0.0126,0.9852,0.0,0.1517
1747164600000,115.2214,1.0,0.0694,2.7348,1.0,0.0262,0.9657,1.0,5.0791,0.991,1.0,0.0,32.6568,0.0,27.4023,2.2824,0.9991,0.0168,1.0,1e-04,0.0,0.0169,1.0,0.179,54.7586,0.0411,1.75,1.8286,0.5679,0.0175,0.9998,0.0174,0.9724,0.0,0.1503
1747164660000,116.4154,1.0,0.0694,2.8824,1.0,0.0142,0.9993,1.0,5.0528,0.9969,1.0,0.0,9.2722,0.0,26.1379,2.2366,0.9995,0.0167,1.0,0.0003,0.0,0.0171,1.0,0.174,26.6593,0.0423,1.1613,9.2,0.5279,0.0174,1.0,0.0123,0.956,0.0,0.152
1747164720000,90.9217,1.0,0.0694,4.1019,1.0,0.0249,1.0094,1.0,5.0809,0.9971,1.0,0.0,8.3469,0.0,24.2653,2.4286,0.9998,0.0168,1.0,1e-04,0.0,0.0171,1.0,0.1682,13.2319,0.0456,1.1,1.7059,0.5266,0.0173,1.0,0.0129,0.8406,0.0,0.1503
1747164780000,85.7865,1.0,0.0694,2.0795,1.0,0.0197,0.9841,1.0,5.0421,0.9746,1.0,0.0,39.8198,0.0,27.8124,2.2701,0.9989,0.0171,1.0,1e-04,0.0,0.0171,1.0,0.1685,40.6341,0.0435,0.6667,1.4948,0.5206,0.0171,1.0,0.0134,0.8537,0.0,0.1508
1747164840000,73.5094,1.0,0.0694,1.2774,1.0,0.0154,0.9975,1.0,5.0627,0.9947,1.0,0.0,19.2956,0.0,25.993,2.277,0.9997,0.0173,1.0,1e-04,0.0,0.0169,1.0,0.166,18.8485,0.0431,1.4286,3.0357,0.5069,0.0172,1.0,0.0251,0.9242,0.0,0.1521
1747164900000,72.6383,1.0,0.0694,0.9559,1.0,0.0673,0.9677,1.0,5.043,0.9394,1.0,0.0,68.5781,0.0,21.4058,2.277,0.9979,0.0168,1.0,1e-04,0.0,0.0173,1.0,0.1861,36.1093,0.0397,1.3333,1.7609,0.5459,0.0174,1.0,0.0199,0.9016,0.0,0.1508
1747164960000,67.2712,1.0,0.0694,1.3855,1.0,0.036,0.9954,1.0,5.0894,0.9775,1.0,0.0,57.4493,0.0,26.717,2.3606,0.9978,0.0173,1.0,0.0002,0.0,0.017,1.0,0.1813,51.1652,0.0398,1.4167,2.4217,0.5516,0.0172,1.0,0.02,0.8348,0.0,0.1527
1747165020000,82.4429,1.0,0.0694,1.95,1.0,0.02,1.0106,1.0,5.0603,0.997,1.0,0.0,21.1448,0.0,25.263,2.2731,0.9994,0.0169,1.0,1e-04,0.0,0.0169,1.0,0.1818,41.5899,0.0407,1.0,1.7872,0.5244,0.0172,1.0,0.0137,0.8921,0.0,0.1529
1747165080000,71.6914,1.0,0.0694,2.0695,1.0,0.0272,1.0037,1.0,5.0745,0.9824,1.0,0.0,4.3501,0.0,21.2662,2.2278,0.9995,0.017,1.0,0.0,0.0,0.0169,1.0,0.1782,14.9254,0.0421,1.0,1.5,0.5439,0.0173,1.0,0.0197,0.8209,0.0,0.1512
1747165140000,78.4437,1.0,0.0694,4.1255,1.0,0.0295,0.972,1.0,5.0611,0.9789,1.0,0.0,18.1794,0.0,26.3418,2.1576,0.9997,0.0174,1.0,1e-04,0.0,0.0168,1.0,0.1783,24.9203,0.0427,1.5714,2.6279,0.5321,0.0172,1.0,0.015,0.8116,0.0,0.1526
1747165200000,54.8822,1.0,0.0694,1.7821,1.0,0.0229,1.0078,1.0,5.0866,0.9839,1.0,0.0,8.3213,0.0,20.8539,2.2374,0.9995,0.0173,1.0,1e-04,0.0,0.017,1.0,0.1859,25.7688,0.0405,1.7368,2.7576,0.5347,0.0174,1.0,0.0169,0.7487,0.0,0.1532
1747165260000,74.4575,1.0,0.0694,1.8616,1.0,0.0525,1.0277,1.0,5.0602,0.9647,1.0,0.0,62.7027,0.0,26.4666,2.2806,0.9987,0.0169,1.0,0.0002,0.0,0.0174,1.0,0.1876,41.3885,0.0401,1.25,1.7134,0.5983,0.0176,1.0,0.0139,0.8846,0.0,0.1519
1747165320000,61.8005,1.0,0.0694,2.3107,1.0,0.0238,0.9941,1.0,5.0718,0.9945,1.0,0.0,22.2995,0.0,24.3906,2.316,0.9998,0.017,1.0,1e-04,0.0,0.0168,1.0,0.1935,25.9624,0.042,1.4,1.678,0.5369,0.0175,1.0,0.0149,0.7465,0.0,0.1521
1747165380000,66.5768,1.0,0.0694,3.4302,1.0,0.027,0.9936,1.0,5.0603,0.9955,1.0,0.0,6.9006,0.0,20.4298,2.3409,1.0,0.0168,1.0,0.0,0.0,0.017,1.0,0.1855,14.8438,0.0415,1.5,1.5652,0.5509,0.0172,1.0,0.0167,0.8906,0.0,0.1504
1747165440000,111.5137,1.0,0.0694,1.7907,1.0,0.0314,0.9692,1.0,5.081,0.9863,1.0,0.0,23.1375,0.0,25.1803,2.3305,0.9998,0.0167,1.0,1e-04,0.0,0.0169,1.0,0.1894,23.7261,0.0478,1.4286,3.8913,0.5297,0.0171,1.0,0.0171,1.0,0.0,0.1506
1747165500000,109.0507,1.0,0.0694,2.0778,1.0,0.0226,0.992,1.0,5.0539,0.9959,1.0,0.0,6.761,0.0,24.5068,2.3598,0.9998,0.0168,1.0,1e-04,0.0,0.0178,1.0,0.1782,8.2199,0.0441,1.0833,1.5714,0.5485,0.0174,1.0,0.0242,1.0,0.0,0.1514
1747165560000,106.0258,1.0,0.0694,0.9683,1.0,0.0527,0.9901,1.0,5.0845,0.9561,1.0,0.0,60.4923,0.0,28.6934,2.3074,0.9977,0.0167,1.0,0.0002,0.0,0.017,1.0,0.1888,88.1088,0.0411,1.375,2.1446,0.5417,0.0173,1.0,0.0191,0.9252,0.0,0.1514
1747165620000,92.8498,1.0,0.0694,1.0509,1.0,0.0242,0.9826,1.0,5.0591,0.9818,1.0,0.0,37.0389,0.0,25.5547,2.3274,0.9988,0.0167,1.0,1e-04,0.0,0.0169,1.0,0.1896,41.7664,0.0394,1.1,1.7549,0.5924,0.0172,1.0,0.0161,0.9579,0.0,0.1515
1747165680000,81.6575,1.0,0.0694,3.3457,1.0,0.0264,0.9711,1.0,5.0786,0.9801,1.0,0.0,19.6496,0.0,25.1627,2.2402,0.999,0.0167,1.0,0.0,0.0,0.0168,1.0,0.1761,43.6966,0.0432,1.5,1.6122,0.5289,0.0173,1.0,0.0233,0.9101,0.0,0.1509
1747165740000,96.2062,1.0,0.0694,4.6024,1.0,0.0292,0.9914,1.0,5.054,0.9756,1.0,0.0,27.628,0.0,26.9308,2.2982,0.9993,0.0169,1.0,0.0002,0.0,0.0171,1.0,0.1647,42.8221,0.0416,1.1429,3.2644,0.5439,0.0171,1.0,0.013,0.9141,0.0,0.1517
1747165800000,92.9278,1.0,0.0694,2.3497,1.0,0.0347,0.9849,1.0,5.0791,0.9538,1.0,0.0,59.528,0.0,26.3942,2.2718,0.9977,0.0168,1.0,0.0002,0.0,0.0174,1.0,0.1673,66.2688,0.0413,1.3125,2.651,0.5796,0.0175,1.0,0.0161,0.875,0.0,0.1517
1747165860000,74.9065,1.0,0.0694,3.7114,1.0,0.027,0.9647,1.0,5.0441,0.9888,1.0,0.0,30.7988,0.0,27.3722,2.3429,0.9988,0.017,1.0,0.0002,0.0,0.0168,1.0,0.1901,42.6577,0.0418,1.4583,1.7049,0.5425,0.0173,1.0,0.0132,0.8559,0.0,0.1507
1747165920000,99.3739,1.0,0.0694,3.4434,1.0,0.0271,0.9785,1.0,5.0656,0.9958,1.0,0.0,1.323,0.0,24.9332,2.5652,1.0,0.0168,1.0,1e-04,0.0,0.0169,1.0,0.1881,10.9304,0.046,1.5,1.5,0.5247,0.0173,1.0,0.0173,0.9913,0.0,0.1507
1747165980000,97.2175,1.0,0.0694,1.1694,1.0,0.0287,0.9719,1.0,5.0529,0.9877,1.0,0.0,7.6672,0.0,24.7026,2.2472,0.9991,0.0169,1.0,0.0,0.0,0.0182,1.0,0.1748,44.193,0.0423,2.0,1.3529,0.5531,0.0172,1.0,0.0157,0.9035,0.0,0.1505
1747166040000,91.0139,1.0,0.0694,2.559,1.0,0.0249,0.9911,1.0,5.0647,0.9885,1.0,0.0,19.0991,0.0,25.0871,2.2845,0.9992,0.0168,1.0,1e-04,0.0,0.0174,1.0,0.1787,30.2615,0.0403,1.5714,2.6889,0.5603,0.0171,1.0,0.0122,0.9769,0.0,0.1505
1747166100000,95.4591,1.0,0.0694,1.5932,1.0,0.0405,0.9683,1.0,5.0592,0.9589,1.0,0.0,40.8652,0.0,21.7447,2.2355,0.9996,0.0167,1.0,1e-04,0.0,0.0171,1.0,0.1774,30.0,0.0443,1.3333,2.5833,0.5485,0.0173,1.0,0.0082,0.9296,0.0,0.1501
1747166160000,94.6099,1.0,0.0694,2.2269,1.0,0.0413,0.958,1.0,5.0831,0.9705,1.0,0.0,67.095,0.0,22.9132,2.2447,0.9992,0.0167,1.0,0.0002,0.0,0.0174,1.0,0.181,40.9706,0.0415,1.5,2.6683,0.5553,0.0174,1.0,0.0243,0.9706,0.0,0.1514
1747166220000,105.3862,1.0,0.0694,3.3538,1.0,0.0198,1.0095,1.0,5.053,0.9891,1.0,0.0,22.2863,0.0,23.3445,2.2366,0.9995,0.0168,1.0,1e-04,0.0,0.0173,1.0,0.1753,24.845,0.0417,1.0588,2.9107,0.5433,0.0171,1.0,0.0131,0.9767,0.0,0.1504
1747166280000,88.8765,1.0,0.0694,3.3382,1.0,0.0646,0.9573,1.0,5.0747,0.95,1.0,0.0,81.861,0.0,25.3167,2.2216,0.999,0.0167,1.0,0.0,0.0,0.0171,1.0,0.1691,54.6683,0.0383,1.0,1.6545,0.5923,0.0174,0.9998,0.0128,0.8927,0.0,0.1499
1747166340000,105.0603,1.0,0.0694,4.1515,1.0,0.0281,0.98,1.0,5.0482,0.9444,1.0,0.0,68.8416,0.0,30.3367,2.2206,0.9989,0.0169,1.0,1e-04,0.0,0.0171,1.0,0.177,89.9455,0.0403,1.1818,3.7246,0.5384,0.0175,1.0,0.0194,0.9333,0.0,0.1515
1747166400000,85.1516,1.0,0.0694,2.8997,1.0,0.0205,0.9501,1.0,4.9682,0.9557,1.0,0.0,42.5557,0.0,27.0855,2.2759,0.999,0.0168,1.0,1e-04,0.0,0.017,1.0,0.1805,50.9147,0.0405,1.1667,1.6111,0.6011,0.0173,1.0,0.0188,0.9336,0.0,0.1477
1747166460000,102.2035,1.0,0.0694,3.0497,1.0,0.0393,0.9576,1.0,5.0214,0.9713,1.0,0.0,58.0888,0.0,32.9751,2.2709,0.9985,0.0168,1.0,0.0003,0.0,0.017,1.0,0.1845,68.4589,0.044,1.2083,2.0392,0.5948,0.0172,1.0,0.0131,0.9521,0.0,0.1528
1747166520000,79.3386,1.0,0.0694,4.2731,1.0,0.0268,0.9558,1.0,5.0809,0.9552,1.0,0.0,48.1146,0.0,28.7581,2.2255,0.9988,0.0168,1.0,1e-04,0.0,0.017,1.0,0.1813,40.7122,0.0423,2.0,2.5657,0.5977,0.0173,1.0,0.0146,0.9756,0.0,0.1474
1747166580000,88.701,1.0,0.0694,2.1219,1.0,0.0406,0.9544,1.0,5.0484,0.9622,1.0,0.0,42.9962,0.0,26.1394,2.2099,0.9987,0.0169,1.0,0.0,0.0,0.0171,1.0,0.1727,53.2125,0.044,1.5,4.3471,0.5754,0.0173,1.0,0.0189,0.9625,0.0,0.1468
1747166640000,82.6517,1.0,0.0694,1.2238,1.0,0.0344,0.9571,1.0,5.0784,0.9817,1.0,0.0,33.7093,0.0,23.077,2.4791,0.9995,0.0168,1.0,1e-04,0.0,0.017,1.0,0.1742,28.3602,0.0426,1.2857,4.3108,0.6221,0.0173,1.0,0.0124,0.9892,0.0,0.1474
1747166700000,102.1659,1.0,0.0694,1.0465,1.0,0.0421,0.9711,1.0,5.0639,0.9613,1.0,0.0,48.3084,0.0,23.8492,2.2465,0.9992,0.0167,1.0,1e-04,0.0,0.0171,1.0,0.1823,25.9416,0.0448,1.5,2.1852,0.5921,0.0174,1.0,0.016,0.9854,0.0,0.1477
1747166760000,85.2575,1.0,0.0694,1.0818,1.0,0.0249,0.9372,1.0,5.0782,0.9794,1.0,0.0,37.8422,0.0,27.0495,2.2665,0.9998,0.017,1.0,0.0003,0.0,0.0172,1.0,0.1844,31.3533,0.0405,1.4839,2.4459,0.6068,0.0172,1.0,0.0201,0.8802,0.0,0.1475
1747166820000,91.7429,1.0,0.0694,1.1849,1.0,0.0116,0.9663,1.0,5.0319,0.9984,1.0,0.0,9.8344,0.0,25.7465,2.3218,1.0,0.0168,1.0,1e-04,0.0,0.0169,1.0,0.1836,18.4043,0.0422,1.2,1.6875,0.5714,0.0174,1.0,0.0178,0.9787,0.0,0.1474
1747166880000,89.0275,1.0,0.0694,2.1516,1.0,0.0291,0.9767,1.0,5.0666,0.9856,1.0,0.0,23.2452,0.0,25.3669,2.2583,1.0,0.0168,1.0,1e-04,0.0,0.017,1.0,0.1785,26.1835,0.0406,1.5,2.0,0.5919,0.0171,1.0,0.0155,0.9083,0.0,0.1463
1747166940000,101.2783,1.0,0.0694,4.1409,1.0,0.0261,0.9773,1.0,5.0419,0.9804,1.0,0.0,33.5049,0.0,27.1323,2.3302,0.9993,0.0171,1.0,1e-04,0.0,0.017,1.0,0.1701,53.3718,0.0449,1.2857,2.6282,0.5977,0.0171,1.0,0.0185,0.8397,0.0,0.1478
1747167000000,77.5269,1.0,0.0694,1.4949,1.0,0.2484,0.9679,1.0,5.0675,0.9738,1.0,0.0,30.0597,0.0,20.6966,2.2413,0.9992,0.0169,1.0,1e-04,0.0,0.0172,1.0,0.178,24.9416,0.0504,1.3077,1.5373,0.646,0.0177,1.0,0.0186,0.8377,0.0,0.1484
1747167060000,66.141,1.0,0.0694,1.164,1.0,0.286,0.9728,1.0,5.0445,0.9812,1.0,0.0,39.4075,0.0,18.768,2.3211,0.9995,0.017,1.0,0.0002,0.0,0.0173,1.0,0.1787,37.9744,0.0534,1.5833,2.1863,0.6276,0.0175,1.0,0.0117,0.8504,0.0,0.15
1747167120000,100.8471,1.0,0.0694,2.8701,1.0,0.3181,0.9629,1.0,5.0747,0.9881,1.0,0.0,23.6443,0.0,22.2749,2.3189,1.0,0.0168,1.0,1e-04,0.0,0.0173,1.0,0.1626,41.3043,0.0572,1.2,2.5854,0.6317,0.0171,1.0,0.0286,0.9891,0.0,0.1504
1747167180000,90.5788,1.0,0.0694,2.7784,1.0,0.3211,0.9635,1.0,5.0475,0.9935,1.0,0.0,17.3964,0.0,18.5278,2.3202,0.9998,0.017,1.0,0.0,0.0,0.0175,1.0,0.1691,20.2248,0.0567,1.5,2.7778,0.6193,0.0174,1.0,0.0104,0.8217,0.0,0.1484
1747167240000,107.7761,1.0,0.0694,1.3286,1.0,0.0928,0.9856,1.0,5.0405,0.9682,1.0,0.0,35.2909,0.0,27.1695,2.2035,0.9995,0.0171,1.0,1e-04,0.0,0.0169,1.0,0.1643,44.0574,0.0461,1.1429,1.7778,0.5426,0.0173,1.0,0.013,0.9016,0.0,0.1477
1747167300000,81.8143,1.0,0.0694,2.273,1.0,0.0317,0.9433,1.0,5.0624,0.9577,1.0,0.0,70.6912,0.0,27.7113,2.2626,0.9983,0.0167,1.0,1e-04,0.0,0.0172,1.0,0.1624,66.7711,0.0423,1.2632,2.8129,0.5724,0.0175,1.0,0.0124,0.9453,0.0,0.1481
1747167360000,111.6111,1.0,0.0694,0.9824,1.0,0.0295,0.9599,1.0,5.074,0.9779,1.0,0.0,34.2991,0.0,24.8179,2.2449,0.9991,0.0168,1.0,0.0002,0.0,0.017,1.0,0.1882,33.8601,0.0413,1.1667,2.0769,0.592,0.0175,1.0,0.0201,0.9845,0.0,0.1529
1747167420000,105.4072,1.0,0.0694,1.0491,1.0,0.03,0.9593,1.0,5.0351,0.9748,1.0,0.0,58.3899,0.0,26.0838,2.3032,0.9998,0.0169,1.0,1e-04,0.0,0.0171,1.0,0.1951,40.732,0.0439,1.2143,2.2903,0.5552,0.0175,1.0,0.0206,1.0,0.0,0.1486
1747167480000,94.4091,1.0,0.0694,2.8967,1.0,0.026,0.9675,1.0,5.0539,0.965,1.0,0.0,38.7804,0.0,25.1262,2.1795,0.9994,0.0168,1.0,0.0,0.0,0.0169,1.0,0.1822,29.0288,0.0404,1.5,2.5851,0.5586,0.0173,1.0,0.0275,0.9784,0.0,0.1475
1747167540000,79.8515,1.0,0.0694,5.0424,1.0,0.0178,1.0249,1.0,5.0461,0.9859,1.0,0.0,24.5981,0.0,28.758,2.358,0.9997,0.0172,1.0,1e-04,0.0,0.0171,1.0,0.1773,18.5294,0.0416,1.2857,2.4054,0.5471,0.0173,1.0,0.0144,0.7843,0.0,0.1489
1747167600000,77.458,1.0,0.0694,3.0652,1.0,0.0238,0.9619,1.0,5.0676,0.9821,1.0,0.0,25.3586,0.0,24.2118,2.2417,0.9992,0.017,1.0,1e-04,0.0,0.0169,1.0,0.1813,52.8726,0.0416,1.6667,2.0577,0.5422,0.0176,1.0,0.0248,0.7834,0.0,0.1474
1747167660000,77.2909,1.0,0.0694,4.017,1.0,0.0294,0.951,1.0,5.0418,0.987,1.0,0.0,25.3772,0.0,23.6225,2.1731,1.0,0.017,1.0,0.0002,0.0,0.0169,1.0,0.1925,18.8767,0.0413,1.7083,3.1905,0.5387,0.0175,1.0,0.0257,0.9178,0.0,0.1479
1747167720000,83.0154,1.0,0.0694,3.1515,1.0,0.0332,0.9652,1.0,5.0664,0.9696,1.0,0.0,38.6049,0.0,29.6512,2.3097,0.9988,0.0174,1.0,1e-04,0.0,0.017,1.0,0.189,41.6026,0.0425,1.8,3.2899,0.5212,0.0175,1.0,0.011,0.7885,0.0,0.1466
1747167780000,65.4255,1.0,0.0694,1.1525,1.0,0.0324,0.9676,1.0,5.0466,0.965,1.0,0.0,40.8889,0.0,24.2684,2.2556,0.9992,0.017,1.0,1e-04,0.0,0.0173,1.0,0.1761,69.2081,0.0425,1.2222,2.641,0.5186,0.0175,1.0,0.0214,0.8389,0.0,0.1477
1747167840000,87.9834,1.0,0.0694,1.2096,1.0,0.0131,0.9417,1.0,5.0575,0.9906,1.0,0.0,20.7512,0.0,24.9082,2.291,1.0,0.017,1.0,0.0,0.0,0.017,1.0,0.178,14.9877,0.0444,2.7143,1.5789,0.5443,0.0175,1.0,0.0148,0.8827,0.0,0.1468
1747167900000,80.9978,1.0,0.0694,2.5985,1.0,0.0244,0.9756,0.9984,5.0367,0.9596,1.0,0.0,58.2986,0.0,22.7664,2.2524,0.9991,0.0167,1.0,1e-04,0.0,0.0172,1.0,0.1731,35.5444,0.0431,1.4375,2.3733,0.5268,0.0176,1.0,0.0207,0.9349,0.0,0.1482
1747167960000,90.325,1.0,0.0694,1.9632,1.0,0.045,0.9675,1.0,5.0884,0.9399,1.0,0.0,93.341,0.0,28.8896,2.2069,0.9986,0.0169,1.0,0.0002,0.0,0.017,1.0,0.1703,55.9456,0.0416,1.875,2.0681,0.5099,0.0178,1.0,0.0122,0.9079,0.0,0.1488
1747168020000,87.5313,1.0,0.0694,2.791,1.0,0.0217,0.9687,1.0,5.053,0.9941,1.0,0.0,22.3592,0.0,23.7031,2.2617,1.0,0.0179,1.0,1e-04,0.0,0.0168,1.0,0.1755,25.773,0.0422,1.5,1.8305,0.5047,0.0174,1.0,0.0164,0.766,0.0,0.1498
1747168080000,98.2051,1.0,0.0694,3.7139,1.0,0.0149,0.9306,1.0,5.0622,0.9824,1.0,0.0,35.3008,0.0,23.7806,2.2278,0.999,0.0168,1.0,0.0,0.0,0.017,1.0,0.1661,39.3932,0.0429,1.5,2.375,0.5246,0.0176,1.0,0.0123,0.9744,0.0,0.148
1747168140000,66.8592,1.0,0.0694,5.4383,1.0,0.0144,0.9587,1.0,5.0519,0.9789,1.0,0.0,25.1564,0.0,23.0593,2.2667,0.999,0.0169,1.0,1e-04,0.0,0.0169,1.0,0.1716,15.2806,0.0432,1.5714,2.2581,0.5262,0.0175,1.0,0.0203,0.8777,0.0,0.1474
1747168200000,79.1769,1.0,0.0694,2.8904,1.0,0.0169,0.9688,1.0,5.0742,0.9899,1.0,0.0,9.6,0.0,23.104,2.4756,0.9994,0.0167,1.0,1e-04,0.0,0.0185,1.0,0.1736,27.5425,0.0403,1.5,1.5882,0.553,0.0172,1.0,0.0254,0.8693,0.0,0.1481
1747168260000,107.0725,1.0,0.0694,3.3947,1.0,0.0133,0.963,1.0,5.0362,0.9983,1.0,0.0,5.1107,0.0,24.4552,2.25,1.0,0.0167,1.0,0.0002,0.0,0.0169,1.0,0.1725,10.54,0.0411,1.7083,1.5385,0.544,0.0172,1.0,0.0229,0.99,0.0,0.1499
1747168320000,100.7601,1.0,0.0694,3.6314,1.0,0.0193,0.964,1.0,5.0628,0.9569,1.0,0.0,23.245,0.0,24.0374,2.322,0.9991,0.0168,1.0,0.0002,0.0,0.0172,1.0,0.1656,18.3889,0.0416,1.1765,1.6182,0.5369,0.0174,1.0,0.0199,0.9907,0.0,0.1505
1747168380000,91.0504,1.0,0.0694,3.3574,1.0,0.0316,0.9603,1.0,5.0555,0.9712,1.0,0.0,44.9439,0.0,24.9472,2.2803,0.9993,0.0167,1.0,0.0,0.0,0.0169,1.0,0.1615,30.0949,0.0401,1.5,2.4286,0.5387,0.0172,1.0,0.014,0.9343,0.0,0.1479
1747168440000,101.6738,1.0,0.0694,1.1817,1.0,0.0339,0.9923,1.0,5.0709,0.9542,1.0,0.0,54.3908,0.0,22.6961,2.2531,0.9989,0.0168,1.0,1e-04,0.0,0.017,1.0,0.165,24.3198,0.0416,1.3636,1.7581,0.5878,0.0171,1.0,0.022,0.9826,0.0,0.1495
1747168500000,92.3806,1.0,0.0694,1.3484,1.0,0.0314,0.9638,1.0,5.0501,0.9929,1.0,0.0,23.8092,0.0,23.2275,2.3523,1.0,0.0168,1.0,1e-04,0.0,0.017,1.0,0.1884,16.4702,0.039,1.8333,1.619,0.5617,0.0172,1.0,0.0193,0.9801,0.0,0.1513
1747168560000,102.3092,1.0,0.0694,1.2464,1.0,0.0212,0.9815,1.0,5.0645,0.9896,1.0,0.0,18.8668,0.0,21.2433,2.3114,1.0,0.0168,1.0,0.0003,0.0,0.0168,1.0,0.1894,16.2973,0.039,2.0,2.16,0.6019,0.017,1.0,0.0177,0.964,0.0,0.148
1747168620000,93.9447,1.0,0.0694,1.0713,1.0,0.0138,0.967,1.0,5.0484,0.973,1.0,0.0,22.3286,0.0,21.7009,2.1011,0.9995,0.0167,1.0,1e-04,0.0,0.0171,1.0,0.189,18.1182,0.0414,1.4,2.6786,0.5269,0.0172,1.0,0.0137,1.0,0.0,0.1481
1747168680000,97.8913,1.0,0.0694,1.7931,1.0,0.0265,0.9884,1.0,5.0709,0.9806,1.0,0.0,43.624,0.0,23.1544,2.2303,0.9993,0.0168,1.0,0.0,0.0,0.0168,1.0,0.1737,17.2837,0.0426,2.0,3.9355,0.5299,0.0174,1.0,0.0259,0.9787,0.0,0.1477
1747168740000,90.076,1.0,0.0694,4.4614,1.0,0.0318,0.9347,1.0,5.0474,0.9681,1.0,0.0,38.8623,0.0,25.018,2.2035,0.9994,0.0169,1.0,1e-04,0.0,0.0169,1.0,0.1665,30.5517,0.0389,1.0,3.0,0.554,0.0176,1.0,0.016,0.9253,0.0,0.1477
1747168800000,75.3379,1.0,0.0694,2.3915,1.0,0.0194,0.943,1.0,5.0575,0.9983,1.0,0.0,17.7191,0.0,27.9271,2.3874,0.9994,0.0169,1.0,1e-04,0.0,0.0168,1.0,0.1738,26.6226,0.0393,1.25,6.0513,0.5849,0.0174,1.0,0.0116,0.9748,0.0,0.15
1747168860000,100.1534,1.0,0.0694,1.6496,1.0,0.0177,0.9345,1.0,5.0565,0.9851,1.0,0.0,21.2474,0.0,24.2005,2.2178,0.9997,0.0167,1.0,0.0003,0.0,0.0173,1.0,0.1716,19.445,0.0402,1.3226,5.15,0.5491,0.017,1.0,0.0119,0.9738,0.0,0.1462
1747168920000,78.9669,1.0,0.0694,3.0544,1.0,0.0222,0.9418,1.0,5.0609,0.9918,1.0,0.0,21.6859,0.0,22.7969,2.3563,1.0,0.0168,1.0,1e-04,0.0,0.0168,1.0,0.1688,19.2239,0.0419,1.4,1.7297,0.5253,0.017,1.0,0.0155,0.9179,0.0,0.1458
1747168980000,79.1709,1.0,0.0694,3.3051,1.0,0.0238,0.9635,1.0,5.031,0.9831,1.0,0.0,20.5661,0.0,22.456,2.1832,0.9994,0.0167,1.0,1e-04,0.0,0.0168,1.0,0.1749,12.3611,0.0415,1.1667,1.6585,0.5551,0.0174,1.0,0.0153,0.8958,0.0,0.1467
1747169040000,83.0512,1.0,0.0694,1.7224,1.0,0.0227,0.9838,1.0,5.0712,0.9727,1.0,0.0,30.753,0.0,24.7229,2.21,0.9998,0.0169,1.0,1e-04,0.0,0.017,1.0,0.1771,32.0667,0.0408,1.2857,3.4559,0.5522,0.0175,1.0,0.016,0.8741,0.0,0.1486
1747169100000,86.3868,1.0,0.0694,2.4828,1.0,0.0203,0.9421,1.0,5.0456,0.9939,1.0,0.0,22.3053,0.0,24.2592,2.2632,0.9998,0.0172,1.0,1e-04,0.0,0.017,1.0,0.1644,18.7101,0.0404,1.3333,1.625,0.5815,0.0172,1.0,0.0184,0.8402,0.0,0.1473
1747169160000,82.286,1.0,0.0694,1.1568,1.0,0.0278,0.9738,1.0,5.0655,0.9766,1.0,0.0,19.4275,0.0,19.9196,2.3028,0.9995,0.0168,1.0,0.0003,0.0,0.0169,1.0,0.186,13.6505,0.0399,1.5417,1.3673,0.608,0.0171,1.0,0.0113,0.9903,0.0,0.1491
1747169220000,78.5876,1.0,0.0694,1.0839,1.0,0.005,0.937,1.0,5.0409,0.9835,1.0,0.0,8.1287,0.0,21.8453,2.4828,0.9997,0.0169,1.0,1e-04,0.0,0.0169,1.0,0.1833,19.9892,0.0455,1.1,1.8889,0.5154,0.0172,1.0,0.0185,0.8925,0.0,0.1482
1747169280000,81.7316,1.0,0.0694,2.5505,1.0,0.0295,0.9516,1.0,5.0582,0.9832,1.0,0.0,27.9444,0.0,23.0111,2.2949,0.9991,0.0168,1.0,0.0,0.0,0.0168,1.0,0.1945,19.3073,0.0421,2.0,3.5122,0.5318,0.0172,1.0,0.0264,0.9312,0.0,0.147
1747169340000,83.4027,1.0,0.0694,4.3885,1.0,0.0397,0.9513,1.0,5.0365,0.9604,1.0,0.0,69.1862,0.0,27.3412,2.1735,0.9975,0.0169,1.0,1e-04,0.0,0.017,1.0,0.1925,73.3378,0.0433,1.4286,2.3684,0.5468,0.0174,1.0,0.0158,0.8711,0.0,0.1475
1747169400000,79.6371,1.0,0.0694,2.2261,1.0,0.0188,0.9815,1.0,5.0636,0.9652,1.0,0.0,52.5571,0.0,24.1166,2.2939,0.9984,0.0169,1.0,1e-04,0.0,0.0174,1.0,0.1893,51.2539,0.0416,1.4167,3.2783,0.569,0.0178,1.0,0.0132,0.918,0.0,0.1485
1747169460000,80.0596,1.0,0.0694,3.7361,1.0,0.053,0.984,1.0,5.04,0.9402,1.0,0.0,59.1905,0.0,22.3232,2.2446,0.9986,0.0168,1.0,0.0003,0.0,0.017,1.0,0.2025,30.6967,0.0396,1.6429,2.0545,0.5876,0.0173,1.0,0.0152,0.9384,0.0,0.1498
1747169520000,85.2881,1.0,0.0694,2.3929,1.0,0.0344,0.9805,1.0,5.0518,0.991,1.0,0.0,34.4277,0.0,20.4206,2.346,1.0,0.017,1.0,1e-04,0.0,0.0172,1.0,0.1812,22.6242,0.0384,1.3,4.026,0.5427,0.017,1.0,0.0202,0.9394,0.0,0.1489
1747169580000,84.8196,1.0,0.0694,2.1306,1.0,0.0466,0.9803,1.0,5.0482,0.9604,1.0,0.0,70.5168,0.0,24.9854,2.2426,0.9992,0.017,1.0,0.0,0.0,0.0171,1.0,0.1846,45.1004,0.0397,5.0,2.8808,0.5529,0.0175,1.0,0.0156,0.917,0.0,0.148
1747169640000,103.5912,1.0,0.0694,1.1441,1.0,0.0375,0.9911,1.0,5.0773,0.976,1.0,0.0,50.9217,0.0,24.7575,2.2291,0.9994,0.0167,1.0,0.0,0.0,0.0168,1.0,0.1694,33.6393,0.0435,1.6667,2.1386,0.5316,0.0172,1.0,0.0172,0.9891,0.0,0.1486
1747169700000,105.25,1.0,0.0694,2.3916,1.0,0.0295,0.97,1.0,5.0491,0.9719,1.0,0.0,48.7616,0.0,24.8591,2.2766,0.9995,0.0169,1.0,1e-04,0.0,0.017,1.0,0.1846,48.0936,0.0464,1.75,1.6339,0.5223,0.0173,1.0,0.0173,0.9766,0.0,0.1488
1747169760000,109.8308,1.0,0.0694,2.5007,1.0,0.0159,0.9729,1.0,5.0655,0.989,1.0,0.0,8.5346,0.0,23.1724,2.2474,1.0,0.0168,1.0,0.0002,0.0,0.0169,1.0,0.1893,12.9226,0.0437,1.625,1.3333,0.5535,0.0175,1.0,0.0174,0.9762,0.0,0.1485
1747169820000,94.7614,1.0,0.0694,2.0758,1.0,0.0313,0.9575,1.0,5.041,0.944,1.0,0.0,57.1898,0.0,21.85,2.2721,0.9994,0.0169,1.0,1e-04,0.0,0.0173,1.0,0.1748,40.0857,0.0442,1.7647,2.5638,0.5188,0.0175,1.0,0.0106,0.9381,0.0,0.1486
1747169880000,81.1708,1.0,0.0694,2.8527,1.0,0.0227,0.9837,1.0,5.0492,0.9835,1.0,0.0,54.6207,0.0,22.2648,2.2852,0.999,0.0168,1.0,0.0,0.0,0.0169,1.0,0.165,34.1518,0.043,1.5,5.4462,0.54,0.0174,1.0,0.013,0.8911,0.0,0.1503
1747169940000,73.4127,1.0,0.0694,2.8402,1.0,0.0174,0.9558,1.0,5.064,0.9725,1.0,0.0,27.4128,0.0,18.3148,2.2273,0.9993,0.0168,1.0,0.0,0.0,0.0169,1.0,0.1741,15.8408,0.0438,1.7143,2.1618,0.5958,0.0172,1.0,0.0132,0.8905,0.0,0.1491
1747170000000,70.3056,1.0,0.0694,3.29,1.0,0.0292,0.9496,1.0,5.0483,0.9818,1.0,0.0,24.2927,0.0,21.2113,2.4067,0.9998,0.0173,1.0,1e-04,0.0,0.0171,1.0,0.1724,16.3333,0.0445,1.9167,1.5714,0.5691,0.0175,1.0,0.0146,0.8565,0.0,0.1471
1747170060000,76.2889,1.0,0.0694,3.0866,1.0,0.0147,0.954,1.0,5.0558,0.9808,1.0,0.0,8.7329,0.0,20.4082,2.2796,0.9998,0.0169,1.0,0.0002,0.0,0.0169,1.0,0.1745,11.8169,0.0431,1.7083,1.381,0.5799,0.0173,1.0,0.0124,0.9531,0.0,0.149
1747170120000,93.5933,1.0,0.0694,3.2864,1.0,0.0306,0.9589,0.9975,5.0365,0.9916,1.0,0.0,36.5894,0.0,24.7265,2.3223,1.0,0.0168,1.0,1e-04,0.0,0.017,1.0,0.1735,26.7072,0.0424,1.6429,2.0714,0.5605,0.0172,1.0,0.0154,0.9595,0.0,0.1493
1747170180000,96.3059,1.0,0.0694,3.3872,1.0,0.031,0.9643,1.0,5.06,0.9825,1.0,0.0,47.0488,0.0,23.3567,2.228,0.9995,0.017,1.0,0.0,0.0,0.017,1.0,0.1675,23.5313,0.0417,1.5,2.1406,0.5636,0.0174,1.0,0.0151,0.9791,0.0,0.1497
1747170240000,83.6631,1.0,0.0694,1.4868,1.0,0.0169,0.9933,1.0,5.0482,0.9937,1.0,0.0,18.0,0.0,25.1315,2.2172,0.9998,0.0167,1.0,1e-04,0.0,0.017,1.0,0.1709,29.7207,0.0384,1.4286,4.9792,0.5877,0.0173,1.0,0.034,0.9324,0.0,0.1512
1747170300000,95.0118,1.0,0.0694,1.2297,1.0,0.0244,0.9699,1.0,5.0464,0.9819,1.0,0.0,48.2852,0.0,23.4293,2.2815,0.9991,0.0168,1.0,1e-04,0.0,0.0169,1.0,0.1633,34.0304,0.0381,1.5833,1.719,0.6304,0.0173,1.0,0.0216,0.9652,0.0,0.1492
1747170360000,102.6467,1.0,0.0694,1.1027,1.0,0.0227,0.9906,1.0,5.0664,0.9694,1.0,0.0,27.9555,0.0,21.459,2.3,0.9996,0.0168,1.0,0.0002,0.0,0.0173,1.0,0.1656,18.1121,0.0394,1.129,1.9877,0.6008,0.0174,1.0,0.0194,0.9907,0.0,0.1491
1747170420000,91.3979,1.0,0.0694,1.0287,1.0,0.024,0.968,1.0,5.0455,0.9916,1.0,0.0,30.2409,0.0,24.2465,2.3397,0.9991,0.017,1.0,1e-04,0.0,0.0171,1.0,0.1679,17.8416,0.0418,1.3,1.9286,0.5577,0.0174,1.0,0.012,0.9752,0.0,0.1487
1747170480000,107.3528,1.0,0.0694,1.7503,1.0,0.0169,0.9431,1.0,5.0564,0.9859,1.0,0.0,30.9198,0.0,26.6573,2.2518,0.9994,0.0167,1.0,0.0,0.0,0.0169,1.0,0.17,23.9156,0.0441,1.0,2.0167,0.5758,0.0173,1.0,0.0187,0.9705,0.0,0.1472
1747170540000,86.0596,1.0,0.0694,3.9251,1.0,0.023,0.9583,1.0,5.0536,0.9757,1.0,0.0,30.2966,0.0,22.4971,2.1733,0.9991,0.0168,1.0,1e-04,0.0,0.0169,1.0,0.1815,22.7444,0.0406,1.0,1.547,0.5748,0.0174,1.0,0.015,0.9889,0.0,0.1482
1747170600000,86.9302,1.0,0.0694,1.7514,1.0,0.0217,0.9586,1.0,5.0373,0.9877,1.0,0.0,25.7744,0.0,21.2912,2.235,0.999,0.0168,1.0,1e-04,0.0,0.0173,1.0,0.1868,19.0662,0.0422,1.25,2.9865,0.5735,0.0177,1.0,0.0154,0.9861,0.0,0.1483
1747170660000,98.9791,1.0,0.0694,1.5698,1.0,0.0353,0.9506,1.0,5.0455,0.9785,1.0,0.0,58.888,0.0,25.2808,2.2859,0.9995,0.0168,1.0,0.0002,0.0,0.0172,1.0,0.1867,40.0339,0.0403,1.25,3.1379,0.5686,0.0176,1.0,0.0215,0.9898,0.0,0.1485
1747170720000,91.83,1.0,0.0694,2.1163,1.0,0.0455,0.957,1.0,5.0518,0.9582,1.0,0.0,74.9325,0.0,26.5658,2.2146,0.999,0.0167,1.0,1e-04,0.0,0.0172,1.0,0.1942,52.8911,0.0402,1.4,2.85,0.5817,0.0175,1.0,0.0228,0.957,0.0,0.1491
1747170780000,68.4142,1.0,0.0694,2.5382,1.0,0.0208,0.9524,1.0,5.0584,0.9932,1.0,0.0,28.3829,0.0,21.9186,2.2743,1.0,0.0169,1.0,0.0,0.0,0.0168,1.0,0.1836,26.3152,0.0442,2.0,3.2239,0.5616,0.0174,1.0,0.0179,0.8872,0.0,0.1511
1747170840000,77.6623,1.0,0.0694,1.9887,1.0,0.0265,0.978,1.0,5.0673,0.9836,1.0,0.0,34.744,0.0,20.1981,2.2298,0.9995,0.0173,1.0,0.0,0.0,0.0169,1.0,0.1745,16.2231,0.0426,1.4286,2.0098,0.5765,0.0176,1.0,0.0167,0.95,0.0,0.1492
1747170900000,105.3882,1.0,0.0694,2.2333,1.0,0.0253,0.9428,1.0,5.0564,0.9839,1.0,0.0,41.9975,0.0,22.5658,2.1572,0.9997,0.017,1.0,1e-04,0.0,0.0172,1.0,0.1868,21.1119,0.0438,1.2632,3.4043,0.5796,0.0177,1.0,0.0154,0.9813,0.0,0.1485
1747170960000,72.1672,1.0,0.0694,0.9956,1.0,0.0253,0.9737,1.0,5.03,0.9931,1.0,0.0,25.3762,0.0,20.0141,2.241,0.9997,0.0172,1.0,1e-04,0.0,0.0169,1.0,0.168,19.8199,0.0413,1.5833,2.8852,0.5785,0.0177,1.0,0.0151,0.9007,0.0,0.1488
1747171020000,81.2552,1.0,0.0694,1.0,1.0,0.0247,0.965,1.0,5.0555,0.9865,1.0,0.0,30.5203,0.0,21.6786,2.2737,0.9998,0.0169,1.0,1e-04,0.0,0.0169,1.0,0.1605,26.1684,0.0418,1.4,2.8481,0.5849,0.0176,1.0,0.0219,0.9553,0.0,0.1545
1747171080000,88.3613,1.0,0.0694,2.34,1.0,0.0218,0.9908,1.0,5.0464,0.9986,1.0,0.0,10.2179,0.0,22.6368,2.2994,1.0,0.0171,1.0,0.0,0.0,0.017,1.0,0.16,13.177,0.041,2.0,1.9063,0.6089,0.0173,1.0,0.0157,0.9472,0.0,0.1485
1747171140000,98.8367,1.0,0.0694,3.8051,1.0,0.0249,0.9362,1.0,5.0394,0.9741,1.0,0.0,24.7827,0.0,22.6714,2.1723,0.9997,0.0169,1.0,1e-04,0.0,0.017,1.0,0.1721,19.3312,0.0428,1.2727,2.0364,0.6053,0.0177,1.0,0.0125,0.9545,0.0,0.1493
1747171200000,87.6572,1.0,0.0694,2.2047,1.0,0.0419,0.9587,1.0,5.0582,0.9838,1.0,0.0,51.167,0.0,23.5258,2.2972,0.9998,0.0169,1.0,1e-04,0.0,0.017,1.0,0.169,34.4748,0.0418,1.5833,2.4276,0.5917,0.0176,1.0,0.0128,0.9555,0.0,0.1494
1747171260000,88.5111,1.0,0.0694,3.8109,1.0,0.0239,0.9804,1.0,5.0518,0.9912,1.0,0.0,30.1302,0.0,21.8762,2.247,0.9998,0.0169,1.0,0.0002,0.0,0.0171,1.0,0.1676,16.8076,0.0405,1.4583,2.3662,0.5845,0.0171,1.0,0.0157,0.9863,0.0,0.151
1747171320000,98.0763,1.0,0.0694,1.653,1.0,0.0198,0.9599,1.0,5.0527,0.9873,1.0,0.0,26.5359,0.0,21.0849,2.2665,0.9996,0.017,1.0,1e-04,0.0,0.0171,1.0,0.1687,19.6609,0.0438,1.1,15.6341,0.5547,0.0172,1.0,0.0217,0.9913,0.0,0.1483
1747171380000,96.2725,1.0,0.0694,2.1868,1.0,0.0378,0.951,1.0,5.0527,0.9886,1.0,0.0,57.9521,0.0,22.3698,2.3725,0.9995,0.017,1.0,1e-04,0.0,0.0172,1.0,0.1715,26.7297,0.0416,3.2222,3.6786,0.5768,0.0176,1.0,0.0237,0.9884,0.0,0.1475
1747171440000,82.9502,1.0,0.0694,1.0356,1.0,0.0416,0.9755,1.0,5.04,0.9579,1.0,0.0,53.2032,0.0,21.9979,2.2602,0.9995,0.0169,1.0,0.0,0.0,0.0171,1.0,0.1747,27.0324,0.0392,1.4286,2.1716,0.5712,0.0175,1.0,0.0142,0.9432,0.0,0.1503
1747171500000,97.2261,1.0,0.0694,2.5413,1.0,0.0379,0.9401,1.0,5.0645,0.9823,1.0,0.0,49.9253,0.0,25.5313,2.2892,0.9995,0.0167,1.0,1e-04,0.0,0.0171,1.0,0.1786,34.9909,0.0431,1.25,3.413,0.5321,0.0174,1.0,0.0168,0.9848,0.0,0.1478
1747171560000,93.3796,1.0,0.0694,1.7733,1.0,0.0257,0.9416,1.0,5.0464,0.9892,1.0,0.0,51.2688,0.0,26.4581,2.2973,0.9997,0.0168,1.0,1e-04,0.0,0.0171,1.0,0.1741,38.0997,0.0414,1.7917,2.594,0.6104,0.0172,1.0,0.0193,0.9879,0.0,0.1489
1747171620000,84.3145,1.0,0.0694,2.5264,1.0,0.0315,0.97,1.0,5.0509,0.9817,1.0,0.0,41.0906,0.0,22.7554,2.222,0.9996,0.0169,1.0,1e-04,0.0,0.0172,1.0,0.1767,27.6361,0.0405,2.0,2.5207,0.5578,0.0174,1.0,0.0263,0.9905,0.0,0.1485
1747171680000,88.5563,1.0,0.0694,2.2652,1.0,0.0411,0.9729,1.0,5.0548,0.9779,1.0,0.0,37.3208,0.0,22.3042,2.3125,0.9996,0.0169,1.0,0.0,0.0,0.0174,1.0,0.2053,22.9835,0.04,1.5,3.3235,0.5547,0.0177,1.0,0.0211,0.989,0.0,0.1489
1747171740000,82.4747,1.0,0.0694,3.1157,1.0,0.0203,0.971,1.0,5.0721,0.9905,1.0,0.0,26.0242,0.0,20.9887,2.2997,0.9996,0.0167,1.0,0.0,0.0,0.0171,1.0,0.191,20.9186,0.043,1.5714,1.6076,0.5743,0.0174,1.0,0.0224,0.9864,0.0,0.1478
1747171800000,92.738,1.0,0.0694,3.7466,1.0,0.0372,0.9529,1.0,5.0555,0.9864,1.0,0.0,41.8939,0.0,23.1199,2.2825,0.9995,0.0168,1.0,1e-04,0.0,0.0175,1.0,0.1887,27.7609,0.0417,1.1667,1.8013,0.5744,0.0177,1.0,0.0145,0.9701,0.0,0.1484
1747171860000,87.6438,1.0,0.0694,3.1775,1.0,0.0279,0.9516,1.0,5.0618,0.9883,1.0,0.0,18.2812,0.0,20.0732,2.3565,0.9997,0.017,1.0,0.0002,0.0,0.0175,1.0,0.1892,15.4298,0.0427,1.5833,1.6711,0.5778,0.0175,1.0,0.0121,0.9807,0.0,0.1499
1747171920000,89.0711,1.0,0.0694,2.8192,1.0,0.0318,0.9586,1.0,5.0609,0.9872,1.0,0.0,35.2537,0.0,23.1476,2.263,0.9997,0.017,1.0,1e-04,0.0,0.018,1.0,0.1746,17.3098,0.0428,1.3529,1.7849,0.5636,0.0176,1.0,0.012,0.9798,0.0,0.1481
1747171980000,82.6173,1.0,0.0694,2.8441,1.0,0.0253,0.9773,1.0,5.0536,0.9925,1.0,0.0,19.8763,0.0,20.0283,2.3,0.9996,0.017,1.0,0.0,0.0,0.0175,1.0,0.1843,17.7251,0.0446,1.5,2.9219,0.5827,0.0176,1.0,0.0104,0.9645,0.0,0.1498
1747172040000,80.8641,1.0,0.0694,1.5049,1.0,0.0333,0.9563,1.0,5.0518,0.9989,1.0,0.0,16.4878,0.0,19.948,2.2819,1.0,0.0169,1.0,0.0,0.0,0.0177,1.0,0.1765,15.2807,0.0426,1.2857,1.7167,0.558,0.0174,1.0,0.02,0.9788,0.0,0.1528
1747172100000,109.1367,1.0,0.0694,1.1541,1.0,0.0227,0.9521,1.0,5.0645,0.9978,1.0,0.0,14.4101,0.0,22.4544,2.2727,0.9999,0.0168,1.0,1e-04,0.0,0.0173,1.0,0.18,13.969,0.0444,1.5,4.5833,0.5499,0.0173,1.0,0.0208,0.9857,0.0,0.1483
1747172160000,89.9158,1.0,0.0694,1.0088,1.0,0.0242,0.9469,1.0,5.0355,0.9922,1.0,0.0,33.3544,0.0,22.5244,2.2774,0.9998,0.0168,1.0,1e-04,0.0,0.0178,1.0,0.181,21.1921,0.0438,1.24,4.6505,0.5537,0.0176,1.0,0.0118,0.9624,0.0,0.1498
1747172220000,66.0704,1.0,0.0694,0.8978,1.0,0.0295,0.9712,1.0,5.063,0.9807,1.0,0.0,58.612,0.0,23.4745,2.2459,0.9992,0.0169,1.0,1e-04,0.0,0.0178,1.0,0.1719,36.6805,0.0427,1.6429,2.4979,0.5764,0.0176,1.0,0.023,0.938,0.0,0.1512
1747172280000,67.3509,1.0,0.0694,1.4242,1.0,0.0277,0.9491,1.0,5.0391,0.9927,1.0,0.0,43.178,0.0,21.426,2.241,0.9997,0.0172,1.0,0.0,0.0,0.0176,1.0,0.1754,23.1526,0.0462,1.3333,3.021,0.5535,0.0174,1.0,0.0166,0.8948,0.0,0.1525
1747172340000,75.4197,1.0,0.0694,2.3831,1.0,0.022,0.9651,1.0,5.0627,0.9919,1.0,0.0,25.0111,0.0,22.4092,2.227,0.9996,0.017,1.0,0.0,0.0,0.0172,1.0,0.1735,16.1974,0.0465,1.2857,1.6522,0.5508,0.0178,1.0,0.0204,0.9364,0.0,0.15
1747172400000,68.4563,1.0,0.0694,2.3385,1.0,0.024,0.9625,0.9982,5.0383,0.9907,1.0,0.0,30.338,0.0,21.118,2.2753,0.9993,0.017,1.0,1e-04,0.0,0.0177,1.0,0.1691,24.9246,0.0447,1.1579,3.2917,0.5395,0.0177,1.0,0.016,0.9196,0.0,0.1492
1747172460000,88.8187,1.0,0.0694,1.5476,1.0,0.0219,0.9712,1.0,5.0673,0.9912,1.0,0.0,41.1022,0.0,22.5246,2.1806,0.9998,0.0169,1.0,1e-04,0.0,0.0174,1.0,0.1721,24.937,0.0436,2.125,2.1897,0.5335,0.0174,1.0,0.0186,0.9469,0.0,0.1499
1747172520000,88.1772,1.0,0.0694,1.6452,1.0,0.0377,0.955,1.0,5.0392,0.9508,1.0,0.0,84.6877,0.0,41.2791,2.1539,0.999,0.0171,1.0,0.0,0.0,0.0188,1.0,0.178,32.5853,0.045,1.7,2.4039,0.5599,0.0177,1.0,0.0268,0.9339,0.0,0.1496
1747172580000,91.0056,1.0,0.0694,2.256,1.0,0.0225,0.972,1.0,5.0613,0.996,1.0,0.0,25.989,0.0,23.7865,2.2444,0.9999,0.0172,1.0,0.0,0.0,0.0172,1.0,0.1674,20.6339,0.0409,1.5,3.0139,0.5582,0.0176,1.0,0.0137,0.9812,0.0,0.1523
1747172640000,86.2935,1.0,0.0694,2.0669,1.0,0.0274,0.9347,1.0,5.0504,0.9919,1.0,0.0,29.2726,0.0,21.8296,2.2915,0.9998,0.0169,1.0,0.0,0.0,0.0182,1.0,0.1659,19.4837,0.043,2.4286,2.8533,0.5569,0.0177,1.0,0.0107,0.9721,0.0,0.149
1747172700000,87.4993,1.0,0.0694,2.1421,1.0,0.03,0.9742,1.0,5.0882,0.9926,1.0,0.0,30.5928,0.0,24.2806,2.2442,0.9997,0.017,1.0,1e-04,0.0,0.0172,1.0,0.1658,28.4852,0.0438,1.0,1.5189,0.5794,0.0176,1.0,0.0158,0.9544,0.0,0.1482
1747172760000,88.3176,1.0,0.0694,0.9609,1.0,0.0198,0.9554,1.0,5.0493,0.9755,1.0,0.0,37.5372,0.0,22.2002,2.2112,0.9996,0.0171,1.0,1e-04,0.0,0.0173,1.0,0.1751,23.0648,0.0445,1.7917,1.6822,0.573,0.0174,1.0,0.0241,0.9583,0.0,0.1495
1747172820000,87.1377,1.0,0.0694,0.9192,1.0,0.0326,0.9475,1.0,5.0802,0.9824,1.0,0.0,42.2749,0.0,20.6915,2.1995,0.9999,0.0171,1.0,0.0,0.0,0.0171,1.0,0.178,29.4865,0.044,1.7,1.763,0.5545,0.0175,1.0,0.0186,0.9563,0.0,0.1508
1747172880000,87.0511,1.0,0.0694,1.8056,1.0,0.0283,0.9365,1.0,5.0384,0.9735,1.0,0.0,54.2137,0.0,21.7792,2.2549,0.9995,0.0169,1.0,0.0,0.0,0.0174,1.0,0.1752,30.8257,0.0474,1.0,1.6301,0.5678,0.0176,1.0,0.0196,0.9624,0.0,0.1511
1747172940000,83.6497,1.0,0.0694,2.2349,1.0,0.0301,0.9476,1.0,5.0809,0.9825,1.0,0.0,70.7637,0.0,21.3666,2.1927,0.9995,0.0169,1.0,0.0,0.0,0.0176,1.0,0.1686,34.6637,0.0434,1.2857,2.8553,0.5985,0.0179,1.0,0.0269,0.9586,0.0,0.1524
1747173000000,80.8677,1.0,0.0694,2.6448,1.0,0.0277,0.9552,0.9983,5.06,0.9915,1.0,0.0,31.2468,0.0,19.5136,2.2443,0.9997,0.0172,1.0,1e-04,0.0,0.0177,1.0,0.1702,19.7583,0.0436,1.6667,1.9314,0.55,0.0177,1.0,0.0254,0.9793,0.0,0.1534
1747173060000,82.571,1.0,0.0694,2.9799,1.0,0.0329,0.9755,1.0,5.07,0.9779,1.0,0.0,48.5443,0.0,22.1679,2.2362,0.9993,0.0168,1.0,1e-04,0.0,0.0173,1.0,0.1682,29.8487,0.0437,1.5417,1.7015,0.5668,0.0178,1.0,0.0273,0.9425,0.0,0.1521
1747173120000,82.0578,1.0,0.0694,1.3531,1.0,0.0283,0.9567,1.0,5.0564,0.9919,1.0,0.0,39.5195,0.0,19.7162,2.2228,0.9996,0.0171,1.0,0.0,0.0,0.018,1.0,0.1634,19.198,0.0447,1.4,3.6076,0.5494,0.0175,1.0,0.0127,0.9691,0.0,0.1519
1747173180000,91.6917,1.0,0.0694,1.6253,1.0,0.0335,0.9548,1.0,5.0864,0.9649,1.0,0.0,58.1109,0.0,23.1054,2.2256,0.9993,0.017,1.0,0.0,0.0,0.0175,1.0,0.1727,33.2586,0.0469,1.5,2.2483,0.5846,0.0176,1.0,0.0162,0.9503,0.0,0.1503
1747173240000,79.8236,1.0,0.0694,0.9644,1.0,0.0452,0.974,1.0,5.0484,0.9644,1.0,0.0,61.6773,0.0,22.9652,2.1742,0.9981,0.017,1.0,1e-04,0.0,0.0176,1.0,0.1701,28.3267,0.0456,1.2308,1.5769,0.5517,0.0178,1.0,0.0105,0.9681,0.0,0.1527
1747173300000,87.9735,1.0,0.0694,1.8134,1.0,0.0364,0.959,1.0,5.0791,0.9555,1.0,0.0,78.4777,0.0,22.8998,2.222,0.9984,0.017,1.0,0.0,0.0,0.0176,1.0,0.1653,32.0937,0.0457,1.75,3.2195,0.5501,0.018,1.0,0.0252,0.9488,0.0,0.1519
1747173360000,101.319,1.0,0.0694,1.1219,1.0,0.0271,0.9734,1.0,5.0373,0.9609,1.0,0.0,70.8424,0.0,24.44,2.1955,0.9985,0.0169,1.0,1e-04,0.0,0.0179,1.0,0.1686,39.7335,0.0479,1.9167,2.3576,0.5483,0.0178,1.0,0.0123,0.9521,0.0,0.1538
1747173420000,99.7606,1.0,0.0694,2.0821,1.0,0.0299,0.9591,1.0,5.0722,0.9796,1.0,0.0,70.6164,0.0,26.1476,2.2184,0.999,0.0171,1.0,1e-04,0.0,0.018,1.0,0.1823,48.6038,0.0472,1.4118,2.5741,0.5534,0.0178,1.0,0.0224,0.9277,0.0,0.1541
1747173480000,89.3665,1.0,0.0694,1.5343,1.0,0.0183,0.9907,1.0,5.0584,0.9839,1.0,0.0,47.6979,0.0,23.3854,2.2422,0.9993,0.0172,1.0,0.0,0.0,0.0175,1.0,0.1845,25.3783,0.0485,1.5,2.5115,0.5553,0.0178,1.0,0.0164,0.9629,0.0,0.1526
1747173540000,81.7262,1.0,0.0694,2.4183,1.0,0.0206,0.9803,1.0,5.0664,0.9975,1.0,0.0,27.3241,0.0,21.1533,2.2578,0.9999,0.0171,1.0,0.0,0.0,0.0186,1.0,0.1758,19.5369,0.0443,1.2857,1.956,0.5748,0.0176,1.0,0.0185,0.9697,0.0,0.1524
1747173600000,87.5076,1.0,0.0694,3.1363,1.0,0.0312,0.9838,1.0,5.0427,0.9418,1.0,0.0,52.8094,0.0,23.4616,2.2334,0.9985,0.0171,1.0,0.0,0.0,0.0181,1.0,0.171,22.2181,0.0463,1.5,3.5714,0.5856,0.0182,1.0,0.0248,0.975,0.0,0.1525
1747173660000,88.9184,1.0,0.0694,1.8231,1.0,0.0363,0.9793,1.0,5.0709,0.9477,1.0,0.0,62.5865,0.0,21.7633,2.1899,0.9971,0.0171,1.0,1e-04,0.0,0.0178,1.0,0.1773,30.9974,0.0485,1.36,1.8584,0.547,0.0179,1.0,0.016,0.9627,0.0,0.1637
1747173720000,84.0458,1.0,0.0694,1.4718,1.0,0.0351,0.9615,1.0,5.0511,0.9538,1.0,0.0,66.9972,0.0,20.9389,2.2108,0.998,0.017,1.0,0.0,0.0,0.0178,1.0,0.1873,33.6844,0.0452,1.0714,3.1794,0.5878,0.0178,1.0,0.0178,0.9455,0.0,0.1552
1747173780000,100.8859,1.0,0.0694,2.2552,1.0,0.0262,0.9848,1.0,5.0764,0.9911,1.0,0.0,39.2195,0.0,21.7797,2.3786,0.9997,0.017,1.0,0.0,0.0,0.018,1.0,0.1798,26.2043,0.0463,1.3333,2.2278,0.5771,0.0177,1.0,0.0176,0.9712,0.0,0.1545
1747173840000,96.1905,1.0,0.0694,1.4378,1.0,0.0284,0.9769,1.0,5.0602,0.9701,1.0,0.0,56.9486,0.0,27.2988,2.2197,0.9988,0.0172,1.0,0.0,0.0,0.0178,1.0,0.1785,30.6124,0.0463,1.5714,2.2214,0.5697,0.0177,1.0,0.0178,0.9739,0.0,0.1556
1747173900000,88.9843,1.0,0.0694,1.174,1.0,0.0211,0.9988,1.0,5.0782,0.9951,1.0,0.0,27.6837,0.0,22.4977,2.4585,0.9998,0.0173,1.0,1e-04,0.0,0.018,1.0,0.1807,19.0683,0.0487,1.2,1.9384,0.5531,0.0176,1.0,0.0194,0.9568,0.0,0.1555
1747173960000,96.0699,1.0,0.0694,0.949,1.0,0.0239,1.0074,1.0,5.0382,0.9741,1.0,0.0,39.2544,0.0,22.0962,2.2542,0.9995,0.0173,1.0,1e-04,0.0,0.018,1.0,0.1898,25.0513,0.0496,1.125,2.7783,0.5538,0.0182,1.0,0.0151,0.9776,0.0,0.1549
1747174020000,100.5552,1.0,0.0694,0.9151,1.0,0.0341,0.9561,1.0,5.07,0.9829,1.0,0.0,48.2944,0.0,24.508,2.2801,0.999,0.0171,1.0,0.0,0.0,0.0179,1.0,0.2038,31.4605,0.0483,1.6,2.6284,0.5704,0.018,1.0,0.0136,0.9853,0.0,0.1563
1747174080000,87.2733,1.0,0.0694,1.2416,1.0,0.0283,0.9725,1.0,5.0393,0.9824,1.0,0.0,47.1869,0.0,22.0915,2.1811,0.9993,0.017,1.0,0.0,0.0,0.0177,1.0,0.2017,24.9022,0.0475,2.0,2.8692,0.5549,0.0177,1.0,0.0218,0.9511,0.0,0.1562
1747174140000,97.1137,1.0,0.0694,1.4609,1.0,0.0299,0.9454,1.0,5.0838,0.9876,1.0,0.0,51.4402,0.0,22.1915,2.2481,0.9994,0.017,1.0,0.0,0.0,0.0177,1.0,0.1951,23.1384,0.0495,1.0,2.8255,0.5895,0.0179,1.0,0.0184,0.9516,0.0,0.1547
1747174200000,72.6404,1.0,0.0694,2.0106,1.0,0.0218,0.9585,1.0,5.0383,0.984,1.0,0.0,44.842,0.0,23.1373,2.2197,0.9994,0.0172,1.0,0.0,0.0,0.0182,1.0,0.1826,24.2139,0.0468,1.1667,3.1735,0.5731,0.0182,1.0,0.0191,0.9457,0.0,0.1552
1747174260000,83.9704,1.0,0.0694,1.2829,1.0,0.0268,0.9943,1.0,5.0706,0.9708,1.0,0.0,48.9775,0.0,22.8284,2.2623,0.9992,0.0171,1.0,1e-04,0.0,0.0181,1.0,0.2023,24.1816,0.0484,1.4643,1.9923,0.568,0.0179,1.0,0.0284,0.9651,0.0,0.1575
1747174320000,86.5578,1.0,0.0694,1.5175,1.0,0.0349,0.9753,1.0,5.0483,0.9632,1.0,0.0,64.1999,0.0,22.0631,2.2215,0.9985,0.0171,1.0,0.0,0.0,0.0184,1.0,0.1956,37.5509,0.0496,1.75,2.8818,0.5793,0.0181,1.0,0.0168,0.9507,0.0,0.1564
1747174380000,90.4014,1.0,0.0694,1.5492,1.0,0.0276,0.9932,1.0,5.0686,0.9813,1.0,0.0,52.4267,0.0,20.9859,2.2714,0.9991,0.0172,1.0,0.0,0.0,0.0181,1.0,0.1842,31.8647,0.0497,1.5,1.6309,0.5699,0.0178,1.0,0.0164,0.9557,0.0,0.1582
1747174440000,86.4614,1.0,0.0694,1.5829,1.0,0.0305,0.9781,1.0,5.0564,0.9784,1.0,0.0,53.5766,0.0,21.0135,2.2604,0.9998,0.0174,1.0,0.0,0.0,0.0177,1.0,0.1765,29.3267,0.0473,1.0714,1.9029,0.5643,0.0179,1.0,0.0177,0.9821,0.0,0.1555
1747174500000,91.0784,1.0,0.0694,1.6662,1.0,0.023,0.9883,1.0,5.0601,0.9867,1.0,0.0,41.7585,0.0,22.2265,2.2345,0.9997,0.0172,1.0,0.0,0.0,0.0178,1.0,0.1827,23.746,0.0485,1.4167,2.7832,0.5715,0.0176,1.0,0.0163,0.9689,0.0,0.1556
1747174560000,80.1688,1.0,0.0694,0.9088,1.0,0.0236,0.991,1.0,5.0622,0.9909,1.0,0.0,42.8469,0.0,22.9018,2.2665,0.9998,0.0173,1.0,1e-04,0.0,0.0185,1.0,0.1834,20.467,0.0486,1.4583,3.5381,0.5553,0.0178,1.0,0.0214,0.9665,0.0,0.1543
1747174620000,93.2298,1.0,0.0694,0.861,1.0,0.0296,1.0086,1.0,5.0612,0.9701,1.0,0.0,54.9243,0.0,22.9423,2.1992,0.9993,0.0173,1.0,0.0,0.0,0.018,1.0,0.1795,27.7776,0.0502,1.3,2.3253,0.5934,0.018,1.0,0.0234,0.9652,0.0,0.1568
1747174680000,83.9383,1.0,0.0694,1.3221,1.0,0.0266,1.0177,1.0,5.0621,0.9719,1.0,0.0,65.553,0.0,21.1761,2.2053,0.9992,0.0173,1.0,0.0,0.0,0.018,1.0,0.1806,27.4029,0.0503,2.0,1.7985,0.5673,0.0179,1.0,0.0161,0.9591,0.0,0.1588
1747174740000,93.197,1.0,0.0694,1.9644,1.0,0.0245,1.0069,1.0,5.0693,0.9869,1.0,0.0,45.5634,0.0,22.2862,2.2623,0.9996,0.0172,1.0,0.0,0.0,0.0181,1.0,0.1943,24.3107,0.0489,1.1818,3.6617,0.5831,0.0179,1.0,0.0178,0.9603,0.0,0.1587
1747174800000,89.2579,1.0,0.0694,2.5329,1.0,0.0167,0.9882,1.0,5.0593,0.9934,1.0,0.0,38.8407,0.0,21.6369,2.2633,0.9997,0.0174,1.0,0.0,0.0,0.018,1.0,0.1836,20.8241,0.0529,1.4167,1.4686,0.562,0.0186,1.0,0.0145,0.975,0.0,0.1574
1747174860000,84.8324,1.0,0.0694,1.9542,1.0,0.0226,0.9921,1.0,5.0555,0.9753,1.0,0.0,44.808,0.0,20.3663,2.2667,0.9999,0.0173,1.0,1e-04,0.0,0.0182,1.0,0.1869,27.1799,0.0513,1.92,2.7322,0.5615,0.0184,1.0,0.0134,0.9644,0.0,0.1586
1747174920000,90.824,1.0,0.0694,1.4973,1.0,0.028,0.996,1.0,5.0493,0.9841,1.0,0.0,53.6433,0.0,20.8976,2.2296,0.9997,0.0172,1.0,0.0,0.0,0.0188,1.0,0.1853,23.1484,0.0505,1.5294,1.8608,0.5809,0.018,1.0,0.0204,0.9711,0.0,0.1619
1747174980000,93.9073,1.0,0.0694,1.4188,1.0,0.0253,1.0248,1.0,5.0761,0.9864,1.0,0.0,58.8924,0.0,21.407,2.2848,0.9996,0.0172,1.0,0.0,0.0,0.0183,1.0,0.1814,25.119,0.0514,2.0,4.4824,0.5782,0.018,1.0,0.0185,0.9764,0.0,0.1607
1747175040000,93.1928,1.0,0.0694,0.9077,1.0,0.0233,1.034,0.9995,5.039,0.9807,1.0,0.0,57.0426,0.0,23.4955,2.2765,0.9992,0.0174,1.0,0.0,0.0,0.0186,1.0,0.1808,31.0738,0.0529,4.5714,2.2399,0.568,0.0181,1.0,0.0359,0.9695,0.0,0.1585
1747175100000,86.2677,1.0,0.0694,1.6806,1.0,0.0274,0.9769,1.0,5.0531,0.9841,1.0,0.0,50.49,0.0,23.4585,2.2479,0.9994,0.0172,1.0,0.0,0.0,0.0186,1.0,0.1845,30.5908,0.0486,0.7692,2.0934,0.5706,0.018,1.0,0.0179,0.9504,0.0,0.1567
1747175160000,93.3153,1.0,0.0694,0.8686,1.0,0.0226,0.943,1.0,5.0499,0.9868,1.0,0.0,38.9398,0.0,21.6318,2.2167,0.9997,0.0172,1.0,1e-04,0.0,0.0187,1.0,0.1834,22.9448,0.0526,0.7917,2.7109,0.561,0.018,1.0,0.0196,0.9685,0.0,0.1566
1747175220000,85.1392,1.0,0.0694,1.7184,1.0,0.0349,0.9683,1.0,5.0692,0.9682,1.0,0.0,60.299,0.0,20.361,2.2317,0.9993,0.0174,1.0,0.0,0.0,0.0191,1.0,0.1844,25.297,0.0512,0.6,2.4211,0.5746,0.0186,1.0,0.0243,0.9665,0.0,0.1554
1747175280000,86.8435,1.0,0.0694,1.1598,1.0,0.0241,0.9531,1.0,5.046,0.9881,1.0,0.0,42.8451,0.0,18.0327,2.2806,0.9998,0.0175,1.0,0.0,0.0,0.0195,1.0,0.1735,21.3048,0.0487,1.0,2.1261,0.6224,0.0185,1.0,0.0201,0.9606,0.0,0.1608
1747175340000,90.2981,1.0,0.0694,2.2509,1.0,0.0255,0.993,1.0,5.0575,0.9887,1.0,0.0,47.9813,0.0,21.9652,2.2623,0.9999,0.0174,1.0,0.0,0.0,0.0198,1.0,0.1705,25.9794,0.0507,0.5714,2.7165,0.5679,0.018,1.0,0.025,0.96,0.0,0.1626
1747175400000,80.3255,1.0,0.0694,2.6624,1.0,0.0271,0.9619,1.0,5.0566,0.9911,1.0,0.0,46.9778,0.0,20.3826,2.281,0.9998,0.0172,1.0,0.0,0.0,0.0194,1.0,0.1683,24.4272,0.0523,2.2143,3.4119,0.5816,0.0183,1.0,0.0147,0.9646,0.0,0.1576
1747175460000,87.262,1.0,0.0694,1.5517,1.0,0.0284,0.9909,1.0,5.0727,0.9805,1.0,0.0,39.4346,0.0,20.6051,2.2702,0.9997,0.0173,1.0,1e-04,0.0,0.0203,1.0,0.178,21.9009,0.0553,1.3939,2.4251,0.5664,0.0183,1.0,0.0176,0.9726,0.0,0.1627
1747175520000,80.8737,1.0,0.0694,1.25,1.0,0.0304,1.012,1.0,5.0448,0.9862,1.0,0.0,46.3527,0.0,20.4847,2.2965,0.9996,0.0174,1.0,0.0,0.0,0.0204,1.0,0.1774,23.8656,0.0555,1.3,2.1853,0.5821,0.0183,1.0,0.0191,0.9665,0.0,0.1629
1747175580000,89.4303,1.0,0.0694,1.9181,1.0,0.0219,0.9734,1.0,5.0727,0.9859,1.0,0.0,35.4511,0.0,20.0969,2.2398,0.9992,0.0176,1.0,0.0,0.0,0.0204,1.0,0.1784,22.5576,0.0586,1.0,2.5042,0.5896,0.0179,1.0,0.0198,0.9681,0.0,0.1608
1747175640000,94.6307,1.0,0.0694,1.324,1.0,0.0249,1.0092,1.0,5.065,0.9949,1.0,0.0,25.1752,0.0,18.8431,2.3147,0.9998,0.0175,1.0,0.0,0.0,0.0219,1.0,0.1814,19.8723,0.0536,1.4286,3.1343,0.5711,0.0178,1.0,0.0149,0.9669,0.0,0.1614
1747175700000,91.2184,1.0,0.0694,1.0031,1.0,0.0304,1.0052,1.0,5.08,0.9894,1.0,0.0,28.9194,0.0,22.0079,2.3023,0.9997,0.0175,1.0,0.0,0.0,0.0213,1.0,0.1847,22.6963,0.0517,1.5833,2.6151,0.5783,0.0181,1.0,0.0173,0.9854,0.0,0.1585
1747175760000,89.0091,1.0,0.0694,0.9507,1.0,0.0278,0.9913,1.0,5.0555,0.9681,1.0,0.0,54.7769,0.0,20.0782,2.2559,0.9994,0.0176,1.0,1e-04,0.0,0.0212,1.0,0.185,22.7008,0.0538,1.8621,2.3559,0.6014,0.0185,1.0,0.017,0.9761,0.0,0.1593
1747175820000,86.8162,1.0,0.0694,0.8601,1.0,0.03,0.9951,1.0,5.0693,0.9807,1.0,0.0,49.9488,0.0,19.9937,2.2817,0.9993,0.0176,1.0,0.0,0.0,0.021,1.0,0.1896,25.272,0.0532,1.1,2.5514,0.5783,0.0184,1.0,0.0168,0.9613,0.0,0.1637
1747175880000,86.8052,1.0,0.0694,1.044,1.0,0.0305,1.0071,1.0,5.0609,0.9805,1.0,0.0,49.921,0.0,19.6482,2.2489,0.9994,0.0176,1.0,0.0,0.0,0.0204,1.0,0.1863,23.2673,0.053,1.0,2.075,0.5646,0.0183,1.0,0.0125,0.9663,0.0,0.1634
1747175940000,82.139,1.0,0.0694,1.287,1.0,0.0248,0.9673,1.0,5.0683,0.9831,1.0,0.0,40.8599,0.0,19.2893,2.2331,0.9995,0.0177,1.0,0.0,0.0,0.0219,1.0,0.1814,24.7764,0.0566,0.8,1.9112,0.5885,0.0186,1.0,0.0191,0.9725,0.0,0.1608
1747176000000,83.8715,0.9983,0.0694,1.5192,1.0,0.0239,1.0031,1.0,5.0309,0.9888,1.0,0.0,55.4556,0.0,18.8201,2.2556,0.9998,0.0176,1.0,0.0,0.0,0.0213,1.0,0.1788,28.2345,0.0541,1.0833,3.2183,0.6018,0.0189,1.0,0.0164,0.9706,0.0,0.161
1747176060000,88.4554,1.0,0.0694,1.0593,1.0,0.0256,0.9628,1.0,5.0673,0.9828,1.0,0.0,44.2027,0.0,19.6589,2.2413,0.9996,0.0177,1.0,0.0,0.0,0.0221,1.0,0.1898,24.1698,0.0573,1.3333,2.1848,0.5814,0.0181,1.0,0.0132,0.9789,0.0,0.1634
1747176120000,83.6497,1.0,0.0694,1.4006,1.0,0.024,0.9911,1.0,5.0545,0.9813,1.0,0.0,40.895,0.0,18.0739,2.2208,0.9996,0.0174,1.0,0.0,0.0,0.0221,1.0,0.1941,24.1343,0.0543,1.5,2.2243,0.5936,0.0184,1.0,0.012,0.9638,0.0,0.1637
1747176180000,89.2458,1.0,0.0694,1.2648,1.0,0.0294,1.0061,1.0,5.0676,0.986,1.0,0.0,48.8704,0.0,19.5311,2.2143,0.9992,0.0176,1.0,0.0,0.0,0.0213,1.0,0.1857,25.3166,0.0546,2.0,1.7445,0.5819,0.0187,1.0,0.0202,0.9599,0.0,0.1624
1747176240000,75.7282,1.0,0.0694,1.2866,1.0,0.0287,0.9639,1.0,5.0464,0.9902,1.0,0.0,60.1261,0.0,20.8396,2.2426,0.9997,0.0177,1.0,0.0,0.0,0.0209,1.0,0.1907,33.0202,0.0535,1.75,2.2014,0.559,0.0184,1.0,0.0244,0.9574,0.0,0.1621
1747176300000,86.5801,1.0,0.0694,1.3024,1.0,0.0254,1.0188,0.9994,5.0545,0.9871,1.0,0.0,50.0405,0.0,20.2622,2.1931,0.9997,0.0175,1.0,0.0,0.0,0.0216,1.0,0.1925,29.1192,0.0559,1.5,2.4279,0.5899,0.0186,1.0,0.0191,0.9663,0.0,0.1615
1747176360000,56.9846,1.0,0.0694,0.8567,1.0,0.0254,1.0061,1.0,5.0594,0.9834,1.0,0.0,55.3453,0.0,21.2946,2.2759,0.9998,0.0175,1.0,0.0,0.0,0.0239,1.0,0.1914,29.6704,0.0558,1.5,2.4111,0.6069,0.0196,1.0,0.0216,0.956,0.0,0.1624
1747176420000,79.9319,1.0,0.0694,0.8194,1.0,0.0271,0.9801,0.9996,5.0595,0.9707,1.0,0.0,65.7842,0.0,19.4087,2.2511,0.9996,0.0177,1.0,0.0,0.0,0.0218,1.0,0.2113,28.9186,0.0568,1.4,2.1779,0.581,0.019,1.0,0.0129,0.9618,0.0,0.1652
1747176480000,82.3312,1.0,0.0694,0.9089,1.0,0.0303,0.9813,0.9998,5.0384,0.9857,1.0,0.0,74.828,0.0,20.2308,2.2648,0.9997,0.0176,1.0,0.0,0.0,0.0224,1.0,0.191,34.1207,0.0581,1.1111,2.3571,0.6161,0.0192,1.0,0.0146,0.9472,0.0,0.1644
1747176540000,84.9774,1.0,0.0694,1.2905,1.0,0.0262,1.038,1.0,5.0712,0.988,1.0,0.0,50.7474,0.0,19.1661,2.2685,0.9997,0.0177,1.0,0.0,0.0,0.0225,1.0,0.1981,31.3022,0.0602,1.5714,1.8011,0.5943,0.0188,1.0,0.013,0.9552,0.0,0.1712
1747176600000,83.5312,1.0,0.0694,1.8913,1.0,0.0304,0.9884,1.0,5.0545,0.9827,1.0,0.0,66.6549,0.0,19.5296,2.1991,0.9998,0.0177,1.0,0.0,0.0,0.0216,1.0,0.1908,31.0873,0.0595,1.4615,2.7256,0.6121,0.0194,1.0,0.0158,0.9537,0.0,0.168
1747176660000,87.3116,1.0,0.0694,1.3016,1.0,0.0292,0.9732,1.0,5.0627,0.9812,1.0,0.0,58.9403,0.0,20.4268,2.2475,0.9998,0.0176,1.0,0.0,0.0,0.0218,1.0,0.1909,31.2224,0.0584,1.5,2.1017,0.6049,0.0187,1.0,0.0104,0.9466,0.0,0.1691
1747176720000,88.3364,1.0,0.0694,1.4323,1.0,0.0274,1.0323,1.0,5.0527,0.9822,1.0,0.0,63.5574,0.0,20.4429,2.2113,0.9998,0.0178,1.0,0.0,0.0,0.0224,1.0,0.2043,31.9329,0.0573,1.1,1.8919,0.6104,0.0193,1.0,0.0179,0.9505,0.0,0.1687
1747176780000,83.1282,1.0,0.0694,1.186,1.0,0.0274,1.0054,1.0,5.0649,0.9914,1.0,0.0,56.9169,0.0,20.284,2.2361,0.9998,0.0178,1.0,0.0,0.0,0.0229,1.0,0.2039,30.4632,0.0583,1.1429,2.2288,0.5909,0.0189,1.0,0.0126,0.9477,0.0,0.1693
1747176840000,83.9481,1.0,0.0694,0.8535,1.0,0.0317,1.0063,1.0,5.0509,0.9825,1.0,0.0,67.808,0.0,20.2596,2.2525,0.9995,0.0177,1.0,0.0,0.0,0.0228,1.0,0.1966,35.4858,0.0578,1.4286,2.1754,0.6034,0.0194,1.0,0.0169,0.9505,0.0,0.1672
1747176900000,87.2345,1.0,0.0694,1.0785,1.0,0.0319,0.9941,1.0,5.0691,0.9865,1.0,0.0,57.3111,0.0,20.534,2.2258,0.9998,0.0177,1.0,0.0,0.0,0.0222,1.0,0.2018,35.966,0.0572,1.25,2.1317,0.6036,0.0189,1.0,0.0162,0.9508,0.0,0.1777
1747176960000,85.778,1.0,0.0694,1.0502,1.0,0.0383,1.0184,1.0,5.0668,0.9743,1.0,0.0,70.32,0.0,20.9993,2.2162,0.9992,0.018,1.0,0.0,0.0,0.0236,1.0,0.1936,38.803,0.059,1.2581,2.3036,0.6218,0.0194,1.0,0.0274,0.9461,0.0,0.168
1747177020000,81.8569,1.0,0.0694,1.3756,1.0,0.0324,1.0285,1.0,5.0676,0.9841,1.0,0.0,65.7872,0.0,20.3903,2.2615,0.9995,0.0178,1.0,0.0,0.0,0.024,1.0,0.1973,33.9674,0.058,1.4,2.1403,0.6015,0.0192,1.0,0.0181,0.9457,0.0,0.1727
1747177080000,81.1419,1.0,0.0694,1.1475,1.0,0.0318,0.9959,1.0,5.0473,0.9878,1.0,0.0,59.544,0.0,19.4196,2.2383,0.9997,0.018,1.0,0.0,0.0,0.023,1.0,0.2224,31.3354,0.0591,2.0,2.2074,0.619,0.0192,1.0,0.0152,0.9506,0.0,0.1678
1747177140000,84.2782,1.0,0.0694,1.5892,1.0,0.0305,1.0061,1.0,5.0682,0.9831,1.0,0.0,56.7798,0.0,20.289,2.2108,0.9998,0.0181,1.0,0.0,0.0,0.0241,1.0,0.2134,33.1736,0.0589,1.4286,2.1677,0.5958,0.0192,1.0,0.0144,0.9501,0.0,0.1817
1747177200000,75.1857,1.0,0.0694,1.3925,1.0,0.0341,1.0003,1.0,5.061,0.9811,1.0,0.0,56.0694,0.0,20.9611,2.2466,0.9992,0.018,1.0,0.0,0.0,0.0241,1.0,0.2011,36.5708,0.0593,1.2308,2.3632,0.5074,0.0194,1.0,0.0132,0.943,0.0,0.1711
1747177260000,83.4116,1.0,0.0694,1.6226,1.0,0.0296,1.0068,0.9996,5.0709,0.983,1.0,0.0,49.59,0.0,19.9266,2.2787,0.9997,0.0182,1.0,0.0,0.0,0.0233,1.0,0.205,33.6317,0.0615,1.5417,2.6941,0.5168,0.0194,1.0,0.028,0.9467,0.0,0.1729
1747177320000,80.736,1.0,0.0694,1.0545,1.0,0.0272,1.0079,1.0,5.0512,0.9853,1.0,0.0,54.429,0.0,19.5643,2.2481,0.9997,0.0181,1.0,0.0,0.0,0.0248,1.0,0.2098,31.0252,0.0645,1.2143,2.2594,0.5179,0.0192,1.0,0.0211,0.9513,0.0,0.1751
1747177380000,78.9019,1.0,0.0694,1.4742,1.0,0.0338,1.0418,1.0,5.0718,0.9872,1.0,0.0,65.0626,0.0,20.797,2.2477,0.9998,0.0182,1.0,0.0,0.0,0.0244,1.0,0.2188,36.115,0.0616,2.0,1.8882,0.5199,0.0199,1.0,0.014,0.9365,0.0,0.1769
1747177440000,76.4741,1.0,0.0694,1.2206,1.0,0.0379,1.0369,1.0,5.0473,0.9825,1.0,0.0,73.2093,0.0,20.8745,2.2371,0.9997,0.0181,1.0,0.0,0.0,0.0239,1.0,0.2307,37.1241,0.0632,1.4286,2.335,0.5278,0.0198,1.0,0.0209,0.9375,0.0,0.1821
1747177500000,73.8678,1.0,0.0694,0.9582,1.0,0.037,1.0181,1.0,5.0686,0.9738,1.0,0.0,74.4999,0.0,19.2714,2.2173,0.9998,0.0181,1.0,0.0,0.0,0.0247,1.0,0.2185,37.2915,0.0651,1.1579,2.3099,0.5198,0.0204,1.0,0.0201,0.9255,0.0,0.1804
1747177560000,79.2725,1.0,0.0694,0.8725,1.0,0.0335,1.0047,0.9999,5.05,0.9768,1.0,0.0,71.0982,0.0,20.3578,2.2397,0.9996,0.0182,1.0,0.0,0.0,0.0242,1.0,0.2109,34.7476,0.068,1.5417,1.7417,0.5244,0.0199,1.0,0.0216,0.9461,0.0,0.1841
1747177620000,74.6403,1.0,0.0694,0.9047,1.0,0.0343,1.0224,0.9999,5.0636,0.9835,1.0,0.0,73.1107,0.0,20.9128,2.2513,0.9996,0.0184,1.0,0.0,0.0,0.0248,1.0,0.2178,36.3277,0.0635,1.2727,2.3874,0.5348,0.0198,1.0,0.0259,0.9394,0.0,0.1827
1747177680000,78.9158,1.0,0.0694,0.9276,1.0,0.0395,0.9953,0.9998,5.0419,0.9726,1.0,0.0,82.5677,0.0,20.8499,2.2514,0.9993,0.0183,1.0,0.0,0.0,0.0248,1.0,0.2143,37.7294,0.0656,0.6667,2.2681,0.5383,0.0203,1.0,0.0223,0.9436,0.0,0.1834
1747177740000,77.884,1.0,0.0694,1.0655,1.0,0.0349,1.0458,1.0,5.0667,0.9784,1.0,0.0,71.1394,0.0,19.5269,2.2731,0.9994,0.0188,1.0,0.0,0.0,0.0253,1.0,0.216,32.6388,0.0637,1.8571,2.1834,0.5271,0.0204,1.0,0.0292,0.948,0.0,0.1859
1747177800000,80.1969,1.0,0.0694,1.4643,1.0,0.0344,1.0119,1.0,5.0583,0.9751,1.0,0.0,69.0171,0.0,19.8694,2.2455,0.9995,0.0189,1.0,0.0,0.0,0.0257,1.0,0.2163,29.8694,0.0681,1.2632,2.4028,0.5298,0.0203,1.0,0.0202,0.9511,0.0,0.1815
1747177860000,76.0258,1.0,0.0694,1.0056,1.0,0.0352,0.9915,1.0,5.0664,0.9858,1.0,0.0,68.6017,0.0,19.518,2.2549,0.9998,0.0191,1.0,0.0,0.0,0.0251,1.0,0.2168,30.1419,0.0696,1.2,2.5258,0.5157,0.0204,1.0,0.0196,0.9482,0.0,0.1859
1747177920000,72.3989,1.0,0.0694,1.0087,1.0,0.036,1.0378,1.0,5.0565,0.9831,1.0,0.0,70.5396,0.0,18.9231,2.2392,0.9998,0.0192,1.0,0.0,0.0,0.0259,1.0,0.2099,32.1121,0.0664,1.4,2.126,0.5503,0.0201,1.0,0.0147,0.9423,0.0,0.1853
1747177980000,76.9812,1.0,0.0694,1.0337,1.0,0.0337,1.0157,1.0,5.0538,0.9744,1.0,0.0,82.3027,0.0,20.9043,2.2009,0.9995,0.0193,1.0,0.0,0.0,0.0257,1.0,0.2157,32.4273,0.0657,1.3333,2.2274,0.5331,0.0201,1.0,0.0144,0.9518,0.0,0.1882
1747178040000,73.8398,1.0,0.0694,1.1083,1.0,0.0339,1.0081,1.0,5.0422,0.9794,1.0,0.0,68.8117,0.0,19.2656,2.2448,0.9998,0.0192,1.0,0.0,0.0,0.0263,1.0,0.2207,30.2683,0.069,1.1429,2.1385,0.5243,0.0202,1.0,0.0209,0.9511,0.0,0.1852
1747178100000,76.9177,1.0,0.0694,0.8961,1.0,0.0378,1.03,1.0,5.0574,0.9777,1.0,0.0,77.3772,0.0,20.3936,2.2521,0.9997,0.0192,1.0,0.0,0.0,0.0267,1.0,0.2301,31.9149,0.0671,1.3333,2.3384,0.5272,0.0201,1.0,0.0236,0.9503,0.0,0.1846
1747178160000,78.5016,1.0,0.0694,0.9794,1.0,0.0379,1.0107,1.0,5.0418,0.9774,1.0,0.0,88.1689,0.0,21.2131,2.2409,0.9996,0.0193,1.0,0.0,0.0,0.027,1.0,0.2171,35.1567,0.0706,2.0,2.3996,0.5286,0.0208,1.0,0.0163,0.95,0.0,0.1852
1747178220000,75.497,1.0,0.0694,0.8192,1.0,0.0383,1.0628,1.0,5.05,0.985,1.0,0.0,77.4257,0.0,20.4826,2.2266,0.9999,0.0194,1.0,0.0,0.0,0.0268,1.0,0.2275,32.7825,0.067,1.2727,2.4115,0.5326,0.0209,1.0,0.0205,0.9532,0.0,0.1924
1747178280000,74.2793,1.0,0.0694,0.8368,1.0,0.0326,1.0333,1.0,5.0456,0.9807,1.0,0.0,70.6612,0.0,19.3923,2.2582,0.9997,0.0195,1.0,0.0,0.0,0.0266,1.0,0.2282,29.6291,0.0711,1.3333,2.0453,0.5279,0.0201,1.0,0.0152,0.9511,0.0,0.1913
1747178340000,78.9386,1.0,0.0694,1.1997,1.0,0.0344,1.0213,0.9998,5.0684,0.98,1.0,0.0,75.5307,0.0,19.5363,2.2586,0.9997,0.0192,1.0,0.0,0.0,0.0275,1.0,0.2176,32.9063,0.0724,1.25,1.7592,0.5308,0.0207,1.0,0.0153,0.9485,0.0,0.1913
1747178400000,81.2032,1.0,0.0694,1.466,1.0,0.0314,1.0293,0.9998,5.0445,0.9882,1.0,0.0,68.6976,0.0,19.8389,2.282,0.9998,0.0195,1.0,0.0,0.0,0.0265,1.0,0.2112,29.431,0.0748,1.5385,2.3102,0.5292,0.0204,1.0,0.0138,0.9555,0.0,0.1911
1747178460000,74.4866,1.0,0.0694,1.0364,1.0,0.0395,1.075,1.0,5.0627,0.9797,1.0,0.0,76.2796,0.0,19.977,2.2444,0.9997,0.0195,1.0,0.0,0.0,0.027,1.0,0.2248,31.9768,0.0718,1.48,1.8725,0.5227,0.0216,1.0,0.016,0.9472,0.0,0.1903
1747178520000,71.7655,1.0,0.0694,1.2543,1.0,0.0338,0.9961,0.9998,5.0312,0.9777,1.0,0.0,72.7388,0.0,19.6823,2.2723,0.9997,0.0194,1.0,0.0,0.0,0.0285,1.0,0.2319,31.0007,0.0722,1.3529,2.046,0.5301,0.0217,1.0,0.0186,0.9455,0.0,0.1918
1747178580000,73.6328,1.0,0.0694,1.0041,1.0,0.0345,1.0689,1.0,5.0518,0.9793,1.0,0.0,80.9053,0.0,19.0149,2.2351,0.9998,0.0195,1.0,0.0,0.0,0.0294,1.0,0.2405,33.8595,0.0755,2.0,2.4686,0.542,0.0217,1.0,0.0174,0.9449,0.0,0.2006
1747178640000,78.5308,1.0,0.0694,0.8565,1.0,0.0386,1.0796,1.0,5.0557,0.9772,1.0,0.0,85.1057,0.0,20.5156,2.2384,0.9997,0.0194,1.0,0.0,0.0,0.0294,1.0,0.2508,36.5205,0.0745,1.3333,2.5591,0.5337,0.0216,1.0,0.022,0.9485,0.0,0.1967
1747178700000,74.9803,1.0,0.0694,0.8305,1.0,0.037,1.0658,1.0,5.0636,0.984,1.0,0.0,68.7314,0.0,20.3767,2.2922,0.9998,0.0195,1.0,0.0,0.0,0.0292,1.0,0.2505,33.2237,0.074,1.1667,2.0556,0.5221,0.0206,1.0,0.0143,0.9428,0.0,0.1949
1747178760000,75.3589,1.0,0.0694,1.1088,1.0,0.0381,1.0662,1.0,5.0518,0.9809,1.0,0.0,71.679,0.0,19.5104,2.2593,0.9996,0.0194,1.0,0.0,0.0,0.0291,1.0,0.2437,33.0536,0.0757,1.24,2.3921,0.5261,0.0208,1.0,0.0128,0.946,0.0,0.1984
1747178820000,73.6953,1.0,0.0694,1.0697,1.0,0.0366,1.0617,1.0,5.0791,0.984,1.0,0.0,69.0516,0.0,19.5167,2.2308,0.9996,0.0195,1.0,0.0,0.0,0.0289,1.0,0.2504,32.3735,0.0751,1.8667,2.2401,0.5223,0.0208,1.0,0.0248,0.9453,0.0,0.1939
1747178880000,78.8725,1.0,0.0694,1.0331,1.0,0.036,1.0647,0.9999,5.0546,0.982,1.0,0.0,70.1957,0.0,19.6719,2.2215,0.9997,0.0196,1.0,0.0,0.0,0.03,1.0,0.2249,33.8725,0.0748,1.2,2.1708,0.5375,0.0208,1.0,0.0252,0.949,0.0,0.1967
1747178940000,76.8344,1.0,0.0694,1.2048,1.0,0.0414,1.0023,1.0,5.0591,0.9774,1.0,0.0,84.8117,0.0,19.9334,2.2367,0.9997,0.0197,1.0,0.0,0.0,0.0311,1.0,0.2267,40.1305,0.0755,2.2857,2.1925,0.5397,0.0221,1.0,0.0158,0.9439,0.0,0.1946
1747179000000,73.8203,0.9995,0.0694,1.2367,1.0,0.0345,1.0504,0.9999,5.0743,0.9886,1.0,0.0,59.6565,0.0,19.5729,2.2458,0.9997,0.0195,1.0,0.0,0.0,0.0309,1.0,0.2445,30.265,0.0737,1.2105,2.8503,0.5267,0.0218,1.0,0.0148,0.9465,0.0,0.2056
1747179060000,71.0337,1.0,0.0694,1.3857,1.0,0.0351,1.0543,0.9999,5.0584,0.9885,1.0,0.0,54.6637,0.0,19.8724,2.3047,0.9998,0.0199,1.0,0.0,0.0,0.0311,1.0,0.2429,29.387,0.0754,1.5833,2.3404,0.5313,0.021,1.0,0.0226,0.9518,0.0,0.1889
1747179120000,73.7717,1.0,0.0694,1.1312,1.0,0.0362,1.0254,1.0,5.0591,0.9846,1.0,0.0,65.1647,0.0,19.5151,2.2608,0.9996,0.0196,1.0,0.0,0.0,0.0322,1.0,0.2328,31.4948,0.0796,1.6,2.1673,0.5352,0.0216,1.0,0.0158,0.9533,0.0,0.1925
1747179180000,71.2086,1.0,0.0694,1.3241,1.0,0.0339,1.0352,1.0,5.06,0.9866,1.0,0.0,55.4099,0.0,18.3858,2.2014,0.9997,0.0201,1.0,0.0,0.0,0.0323,1.0,0.23,29.225,0.077,2.0,2.1976,0.5363,0.0213,1.0,0.0353,0.9487,0.0,0.1989
1747179240000,76.3546,1.0,0.0694,1.1189,1.0,0.0377,1.0319,1.0,5.0466,0.9824,1.0,0.0,66.0556,0.0,19.598,2.2139,0.9997,0.0199,1.0,0.0,0.0,0.0321,1.0,0.2397,31.6983,0.0789,1.625,2.4213,0.5365,0.0217,1.0,0.0106,0.9526,0.0,0.1938
1747179300000,75.656,1.0,0.0694,0.9769,1.0,0.0368,1.0992,1.0,5.0537,0.9815,1.0,0.0,68.2594,0.0,20.0227,2.196,0.9996,0.0199,1.0,0.0,0.0,0.0316,1.0,0.2379,32.6164,0.0788,1.25,2.2812,0.5258,0.0222,1.0,0.0133,0.9525,0.0,0.1975
1747179360000,75.6582,1.0,0.0694,0.8204,1.0,0.0399,1.0413,1.0,5.0573,0.9825,1.0,0.0,66.112,0.0,19.9793,2.185,0.9996,0.02,1.0,0.0,0.0,0.0331,1.0,0.2466,33.041,0.0802,1.3333,2.1252,0.5491,0.0224,1.0,0.022,0.9513,0.0,0.2047
1747179420000,74.2136,1.0,0.0694,0.9161,1.0,0.0342,1.035,0.9999,5.0841,0.9859,1.0,0.0,59.1197,0.0,18.6095,2.2266,0.9995,0.0201,1.0,0.0,0.0,0.0325,1.0,0.2523,27.6489,0.082,1.4,1.9434,0.5284,0.0215,1.0,0.0216,0.9518,0.0,0.2075
1747179480000,66.513,1.0,0.0694,0.8546,1.0,0.0383,1.1241,0.9999,5.0529,0.9816,1.0,0.0,66.0308,0.0,19.7,2.1964,0.9995,0.0202,1.0,0.0,0.0,0.0327,1.0,0.2537,31.0379,0.0823,1.3333,2.4302,0.5329,0.0226,1.0,0.0126,0.9532,0.0,0.1951
1747179540000,70.6423,1.0,0.0694,0.9253,1.0,0.0396,1.0821,0.9999,5.059,0.9807,1.0,0.0,66.2005,0.0,19.2889,2.202,0.9997,0.0203,1.0,0.0,0.0,0.0337,1.0,0.2412,30.5222,0.0788,1.1905,2.4461,0.5469,0.0222,1.0,0.0215,0.954,0.0,0.2009
1747179600000,70.7659,1.0,0.0694,1.2028,1.0,0.0418,1.0871,1.0,5.0551,0.978,1.0,0.0,76.8069,0.0,20.0992,2.229,0.9994,0.02,1.0,0.0,0.0,0.0335,1.0,0.2485,34.6789,0.085,1.2308,2.151,0.5448,0.0238,1.0,0.0152,0.9487,0.0,0.2059
1747179660000,73.3674,1.0,0.0694,0.9268,1.0,0.0377,1.0599,1.0,5.0582,0.9788,1.0,0.0,70.6756,0.0,19.895,2.1965,0.9995,0.0202,1.0,0.0,0.0,0.0344,1.0,0.2599,32.843,0.0818,1.04,2.3669,0.5425,0.0231,1.0,0.0164,0.9477,0.0,0.2147
1747179720000,72.6147,1.0,0.0694,0.8597,1.0,0.04,1.0852,1.0,5.0621,0.9768,1.0,0.0,74.5467,0.0,19.292,2.2084,0.9995,0.0203,1.0,0.0,0.0,0.035,1.0,0.263,32.4262,0.0833,1.2,2.0815,0.5401,0.0238,1.0,0.0301,0.9442,0.0,0.2041
1747179780000,67.4583,1.0,0.0694,1.0627,1.0,0.0419,1.0337,0.9999,5.0628,0.9688,1.0,0.0,79.8347,0.0,19.3923,2.1989,0.9994,0.0203,1.0,0.0,0.0,0.0343,1.0,0.2681,32.3013,0.0852,0.6667,2.1495,0.54,0.0235,1.0,0.0191,0.9444,0.0,0.2094
1747179840000,72.1251,1.0,0.0694,1.0458,1.0,0.0382,1.0864,1.0,5.0573,0.978,1.0,0.0,74.5672,0.0,19.655,2.1973,0.9994,0.0203,1.0,0.0,0.0,0.0339,1.0,0.2687,32.9261,0.0836,1.1667,2.5469,0.5479,0.0226,1.0,0.0225,0.9472,0.0,0.2137
1747179900000,71.0108,1.0,0.0694,0.8004,1.0,0.0359,1.0549,1.0,5.0667,0.9852,1.0,0.0,64.0167,0.0,18.9952,2.2016,0.9996,0.0205,1.0,0.0,0.0,0.0346,1.0,0.2561,31.0278,0.0837,1.25,2.0719,0.5332,0.0221,1.0,0.0139,0.9444,0.0,0.2107
1747179960000,71.5248,1.0,0.0694,0.9503,1.0,0.0412,1.0709,1.0,5.0509,0.9825,1.0,0.0,68.4843,0.0,19.2988,2.2056,0.9996,0.0205,1.0,0.0,0.0,0.0347,1.0,0.2703,32.9665,0.0837,1.6,2.3406,0.5398,0.0228,1.0,0.0171,0.9463,0.0,0.2054
1747180020000,71.2045,1.0,0.0694,0.8025,1.0,0.0366,1.1116,0.9998,5.0418,0.9782,1.0,0.0,73.2856,0.0,18.9372,2.2169,0.9994,0.0206,1.0,0.0,0.0,0.0368,1.0,0.266,31.8741,0.0906,1.2353,2.4904,0.542,0.0232,1.0,0.0205,0.9439,0.0,0.2088
1747180080000,69.1365,1.0,0.0694,0.8145,1.0,0.038,1.0797,1.0,5.0667,0.9844,1.0,0.0,67.0799,0.0,18.4522,2.2438,0.9997,0.0206,1.0,0.0,0.0,0.0349,1.0,0.2595,32.2284,0.0869,1.3333,2.3111,0.5533,0.0235,1.0,0.0241,0.9402,0.0,0.214
1747180140000,74.0613,1.0,0.0694,1.0552,1.0,0.0416,1.0356,1.0,5.0614,0.9799,1.0,0.0,75.8139,0.0,18.9211,2.2338,0.9996,0.0205,1.0,0.0,0.0,0.0352,1.0,0.2592,34.2295,0.0882,2.125,2.1936,0.5524,0.0236,1.0,0.0139,0.9416,0.0,0.2065
1747180200000,74.0393,1.0,0.0694,1.2882,1.0,0.0385,1.0859,0.9999,5.0507,0.9836,1.0,0.0,73.3898,0.0,19.7173,2.2298,0.9997,0.0205,1.0,0.0,0.0,0.0366,1.0,0.2703,34.3181,0.0876,1.25,2.3649,0.5545,0.0234,1.0,0.021,0.9379,0.0,0.2197
1747180260000,71.973,1.0,0.0694,1.0645,1.0,0.0413,1.0778,1.0,5.0809,0.9868,1.0,0.0,75.3669,0.0,19.1868,2.2656,0.9998,0.0206,1.0,0.0,0.0,0.0356,1.0,0.2658,35.145,0.0886,1.6154,1.9905,0.5548,0.0239,1.0,0.0185,0.9337,0.0,0.2136
1747180320000,71.6437,1.0,0.0694,1.0969,1.0,0.0375,1.1044,1.0,5.057,0.9869,1.0,0.0,68.9983,0.0,18.973,2.2519,0.9997,0.0207,1.0,0.0,0.0,0.037,1.0,0.2557,34.6468,0.0909,1.5714,2.0158,0.5448,0.023,1.0,0.016,0.9373,0.0,0.223
1747180380000,75.0251,1.0,0.0694,1.0187,1.0,0.0401,1.0603,1.0,5.0691,0.9766,1.0,0.0,86.2402,0.0,19.8118,2.2385,0.9998,0.0207,1.0,0.0,0.0,0.0363,1.0,0.2819,38.5177,0.0948,1.6667,2.2158,0.577,0.0246,1.0,0.0137,0.9328,0.0,0.218
1747180440000,72.2689,1.0,0.0694,0.9005,1.0,0.0439,1.1441,0.9999,5.0436,0.98,1.0,0.0,78.2901,0.0,19.1201,2.238,0.9998,0.021,1.0,0.0,0.0,0.0369,1.0,0.28,35.7457,0.0941,1.5714,2.3379,0.5632,0.0248,1.0,0.0196,0.9394,0.0,0.2381
1747180500000,67.5627,1.0,0.0694,0.8039,1.0,0.0454,1.1688,1.0,5.0664,0.9791,1.0,0.0,89.0156,0.0,19.8143,2.2255,0.9996,0.0206,1.0,0.0,0.0,0.037,1.0,0.285,37.5891,0.0928,2.0833,2.1407,0.5552,0.0255,1.0,0.0144,0.9303,0.0,0.2371
1747180560000,69.5314,1.0,0.0694,0.9575,1.0,0.0411,1.069,1.0,5.0427,0.9793,1.0,0.0,83.0199,0.0,19.8666,2.2068,0.9996,0.0208,1.0,0.0,0.0,0.0361,1.0,0.2908,36.0697,0.0941,1.375,2.1499,0.5477,0.0248,1.0,0.0085,0.9305,0.0,0.2211
1747180620000,68.6086,1.0,0.0694,1.0165,1.0,0.0439,1.0031,1.0,5.0655,0.9827,1.0,0.0,80.7824,0.0,19.0364,2.2516,0.9997,0.0209,1.0,0.0,0.0,0.0383,1.0,0.2841,37.6456,0.0931,1.25,2.1636,0.5477,0.0246,1.0,0.0144,0.9246,0.0,0.2205
1747180680000,73.3001,1.0,0.0694,1.0106,1.0,0.0445,1.1761,0.9998,5.0355,0.9784,1.0,0.0,87.1663,0.0,19.8692,2.2251,0.9996,0.021,1.0,0.0,0.0,0.0367,1.0,0.2819,37.4328,0.0969,1.25,1.9619,0.5715,0.0252,1.0,0.0188,0.9214,0.0,0.2255
1747180740000,70.5885,1.0,0.0694,1.1408,1.0,0.0444,1.1616,0.9999,5.0509,0.9789,1.0,0.0,88.2501,0.0,19.4563,2.2374,0.9997,0.0211,1.0,0.0,0.0,0.0383,1.0,0.273,39.1091,0.0975,1.4286,2.1986,0.575,0.0257,1.0,0.0092,0.9209,0.0,0.235
1747180800000,66.515,1.0,0.0694,1.0251,1.0,0.0415,1.0752,1.0,5.0518,0.9736,1.0,0.0,84.2584,0.0,19.7439,2.2781,0.9997,0.0209,1.0,0.0,0.0,0.0381,1.0,0.2851,35.7968,0.1002,1.4615,2.1703,0.5671,0.0252,1.0,0.0132,0.9267,0.0,0.24
1747180860000,68.7521,1.0,0.0694,1.2659,1.0,0.04,1.0863,1.0,5.06,0.9807,1.0,0.0,80.4036,0.0,20.0049,2.2456,0.9997,0.021,1.0,0.0,0.0,0.0377,1.0,0.291,37.4486,0.0992,1.5517,2.0209,0.5586,0.0242,1.0,0.019,0.9288,0.0,0.2493
1747180920000,68.3223,1.0,0.0694,1.103,1.0,0.0388,1.1914,1.0,5.0509,0.9777,1.0,0.0,81.9868,0.0,19.5959,2.2736,0.9996,0.0211,1.0,0.0,0.0,0.0381,1.0,0.2993,35.7712,0.0981,1.6,2.3641,0.572,0.0247,1.0,0.0163,0.9268,0.0,0.2418
1747180980000,72.5946,1.0,0.0694,1.0035,1.0,0.042,1.2017,1.0,5.0558,0.9829,1.0,0.0,80.5487,0.0,20.0148,2.2564,0.9997,0.0211,1.0,0.0,0.0,0.0369,1.0,0.297,35.9931,0.1001,1.0,2.1045,0.5502,0.0249,1.0,0.0206,0.9233,0.0,0.2299
1747181040000,66.4574,1.0,0.0694,1.0712,1.0,0.041,1.1007,1.0,5.0475,0.9836,1.0,0.0,80.2339,0.0,19.0111,2.3025,0.9998,0.021,1.0,0.0,0.0,0.0358,1.0,0.3113,36.1351,0.1003,0.9375,2.3469,0.5562,0.0245,1.0,0.0259,0.9269,0.0,0.2334
1747181100000,71.3008,1.0,0.0694,0.9672,1.0,0.0425,1.1075,0.9999,5.0667,0.9817,1.0,0.0,85.5916,0.0,20.0051,2.2782,0.9997,0.0208,1.0,0.0,0.0,0.0355,1.0,0.2837,38.0904,0.1013,2.3077,2.3781,0.5598,0.0245,1.0,0.0242,0.9256,0.0,0.2346
1747181160000,70.9494,1.0,0.0694,0.8852,1.0,0.0425,1.1581,1.0,5.0393,0.9785,1.0,0.0,81.6066,0.0,19.3404,2.2712,0.9998,0.021,1.0,0.0,0.0,0.0369,1.0,0.2988,38.0972,0.1043,1.6538,2.1799,0.5643,0.0251,1.0,0.0144,0.9296,0.0,0.2423
1747181220000,71.1195,1.0,0.0694,0.9146,1.0,0.0443,1.1605,1.0,5.0509,0.9796,1.0,0.0,91.043,0.0,19.8879,2.2518,0.9998,0.0208,1.0,0.0,0.0,0.0379,1.0,0.2956,37.7871,0.1036,1.5,2.179,0.5662,0.0256,1.0,0.0107,0.9224,0.0,0.2386
1747181280000,67.6877,1.0,0.0694,0.8318,1.0,0.042,1.1435,1.0,5.0591,0.9786,1.0,0.0,90.4055,0.0,18.938,2.2479,0.9997,0.0211,1.0,0.0,0.0,0.0372,1.0,0.3174,37.7517,0.1062,2.0,2.148,0.5812,0.0261,1.0,0.0128,0.921,0.0,0.2427
1747181340000,68.9378,1.0,0.0694,0.8817,1.0,0.0455,1.1521,1.0,5.0545,0.9772,1.0,0.0,92.0318,0.0,19.8208,2.2434,0.9997,0.0212,1.0,0.0,0.0,0.0385,1.0,0.3057,38.9343,0.1064,1.4,2.1049,0.5612,0.0262,1.0,0.0178,0.9237,0.0,0.2433
1747181400000,69.9229,1.0,0.0694,1.0055,1.0,0.0445,1.1008,1.0,5.0367,0.9782,1.0,0.0,88.5251,0.0,19.7645,2.2548,0.9996,0.0212,1.0,0.0,0.0,0.0364,1.0,0.2952,38.4371,0.1012,1.4286,2.3501,0.5647,0.0267,1.0,0.0149,0.9224,0.0,0.2452
1747181460000,71.7253,1.0,0.0694,1.0301,1.0,0.0453,1.0849,1.0,5.04,0.9797,1.0,0.0,96.1869,0.0,19.4104,2.2643,0.9997,0.0211,1.0,0.0,0.0,0.0376,1.0,0.3118,40.5455,0.1073,1.375,2.2182,0.5782,0.028,1.0,0.0179,0.9171,0.0,0.2391
1747181520000,71.3621,1.0,0.0694,0.8845,1.0,0.0449,1.1811,1.0,5.0618,0.981,1.0,0.0,94.6459,0.0,19.8814,2.2521,0.9998,0.0212,1.0,0.0,0.0,0.0386,1.0,0.3154,39.6727,0.1093,1.2222,2.1214,0.5638,0.0258,1.0,0.0144,0.9206,0.0,0.2545
1747181580000,67.6361,1.0,0.0694,1.0072,1.0,0.0467,1.1355,0.9997,5.0618,0.9785,1.0,0.0,95.725,0.0,19.1204,2.2623,0.9998,0.0212,1.0,0.0,0.0,0.0376,1.0,0.3245,39.2908,0.1028,2.5,2.362,0.5848,0.0263,1.0,0.0131,0.9196,0.0,0.2418
1747181640000,68.3504,1.0,0.0694,0.9727,1.0,0.0449,1.1455,0.9999,5.0527,0.9788,1.0,0.0,90.3286,0.0,20.1033,2.2414,0.9997,0.0212,1.0,0.0,0.0,0.0377,1.0,0.309,38.9044,0.1035,1.2,2.3221,0.5771,0.0258,1.0,0.015,0.9232,0.0,0.245
1747181700000,69.2025,1.0,0.0694,0.8774,1.0,0.047,1.0995,1.0,5.0655,0.976,1.0,0.0,95.8907,0.0,19.6795,2.2705,0.9997,0.0213,1.0,0.0,0.0,0.0383,1.0,0.3107,39.8982,0.1087,1.4667,2.3619,0.5721,0.0268,1.0,0.0247,0.9216,0.0,0.2393
1747181760000,67.431,1.0,0.0694,0.95,1.0,0.0447,1.1241,1.0,5.0418,0.9799,1.0,0.0,95.0086,0.0,18.9479,2.2783,0.9998,0.0215,1.0,0.0,0.0,0.0378,1.0,0.2989,38.9875,0.1078,2.0417,2.1629,0.5733,0.0257,1.0,0.0195,0.9201,0.0,0.2525
1747181820000,67.3456,1.0,0.0694,0.8297,1.0,0.0455,1.1591,1.0,5.04,0.9745,1.0,0.0,102.6117,0.0,19.3383,2.267,0.9997,0.0214,1.0,0.0,0.0,0.039,1.0,0.3073,41.5551,0.1126,1.2857,2.2752,0.5736,0.0268,1.0,0.0131,0.9189,0.0,0.2488
1747181880000,67.3755,1.0,0.0694,0.8239,1.0,0.0469,1.1397,1.0,5.0422,0.9752,1.0,0.0,101.1166,0.0,19.6512,2.2663,0.9997,0.0215,1.0,0.0,0.0,0.04,1.0,0.3092,42.5744,0.1097,1.3333,2.2784,0.5831,0.0273,1.0,0.0145,0.9157,0.0,0.2591
1747181940000,68.4371,1.0,0.0694,0.9068,1.0,0.0458,1.1164,1.0,5.0657,0.9778,1.0,0.0,100.5847,0.0,20.1965,2.2773,0.9998,0.0213,1.0,0.0,0.0,0.0396,1.0,0.3185,41.0106,0.1065,1.3333,2.2148,0.5879,0.0264,1.0,0.0235,0.9234,0.0,0.2631
1747182000000,71.8584,1.0,0.0694,1.0929,1.0,0.0452,1.1346,1.0,5.0591,0.9754,1.0,0.0,102.6091,0.0,20.2719,2.2861,0.9998,0.0214,1.0,0.0,0.0,0.0392,1.0,0.3122,40.7872,0.109,1.8462,2.3668,0.5871,0.0265,1.0,0.0167,0.9214,0.0,0.2591
1747182060000,67.9481,1.0,0.0694,1.0981,1.0,0.0463,1.1207,0.9999,5.0691,0.9787,1.0,0.0,101.3101,0.0,20.1534,2.2797,0.9997,0.0215,1.0,0.0,0.0,0.0389,1.0,0.3011,41.6447,0.1098,1.303,1.9856,0.6028,0.0267,1.0,0.0132,0.9238,0.0,0.2547
1747182120000,70.1358,1.0,0.0694,1.1174,1.0,0.0435,1.1712,1.0,5.0418,0.9805,1.0,0.0,92.0392,0.0,19.4291,2.2976,0.9998,0.0217,1.0,0.0,0.0,0.0389,1.0,0.319,38.5859,0.1123,1.6364,2.2592,0.5847,0.0268,1.0,0.0144,0.9273,0.0,0.2685
1747182180000,69.2491,1.0,0.0694,0.8989,1.0,0.0464,1.1033,1.0,5.0391,0.9771,1.0,0.0,98.8882,0.0,19.5101,2.2824,0.9998,0.0215,1.0,0.0,0.0,0.0391,1.0,0.3175,39.3119,0.108,1.5,2.1324,0.6011,0.0261,1.0,0.0123,0.9216,0.0,0.2583
1747182240000,69.4188,1.0,0.0694,0.9949,1.0,0.047,1.0994,1.0,5.0509,0.9756,1.0,0.0,99.1509,0.0,19.6007,2.3183,0.9997,0.0219,1.0,0.0,0.0,0.0404,1.0,0.3177,40.8128,0.111,1.6364,2.2186,0.5953,0.0281,1.0,0.0226,0.9244,0.0,0.2649
1747182300000,67.3197,1.0,0.0694,0.8309,1.0,0.0496,1.1697,0.9999,5.0536,0.978,1.0,0.0,105.506,0.0,20.4166,2.277,0.9997,0.0215,1.0,0.0,0.0,0.0409,1.0,0.3179,42.2199,0.1068,1.2667,2.4286,0.5967,0.0279,1.0,0.0201,0.9234,0.0,0.2716
1747182360000,67.7378,1.0,0.0694,0.9368,1.0,0.0442,1.1309,1.0,5.0455,0.9787,1.0,0.0,90.039,0.0,19.141,2.2947,0.9998,0.0217,1.0,0.0,0.0,0.0381,1.0,0.3255,39.4106,0.1107,1.6897,2.067,0.5835,0.0271,1.0,0.019,0.9241,0.0,0.2693
1747182420000,66.2062,1.0,0.0694,0.9634,1.0,0.0476,1.1552,0.9999,5.0645,0.9779,1.0,0.0,98.692,0.0,19.9721,2.2693,0.9997,0.0217,1.0,0.0,0.0,0.0407,1.0,0.304,42.174,0.1091,1.1818,2.109,0.5867,0.0278,1.0,0.0273,0.9204,0.0,0.254
1747182480000,68.6621,1.0,0.0694,0.9844,1.0,0.0476,1.1591,1.0,5.0591,0.9786,1.0,0.0,98.8535,0.0,19.9177,2.2605,0.9998,0.0216,1.0,0.0,0.0,0.0399,1.0,0.3001,41.2986,0.1111,1.6667,2.266,0.5934,0.0286,1.0,0.017,0.9186,0.0,0.2614
1747182540000,69.5674,1.0,0.0694,0.9984,1.0,0.0511,1.1379,1.0,5.07,0.9748,1.0,0.0,115.0028,0.0,20.4164,2.2775,0.9998,0.022,1.0,0.0,12.7636,0.0415,1.0,0.3117,46.1357,0.1148,1.3125,2.1981,0.618,0.0296,1.0,0.0153,0.9122,0.0182,0.2658
1747182600000,68.2067,1.0,0.0694,0.8865,1.0,0.0484,1.1355,0.9999,5.0618,0.9751,1.0,0.0,96.2551,0.0,20.2546,2.2954,0.9997,0.0214,1.0,0.0,0.0,0.0378,1.0,0.3501,40.7904,0.1157,1.1875,2.5413,0.5821,0.0273,1.0,0.0146,0.932,0.0,0.2862
1747182660000,65.3715,1.0,0.0694,1.2951,1.0,0.0444,1.1841,0.9999,5.07,0.9789,1.0,0.0,96.7169,0.0,19.8906,2.2751,0.9997,0.0216,1.0,0.0,0.0,0.0397,1.0,0.335,39.0607,0.1169,1.4444,2.4036,0.5715,0.0274,1.0,0.014,0.9285,0.0,0.2714
1747182720000,69.4545,1.0,0.0694,1.0638,1.0,0.0465,1.1361,1.0,5.0764,0.9765,1.0,0.0,95.8615,0.0,19.7583,2.2858,0.9997,0.0216,1.0,0.0,0.0,0.0397,1.0,0.3072,40.5523,0.1106,0.8125,2.4553,0.5857,0.0272,1.0,0.0183,0.9271,0.0,0.2635
1747182780000,71.2403,1.0,0.0694,0.9744,1.0,0.0478,1.1289,1.0,5.0685,0.9695,1.0,0.0,101.2742,0.0,20.2507,2.269,0.9995,0.0215,1.0,0.0,11.6545,0.0386,1.0,0.3144,42.355,0.1148,1.2,2.1786,0.5939,0.0273,1.0,0.0184,0.9231,0.0182,0.2631
1747182840000,69.717,1.0,0.0694,1.0641,1.0,0.0491,1.1733,1.0,5.0609,0.9772,1.0,0.0,99.757,0.0,19.8869,2.2944,0.9996,0.0216,1.0,0.0,40.5455,0.0392,1.0,0.3211,41.2748,0.1107,0.8333,2.2735,0.6003,0.0268,1.0,0.0173,0.9237,0.0545,0.2749
1747182900000,68.807,1.0,0.0694,0.986,1.0,0.0503,1.3067,1.0,5.0518,0.9731,1.0,0.0,108.52,0.0,20.2561,2.3027,0.9996,0.0215,1.0,0.0,9.2545,0.0403,1.0,0.3322,41.8721,0.11,2.1429,2.521,0.5972,0.0285,1.0,0.0201,0.9254,0.0182,0.2642
1747182960000,67.3716,1.0,0.0694,0.8909,1.0,0.0477,1.1692,1.0,5.0518,0.9801,1.0,0.0,97.4423,0.0,19.0967,2.3351,0.9998,0.0215,1.0,0.0,77.5455,0.0395,1.0,0.3215,39.7626,0.1137,2.2759,2.1738,0.5988,0.0272,1.0,0.0205,0.9208,0.0727,0.2688
1747183020000,67.5714,1.0,0.0694,0.8709,1.0,0.0483,1.4323,1.0,5.0418,0.9759,1.0,0.0,104.7745,0.0,20.3964,2.3139,0.9997,0.0216,1.0,0.0,80.0909,0.039,1.0,0.334,44.1014,0.1139,1.3125,2.2993,0.5926,0.0289,1.0,0.0239,0.9238,0.1455,0.2651
1747183080000,66.7898,1.0,0.0694,0.8481,1.0,0.0495,1.4819,0.9999,5.0418,0.981,1.0,0.0,95.4888,0.0,20.1401,2.2729,0.9998,0.0216,1.0,0.0,50.4,0.0393,1.0,0.3381,39.2243,0.1093,1.0,2.3848,0.5865,0.0275,1.0,0.0152,0.9243,0.0545,0.2697
1747183140000,68.0235,1.0,0.0694,0.8712,1.0,0.0508,1.6806,1.0,5.0073,0.9749,1.0,0.0,106.0553,0.0,19.8666,2.2691,0.9997,0.0216,1.0,0.0,119.7273,0.0395,1.0,0.3192,42.6979,0.114,1.1,2.2767,0.5819,0.0289,1.0,0.0161,0.9239,0.1818,0.2559
1747183200000,67.7732,1.0,0.0694,0.9514,1.0,0.0467,1.7605,1.0,4.9973,0.9761,1.0,0.0,93.1836,0.0,19.5005,2.3192,0.9997,0.0214,1.0,0.0,128.2,0.0398,1.0,0.335,38.5299,0.1121,1.2667,2.4864,0.5807,0.0272,1.0,0.0217,0.9229,0.1818,0.2744
1747183260000,68.7614,1.0,0.0694,1.0688,1.0,0.0462,1.6774,1.0,5.0309,0.9784,1.0,0.0,97.6242,0.0,20.4374,2.2593,0.9997,0.0216,1.0,0.0,14.3273,0.0392,1.0,0.3436,41.7994,0.115,1.3462,2.3481,0.5683,0.0279,1.0,0.0211,0.9255,0.0182,0.2623
1747183320000,69.6191,1.0,0.0694,0.8948,1.0,0.0506,1.2806,0.9999,5.0455,0.975,1.0,0.0,104.6509,0.0,19.8467,2.2817,0.9998,0.0215,1.0,0.0,21.2909,0.0402,1.0,0.3545,43.9525,0.1142,1.8667,2.3543,0.5985,0.0283,1.0,0.0183,0.9218,0.0364,0.2622
1747183380000,70.3067,1.0,0.0694,0.9724,1.0,0.0506,1.1409,0.9999,5.0156,0.9761,1.0,0.0,102.6992,0.0,20.5053,2.277,0.9997,0.0217,1.0,0.0,17.4182,0.0395,1.0,0.3499,43.8027,0.1119,1.1667,2.3367,0.5929,0.0278,1.0,0.0206,0.923,0.0182,0.2781
1747183440000,70.0955,1.0,0.0694,0.9525,1.0,0.049,1.6867,1.0,5.0391,0.9759,1.0,0.0,111.0141,0.0,20.4619,2.3256,0.9998,0.0216,1.0,0.0,62.4364,0.0399,1.0,0.3395,45.3292,0.1189,1.3333,2.2651,0.6059,0.0291,1.0,0.0162,0.9221,0.0909,0.2664
1747183500000,67.8987,1.0,0.0694,0.8783,1.0,0.0517,1.3083,1.0,5.0255,0.9775,1.0,0.0,109.7385,0.0,20.609,2.3094,0.9998,0.0219,1.0,0.0,15.0727,0.0412,1.0,0.3664,45.1069,0.1142,1.2105,2.3023,0.6006,0.0281,1.0,0.0137,0.9207,0.0182,0.2831
1747183560000,66.6019,1.0,0.0694,0.9502,1.0,0.0494,1.1396,0.9999,5.0013,0.9753,1.0,0.0,106.1271,0.0,19.8553,2.3086,0.9997,0.0218,1.0,0.0,15.4545,0.0402,1.0,0.3636,43.5775,0.1148,2.8485,2.3549,0.6036,0.0281,1.0,0.0312,0.9179,0.0,0.2747
1747183620000,64.3404,1.0,0.0694,0.832,1.0,0.0469,1.1618,0.9999,5.0164,0.9794,1.0,0.0,103.6961,0.0,20.2569,2.3056,0.9997,0.0216,1.0,0.0,28.3091,0.0401,1.0,0.3678,43.0598,0.1181,1.2308,2.3565,0.5946,0.0292,1.0,0.0104,0.9165,0.0545,0.2765
1747183680000,66.5083,1.0,0.0694,0.8269,1.0,0.0464,1.1182,1.0,5.0282,0.979,1.0,0.0,103.0766,0.0,19.7044,2.3014,0.9997,0.022,1.0,0.0,0.0,0.0395,1.0,0.3584,40.7507,0.1195,2.0,2.2387,0.5874,0.0283,1.0,0.0147,0.9195,0.0,0.2756
1747183740000,68.8736,1.0,0.0694,0.9252,1.0,0.0483,1.1233,1.0,5.0118,0.9711,1.0,0.0,105.9402,0.0,19.8847,2.3032,0.9995,0.0218,1.0,0.0,0.0,0.0399,1.0,0.3574,43.5671,0.1194,1.75,2.2698,0.5983,0.0282,1.0,0.017,0.9197,0.0,0.2688
1747183800000,66.7039,1.0,0.0694,1.0824,1.0,0.048,1.1347,1.0,5.0418,0.9768,1.0,0.0,102.9889,0.0,19.485,2.2964,0.9997,0.0217,1.0,0.0,0.0,0.0424,1.0,0.354,40.8632,0.117,1.4,2.2954,0.6059,0.0278,1.0,0.022,0.9203,0.0,0.2806
1747183860000,70.908,1.0,0.0694,1.1067,1.0,0.0485,1.182,1.0,5.0018,0.975,1.0,0.0,106.2084,0.0,19.8544,2.3137,0.9998,0.0218,1.0,0.0,0.0,0.042,1.0,0.3479,43.4588,0.123,1.5313,2.1818,0.6033,0.0289,1.0,0.0186,0.9257,0.0,0.2771
1747183920000,71.7979,1.0,0.0694,1.0515,1.0,0.0509,1.224,1.0,5.0318,0.9735,1.0,0.0,114.211,0.0,20.2441,2.303,0.9997,0.0217,1.0,0.0,0.0,0.0427,1.0,0.3548,44.5016,0.1204,1.3636,2.2091,0.6036,0.0296,1.0,0.0169,0.9188,0.0,0.2918
1747183980000,69.7537,1.0,0.0694,0.9193,1.0,0.0493,1.1694,1.0,5.0018,0.9764,1.0,0.0,108.8905,0.0,20.0025,2.3036,0.9997,0.0219,1.0,0.0,0.0,0.0403,1.0,0.3742,44.2731,0.12,1.3,2.3797,0.6099,0.0285,1.0,0.0225,0.9202,0.0,0.2857
1747184040000,68.9837,1.0,0.0694,1.0153,1.0,0.0496,1.1846,1.0,5.0212,0.9766,1.0,0.0,106.1422,0.0,19.6687,2.3127,0.9998,0.0219,1.0,0.0,0.0,0.0397,1.0,0.3762,43.7596,0.1181,1.0556,2.5418,0.6049,0.0284,1.0,0.0198,0.9186,0.0,0.284
1747184100000,68.847,1.0,0.0694,0.8437,1.0,0.0514,1.1136,1.0,5.0218,0.9728,1.0,0.0,115.2521,0.0,20.4008,2.3109,0.9997,0.0218,1.0,0.0,0.0,0.0408,1.0,0.3575,45.5133,0.1237,1.4211,2.2415,0.6104,0.0295,1.0,0.0131,0.9217,0.0,0.2827
1747184160000,67.7642,1.0,0.0694,0.991,1.0,0.0466,1.1455,1.0,5.0245,0.9773,1.0,0.0,103.0885,0.0,19.868,2.2801,0.9997,0.0219,1.0,0.0,0.3273,0.0401,1.0,0.3725,41.5361,0.1216,1.4138,2.2361,0.6045,0.0284,1.0,0.0143,0.9179,0.0,0.2881
1747184220000,70.1159,1.0,0.0694,0.9496,1.0,0.047,1.1267,0.9999,5.0202,0.9748,1.0,0.0,109.7494,0.0,19.8917,2.2957,0.9998,0.022,1.0,0.0,12.7455,0.0413,1.0,0.3741,44.2901,0.124,1.7273,2.1556,0.6096,0.0294,1.0,0.0135,0.9169,0.0182,0.2822
1747184280000,70.2315,1.0,0.0694,0.9626,1.0,0.0506,1.2316,1.0,4.9927,0.9777,1.0,0.0,112.0319,0.0,19.8952,2.2976,0.9997,0.0223,1.0,0.0,0.0,0.043,1.0,0.3826,45.4623,0.1198,1.75,2.4827,0.6037,0.0304,1.0,0.0187,0.9151,0.0,0.2857
1747184340000,66.7241,1.0,0.0694,0.9789,1.0,0.0495,1.1865,1.0,5.0118,0.9776,1.0,0.0,114.887,0.0,19.9567,2.2918,0.9998,0.0222,1.0,0.0,0.0,0.0426,1.0,0.3797,46.0658,0.1194,1.5789,2.5929,0.6201,0.0302,1.0,0.0176,0.9105,0.0,0.2828
1747184400000,68.7624,1.0,0.0694,1.0253,1.0,0.0479,1.1156,0.9999,5.0291,0.9746,1.0,0.0,89.597,0.0,19.616,2.3308,0.9998,0.0239,1.0,0.0,0.0,0.0443,1.0,0.386,39.2832,0.1199,1.4444,2.4251,0.6109,0.0281,1.0,0.0166,0.9372,0.0,0.2882
1747184460000,67.0599,1.0,0.0694,1.1762,1.0,0.0473,1.146,0.9999,5.0173,0.9764,1.0,0.0,96.5306,0.0,19.8001,2.2988,0.9998,0.0218,1.0,0.0,0.0,0.039,1.0,0.3775,39.893,0.1179,1.5926,2.2695,0.5886,0.0281,1.0,0.0254,0.931,0.0,0.2761
1747184520000,69.0041,1.0,0.0694,1.0891,1.0,0.049,1.1623,1.0,5.0402,0.9786,1.0,0.0,101.5566,0.0,19.6191,2.3838,0.9997,0.0218,1.0,0.0,0.0,0.041,1.0,0.3576,41.6243,0.1178,2.4615,2.4737,0.6014,0.0283,1.0,0.0175,0.9247,0.0,0.2659
1747184580000,71.0439,1.0,0.0694,0.9774,1.0,0.0475,1.1218,1.0,5.0291,0.9747,1.0,0.0,98.6256,0.0,19.2394,2.3092,0.9998,0.0219,1.0,0.0,0.0,0.0397,1.0,0.3582,39.7241,0.1194,1.0556,2.4073,0.611,0.0283,1.0,0.0358,0.9279,0.0,0.275
1747184640000,73.9535,1.0,0.0694,1.109,1.0,0.0509,1.1413,1.0,5.0427,0.9735,1.0,0.0,106.3353,0.0,20.2538,2.3067,0.9997,0.0217,1.0,0.0,0.0,0.0392,1.0,0.3522,44.3724,0.1206,1.2727,2.4481,0.6261,0.0283,1.0,0.0161,0.9247,0.0,0.2762
1747184700000,71.0675,1.0,0.0694,1.0279,1.0,0.0499,1.1994,1.0,5.0245,0.9758,1.0,0.0,102.9975,0.0,20.3207,2.3445,0.9995,0.0219,1.0,0.0,0.0,0.0399,1.0,0.352,41.1811,0.1162,1.4,2.4055,0.6022,0.03,1.0,0.0273,0.9258,0.0,0.282
1747184760000,67.8188,1.0,0.0694,0.8638,1.0,0.0495,1.1512,1.0,5.0255,0.9736,1.0,0.0,104.9894,0.0,19.7707,2.3108,0.9997,0.0221,1.0,0.0,0.0,0.0414,1.0,0.3541,42.0253,0.1217,1.2903,2.4093,0.6043,0.0294,1.0,0.0232,0.9246,0.0,0.28
1747184820000,71.5166,1.0,0.0694,0.882,1.0,0.0492,1.1995,0.9999,5.02,0.976,1.0,0.0,106.3806,0.0,20.0293,2.3147,0.9998,0.0219,1.0,0.0,0.0,0.0406,1.0,0.3518,42.7128,0.122,1.2,2.4659,0.6087,0.0287,1.0,0.0152,0.9269,0.0,0.288
1747184880000,68.4685,1.0,0.0694,0.8403,1.0,0.0491,1.1306,0.9999,5.0155,0.9781,1.0,0.0,101.3304,0.0,20.6212,2.303,0.9997,0.022,1.0,0.0,0.0,0.0397,1.0,0.3542,42.06,0.118,1.2,2.4147,0.5926,0.0292,1.0,0.0181,0.9257,0.0,0.2821
1747184940000,68.9827,1.0,0.0694,0.878,1.0,0.0494,1.1554,1.0,5.0238,0.9787,1.0,0.0,98.424,0.0,19.9522,2.2985,0.9998,0.022,1.0,0.0,0.0,0.0396,1.0,0.3661,40.2422,0.1206,1.1538,2.5572,0.6091,0.0282,1.0,0.0252,0.9301,0.0,0.2776
1747185000000,70.1814,1.0,0.0694,0.9871,1.0,0.0489,1.1281,1.0,5.0175,0.9709,1.0,0.0,110.5579,0.0,20.3081,2.3132,0.9996,0.022,1.0,0.0,0.0,0.0413,1.0,0.357,42.3094,0.1258,1.7083,2.4403,0.6029,0.0296,1.0,0.0136,0.9207,0.0,0.2773
1747185060000,69.556,1.0,0.0694,1.0298,1.0,0.0506,1.1648,1.0,5.0083,0.9716,1.0,0.0,105.2944,0.0,19.9068,2.3081,0.9995,0.0221,1.0,0.0,0.0,0.0419,1.0,0.3573,42.081,0.1219,1.175,2.3983,0.6011,0.0285,1.0,0.0223,0.9242,0.0,0.2939
1747185120000,69.668,1.0,0.0694,0.9514,1.0,0.0492,1.2337,1.0,5.0155,0.9734,1.0,0.0,97.3943,0.0,19.9935,2.2731,0.9997,0.022,1.0,0.0,0.0,0.0398,1.0,0.3473,42.1703,0.1235,1.05,2.2865,0.6047,0.0285,1.0,0.0278,0.9257,0.0,0.293
1747185180000,71.7719,1.0,0.0694,0.9764,1.0,0.0485,1.1241,1.0,5.0222,0.9743,1.0,0.0,109.5976,0.0,20.3202,2.2952,0.9997,0.0222,1.0,0.0,0.0,0.0414,1.0,0.336,43.3343,0.1254,0.8571,2.3398,0.613,0.0301,1.0,0.0365,0.9267,0.0,0.2803
1747185240000,68.8192,1.0,0.0694,0.9197,1.0,0.0478,1.1525,0.9999,5.0355,0.9779,1.0,0.0,105.8438,0.0,20.3334,2.3192,0.9997,0.0222,1.0,0.0,0.0,0.0388,1.0,0.362,42.6187,0.1198,1.1765,2.3613,0.6173,0.0292,1.0,0.0202,0.9251,0.0,0.2904
1747185300000,68.8883,1.0,0.0694,0.9426,1.0,0.0472,1.1642,0.9999,5.025,0.9766,1.0,0.0,107.0799,0.0,19.9537,2.3188,0.9998,0.0221,1.0,0.0,0.0,0.0401,1.0,0.3612,42.7568,0.1252,1.2381,2.5189,0.6147,0.0283,1.0,0.0185,0.9236,0.0,0.2771
1747185360000,69.6987,1.0,0.0694,0.9591,1.0,0.0485,1.1498,1.0,5.0303,0.9766,1.0,0.0,101.2984,0.0,19.8769,2.3181,0.9998,0.0222,1.0,0.0,0.0,0.0405,1.0,0.3561,41.5638,0.1236,1.4063,2.4286,0.6051,0.0282,1.0,0.0305,0.9301,0.0,0.2858
1747185420000,68.4552,1.0,0.0694,0.8385,1.0,0.05,1.2082,1.0,5.0224,0.975,1.0,0.0,105.8939,0.0,21.0048,2.3207,0.9997,0.0222,1.0,0.0,0.0,0.0393,1.0,0.3545,43.4605,0.1211,1.2222,2.502,0.6001,0.0296,1.0,0.0277,0.9297,0.0,0.2884
1747185480000,72.0878,1.0,0.0694,0.8517,1.0,0.0481,1.1598,1.0,5.0327,0.9767,1.0,0.0,100.0703,0.0,19.8525,2.3108,0.9998,0.0222,1.0,0.0,0.0,0.0394,1.0,0.3574,41.0064,0.1273,1.3,2.4529,0.6143,0.0281,1.0,0.0138,0.9284,0.0,0.2775
1747185540000,69.0596,1.0,0.0694,0.9424,1.0,0.0495,1.1998,1.0,5.0336,0.9765,1.0,0.0,103.8116,0.0,20.0057,2.3175,0.9997,0.0221,1.0,0.0,0.0,0.0402,1.0,0.3684,39.7354,0.1226,2.1667,2.4497,0.601,0.0284,1.0,0.0246,0.9298,0.0,0.2877
1747185600000,66.541,1.0,0.0694,0.9962,1.0,0.0493,1.2732,1.0,5.02,0.9756,1.0,0.0,100.468,0.0,19.8291,2.3361,0.9998,0.0221,1.0,0.0,0.0,0.0419,1.0,0.358,41.2387,0.123,1.1739,2.5046,0.608,0.0288,1.0,0.0239,0.9301,0.0,0.287
1747185660000,73.1556,1.0,0.0694,1.1083,1.0,0.0478,1.1751,1.0,5.0156,0.9766,1.0,0.0,102.8247,0.0,20.5082,2.3245,0.9997,0.0222,1.0,0.0,0.0,0.0408,1.0,0.3545,41.9623,0.1235,1.8485,2.5559,0.6111,0.0285,1.0,0.0177,0.9297,0.0,0.2857
1747185720000,73.4,1.0,0.0694,1.0992,1.0,0.0484,1.2047,1.0,5.0118,0.9751,1.0,0.0,109.9395,0.0,19.9071,2.3308,0.9997,0.0222,1.0,0.0,0.0,0.043,1.0,0.352,43.9745,0.1272,1.0556,2.3926,0.6248,0.0292,1.0,0.0293,0.9245,0.0,0.2907
1747185780000,70.6514,1.0,0.0694,0.9534,1.0,0.049,1.3103,1.0,5.02,0.9751,1.0,0.0,104.4749,0.0,20.065,2.318,0.9997,0.0221,1.0,0.0,0.0,0.04,1.0,0.3407,40.2897,0.1238,1.0909,2.4602,0.6181,0.0293,1.0,0.0299,0.9296,0.0,0.3003
1747185840000,67.4524,1.0,0.0694,0.9683,1.0,0.0524,1.1615,1.0,5.0213,0.9787,1.0,0.0,104.7546,0.0,19.7369,2.3159,0.9998,0.0222,1.0,0.0,0.0,0.0431,1.0,0.3477,41.6181,0.1212,1.8,2.2494,0.6151,0.0295,1.0,0.0235,0.9255,0.0,0.2882
1747185900000,68.899,1.0,0.0694,0.8511,1.0,0.0484,1.133,1.0,5.0164,0.9784,1.0,0.0,104.2436,0.0,20.0825,2.3282,0.9997,0.0221,1.0,0.0,0.0,0.0417,1.0,0.3616,40.9048,0.125,1.3043,2.4718,0.6034,0.0284,1.0,0.0179,0.9307,0.0,0.2869
1747185960000,70.8441,0.9999,0.0694,0.9859,1.0,0.0477,1.2228,0.9999,5.0148,0.9752,1.0,0.0,105.1574,0.0,19.6429,2.3304,0.9998,0.0222,1.0,0.0,0.0,0.0419,1.0,0.3815,43.0184,0.1287,1.8462,2.5026,0.6254,0.029,1.0,0.0173,0.9304,0.0,0.2846
1747186020000,70.9022,1.0,0.0694,0.9144,1.0,0.0503,1.298,1.0,5.0158,0.9742,1.0,0.0,104.5636,0.0,19.9915,2.3328,0.9997,0.0223,1.0,0.0,0.0,0.0406,1.0,0.374,40.9729,0.1221,1.4444,2.2931,0.6194,0.0292,1.0,0.0144,0.929,0.0,0.2964
1747186080000,69.6378,1.0,0.0694,0.9986,1.0,0.0497,1.2788,0.9998,5.0401,0.9759,1.0,0.0,107.4894,0.0,20.2667,2.3133,0.9998,0.0225,1.0,0.0,0.0,0.0423,1.0,0.3531,43.217,0.1197,1.2667,2.4878,0.6203,0.0292,1.0,0.0195,0.9267,0.0,0.2934
1747186140000,71.1383,1.0,0.0694,0.8794,1.0,0.0505,1.2498,0.9999,5.0274,0.9764,1.0,0.0,113.0536,0.0,20.3424,2.3233,0.9998,0.0225,1.0,0.0,0.0,0.0451,1.0,0.3495,45.0416,0.1269,1.2941,2.3719,0.6203,0.0304,1.0,0.02,0.9224,0.0,0.292
1747186200000,70.0346,1.0,0.0694,1.1705,1.0,0.0486,1.1682,1.0,5.0114,0.9773,1.0,0.0,100.6403,0.0,19.6932,2.3359,0.9997,0.0222,1.0,0.0,0.0,0.0426,1.0,0.377,40.4689,0.1228,1.4737,2.4735,0.618,0.0281,1.0,0.0171,0.9351,0.0,0.3045
1747186260000,68.2774,1.0,0.0694,1.1012,1.0,0.0482,1.1753,0.9999,5.0227,0.9743,1.0,0.0,100.3069,0.0,19.894,2.3047,0.9996,0.0222,1.0,0.0,0.0,0.0403,1.0,0.3961,40.7515,0.1299,1.5,2.4203,0.5931,0.0283,1.0,0.0277,0.9362,0.0,0.2905
1747186320000,70.2535,1.0,0.0694,1.2182,1.0,0.049,1.1537,1.0,5.0111,0.9779,1.0,0.0,96.1793,0.0,19.7072,2.3114,0.9997,0.0222,1.0,0.0,0.0,0.042,1.0,0.3755,39.1909,0.1201,1.3684,2.491,0.5964,0.0276,1.0,0.0262,0.9339,0.0,0.2876
1747186380000,68.2231,1.0,0.0694,0.9366,1.0,0.0462,1.1672,0.9999,5.0265,0.9789,1.0,0.0,94.2549,0.0,19.0289,2.2952,0.9998,0.0222,1.0,0.0,0.0,0.0414,1.0,0.3775,38.1462,0.1245,1.3636,2.4917,0.6089,0.0272,1.0,0.0227,0.9333,0.0,0.2784
1747186440000,70.2977,1.0,0.0694,1.0413,1.0,0.0483,1.1433,0.9999,5.0136,0.9781,1.0,0.0,97.3635,0.0,20.3268,2.3023,0.9997,0.0223,1.0,0.0,0.0,0.0395,1.0,0.3741,38.9719,0.1217,2.4444,2.3536,0.5939,0.0265,1.0,0.0194,0.9335,0.0,0.2794
1747186500000,71.3734,1.0,0.0694,1.056,1.0,0.049,1.2139,1.0,5.0055,0.9799,1.0,0.0,96.0078,0.0,20.1751,2.3236,0.9997,0.0223,1.0,0.0,0.0,0.0407,1.0,0.3565,40.0822,0.1182,1.3636,2.526,0.6061,0.0289,1.0,0.036,0.9296,0.0,0.2757
1747186560000,69.9726,1.0,0.0694,0.9273,1.0,0.0486,1.1748,1.0,5.0265,0.9778,1.0,0.0,101.3429,0.0,19.6079,2.3312,0.9996,0.022,1.0,0.0,0.0,0.0419,1.0,0.3525,40.2207,0.1214,1.6216,2.4109,0.6164,0.028,1.0,0.0301,0.9294,0.0,0.2751
1747186620000,72.7804,1.0,0.0694,0.8788,1.0,0.0489,1.0913,0.9999,5.0236,0.9749,1.0,0.0,102.8674,0.0,20.267,2.3226,0.9996,0.022,1.0,0.0,0.0,0.04,1.0,0.3723,41.7597,0.1232,1.4286,2.5112,0.6183,0.0289,1.0,0.0176,0.9268,0.0,0.2803
1747186680000,67.8904,1.0,0.0694,0.872,1.0,0.0483,1.1924,1.0,5.0291,0.9756,1.0,0.0,96.1022,0.0,19.9994,2.3171,0.9996,0.0219,1.0,0.0,0.0,0.0383,1.0,0.3732,38.399,0.1234,1.0,2.4648,0.5823,0.0267,1.0,0.0173,0.9346,0.0,0.2836
1747186740000,69.2125,1.0,0.0694,0.9101,1.0,0.0464,1.1479,1.0,5.0203,0.9757,1.0,0.0,96.8986,0.0,19.5588,2.3059,0.9997,0.0219,1.0,0.0,0.0,0.04,1.0,0.3584,40.4137,0.1249,1.0909,2.4616,0.6151,0.0281,1.0,0.016,0.9295,0.0,0.2751
1747186800000,72.0106,1.0,0.0694,0.9326,1.0,0.0463,1.1683,0.9999,5.0427,0.9766,1.0,0.0,96.8675,0.0,19.9905,2.3566,0.9997,0.0221,1.0,0.0,0.0,0.0409,1.0,0.3627,38.6334,0.1236,1.4286,2.4676,0.5975,0.0279,1.0,0.0198,0.9343,0.0,0.2849
1747186860000,72.2992,1.0,0.0694,1.0681,1.0,0.0472,1.1235,1.0,5.0191,0.9772,1.0,0.0,99.7721,0.0,20.4138,2.3074,0.9997,0.0222,1.0,0.0,0.0,0.0412,1.0,0.3615,41.2166,0.1236,1.5172,2.435,0.5968,0.0284,1.0,0.0346,0.9307,0.0,0.278
1747186920000,72.8517,1.0,0.0694,0.9487,1.0,0.046,1.1945,0.9999,5.0229,0.9772,1.0,0.0,100.9025,0.0,20.3862,2.2882,0.9997,0.022,1.0,0.0,0.0,0.0392,1.0,0.3565,42.2818,0.1252,1.2222,2.5777,0.602,0.029,1.0,0.0308,0.932,0.0,0.2892
1747186980000,69.0682,1.0,0.0694,1.0023,1.0,0.0474,1.2315,0.9999,5.0189,0.9806,1.0,0.0,96.7016,0.0,19.3176,2.2923,0.9997,0.0221,1.0,0.0,0.0,0.0405,1.0,0.3602,39.7588,0.121,1.375,2.3733,0.6132,0.0267,1.0,0.0149,0.9281,0.0,0.2862
1747187040000,69.4875,1.0,0.0694,0.9183,1.0,0.0477,1.2253,1.0,5.0258,0.9744,1.0,0.0,101.496,0.0,19.815,2.3031,0.9997,0.0222,1.0,0.0,0.0,0.0421,1.0,0.3556,42.5812,0.1232,1.5455,2.2127,0.6066,0.0289,1.0,0.0164,0.9278,0.0,0.2822
1747187100000,71.0542,1.0,0.0694,0.9529,1.0,0.0484,1.1405,0.9999,5.0018,0.9939,1.0,0.0,24.0638,0.0,20.0959,2.3214,0.9996,0.0223,1.0,0.0,0.0,0.0421,1.0,0.378,40.4442,0.126,1.3846,2.6497,0.6101,0.028,1.0,0.0176,0.9329,0.0,0.2899
1747187160000,68.2619,1.0,0.0694,0.9657,1.0,0.0497,1.2016,0.9999,5.0264,0.9941,1.0,0.0,22.9601,0.0,20.3205,2.3271,0.9997,0.0222,1.0,0.0,0.0,0.0398,1.0,0.3841,42.2128,0.1237,1.4706,2.3505,0.6038,0.0289,1.0,0.0308,0.928,0.0,0.2936
1747187220000,70.8002,1.0,0.0694,0.8504,1.0,0.0484,1.2148,1.0,5.0227,0.9872,1.0,0.0,49.8599,0.0,19.7476,2.3206,0.9996,0.0222,1.0,0.0,0.0,0.0426,1.0,0.3816,42.6939,0.1282,1.5714,2.5204,0.6132,0.0284,1.0,0.0325,0.9303,0.0,0.3009
1747187280000,69.4949,1.0,0.0694,0.851,1.0,0.0491,1.2681,0.9999,5.0482,0.9882,1.0,0.0,47.314,0.0,19.1498,2.3289,0.9998,0.0223,1.0,0.0,12.3818,0.0416,1.0,0.3825,38.9714,0.1214,1.0,2.5262,0.6048,0.0279,1.0,0.0269,0.9322,0.0,0.2983
1747187340000,68.59,1.0,0.0694,0.9117,1.0,0.0469,1.1723,0.9999,5.0118,0.994,1.0,0.0,23.8327,0.0,19.9963,2.3116,0.9997,0.0222,1.0,0.0,0.0,0.0411,1.0,0.3748,40.4369,0.1252,1.1111,2.531,0.6064,0.0282,0.9999,0.0279,0.93,0.0182,0.2856
1747187400000,69.9165,0.9999,0.0694,0.9179,1.0,0.0494,1.179,1.0,5.0364,0.9943,1.0,0.0,22.7616,0.0,19.5822,2.3198,0.9997,0.0224,1.0,0.0,16.0727,0.0405,1.0,0.3594,40.896,0.1217,1.3333,2.3572,0.6153,0.0285,1.0,0.0277,0.9295,0.0,0.2882
1747187460000,72.6846,1.0,0.0694,1.1499,1.0,0.0505,1.1573,1.0,5.0173,0.9774,1.0,0.0,98.6163,0.0,20.5762,2.3186,0.9997,0.0223,1.0,0.0,0.0,0.0415,1.0,0.3415,42.6037,0.1227,1.5833,2.3694,0.6023,0.029,1.0,0.0165,0.9304,0.0182,0.2943
1747187520000,69.568,1.0,0.0694,0.9936,1.0,0.0489,1.2155,0.9999,5.01,0.9827,1.0,0.0,73.7906,0.0,20.308,2.2893,0.9997,0.0224,1.0,0.0,0.0,0.0406,1.0,0.3618,38.8834,0.1231,1.4118,2.3778,0.6015,0.0281,1.0,0.0204,0.9309,0.0,0.2972
1747187580000,71.202,1.0,0.0694,0.9856,1.0,0.0459,1.1556,0.9999,5.0109,0.9943,1.0,0.0,24.4582,0.0,19.8566,2.3112,0.9997,0.0223,1.0,0.0,0.3273,0.04,1.0,0.3658,40.1103,0.1271,1.0667,2.4538,0.6087,0.0285,1.0,0.0167,0.9315,0.0,0.2838
1747187640000,70.1399,1.0,0.0694,0.9691,1.0,0.0492,1.1528,1.0,5.0136,0.9944,1.0,0.0,25.1713,0.0,19.6683,2.3748,0.9997,0.0222,1.0,0.0,48.1091,0.0418,1.0,0.374,41.7151,0.1227,1.3333,2.4515,0.6196,0.0289,1.0,0.0263,0.9272,0.0727,0.2886
1747187700000,68.118,1.0,0.0694,0.8913,1.0,0.0477,1.3216,1.0,5.0045,0.9878,1.0,0.0,61.833,0.0,19.726,2.3534,0.9998,0.0225,1.0,0.0,13.2909,0.043,1.0,0.3886,40.3546,0.1216,1.8125,2.3847,0.6185,0.0289,1.0,0.0135,0.9323,0.0182,0.3012
1747187760000,68.6686,1.0,0.0694,0.8622,1.0,0.0453,1.2115,0.9999,5.0091,0.9853,1.0,0.0,63.7852,0.0,19.8497,2.348,0.9996,0.0224,1.0,0.0,48.6727,0.0409,1.0,0.3792,39.8348,0.1253,2.1481,2.4545,0.5993,0.0277,1.0,0.0188,0.9325,0.0727,0.2887
1747187820000,66.9136,1.0,0.0694,0.9508,1.0,0.0487,1.1559,0.9999,5.0111,0.9949,1.0,0.0,22.7453,0.0,19.708,2.3274,0.9997,0.0223,1.0,0.0,73.3455,0.0394,1.0,0.3656,38.4913,0.1223,1.6842,2.3442,0.5957,0.0281,1.0,0.0197,0.9325,0.1091,0.2843
1747187880000,68.5085,1.0,0.0694,0.9999,1.0,0.048,1.5599,0.9999,5.0065,0.9902,1.0,0.0,47.906,0.0,19.5019,2.348,0.9997,0.0224,1.0,0.0,43.1455,0.0399,1.0,0.3678,39.6811,0.1205,1.5,2.6867,0.5965,0.028,1.0,0.024,0.9286,0.0545,0.2889
1747187940000,71.0856,1.0,0.0694,0.9021,1.0,0.0458,1.3782,1.0,5.01,0.9818,1.0,0.0,84.0252,0.0,20.0885,2.389,0.9997,0.0224,1.0,0.0,104.3091,0.0403,1.0,0.358,41.3893,0.126,1.3077,2.424,0.6128,0.0291,1.0,0.0239,0.9254,0.1273,0.2789
1747188000000,70.1684,1.0,0.0694,1.1644,1.0,0.0471,1.871,0.9999,4.9707,0.9933,1.0,0.0,24.7515,0.0,20.1524,2.4012,0.9998,0.0232,1.0,0.0,96.7091,0.0416,1.0,0.3625,36.8611,0.1309,1.8462,2.6767,0.6222,0.0292,1.0,0.0312,0.9369,0.1455,0.2842
1747188060000,69.1764,1.0,0.0694,1.0757,1.0,0.0499,1.3806,1.0,4.984,0.9942,1.0,0.0,23.6706,0.0,20.1248,2.3737,0.9996,0.0225,1.0,0.0,25.2364,0.0411,1.0,0.357,39.9566,0.1253,2.8519,2.4948,0.6046,0.0295,1.0,0.0375,0.9334,0.0364,0.2989
1747188120000,69.512,1.0,0.0694,1.2022,1.0,0.0476,1.1251,1.0,5.0331,0.9833,1.0,0.0,71.6542,0.0,19.7987,2.4047,0.9997,0.0225,1.0,0.0,11.2909,0.0416,1.0,0.3622,39.6074,0.1273,1.3684,2.4754,0.6211,0.0295,1.0,0.045,0.9286,0.0182,0.294
1747188180000,71.9641,1.0,0.0694,0.9632,1.0,0.05,1.2171,0.9999,5.0045,0.9893,1.0,0.0,50.1574,0.0,20.1812,2.3734,0.9998,0.0224,1.0,0.0,38.7636,0.0416,1.0,0.379,41.8861,0.1243,2.0,2.5417,0.6174,0.0289,1.0,0.0322,0.933,0.0545,0.2931
1747188240000,69.2501,1.0,0.0694,1.1021,1.0,0.0471,1.658,1.0,5.0016,0.9935,1.0,0.0,24.9371,0.0,19.5201,2.3851,0.9997,0.0222,1.0,0.0,67.5455,0.0409,1.0,0.3671,39.7858,0.1266,2.5,2.3801,0.6113,0.0291,1.0,0.0343,0.9318,0.0909,0.2945
1747188300000,70.3427,1.0,0.0694,1.0925,1.0,0.0493,1.6683,1.0,5.0031,0.9941,1.0,0.0,23.9104,0.0,19.4122,2.3919,0.9996,0.0224,1.0,0.0,37.7455,0.0414,1.0,0.3754,39.4276,0.1273,2.125,2.4935,0.6288,0.0286,1.0,0.0233,0.9312,0.0545,0.2986
1747188360000,69.9252,1.0,0.0694,0.9106,1.0,0.0484,1.7068,1.0,5.0066,0.9849,1.0,0.0,58.2723,0.0,20.1507,2.3959,0.9996,0.0222,1.0,0.0,28.5455,0.042,1.0,0.3673,41.3244,0.1312,1.5556,2.5881,0.6127,0.0304,1.0,0.0329,0.9326,0.0364,0.2959
1747188420000,71.3105,1.0,0.0694,0.886,1.0,0.0464,1.3135,0.9999,5.0001,0.985,1.0,0.0,73.9875,0.0,20.1372,2.3765,0.9996,0.0224,1.0,0.0,31.6727,0.0416,1.0,0.3698,40.2914,0.1311,1.4211,2.695,0.6016,0.0286,1.0,0.0322,0.9299,0.0364,0.2995
1747188480000,71.1513,1.0,0.0694,0.899,1.0,0.0464,1.3717,1.0,5.0409,0.9944,1.0,0.0,24.6113,0.0,20.0511,2.3995,0.9997,0.0223,1.0,0.0,21.1636,0.0402,1.0,0.3792,41.8284,0.1286,1.5556,2.4331,0.6183,0.0283,1.0,0.0267,0.9314,0.0182,0.2868
1747188540000,70.4542,1.0,0.0694,0.914,1.0,0.0455,1.1512,1.0,5.0227,0.9943,1.0,0.0,24.7497,0.0,19.8266,2.3741,0.9997,0.0224,1.0,0.0,0.0,0.0415,1.0,0.3869,41.8199,0.1325,1.2,2.4363,0.6208,0.0294,1.0,0.0287,0.9285,0.0,0.299
1747188600000,71.609,1.0,0.0694,0.9509,1.0,0.047,1.2118,1.0,5.0466,0.9766,1.0,0.0,96.6944,0.0,20.3991,2.3544,0.9997,0.0224,1.0,0.0,0.0,0.0386,1.0,0.3858,39.2434,0.1279,1.48,2.483,0.6192,0.0273,1.0,0.0336,0.9333,0.0,0.3122
1747188660000,70.1487,1.0,0.0694,1.0617,1.0,0.0501,1.1768,1.0,5.0019,0.9839,1.0,0.0,61.0401,0.0,20.0554,2.3549,0.9996,0.0224,1.0,0.0,0.0,0.0404,0.9999,0.4063,41.3999,0.1261,1.84,2.3111,0.6052,0.0289,1.0,0.0326,0.931,0.0,0.2847
1747188720000,70.729,1.0,0.0694,0.9179,1.0,0.048,1.1566,1.0,5.0451,0.9935,1.0,0.0,26.5415,0.0,19.9102,2.3708,0.9997,0.0221,1.0,0.0,0.0,0.0401,0.9999,0.3865,41.6835,0.1306,1.4,2.5019,0.6229,0.0308,1.0,0.0213,0.9311,0.0,0.2917
1747188780000,69.3358,1.0,0.0694,0.9456,1.0,0.0481,1.2401,1.0,5.0024,0.9803,1.0,0.0,86.2797,0.0,20.2206,2.3272,0.9998,0.0223,1.0,0.0,0.0,0.0417,1.0,0.384,40.1238,0.128,1.375,2.2767,0.6153,0.0278,1.0,0.0279,0.9304,0.0,0.3023
1747188840000,70.0015,1.0,0.0694,0.9193,1.0,0.0476,1.1482,0.9999,5.0437,0.9776,1.0,0.0,97.8209,0.0,20.1968,2.351,0.9996,0.0222,1.0,0.0,0.0,0.0411,1.0,0.3782,41.8604,0.1298,1.3636,2.4945,0.6145,0.0279,1.0,0.0324,0.929,0.0,0.286
1747188900000,71.6365,1.0,0.0694,0.9403,1.0,0.0482,1.1439,1.0,5.0036,0.9937,1.0,0.0,25.8761,0.0,19.9545,2.3943,0.9997,0.0222,1.0,0.0,0.0,0.0407,1.0,0.3729,40.2133,0.1308,1.4706,2.6676,0.6229,0.0282,1.0,0.0316,0.9317,0.0,0.2898
1747188960000,69.7053,1.0,0.0694,0.9111,1.0,0.0476,1.2179,1.0,5.0611,0.9946,1.0,0.0,22.6118,0.0,19.4801,2.3684,0.9998,0.0225,1.0,0.0,0.0,0.0402,1.0,0.3893,38.0399,0.1265,1.5556,2.69,0.6105,0.028,1.0,0.0362,0.9324,0.0,0.3052
1747189020000,70.534,1.0,0.0694,0.8897,1.0,0.047,1.2332,1.0,5.0067,0.9882,1.0,0.0,50.1716,0.0,19.9238,2.3677,0.9997,0.0223,1.0,0.0,0.0,0.0401,1.0,0.3675,40.558,0.1304,1.3571,2.3104,0.5994,0.0283,1.0,0.0341,0.9345,0.0,0.2915
1747189080000,70.9513,1.0,0.0694,0.8383,1.0,0.0453,1.165,0.9999,5.0453,0.9877,1.0,0.0,50.8715,0.0,20.3398,2.3711,0.9996,0.0224,1.0,0.0,0.0,0.0417,1.0,0.3489,40.2224,0.1347,1.4615,2.5633,0.609,0.0274,1.0,0.0305,0.9322,0.0,0.2811
1747189140000,71.1464,1.0,0.0694,0.884,1.0,0.048,1.1451,0.9999,5.0227,0.9936,1.0,0.0,25.8083,0.0,20.0485,2.3946,0.9997,0.0225,1.0,0.0,0.0,0.0425,1.0,0.351,42.2521,0.1298,1.3333,2.4736,0.6295,0.0285,1.0,0.0287,0.9289,0.0,0.2901
1747189200000,72.4482,1.0,0.0694,1.0438,1.0,0.0466,1.1704,0.9999,5.0227,0.9952,1.0,0.0,22.5508,0.0,20.0044,2.3486,0.9998,0.0225,1.0,0.0,0.0,0.0399,1.0,0.37,38.0959,0.1282,1.7368,2.4723,0.6099,0.0282,1.0,0.0271,0.9339,0.0,0.2986
1747189260000,72.0243,0.9999,0.0694,1.0717,1.0,0.0476,1.1551,0.9999,4.9903,0.979,1.0,0.0,90.2113,0.0,19.6697,2.3734,0.9996,0.0225,1.0,0.0,16.4,0.0411,1.0,0.3773,40.8657,0.1314,1.7333,2.5172,0.6165,0.0293,1.0,0.031,0.9332,0.0182,0.2892
1747189320000,73.5084,1.0,0.0694,0.9998,1.0,0.0459,1.377,0.9999,5.0391,0.983,1.0,0.0,73.9052,0.0,20.4229,2.3637,0.9997,0.0225,1.0,0.0,0.0,0.0407,1.0,0.3861,39.8379,0.131,1.6429,2.5005,0.6091,0.0283,1.0,0.0382,0.9332,0.0,0.3031
1747189380000,70.2682,1.0,0.0694,0.9968,1.0,0.0451,1.1664,1.0,5.0046,0.9952,1.0,0.0,23.8645,0.0,19.4964,2.3653,0.9997,0.0228,1.0,0.0,0.0,0.04,1.0,0.3939,39.1612,0.1323,1.5,2.4162,0.6087,0.0289,1.0,0.0467,0.9313,0.0,0.2956
1747189440000,70.1747,1.0,0.0694,0.9558,1.0,0.0458,1.1214,0.9999,5.0474,0.9954,1.0,0.0,23.3748,0.0,19.9923,2.3801,0.9997,0.0225,1.0,0.0,0.0,0.0414,1.0,0.3963,40.0272,0.129,1.4667,2.6631,0.608,0.0292,1.0,0.0265,0.9336,0.0,0.2938
1747189500000,70.6778,1.0,0.0694,0.883,1.0,0.0467,1.1761,1.0,5.0118,0.9839,1.0,0.0,69.9821,0.0,19.6696,2.3741,0.9997,0.0226,1.0,0.0,0.0,0.0421,1.0,0.3816,39.7529,0.1337,1.3571,2.4492,0.6165,0.0289,1.0,0.0367,0.9362,0.0,0.299
1747189560000,70.4351,1.0,0.0694,0.8342,1.0,0.0481,1.2011,1.0,5.0395,0.9858,1.0,0.0,67.9339,0.0,20.2178,2.3622,0.9998,0.0226,1.0,0.0,0.0,0.0435,1.0,0.3949,39.3536,0.1298,1.3793,2.5702,0.6006,0.0287,1.0,0.029,0.9342,0.0,0.2999
1747189620000,70.121,1.0,0.0694,0.9656,1.0,0.0488,1.1544,1.0,5.0083,0.9928,1.0,0.0,28.879,0.0,19.8311,2.3877,0.9997,0.0225,1.0,0.0,0.0,0.0429,1.0,0.3881,42.3992,0.1305,1.1667,2.3675,0.6165,0.0289,1.0,0.0368,0.9316,0.0,0.2927
1747189680000,72.2684,1.0,0.0694,0.9781,1.0,0.0475,1.1825,0.9999,5.0236,0.9763,1.0,0.0,97.9867,0.0,20.175,2.3845,0.9996,0.0227,1.0,0.0,0.0,0.0429,1.0,0.4001,41.5444,0.1303,1.3333,2.5332,0.6151,0.0281,1.0,0.0425,0.9352,0.0,0.3069
1747189740000,70.2243,1.0,0.0694,0.9593,1.0,0.0486,1.1804,0.9999,5.0036,0.9722,1.0,0.0,106.5703,0.0,20.3253,2.3907,0.9996,0.0226,1.0,0.0,0.0,0.0416,1.0,0.3955,42.6586,0.1305,1.625,2.4262,0.6207,0.0297,1.0,0.0463,0.9322,0.0,0.2916
1747189800000,71.1613,1.0,0.0694,1.164,1.0,0.0483,1.209,0.9999,5.0364,0.9933,1.0,0.0,26.6141,0.0,19.9799,2.383,0.9997,0.0223,1.0,0.0,0.0,0.0421,1.0,0.3958,40.6279,0.1262,1.1875,2.5505,0.6133,0.0284,1.0,0.0406,0.9354,0.0,0.3048
1747189860000,71.528,1.0,0.0694,0.9582,1.0,0.0473,1.1897,1.0,4.99,0.9929,1.0,0.0,25.2584,0.0,20.6908,2.4001,0.9996,0.0224,1.0,0.0,0.0,0.0433,1.0,0.38,42.2209,0.1351,1.4483,2.716,0.6077,0.0296,1.0,0.0328,0.9363,0.0,0.2942
1747189920000,72.4296,1.0,0.0694,1.3435,1.0,0.0441,1.2615,0.9999,5.04,0.991,1.0,0.0,42.0051,0.0,20.6782,2.3523,0.9997,0.0224,1.0,0.0,0.0,0.0403,1.0,0.3643,38.7259,0.1338,1.0,2.7458,0.5893,0.0293,1.0,0.0229,0.9369,0.0,0.3138
1747189980000,70.9031,1.0,0.0694,0.9702,1.0,0.0449,1.207,0.9999,5.0045,0.9916,1.0,0.0,42.406,0.0,19.7169,2.3545,0.9997,0.0225,1.0,0.0,0.0,0.0425,1.0,0.3576,37.7236,0.1312,2.0,2.6314,0.6012,0.0287,1.0,0.0344,0.9342,0.0,0.2967
1747190040000,74.0795,1.0,0.0694,1.0887,1.0,0.0481,1.0883,1.0,5.0449,0.9942,1.0,0.0,25.9068,0.0,20.135,2.3817,0.9997,0.0226,1.0,0.0,0.0,0.0434,1.0,0.3811,41.7596,0.1324,1.0769,2.4655,0.6266,0.0296,1.0,0.0283,0.9334,0.0,0.2878
1747190100000,71.2914,1.0,0.0694,0.9894,1.0,0.0481,1.1981,0.9999,4.9958,0.9956,1.0,0.0,23.3605,0.0,20.1645,2.4025,0.9997,0.0227,1.0,0.0,0.0,0.0423,1.0,0.3652,39.5978,0.1263,1.4375,2.3844,0.6151,0.0285,1.0,0.0259,0.9348,0.0,0.3027
1747190160000,73.4542,1.0,0.0694,1.0749,1.0,0.0453,1.105,0.9999,5.0449,0.9791,1.0,0.0,86.6018,0.0,20.3216,2.3719,0.9997,0.0224,1.0,0.0,0.0,0.0402,1.0,0.3908,41.17,0.1322,1.25,2.4269,0.6125,0.0297,1.0,0.0363,0.9363,0.0,0.2975
1747190220000,71.025,1.0,0.0694,0.8757,1.0,0.0472,1.1827,0.9999,5.0039,0.9839,1.0,0.0,73.55,0.0,20.4676,2.4051,0.9998,0.0224,1.0,0.0,0.0,0.0433,1.0,0.3881,40.7189,0.136,1.2857,2.3711,0.5995,0.0289,1.0,0.0256,0.939,0.0,0.2931
1747190280000,72.6223,1.0,0.0694,0.9278,1.0,0.0474,1.1559,1.0,5.0283,0.9944,1.0,0.0,23.8228,0.0,20.5203,2.4197,0.9997,0.0226,1.0,0.0,0.0,0.0411,1.0,0.3615,39.4616,0.1305,1.0,2.518,0.5983,0.0281,1.0,0.0171,0.9377,0.0,0.2904
1747190340000,70.868,1.0,0.0694,0.9057,1.0,0.0467,1.1845,1.0,5.0113,0.9947,1.0,0.0,23.7407,0.0,20.152,2.3999,0.9998,0.0225,1.0,0.0,0.0,0.0396,1.0,0.3725,40.5818,0.1282,1.0,2.8068,0.6174,0.0295,1.0,0.025,0.931,0.0,0.2952
1747190400000,71.2762,1.0,0.0694,0.946,1.0,0.0476,1.192,0.9999,5.0434,0.9833,1.0,0.0,63.4614,0.0,20.1852,2.3752,0.9996,0.0226,1.0,0.0,0.0,0.0415,1.0,0.3669,40.1235,0.1327,1.3158,2.4348,0.6065,0.0293,1.0,0.0314,0.9367,0.0,0.2961
1747190460000,72.1843,1.0,0.0694,0.9432,1.0,0.0479,1.1508,1.0,5.0027,0.9802,1.0,0.0,71.4431,0.0,20.3297,2.3755,0.9995,0.0225,1.0,0.0,0.0,0.0412,1.0,0.3926,41.066,0.1334,1.4483,2.4357,0.6122,0.0292,1.0,0.0423,0.933,0.0,0.2918
1747190520000,71.567,1.0,0.0694,1.0525,1.0,0.0454,1.2011,1.0,5.03,0.9946,1.0,0.0,25.8314,0.0,19.5871,2.3541,0.9997,0.0226,1.0,0.0,0.0,0.0407,1.0,0.38,38.4509,0.1301,1.2727,2.4383,0.5964,0.0287,1.0,0.0266,0.9316,0.0,0.2979
1747190580000,71.2794,1.0,0.0694,0.9618,1.0,0.0452,1.0873,1.0,4.996,0.9778,1.0,0.0,96.9944,0.0,20.2412,2.36,0.9997,0.0228,1.0,0.0,0.0,0.0416,1.0,0.3607,39.365,0.1314,0.8,2.3719,0.6251,0.0287,1.0,0.0245,0.9333,0.0,0.2889
1747190640000,70.7497,1.0,0.0694,0.9613,1.0,0.0481,1.1277,0.9999,5.0407,0.9781,1.0,0.0,99.9816,0.0,20.1437,2.3654,0.9997,0.0226,1.0,0.0,0.0,0.0426,1.0,0.3485,40.8279,0.1336,1.2941,2.6755,0.6021,0.03,1.0,0.0265,0.9318,0.0,0.2928
1747190700000,71.6476,1.0,0.0694,0.9377,1.0,0.046,1.2508,1.0,4.9894,0.9939,1.0,0.0,25.4807,0.0,20.3491,2.3915,0.9997,0.0225,1.0,0.0,0.0,0.043,1.0,0.376,40.1985,0.1323,1.2222,2.356,0.5969,0.0287,1.0,0.0352,0.9348,0.0,0.2927
1747190760000,69.8598,1.0,0.0694,0.8419,1.0,0.0445,1.1658,0.9999,5.0228,0.9949,1.0,0.0,21.4814,0.0,19.8471,2.3951,0.9996,0.0226,1.0,0.0,0.0,0.0419,1.0,0.3763,37.8668,0.1312,1.4,2.3716,0.6023,0.0273,1.0,0.0378,0.933,0.0,0.2918
1747190820000,70.5126,1.0,0.0694,0.9566,1.0,0.0445,1.138,1.0,5.003,0.9911,1.0,0.0,40.4435,0.0,19.4609,2.3815,0.9997,0.0226,1.0,0.0,0.0,0.0418,1.0,0.3773,38.4021,0.1335,1.0714,2.3697,0.6015,0.0286,1.0,0.0371,0.9319,0.0,0.2904
1747190880000,71.0681,1.0,0.0694,0.8443,1.0,0.0455,1.1641,0.9999,5.0273,0.9916,1.0,0.0,43.8209,0.0,20.2287,2.4031,0.9998,0.023,1.0,0.0,0.0,0.0432,1.0,0.388,38.8428,0.134,1.125,2.6263,0.6022,0.0285,1.0,0.0405,0.9371,0.0,0.2945
1747190940000,70.0174,1.0,0.0694,0.8321,1.0,0.0467,1.1923,0.9999,4.9994,0.9953,1.0,0.0,23.8036,0.0,20.3006,2.3719,0.9998,0.0227,1.0,0.0,0.0,0.0417,1.0,0.3797,39.3202,0.1298,1.1429,2.4659,0.5957,0.028,1.0,0.0249,0.933,0.0,0.2882
1747191000000,72.067,1.0,0.0694,1.0591,1.0,0.0467,1.1735,1.0,5.0291,0.9948,1.0,0.0,24.4293,0.0,20.0332,2.4056,0.9998,0.0227,1.0,0.0,0.0,0.0433,1.0,0.3827,40.4889,0.1311,1.375,2.3707,0.62,0.0278,1.0,0.0248,0.9319,0.0,0.2873
1747191060000,73.2661,1.0,0.0694,1.0338,1.0,0.0464,1.2186,0.9999,4.9991,0.9794,1.0,0.0,95.2212,0.0,19.6813,2.3452,0.9998,0.0228,1.0,0.0,0.0,0.0417,1.0,0.4053,41.0028,0.1348,1.6154,2.5098,0.6086,0.0286,1.0,0.0372,0.9314,0.0,0.297
1747191120000,70.927,1.0,0.0694,1.069,1.0,0.045,1.1933,0.9999,5.0145,0.9839,1.0,0.0,73.2954,0.0,19.818,2.3584,0.9998,0.0228,1.0,0.0,0.0,0.0422,1.0,0.3913,38.3786,0.1391,1.2667,2.6153,0.605,0.0281,1.0,0.0364,0.9355,0.0,0.3009
1747191180000,72.9043,1.0,0.0694,1.0638,1.0,0.0459,1.111,1.0,5.0055,0.9943,1.0,0.0,25.357,0.0,20.3688,2.369,0.9996,0.0227,1.0,0.0,0.0,0.0432,1.0,0.3968,40.3615,0.1368,1.1,2.5126,0.6052,0.0294,1.0,0.0275,0.9326,0.0,0.2859
1747191240000,73.6282,1.0,0.0694,0.8836,1.0,0.0458,1.2048,0.9999,5.0312,0.9935,1.0,0.0,23.4044,0.0,20.1826,2.3778,0.9996,0.0226,1.0,0.0,0.0,0.0416,1.0,0.3722,39.7492,0.1349,1.3333,2.3788,0.6131,0.0295,1.0,0.0289,0.9363,0.0,0.3039
1747191300000,73.4204,1.0,0.0694,0.9531,1.0,0.0444,1.2231,0.9999,4.9858,0.9876,1.0,0.0,60.1148,0.0,19.9581,2.3543,0.9997,0.0228,1.0,0.0,0.0,0.0417,1.0,0.3653,39.5297,0.1355,1.5625,2.5999,0.6159,0.0284,1.0,0.0301,0.9337,0.0,0.2995
1747191360000,72.4612,1.0,0.0694,0.8359,1.0,0.045,1.1294,0.9999,5.0182,0.9866,1.0,0.0,63.1392,0.0,19.9131,2.35,0.9997,0.0228,1.0,0.0,0.0,0.0419,1.0,0.3802,39.1437,0.138,1.7,2.3363,0.606,0.0286,1.0,0.0287,0.9336,0.0,0.2939
1747191420000,71.926,0.9999,0.0694,0.9939,1.0,0.0461,1.1202,1.0,5.0036,0.9942,1.0,0.0,26.0141,0.0,20.1491,2.3951,0.9997,0.0226,1.0,0.0,0.0,0.0412,1.0,0.3811,39.7759,0.1319,1.4375,2.5076,0.6031,0.0286,1.0,0.0389,0.9297,0.0,0.2913
1747191480000,73.1649,1.0,0.0694,1.0126,1.0,0.0454,1.2063,0.9999,5.031,0.9779,1.0,0.0,96.5497,0.0,19.3568,2.3969,0.9998,0.0229,1.0,0.0,0.0,0.0427,1.0,0.3712,39.3998,0.1368,1.0,2.8882,0.6147,0.0283,1.0,0.0388,0.9295,0.0,0.2907
1747191540000,72.1194,1.0,0.0694,0.9554,1.0,0.0443,1.2301,1.0,4.9974,0.9764,1.0,0.0,100.1096,0.0,19.8183,2.3802,0.9997,0.0226,1.0,0.0,0.0,0.0427,1.0,0.3751,41.9318,0.1372,1.6,2.6561,0.6073,0.0284,1.0,0.036,0.9288,0.0,0.3046
1747191600000,72.0685,1.0,0.0694,1.118,1.0,0.0465,1.2135,1.0,5.0385,0.9927,1.0,0.0,25.8596,0.0,20.6337,2.3796,0.9996,0.0227,1.0,0.0,0.0,0.0422,1.0,0.3854,40.782,0.1321,1.2632,2.3841,0.6156,0.0281,1.0,0.0324,0.9347,0.0,0.2985
1747191660000,72.994,1.0,0.0694,0.9414,1.0,0.0456,1.2127,1.0,5.003,0.9938,1.0,0.0,23.2116,0.0,20.2654,2.3599,0.9996,0.0224,1.0,0.0,0.0,0.0419,1.0,0.4072,40.2866,0.1369,1.5455,2.4223,0.5944,0.0278,1.0,0.0381,0.9334,0.0,0.2915
1747191720000,75.3065,1.0,0.0694,1.4113,1.0,0.0454,1.1839,0.9999,5.0427,0.9904,1.0,0.0,44.398,0.0,20.2532,2.3774,0.9997,0.0227,1.0,0.0,0.0,0.0425,1.0,0.4076,40.5844,0.1354,1.3571,2.3965,0.5919,0.0287,1.0,0.032,0.9345,0.0,0.2967
1747191780000,71.492,1.0,0.0694,1.0101,1.0,0.0431,1.1528,0.9998,5.0036,0.9922,1.0,0.0,41.92,0.0,19.4957,2.3835,0.9997,0.023,1.0,0.0,0.0,0.0415,1.0,0.3855,36.417,0.1338,1.5,2.7834,0.5914,0.0273,1.0,0.0235,0.9322,0.0,0.2868
1747191840000,73.8216,1.0,0.0694,1.0315,1.0,0.045,1.1083,1.0,5.055,0.9952,1.0,0.0,23.2796,0.0,19.5662,2.362,0.9998,0.0227,1.0,0.0,12.3818,0.0422,1.0,0.3585,39.2053,0.138,1.2727,2.5216,0.6019,0.0274,1.0,0.0482,0.9304,0.0182,0.2833
1747191900000,74.7624,1.0,0.0694,1.0141,1.0,0.0467,1.1758,1.0,5.0018,0.9949,1.0,0.0,23.8239,0.0,19.8153,2.374,0.9998,0.0228,1.0,0.0,0.0,0.0404,1.0,0.3516,39.9447,0.1329,1.625,2.6811,0.6131,0.0287,1.0,0.0499,0.933,0.0,0.2912
1747191960000,74.3827,1.0,0.0694,1.0456,1.0,0.0444,1.2313,1.0,5.0192,0.9805,1.0,0.0,85.9488,0.0,19.7689,2.3964,0.9998,0.0228,1.0,0.0,0.0,0.0428,1.0,0.373,39.1249,0.1332,1.1613,2.6554,0.6043,0.0281,1.0,0.0532,0.9352,0.0,0.2978
1747192020000,70.9329,1.0,0.0694,0.882,1.0,0.0447,1.1688,1.0,5.0064,0.9859,1.0,0.0,67.5711,0.0,20.0135,2.4141,0.9997,0.0226,1.0,0.0,0.0,0.0429,1.0,0.3816,38.728,0.1337,1.2857,2.8026,0.5949,0.0279,1.0,0.0482,0.9336,0.0,0.2941
1747192080000,73.1371,0.9999,0.0694,0.9568,1.0,0.0452,1.1573,1.0,5.0421,0.9945,1.0,0.0,23.8472,0.0,20.14,2.406,0.9997,0.0228,1.0,0.0,13.4545,0.0416,1.0,0.3627,39.9287,0.135,1.375,2.6258,0.6112,0.0276,1.0,0.0535,0.9327,0.0182,0.2875
1747192140000,70.9832,1.0,0.0694,0.8904,1.0,0.0456,1.4962,1.0,4.9829,0.9956,1.0,0.0,21.6122,0.0,19.5803,2.4115,0.9997,0.0226,1.0,0.0,12.8909,0.0411,1.0,0.3652,38.6697,0.1328,1.6154,2.3106,0.5996,0.028,1.0,0.038,0.9325,0.0182,0.2988
1747192200000,71.6843,1.0,0.0694,0.9024,1.0,0.0457,1.1841,1.0,5.0336,0.9873,1.0,0.0,54.1238,0.0,20.2516,2.4071,0.9997,0.0227,1.0,0.0,14.1273,0.04,1.0,0.3758,38.2848,0.1332,1.1923,2.411,0.6029,0.0274,1.0,0.0318,0.9319,0.0182,0.297
1747192260000,71.6598,1.0,0.0694,0.9414,1.0,0.0469,1.1523,0.9999,4.9939,0.9845,1.0,0.0,59.9526,0.0,19.5475,2.3629,0.9996,0.0227,1.0,0.0,0.3818,0.0393,1.0,0.3764,36.5382,0.131,2.36,2.3848,0.6036,0.0287,1.0,0.0307,0.9324,0.0,0.2853
1747192320000,73.9635,1.0,0.0694,1.0459,1.0,0.0435,1.1908,0.9999,5.0427,0.9933,1.0,0.0,26.3524,0.0,20.3014,2.4013,0.9996,0.0226,1.0,0.0,30.7273,0.0406,1.0,0.3872,38.6223,0.1371,1.2857,2.5441,0.6033,0.0282,1.0,0.0355,0.9335,0.0364,0.2905
1747192380000,73.2564,1.0,0.0694,0.8841,1.0,0.0445,1.2107,0.9999,4.9956,0.9781,1.0,0.0,93.6016,0.0,19.9594,2.3813,0.9996,0.0225,1.0,0.0,27.2364,0.0402,1.0,0.384,39.4487,0.1359,1.3333,2.4181,0.598,0.0282,1.0,0.0355,0.934,0.0364,0.2965
1747192440000,72.1457,1.0,0.0694,1.0046,1.0,0.0434,1.2334,0.9999,5.013,0.9757,1.0,0.0,93.5894,0.0,19.3761,2.3683,0.9997,0.0226,1.0,0.0,24.6182,0.0405,1.0,0.3611,39.0858,0.139,1.25,2.6466,0.6019,0.0278,1.0,0.0321,0.9293,0.0364,0.2879
1747192500000,73.868,1.0,0.0694,0.9865,1.0,0.0455,1.3984,1.0,4.9964,0.9947,1.0,0.0,25.1181,0.0,20.143,2.3812,0.9997,0.0227,1.0,0.0,14.1818,0.0412,1.0,0.3887,41.3383,0.1384,2.0667,2.5096,0.6098,0.0289,1.0,0.0258,0.9324,0.0182,0.2965
1747192560000,73.9823,1.0,0.0694,0.866,1.0,0.0468,1.1403,0.9999,5.0182,0.9947,1.0,0.0,23.8379,0.0,19.9309,2.3927,0.9997,0.0227,1.0,0.0,112.1273,0.0414,1.0,0.4,39.9309,0.1353,1.4483,2.5906,0.6069,0.0282,1.0,0.0354,0.9315,0.1273,0.3004
1747192620000,72.8472,1.0,0.0694,0.9453,1.0,0.0433,1.9336,1.0,4.9982,0.9908,1.0,0.0,39.4117,0.0,20.2547,2.3885,0.9996,0.0229,1.0,0.0,38.9273,0.0405,1.0,0.3858,39.1572,0.1347,1.2,2.7102,0.5905,0.0272,1.0,0.0301,0.9309,0.0727,0.306
1747192680000,72.7733,1.0,0.0694,0.8463,1.0,0.0431,1.2757,1.0,5.032,0.9907,1.0,0.0,43.6907,0.0,19.999,2.4009,0.9997,0.0227,1.0,0.0,62.4909,0.0399,1.0,0.3852,39.6138,0.1375,1.1333,2.6219,0.5981,0.0277,1.0,0.0301,0.9354,0.0909,0.2878
1747192740000,73.8443,1.0,0.0694,0.8612,1.0,0.0457,1.8814,1.0,5.0001,0.9944,1.0,0.0,24.9691,0.0,19.7542,2.3921,0.9997,0.0225,1.0,0.0,107.0182,0.0403,1.0,0.3808,40.6748,0.1405,1.2222,2.6179,0.6248,0.0278,1.0,0.0452,0.9304,0.1273,0.2926
1747192800000,74.2134,1.0,0.0694,0.9369,1.0,0.0466,1.8617,1.0,5.0136,0.9953,1.0,0.0,22.8942,0.0,20.7651,2.3758,0.9997,0.0227,1.0,0.0,32.0545,0.0406,1.0,0.3815,39.6453,0.133,1.25,2.4985,0.6035,0.0278,1.0,0.0421,0.9297,0.0545,0.3116
1747192860000,71.7001,1.0,0.0694,1.1283,1.0,0.0467,1.1829,1.0,5.0164,0.9822,1.0,0.0,81.2581,0.0,19.532,2.3779,0.9998,0.0229,1.0,0.0,0.0,0.0416,1.0,0.4085,38.4615,0.1354,2.1667,2.4887,0.6126,0.0283,1.0,0.0291,0.9317,0.0,0.2933
1747192920000,73.1042,1.0,0.0694,1.0662,1.0,0.045,1.1722,0.9999,5.0365,0.9858,1.0,0.0,67.8416,0.0,20.5271,2.3713,0.9997,0.0227,1.0,0.0,32.0364,0.0397,1.0,0.3878,39.2424,0.1305,1.4,2.5267,0.5961,0.028,1.0,0.0285,0.9331,0.0545,0.2919
1747192980000,74.7079,1.0,0.0694,1.0609,1.0,0.0461,1.3591,0.9999,5.032,0.9955,1.0,0.0,23.2789,0.0,20.1864,2.3861,0.9997,0.0228,1.0,0.0,40.6909,0.0417,1.0,0.3591,39.1044,0.1345,1.375,2.7164,0.6107,0.0274,1.0,0.0371,0.9306,0.0545,0.2808
1747193040000,75.0691,1.0,0.0694,0.8714,1.0,0.0463,1.1107,1.0,5.0529,0.9951,1.0,0.0,23.537,0.0,20.2686,2.4014,0.9997,0.0225,1.0,0.0,27.5818,0.0416,1.0,0.3542,40.4391,0.1345,1.4444,2.3615,0.6017,0.0284,1.0,0.027,0.93,0.0364,0.302
1747193100000,73.7655,1.0,0.0694,0.9666,1.0,0.0459,1.1943,1.0,5.0402,0.9879,1.0,0.0,54.7521,0.0,20.0699,2.3726,0.9997,0.0226,1.0,0.0,42.3636,0.0412,1.0,0.3553,40.8399,0.1323,1.3529,2.4576,0.6061,0.0285,1.0,0.0313,0.9321,0.0545,0.2998
1747193160000,74.6543,1.0,0.0694,0.8544,1.0,0.0442,1.3324,1.0,5.0664,0.9862,1.0,0.0,60.4949,0.0,20.0189,2.3559,0.9997,0.0226,1.0,0.0,53.2,0.0404,1.0,0.3784,40.2913,0.1365,1.3846,2.187,0.6099,0.0279,1.0,0.0289,0.9343,0.0727,0.2929
1747193220000,73.4201,1.0,0.0694,0.9801,1.0,0.0463,1.1916,0.9999,5.03,0.9938,1.0,0.0,24.6598,0.0,20.3094,2.3918,0.9997,0.0225,1.0,0.0,0.0,0.0417,1.0,0.3609,40.3721,0.1326,1.1053,2.3721,0.6057,0.0285,1.0,0.0364,0.9328,0.0,0.2871
1747193280000,75.9676,1.0,0.0694,1.0215,1.0,0.0463,1.2485,1.0,5.07,0.9892,1.0,0.0,49.7938,0.0,20.2389,2.4176,0.9997,0.0225,1.0,0.0,10.2727,0.0416,1.0,0.3698,42.4592,0.1375,1.0,2.2667,0.6194,0.0291,1.0,0.0292,0.9282,0.0182,0.3042
1747193340000,76.0241,1.0,0.0694,0.9871,1.0,0.044,1.3186,0.9998,5.0318,0.9828,1.0,0.0,77.1546,0.0,20.4567,2.3775,0.9996,0.0227,1.0,0.0,12.5818,0.0402,1.0,0.3692,38.987,0.1382,1.25,2.5696,0.6055,0.0275,1.0,0.0436,0.9317,0.0182,0.3065
1747193400000,73.5358,1.0,0.0694,1.0177,1.0,0.0449,1.1338,0.9999,5.0427,0.98,1.0,0.0,90.6444,0.0,20.6695,2.3621,0.9997,0.0224,1.0,0.0,0.0,0.0402,1.0,0.3881,39.355,0.1377,1.7333,2.338,0.6071,0.0284,1.0,0.0401,0.9356,0.0,0.2884
1747193460000,75.6743,1.0,0.0694,1.0671,1.0,0.0479,1.2272,1.0,5.0527,0.9803,1.0,0.0,98.0239,0.0,20.3025,2.3608,0.9997,0.0225,1.0,0.0,0.0,0.0417,1.0,0.3738,40.7861,0.1355,1.5455,2.6383,0.5953,0.0278,1.0,0.0419,0.9317,0.0,0.2899
1747193520000,75.828,1.0,0.0694,1.2522,1.0,0.0465,1.2125,0.9999,5.0564,0.9728,1.0,0.0,97.4026,0.0,20.0708,2.3825,0.9996,0.0224,1.0,0.0,0.0,0.0421,1.0,0.3722,40.0041,0.1329,1.3333,2.5033,0.6063,0.0277,1.0,0.0419,0.9286,0.0,0.2954
1747193580000,75.8627,1.0,0.0694,1.1788,1.0,0.0457,1.1631,0.9999,5.0275,0.9735,1.0,0.0,101.5032,0.0,21.3114,2.3995,0.9996,0.0221,1.0,0.0,0.0,0.0429,1.0,0.371,42.4073,0.1354,1.4,2.6871,0.5951,0.0289,1.0,0.0451,0.9297,0.0,0.285
1747193640000,72.1368,1.0,0.0694,0.9692,1.0,0.0454,1.1899,0.9998,5.0564,0.9782,1.0,0.0,94.5768,0.0,20.311,2.3668,0.9996,0.0222,1.0,0.0,0.0,0.0388,1.0,0.3656,39.2168,0.1338,1.1,2.6043,0.5927,0.0281,1.0,0.06,0.9303,0.0,0.2877
1747193700000,74.1659,1.0,0.0694,1.0101,1.0,0.0457,1.1281,1.0,5.044,0.9773,1.0,0.0,96.1182,0.0,19.9932,2.3964,0.9997,0.0225,1.0,0.0,0.0,0.0397,1.0,0.3751,41.4316,0.1361,1.125,2.5478,0.6037,0.0286,1.0,0.0479,0.9302,0.0,0.2769
1747193760000,74.3053,1.0,0.0694,1.0174,1.0,0.0462,1.1868,1.0,5.0695,0.9792,1.0,0.0,99.3448,0.0,20.6287,2.3989,0.9998,0.0224,1.0,0.0,0.0,0.0395,1.0,0.3641,39.5164,0.1319,1.5,2.7256,0.6105,0.0284,1.0,0.0297,0.9318,0.0,0.2915
1747193820000,73.5525,1.0,0.0694,0.9212,1.0,0.0433,1.0965,1.0,5.0366,0.9778,1.0,0.0,96.7317,0.0,20.3574,2.414,0.9997,0.0223,1.0,0.0,0.0,0.0401,1.0,0.362,39.7654,0.1344,1.2308,2.565,0.597,0.0281,1.0,0.0345,0.93,0.0,0.2852
1747193880000,74.4458,1.0,0.0694,0.9538,1.0,0.044,1.2121,0.9999,5.0652,0.9787,1.0,0.0,97.2941,0.0,20.6843,2.3943,0.9997,0.0223,1.0,0.0,0.0,0.0377,1.0,0.3642,40.0838,0.1352,1.2,2.4693,0.5942,0.0291,1.0,0.0308,0.9319,0.0,0.2835
1747193940000,72.918,1.0,0.0694,0.8457,1.0,0.0435,1.2238,0.9999,5.0438,0.9784,1.0,0.0,92.3537,0.0,19.665,2.3668,0.9997,0.0223,1.0,0.0,0.0,0.0389,1.0,0.3761,39.1338,0.1342,1.5,2.2979,0.596,0.0282,1.0,0.0307,0.93,0.0,0.2867
1747194000000,73.9468,1.0,0.0694,0.9201,1.0,0.044,1.2007,0.9999,5.0624,0.9831,1.0,0.0,91.9536,0.0,20.1994,2.3551,0.9997,0.0222,1.0,0.0,0.0,0.0394,1.0,0.3576,38.955,0.1362,1.3333,2.5282,0.5834,0.0277,1.0,0.0285,0.9329,0.0,0.2878
1747194060000,75.4625,1.0,0.0694,0.9732,1.0,0.0437,1.1887,0.9999,5.0357,0.9819,1.0,0.0,89.7804,0.0,19.5294,2.3637,0.9998,0.0225,1.0,0.0,0.0,0.0388,1.0,0.3728,38.1164,0.1334,1.4074,2.4982,0.5907,0.0273,1.0,0.0244,0.9318,0.0,0.2806
1747194120000,72.826,1.0,0.0694,1.0354,1.0,0.0455,1.1497,0.9999,5.0727,0.9785,1.0,0.0,92.9031,0.0,19.4318,2.332,0.9997,0.0224,1.0,0.0,0.0,0.039,1.0,0.3744,38.7208,0.1314,1.7333,2.5273,0.5901,0.0276,1.0,0.048,0.93,0.0,0.274
1747194180000,73.4316,1.0,0.0694,0.9338,1.0,0.0454,1.1387,0.9999,5.0341,0.974,1.0,0.0,98.6151,0.0,19.7261,2.3168,0.9997,0.0224,1.0,0.0,0.0,0.0399,1.0,0.3762,38.3516,0.1374,1.5,2.4767,0.6,0.0293,1.0,0.0362,0.931,0.0,0.2838
1747194240000,72.4698,1.0,0.0694,0.997,1.0,0.0441,1.2322,0.9999,5.0781,0.9827,1.0,0.0,87.1855,0.0,19.9194,2.3341,0.9997,0.0224,1.0,0.0,0.0,0.0405,1.0,0.3627,39.3178,0.1358,1.2857,2.5771,0.5853,0.0287,1.0,0.0433,0.9282,0.0,0.2873
1747194300000,73.3714,1.0,0.0694,0.9799,1.0,0.044,1.1663,0.9999,5.0374,0.9794,1.0,0.0,87.3437,0.0,19.9629,2.3428,0.9997,0.0225,1.0,0.0,13.6545,0.0383,1.0,0.3692,37.2448,0.1344,1.5,2.5547,0.5788,0.0268,1.0,0.0314,0.9357,0.0182,0.2806
1747194360000,75.5968,1.0,0.0694,0.8692,1.0,0.0422,1.1744,0.9999,5.0791,0.9766,1.0,0.0,95.8746,0.0,19.8607,2.3868,0.9997,0.0224,1.0,0.0,0.0,0.0398,1.0,0.3398,39.3443,0.1354,1.5926,2.6461,0.5855,0.0269,1.0,0.0308,0.9328,0.0,0.2741
1747194420000,75.3919,1.0,0.0694,1.0183,1.0,0.0429,1.1472,1.0,5.0382,0.9821,1.0,0.0,87.2823,0.0,19.7928,2.3748,0.9998,0.0224,1.0,0.0,0.0,0.0388,1.0,0.34,36.6431,0.1349,1.1429,2.6049,0.5812,0.0261,1.0,0.0342,0.9328,0.0,0.2867
1747194480000,76.3209,1.0,0.0694,0.8383,1.0,0.0452,1.1807,0.9999,5.0619,0.9772,1.0,0.0,100.911,0.0,20.5351,2.3576,0.9998,0.0224,1.0,0.0,0.0,0.0396,1.0,0.3528,39.5812,0.1359,1.0909,2.6547,0.5859,0.0275,1.0,0.0402,0.934,0.0,0.2763
1747194540000,73.818,1.0,0.0694,0.8304,1.0,0.0455,1.163,1.0,5.0082,0.9796,1.0,0.0,98.8115,0.0,19.9336,2.3834,0.9997,0.0224,1.0,0.0,0.0,0.0378,1.0,0.3728,39.2342,0.1349,1.5556,2.4553,0.5822,0.0277,1.0,0.0275,0.9274,0.0,0.2909
1747194600000,74.1778,1.0,0.0694,0.9361,1.0,0.0425,1.1144,1.0,5.052,0.9769,1.0,0.0,96.7817,0.0,20.4601,2.3159,0.9995,0.0222,1.0,0.0,0.0,0.0377,1.0,0.3607,38.722,0.1377,1.1111,2.6333,0.5824,0.0274,1.0,0.0269,0.9284,0.0,0.28
1747194660000,74.5714,1.0,0.0694,1.0884,1.0,0.0436,1.1806,1.0,5.04,0.9765,1.0,0.0,96.8838,0.0,20.0428,2.3289,0.9996,0.0223,1.0,0.0,0.0,0.0372,1.0,0.3662,39.0157,0.1349,1.9286,2.3723,0.5838,0.0279,1.0,0.0352,0.9312,0.0,0.2787
1747194720000,74.2829,1.0,0.0694,1.1261,1.0,0.0434,1.1853,0.9999,5.0845,0.979,1.0,0.0,96.4229,0.0,20.199,2.3411,0.9997,0.0224,1.0,0.0,0.0,0.0377,1.0,0.3634,38.2083,0.1365,1.3333,2.5674,0.5901,0.0283,1.0,0.0317,0.9322,0.0,0.2785
1747194780000,76.2569,1.0,0.0694,1.0566,1.0,0.0455,1.1948,0.9998,5.0505,0.978,1.0,0.0,101.4183,0.0,20.2327,2.3124,0.9996,0.0223,1.0,0.0,0.0,0.0382,1.0,0.3569,41.1274,0.1348,1.0,2.5805,0.5983,0.0284,1.0,0.0417,0.9298,0.0,0.2751
1747194840000,74.9191,1.0,0.0694,0.8783,1.0,0.046,1.1614,0.9998,5.0483,0.9776,1.0,0.0,98.4612,0.0,20.2795,2.3367,0.9997,0.0224,1.0,0.0,0.0,0.0369,1.0,0.3605,40.1388,0.1333,1.3333,2.582,0.5901,0.0283,1.0,0.0291,0.9296,0.0,0.2842
1747194900000,74.5053,1.0,0.0694,0.9515,1.0,0.0454,1.1818,0.9999,5.0447,0.9801,1.0,0.0,95.5612,0.0,20.1561,2.3346,0.9997,0.0223,1.0,0.0,0.0,0.0374,1.0,0.3564,39.0832,0.1336,1.4286,2.3902,0.5988,0.0279,1.0,0.0304,0.9334,0.0,0.281
1747194960000,75.6764,1.0,0.0694,0.8388,1.0,0.0411,1.1544,0.9999,5.0596,0.9803,1.0,0.0,89.1368,0.0,19.7852,2.3374,0.9997,0.0225,1.0,0.0,0.0,0.0368,1.0,0.3695,37.4329,0.1396,1.3793,2.5396,0.5827,0.0265,1.0,0.019,0.933,0.0,0.2751
1747195020000,74.2128,1.0,0.0694,0.9692,1.0,0.0424,1.1097,1.0,5.0366,0.9769,1.0,0.0,93.8107,0.0,20.3847,2.2998,0.9997,0.0222,1.0,0.0,0.0,0.0384,1.0,0.3564,38.0615,0.137,1.3,2.5625,0.5815,0.0274,1.0,0.0262,0.931,0.0,0.2755
1747195080000,77.5321,1.0,0.0694,1.0146,1.0,0.0423,1.1378,0.9999,5.0695,0.9795,1.0,0.0,94.0573,0.0,20.2753,2.3491,0.9997,0.0225,1.0,0.0,0.0,0.0387,1.0,0.3443,38.9992,0.1357,0.8571,2.3857,0.6007,0.027,1.0,0.0377,0.9329,0.0,0.279
1747195140000,75.5524,1.0,0.0694,0.9815,1.0,0.0434,1.1784,1.0,5.0236,0.9827,1.0,0.0,95.1825,0.0,20.5156,2.3169,0.9998,0.0222,1.0,0.0,0.0,0.0366,1.0,0.3586,38.9307,0.1387,1.5556,2.6052,0.5868,0.0272,1.0,0.0393,0.9319,0.0,0.2816
1747195200000,74.6025,0.9998,0.0694,0.8773,1.0,0.04,1.1725,1.0,5.0576,0.9798,1.0,0.0,87.3577,0.0,20.1209,2.4093,0.9998,0.0223,1.0,0.0,0.0,0.0373,1.0,0.3694,37.2358,0.1402,1.2143,2.6652,0.6011,0.0272,1.0,0.0274,0.9343,0.0,0.2816
1747195260000,76.2126,1.0,0.0694,1.2156,1.0,0.0407,1.1728,0.9999,5.0264,0.9777,1.0,0.0,91.3793,0.0,20.1828,2.3201,0.9996,0.0221,1.0,0.0,0.0,0.038,1.0,0.3503,37.4367,0.1375,1.697,2.5962,0.5814,0.0269,1.0,0.0551,0.9333,0.0,0.2837
1747195320000,73.3248,1.0,0.0694,1.1741,1.0,0.0437,1.086,1.0,5.0759,0.9823,1.0,0.0,82.945,0.0,19.2409,2.37,0.9997,0.0222,1.0,0.0,0.0,0.0389,1.0,0.3605,35.338,0.1354,2.2308,2.6633,0.5716,0.027,1.0,0.0275,0.9345,0.0,0.2745
1747195380000,74.4792,1.0,0.0694,1.2401,1.0,0.0418,1.1155,0.9999,5.0311,0.9821,1.0,0.0,82.9253,0.0,19.3733,2.3174,0.9998,0.0222,1.0,0.0,0.0,0.0389,1.0,0.3558,34.5767,0.1297,1.3333,2.5207,0.5853,0.0268,1.0,0.0207,0.9362,0.0,0.2699
1747195440000,75.3944,1.0,0.0694,0.9405,1.0,0.0422,1.1642,0.9999,5.0736,0.9779,1.0,0.0,87.0471,0.0,20.0076,2.3111,0.9997,0.0221,1.0,0.0,0.0,0.0363,1.0,0.3646,35.9548,0.1335,1.2308,2.5469,0.5867,0.0267,1.0,0.0339,0.9349,0.0,0.2628
1747195500000,76.6954,1.0,0.0694,1.1444,1.0,0.0424,1.1938,1.0,5.0411,0.9811,1.0,0.0,93.6054,0.0,20.4111,2.3086,0.9998,0.0222,1.0,0.0,0.0,0.0358,1.0,0.3379,37.9659,0.1323,1.65,2.3787,0.5877,0.0272,1.0,0.0347,0.9302,0.0,0.268
1747195560000,76.4893,1.0,0.0694,1.0467,1.0,0.04,1.2028,0.9999,5.0727,0.9834,1.0,0.0,84.4441,0.0,19.8546,2.3273,0.9998,0.0222,1.0,0.0,0.0,0.0376,1.0,0.3406,35.8572,0.1388,1.3846,2.4869,0.5787,0.027,1.0,0.0192,0.9366,0.0,0.2784
1747195620000,73.2987,1.0,0.0694,0.8741,1.0,0.0396,1.1482,1.0,5.0557,0.9791,1.0,0.0,85.6484,0.0,19.4751,2.3386,0.9997,0.0222,1.0,0.0,0.0,0.0364,1.0,0.3476,35.7813,0.1389,1.4545,2.277,0.5825,0.0269,1.0,0.0366,0.9324,0.0,0.2732
1747195680000,75.3809,1.0,0.0694,0.9471,1.0,0.0418,1.0843,1.0,5.0649,0.9809,1.0,0.0,94.2356,0.0,20.0737,2.338,0.9997,0.0222,1.0,0.0,0.0,0.0359,1.0,0.3368,36.4216,0.1359,1.5,2.3792,0.5793,0.0289,1.0,0.0255,0.9299,0.0,0.2736
1747195740000,73.0384,1.0,0.0694,0.8567,1.0,0.0429,1.1513,1.0,5.0309,0.9772,1.0,0.0,87.297,0.0,19.2181,2.3335,0.9996,0.0222,1.0,0.0,0.0,0.0345,1.0,0.3163,35.1922,0.1324,1.1765,2.3182,0.5753,0.0267,1.0,0.0282,0.9347,0.0,0.2712
1747195800000,74.7655,1.0,0.0694,0.8836,1.0,0.0388,1.146,0.9999,5.0804,0.9814,1.0,0.0,83.7448,0.0,19.7834,2.322,0.9997,0.0221,1.0,0.0,0.0,0.0351,1.0,0.3226,35.4398,0.1342,1.3125,2.1703,0.5644,0.0264,1.0,0.0328,0.937,0.0,0.2686
1747195860000,76.6034,1.0,0.0694,0.9791,1.0,0.0402,1.1708,0.9999,5.0527,0.9822,1.0,0.0,90.6499,0.0,19.2701,2.3267,0.9997,0.0222,1.0,0.0,0.0,0.037,1.0,0.3324,35.7061,0.1385,1.9167,2.4505,0.583,0.0261,1.0,0.0223,0.9368,0.0,0.261
1747195920000,76.0996,1.0,0.0694,0.9867,1.0,0.0419,1.1468,1.0,5.0673,0.9761,1.0,0.0,92.4126,0.0,19.7043,2.315,0.9997,0.0221,1.0,0.0,0.0,0.0365,1.0,0.3201,36.4731,0.1431,1.5385,2.3562,0.586,0.0275,1.0,0.0249,0.9338,0.0,0.2701
1747195980000,74.3962,1.0,0.0694,0.9613,1.0,0.0418,1.163,0.9999,5.0382,0.9816,1.0,0.0,85.7869,0.0,19.8924,2.3017,0.9997,0.0219,1.0,0.0,0.0,0.0366,1.0,0.34,39.0838,0.1362,0.75,2.5223,0.5723,0.0272,1.0,0.0331,0.9378,0.0,0.2767
1747196040000,74.9749,1.0,0.0694,1.0302,1.0,0.039,1.1747,0.9999,5.0641,0.9784,1.0,0.0,88.9537,0.0,19.8549,2.3289,0.9997,0.0222,1.0,0.0,0.0,0.0368,1.0,0.3526,35.9728,0.1354,1.7143,2.3083,0.5771,0.0259,1.0,0.0272,0.9351,0.0,0.2734
1747196100000,73.4544,1.0,0.0694,0.9658,1.0,0.0394,1.1686,0.9999,5.0345,0.9785,1.0,0.0,92.6514,0.0,19.9769,2.3213,0.9997,0.0221,1.0,0.0,0.0,0.036,1.0,0.344,36.4537,0.1409,1.7692,2.4119,0.5768,0.0279,1.0,0.013,0.9383,0.0,0.2672
1747196160000,74.5782,1.0,0.0694,0.8802,1.0,0.041,1.1839,1.0,5.0627,0.979,1.0,0.0,89.4729,0.0,20.4238,2.3284,0.9996,0.0221,1.0,0.0,0.0,0.0355,1.0,0.3406,37.4531,0.1321,1.76,2.5805,0.5799,0.0267,1.0,0.0266,0.9341,0.0,0.2765
1747196220000,75.8155,1.0,0.0694,0.9855,1.0,0.0395,1.1481,0.9999,5.0291,0.9778,1.0,0.0,89.578,0.0,20.0575,2.3326,0.9996,0.022,1.0,0.0,0.0,0.0357,1.0,0.3279,37.9688,0.1364,1.75,2.4174,0.5758,0.0269,1.0,0.0239,0.9376,0.0,0.2634
1747196280000,77.7486,1.0,0.0694,0.8287,1.0,0.0422,1.1551,0.9999,5.0573,0.9786,1.0,0.0,89.9522,0.0,20.3544,2.3277,0.9997,0.0221,1.0,0.0,0.0,0.0358,1.0,0.3481,35.9594,0.1344,1.1,2.5948,0.5799,0.0268,1.0,0.0262,0.9344,0.0,0.2748
1747196340000,76.1637,1.0,0.0694,0.8199,1.0,0.042,1.2097,0.9998,5.0457,0.9779,1.0,0.0,91.149,0.0,20.1787,2.323,0.9995,0.0223,1.0,0.0,0.0,0.036,1.0,0.326,36.2583,0.1343,1.0,2.403,0.5751,0.0268,1.0,0.0165,0.94,0.0,0.2719
1747196400000,75.7187,1.0,0.0694,0.9801,1.0,0.042,1.1213,0.9998,5.0622,0.9793,1.0,0.0,94.1031,0.0,20.3075,2.3238,0.9996,0.0221,1.0,0.0,0.0,0.0384,1.0,0.3198,38.5493,0.1316,1.75,2.2875,0.5774,0.0272,1.0,0.0156,0.9373,0.0,0.2657
1747196460000,77.041,1.0,0.0694,0.9921,1.0,0.0403,1.1747,0.9999,5.0427,0.9819,1.0,0.0,91.9546,0.0,20.0319,2.3268,0.9998,0.0225,1.0,0.0,0.0,0.0368,1.0,0.328,36.9637,0.1388,1.3077,2.3302,0.588,0.0272,1.0,0.0253,0.9359,0.0,0.2764
1747196520000,76.6878,1.0,0.0694,1.2626,1.0,0.041,1.1675,1.0,5.0619,0.9797,1.0,0.0,92.5445,0.0,20.3025,2.3291,0.9998,0.0222,1.0,0.0,0.0,0.0354,1.0,0.3221,36.9461,0.1399,1.2857,2.2612,0.5729,0.0287,1.0,0.0224,0.938,0.0,0.2723
1747196580000,76.0747,1.0,0.0694,1.0747,1.0,0.0411,1.2001,1.0,5.03,0.9807,1.0,0.0,89.5044,0.0,20.0318,2.3102,0.9998,0.022,1.0,0.0,13.8545,0.0348,1.0,0.3094,36.8474,0.1337,1.5,2.4707,0.5847,0.0265,1.0,0.0306,0.9345,0.0182,0.2781
1747196640000,75.7297,1.0,0.0694,0.9238,1.0,0.0391,1.1235,0.9998,5.0517,0.9807,1.0,0.0,91.9841,0.0,20.3393,2.3089,0.9997,0.022,1.0,0.0,15.4727,0.0349,1.0,0.2989,35.667,0.1391,1.6,2.3926,0.5702,0.0266,1.0,0.0257,0.9379,0.0182,0.2715
1747196700000,74.9486,1.0,0.0694,0.9732,1.0,0.0406,1.1223,1.0,5.0309,0.9792,1.0,0.0,91.8595,0.0,19.6699,2.3233,0.9997,0.0222,1.0,0.0,0.0,0.0367,1.0,0.3097,36.6348,0.1392,1.4375,2.5868,0.5808,0.0267,1.0,0.0246,0.9397,0.0,0.271
1747196760000,75.3747,1.0,0.0694,0.8223,1.0,0.0391,1.1917,0.9999,5.0573,0.9808,1.0,0.0,89.3944,0.0,19.9507,2.3065,0.9997,0.0219,1.0,0.0,0.0,0.0354,1.0,0.3093,35.9423,0.1405,1.1818,2.2598,0.5725,0.027,1.0,0.0282,0.9361,0.0,0.2758
1747196820000,74.2767,1.0,0.0694,0.9474,1.0,0.0409,1.1702,1.0,5.0436,0.9762,1.0,0.0,92.1352,0.0,20.3362,2.3072,0.9996,0.0219,1.0,0.0,0.0,0.0355,1.0,0.3169,37.8592,0.137,1.2143,2.5949,0.5787,0.0275,1.0,0.0234,0.9346,0.0,0.2653
1747196880000,76.5285,1.0,0.0694,0.9457,1.0,0.043,1.1948,0.9999,5.0582,0.9742,1.0,0.0,92.3271,0.0,20.1008,2.2931,0.9996,0.0219,1.0,0.0,0.0,0.0364,1.0,0.3202,38.1829,0.137,1.2,2.4651,0.5765,0.0265,1.0,0.0187,0.9372,0.0,0.2735
1747196940000,77.0225,1.0,0.0694,0.9635,1.0,0.0406,1.1225,0.9999,5.0431,0.9799,1.0,0.0,91.2412,0.0,20.2273,2.2902,0.9997,0.0218,1.0,0.0,14.0,0.0355,1.0,0.3461,37.0368,0.1377,1.5,2.3407,0.5722,0.0265,1.0,0.0303,0.9394,0.0182,0.2775
1747197000000,77.5593,1.0,0.0694,0.8686,1.0,0.0399,1.4751,0.9999,5.0627,0.9784,1.0,0.0,86.719,0.0,19.7684,2.3017,0.9996,0.0217,1.0,0.0,13.0909,0.0363,1.0,0.3596,36.7656,0.1359,1.1765,2.5787,0.5846,0.0267,1.0,0.0147,0.9354,0.0182,0.269
1747197060000,79.9077,1.0,0.0694,1.2591,1.0,0.0392,1.1607,0.9999,5.0264,0.9824,1.0,0.0,87.7044,0.0,19.791,2.3151,0.9997,0.0221,1.0,0.0,0.0,0.0355,1.0,0.3446,36.5279,0.1396,2.32,2.3436,0.5691,0.0275,1.0,0.0248,0.9359,0.0,0.2721
1747197120000,75.8025,1.0,0.0694,1.0358,1.0,0.0398,1.1423,0.9999,5.0558,0.9808,1.0,0.0,83.2778,0.0,19.3712,2.2995,0.9997,0.0219,1.0,0.0,0.3636,0.0347,1.0,0.3473,34.4614,0.1342,1.3333,2.5171,0.5714,0.0263,1.0,0.023,0.9351,0.0,0.2684
1747197180000,79.0391,1.0,0.0694,1.407,1.0,0.038,1.172,0.9999,5.0401,0.9816,1.0,0.0,84.1488,0.0,20.167,2.3315,0.9998,0.0218,1.0,0.0,52.8727,0.035,1.0,0.3383,34.5805,0.1358,1.4,2.3494,0.5857,0.027,1.0,0.0226,0.9435,0.0727,0.2638
1747197240000,77.1831,1.0,0.0694,0.952,1.0,0.0419,1.5735,1.0,5.0527,0.978,1.0,0.0,87.5658,0.0,19.8288,2.2971,0.9997,0.0219,1.0,0.0,0.0,0.0355,1.0,0.3324,35.7131,0.1318,1.5625,2.5688,0.5848,0.0264,1.0,0.0201,0.9405,0.0,0.2687
1747197300000,77.8101,1.0,0.0694,1.1446,1.0,0.0409,1.1076,1.0,5.0352,0.9812,1.0,0.0,84.8469,0.0,19.7269,2.3014,0.9997,0.0219,1.0,0.0,27.8364,0.0353,1.0,0.3388,36.2658,0.132,1.6154,2.525,0.585,0.0264,1.0,0.0189,0.9406,0.0364,0.2652
1747197360000,77.2524,1.0,0.0694,1.0541,1.0,0.0385,1.6156,0.9999,5.0703,0.9809,1.0,0.0,78.852,0.0,19.451,2.3281,0.9996,0.0218,1.0,0.0,25.0364,0.0372,1.0,0.3174,34.4981,0.1314,2.0833,2.4095,0.5781,0.0267,1.0,0.0252,0.9392,0.0364,0.2745
1747197420000,80.5963,1.0,0.0694,0.9567,1.0,0.0394,1.1376,0.9999,5.0291,0.9771,1.0,0.0,87.9422,0.0,20.174,2.2914,0.9996,0.0219,1.0,0.0,54.6545,0.0348,1.0,0.3324,36.5992,0.1364,1.6154,2.4702,0.5799,0.0261,1.0,0.021,0.9422,0.0727,0.2637
1747197480000,78.4277,1.0,0.0694,1.0043,1.0,0.0402,1.5268,1.0,5.0642,0.9773,1.0,0.0,93.72,0.0,19.9127,2.3107,0.9996,0.0218,1.0,0.0,53.2,0.0343,1.0,0.3177,36.7601,0.1357,1.7778,2.3772,0.5838,0.0263,1.0,0.0196,0.9396,0.0727,0.2738
1747197540000,74.7051,1.0,0.0694,0.8445,1.0,0.0391,1.6469,0.9999,5.0236,0.9813,1.0,0.0,83.8121,0.0,19.454,2.3115,0.9997,0.0217,1.0,0.0,62.7091,0.0348,1.0,0.3055,34.2751,0.1341,1.2857,2.4746,0.5674,0.0268,1.0,0.0204,0.9391,0.0909,0.2832
1747197600000,77.8086,1.0,0.0694,0.8961,1.0,0.0365,1.6649,0.9999,5.0384,0.9832,1.0,0.0,80.5061,0.0,19.6432,2.3115,0.9996,0.0221,1.0,0.0,13.0545,0.0343,1.0,0.3318,33.4552,0.1336,1.2308,2.3745,0.5762,0.0256,1.0,0.0216,0.9424,0.0182,0.2723
1747197660000,77.4821,1.0,0.0694,1.0155,1.0,0.0399,1.1231,1.0,5.0466,0.9806,1.0,0.0,89.8093,0.0,20.0246,2.295,0.9998,0.0217,1.0,0.0,116.2,0.0338,1.0,0.3312,36.2993,0.1317,1.1667,2.5314,0.5803,0.0264,1.0,0.0335,0.9419,0.1455,0.2604
1747197720000,78.5531,1.0,0.0694,0.9918,1.0,0.0396,1.5328,0.9999,5.0521,0.9775,1.0,0.0,85.9802,0.0,20.1291,2.3071,0.9997,0.0217,1.0,0.0,20.8364,0.0346,1.0,0.3375,36.6618,0.132,1.2727,2.4768,0.579,0.0255,1.0,0.0179,0.9398,0.0545,0.2626
1747197780000,77.7891,1.0,0.0694,0.985,1.0,0.0379,1.2655,0.9999,5.0627,0.9797,1.0,0.0,83.599,0.0,20.6251,2.3102,0.9997,0.0217,1.0,0.0,27.2727,0.0328,1.0,0.3426,35.5524,0.132,1.5385,2.4786,0.5674,0.0255,1.0,0.03,0.9416,0.0364,0.2668
1747197840000,75.7073,1.0,0.0694,0.9842,1.0,0.0398,1.287,0.9999,5.0418,0.9791,1.0,0.0,84.4414,0.0,19.9989,2.308,0.9997,0.0218,1.0,0.0,14.1636,0.034,1.0,0.3408,34.851,0.133,1.3,2.3146,0.5729,0.0264,1.0,0.0283,0.9399,0.0182,0.2589
1747197900000,77.903,1.0,0.0694,0.9371,1.0,0.0388,1.1525,0.9999,5.0627,0.9809,1.0,0.0,81.1114,0.0,20.4618,2.2989,0.9996,0.0219,1.0,0.0,13.2364,0.032,1.0,0.3373,32.3044,0.1306,1.2857,2.5123,0.563,0.0253,1.0,0.0293,0.944,0.0182,0.2636
1747197960000,76.1193,1.0,0.0694,0.922,1.0,0.0426,1.4058,1.0,5.0493,0.977,1.0,0.0,90.5669,0.0,20.2481,2.2892,0.9997,0.0219,1.0,0.0,53.0182,0.034,1.0,0.3434,36.734,0.1275,1.2593,2.2722,0.5894,0.0256,1.0,0.0224,0.9387,0.0727,0.2573
1747198020000,73.4418,1.0,0.0694,0.991,1.0,0.0404,1.1559,1.0,5.0583,0.9847,1.0,0.0,87.7899,0.0,19.4274,2.297,0.9998,0.0215,1.0,0.0,26.8364,0.0347,1.0,0.3391,35.1105,0.1291,1.3333,2.476,0.5681,0.0264,1.0,0.0295,0.9389,0.0364,0.2704
1747198080000,77.4623,1.0,0.0694,0.8378,1.0,0.0414,1.3631,0.9999,5.0573,0.9788,1.0,0.0,89.0453,0.0,20.437,2.2937,0.9996,0.0217,1.0,0.0,12.2182,0.0353,1.0,0.3532,37.0854,0.1243,1.25,2.2286,0.5768,0.0258,1.0,0.0144,0.9406,0.0182,0.2563
1747198140000,72.9903,1.0,0.0694,0.8279,1.0,0.0409,1.1678,1.0,5.0645,0.9817,1.0,0.0,84.6765,0.0,20.0247,2.3316,0.9997,0.0215,1.0,0.0,26.8182,0.0328,1.0,0.3449,34.1305,0.1238,1.4444,2.5468,0.5624,0.0261,1.0,0.0345,0.9435,0.0182,0.2613
1747198200000,73.9106,1.0,0.0694,0.9336,1.0,0.038,1.5787,1.0,5.0273,0.978,1.0,0.0,78.8185,0.0,19.3476,2.3248,0.9997,0.0216,1.0,0.0,15.3273,0.0325,1.0,0.3302,33.8768,0.1295,1.4167,2.4185,0.5676,0.0253,1.0,0.0223,0.9396,0.0364,0.2491
1747198260000,76.3822,1.0,0.0694,0.9059,1.0,0.0408,1.1469,1.0,5.0692,0.98,1.0,0.0,80.5674,0.0,19.9611,2.3064,0.9997,0.0214,1.0,0.0,15.1636,0.0325,1.0,0.3436,34.53,0.1271,1.7188,2.4359,0.5734,0.0255,1.0,0.0228,0.936,0.0182,0.2598
1747198320000,77.4702,1.0,0.0694,1.2014,1.0,0.0385,1.1647,0.9999,5.0673,0.9794,1.0,0.0,85.1801,0.0,19.9586,2.2814,0.9996,0.0215,1.0,0.0,10.2182,0.0333,1.0,0.325,34.4953,0.129,1.3333,2.4913,0.5605,0.0263,1.0,0.0126,0.9391,0.0182,0.2592
1747198380000,78.3679,1.0,0.0694,1.048,1.0,0.0401,1.1213,0.9999,5.0684,0.9811,1.0,0.0,82.9033,0.0,19.5027,2.2912,0.9997,0.0215,1.0,0.0,0.0,0.0333,1.0,0.3033,34.5711,0.1261,1.5,2.2863,0.5704,0.0256,1.0,0.0135,0.9447,0.0,0.2581
1747198440000,75.7268,1.0,0.0694,1.0318,1.0,0.0388,1.1488,0.9999,5.0627,0.9812,1.0,0.0,82.7119,0.0,19.3448,2.3194,0.9996,0.0214,1.0,0.0,0.0,0.0335,1.0,0.3109,33.8329,0.125,1.2,2.354,0.56,0.0259,1.0,0.0163,0.9422,0.0,0.2566
1747198500000,77.5233,1.0,0.0694,0.9786,1.0,0.0387,1.1428,0.9999,5.0601,0.9809,1.0,0.0,75.8394,0.0,19.8652,2.3106,0.9996,0.0216,1.0,0.0,0.0,0.032,1.0,0.3126,32.952,0.1222,1.375,2.3276,0.5689,0.024,1.0,0.0101,0.9456,0.0,0.2538
1747198560000,75.8541,1.0,0.0694,0.8359,1.0,0.0428,1.1702,0.9999,5.0577,0.9797,1.0,0.0,86.7715,0.0,19.7933,2.2985,0.9997,0.0214,1.0,0.0,0.3091,0.033,1.0,0.3093,34.9246,0.1223,1.4074,2.3021,0.5749,0.0263,1.0,0.0205,0.9374,0.0,0.2499
1747198620000,74.4017,1.0,0.0694,0.8205,1.0,0.0399,1.1594,0.9999,5.0664,0.9801,1.0,0.0,87.8115,0.0,19.4912,2.2875,0.9997,0.0213,1.0,0.0,12.6545,0.0339,1.0,0.3349,35.7133,0.1259,1.9167,2.3197,0.5683,0.0269,1.0,0.0227,0.9446,0.0182,0.2624
1747198680000,74.1632,1.0,0.0694,1.0947,1.0,0.0419,1.2047,1.0,5.0518,0.9817,1.0,0.0,88.3067,0.0,19.9762,2.3061,0.9997,0.0214,1.0,0.0,0.0,0.0345,1.0,0.3271,34.4343,0.1211,1.5,2.5906,0.5668,0.0256,1.0,0.0232,0.9414,0.0,0.2657
1747198740000,73.5127,1.0,0.0694,0.9959,1.0,0.0403,1.1465,0.9999,5.0748,0.9835,1.0,0.0,76.718,0.0,19.7795,2.2982,0.9998,0.0214,1.0,0.0,0.0,0.0332,1.0,0.3258,33.8117,0.1252,1.375,2.5056,0.5672,0.0253,1.0,0.0192,0.9426,0.0,0.2563
1747198800000,77.4415,1.0,0.0694,0.9184,1.0,0.0401,1.1097,1.0,5.0691,0.9792,1.0,0.0,73.2056,0.0,19.2636,2.3132,0.9996,0.0211,1.0,0.0,0.0,0.0333,1.0,0.3078,34.3466,0.1278,1.375,2.2886,0.5802,0.0253,1.0,0.026,0.9421,0.0,0.2549
1747198860000,78.3744,1.0,0.0694,1.3124,1.0,0.0402,1.1837,0.9999,5.0509,0.982,1.0,0.0,80.0308,0.0,19.8327,2.3198,0.9996,0.021,1.0,0.0,0.0,0.0326,1.0,0.3303,34.7242,0.123,2.08,2.3316,0.5617,0.0247,1.0,0.0298,0.9433,0.0,0.2583
1747198920000,74.0392,1.0,0.0694,0.877,1.0,0.0409,1.1032,0.9999,5.0538,0.9848,1.0,0.0,79.2567,0.0,19.5734,2.3354,0.9998,0.0209,1.0,0.0,0.0,0.0338,1.0,0.3392,34.4282,0.1264,1.3846,2.5222,0.5619,0.0248,1.0,0.0396,0.9448,0.0,0.2516
1747198980000,77.8753,1.0,0.0694,1.5494,1.0,0.0407,1.1209,0.9999,5.0645,0.9816,1.0,0.0,81.224,0.0,19.6391,2.3142,0.9998,0.0211,1.0,0.0,0.0,0.034,1.0,0.3304,32.5286,0.1293,1.2,2.4169,0.57,0.0254,1.0,0.0263,0.9466,0.0,0.2516
1747199040000,77.6744,1.0,0.0694,0.9601,1.0,0.0417,1.0985,0.9999,5.0647,0.981,1.0,0.0,79.9287,0.0,20.1108,2.3078,0.9997,0.0211,1.0,0.0,0.0,0.0337,1.0,0.321,35.4821,0.1149,1.25,2.2416,0.5768,0.0245,1.0,0.0202,0.9402,0.0,0.2604
1747199100000,76.5955,1.0,0.0694,1.1043,1.0,0.0386,1.1002,1.0,5.0604,0.9809,1.0,0.0,77.9432,0.0,20.0343,2.3205,0.9997,0.0211,1.0,0.0,0.0,0.0325,1.0,0.322,33.6228,0.1188,1.7222,2.5048,0.5598,0.0253,1.0,0.0235,0.943,0.0,0.2491
1747199160000,77.659,1.0,0.0694,1.009,1.0,0.0399,1.07,0.9999,5.0565,0.9786,1.0,0.0,82.3999,0.0,20.2483,2.3039,0.9997,0.0211,1.0,0.0,0.0,0.0329,1.0,0.3156,34.6251,0.1233,1.4444,2.1295,0.5662,0.0253,1.0,0.0304,0.9466,0.0,0.2454
1747199220000,77.7857,1.0,0.0694,1.0271,1.0,0.041,1.2505,1.0,5.0664,0.9812,1.0,0.0,78.0383,0.0,19.3122,2.3022,0.9996,0.021,1.0,0.0,0.0,0.0324,1.0,0.3174,32.1136,0.1216,1.6154,2.3363,0.5872,0.0248,1.0,0.0312,0.9441,0.0,0.2559
1747199280000,76.0325,1.0,0.0694,0.9653,1.0,0.0399,1.1331,0.9999,5.0686,0.9785,1.0,0.0,81.4892,0.0,19.6893,2.2933,0.9995,0.0212,1.0,0.0,0.0,0.034,1.0,0.3109,33.3316,0.1207,1.1818,2.3597,0.5629,0.0249,1.0,0.0179,0.9421,0.0,0.253
1747199340000,74.1908,1.0,0.0694,0.8874,1.0,0.0406,1.1046,0.9999,5.063,0.9798,1.0,0.0,76.1945,0.0,19.8121,2.2748,0.9997,0.021,1.0,0.0,0.0,0.0322,1.0,0.3093,32.5847,0.1164,1.3333,2.4918,0.5621,0.0246,1.0,0.0189,0.9458,0.0,0.2511
1747199400000,77.9825,1.0,0.0694,0.9015,1.0,0.042,1.1074,1.0,5.0721,0.9827,1.0,0.0,76.0259,0.0,19.7067,2.2874,0.9997,0.021,1.0,0.0,0.0,0.0328,1.0,0.2933,35.4953,0.1198,1.6,2.6653,0.5659,0.0248,1.0,0.0236,0.9428,0.0,0.2413
1747199460000,77.0001,1.0,0.0694,0.9908,1.0,0.0406,1.1156,0.9999,5.0539,0.9804,1.0,0.0,80.4568,0.0,19.7857,2.2766,0.9997,0.021,1.0,0.0,0.0,0.033,1.0,0.2992,35.3835,0.1225,1.3846,2.4631,0.5704,0.0256,1.0,0.0171,0.9411,0.0,0.2525
1747199520000,76.3376,1.0,0.0694,0.9259,1.0,0.0409,1.1816,0.9999,5.0656,0.9831,1.0,0.0,82.4174,0.0,19.4164,2.2864,0.9997,0.0211,1.0,0.0,0.0,0.0324,1.0,0.3121,34.1167,0.1215,1.3,2.7537,0.5842,0.0258,1.0,0.0243,0.9438,0.0,0.2542
1747199580000,78.4401,1.0,0.0694,1.1744,1.0,0.0402,1.1257,1.0,5.0825,0.9816,1.0,0.0,78.4719,0.0,19.7475,2.2648,0.9997,0.0213,1.0,0.0,0.0,0.034,1.0,0.326,33.0222,0.1206,1.0,2.415,0.566,0.0254,1.0,0.0145,0.9451,0.0,0.2571
1747199640000,75.7263,1.0,0.0694,0.9579,1.0,0.0422,1.1185,0.9998,5.0683,0.9829,1.0,0.0,77.5301,0.0,19.394,2.2833,0.9996,0.0209,1.0,0.0,13.3636,0.0326,1.0,0.3171,33.268,0.1187,1.0909,2.3807,0.5722,0.0251,1.0,0.0288,0.9404,0.0182,0.2471
1747199700000,74.2598,1.0,0.0694,0.9787,1.0,0.04,1.4126,1.0,5.0684,0.9827,1.0,0.0,74.2031,0.0,19.2475,2.269,0.9997,0.0211,1.0,0.0,0.0,0.0326,1.0,0.3167,32.0628,0.1157,1.3077,2.4439,0.5728,0.0251,1.0,0.0313,0.9459,0.0,0.252
1747199760000,74.472,1.0,0.0694,0.9418,1.0,0.0417,1.1023,0.9999,5.0619,0.9825,1.0,0.0,84.6231,0.0,20.1289,2.3052,0.9998,0.021,1.0,0.0,0.0,0.0336,1.0,0.3136,35.0421,0.1196,1.52,2.6046,0.5638,0.0256,1.0,0.0192,0.9426,0.0,0.2424
1747199820000,74.3177,1.0,0.0694,0.8649,1.0,0.0421,1.1653,1.0,5.0636,0.9789,1.0,0.0,82.8907,0.0,19.7127,2.2771,0.9997,0.021,1.0,0.0,0.0,0.0326,1.0,0.3136,33.7577,0.116,1.3846,2.6584,0.5686,0.0246,1.0,0.0212,0.9435,0.0,0.2498
1747199880000,74.5381,1.0,0.0694,0.9472,1.0,0.04,1.0732,1.0,5.0491,0.9757,1.0,0.0,82.1487,0.0,19.8146,2.258,0.9995,0.0208,1.0,0.0,0.0,0.0322,1.0,0.3194,32.5961,0.1208,2.0,2.4509,0.5689,0.0253,1.0,0.0204,0.9439,0.0,0.2452
1747199940000,76.3046,1.0,0.0694,0.8151,1.0,0.0411,1.1371,1.0,5.0718,0.9845,1.0,0.0,78.4166,0.0,19.8144,2.2568,0.9998,0.0209,1.0,0.0,0.0,0.0325,1.0,0.3118,33.906,0.117,1.6667,2.6772,0.5685,0.0252,1.0,0.0248,0.9419,0.0,0.2555
1747200000000,76.0474,1.0,0.0694,0.9738,1.0,0.0414,1.0964,0.9999,5.06,0.9789,1.0,0.0,83.1251,0.0,19.851,2.2881,0.9997,0.0209,1.0,0.0,0.0,0.0332,1.0,0.3099,35.0191,0.118,0.8333,2.5126,0.5585,0.0255,1.0,0.0207,0.9434,0.0,0.251
1747200060000,77.376,1.0,0.0694,0.9859,1.0,0.0422,1.1329,1.0,5.05,0.9775,1.0,0.0,84.1684,0.0,19.7382,2.3306,0.9997,0.0207,1.0,0.0,0.0,0.0327,1.0,0.3264,35.486,0.1189,1.2667,2.5203,0.5638,0.0252,1.0,0.0234,0.9448,0.0,0.2552
1747200120000,73.5981,1.0,0.0694,1.0573,1.0,0.0409,1.1141,1.0,5.0791,0.978,1.0,0.0,87.5122,0.0,20.1368,2.3045,0.9997,0.0207,1.0,0.0,0.0,0.0338,1.0,0.3214,34.7475,0.1125,0.9286,2.6533,0.5796,0.0251,1.0,0.0221,0.944,0.0,0.2504
1747200180000,75.156,1.0,0.0694,1.1916,1.0,0.0428,1.178,0.9999,5.0473,0.9829,1.0,0.0,80.4143,0.0,20.0743,2.2753,0.9997,0.0209,1.0,0.0,0.0,0.0326,1.0,0.3113,32.9202,0.1151,1.5,2.472,0.5598,0.0249,1.0,0.0256,0.9473,0.0,0.2498
1747200240000,74.4931,1.0,0.0694,1.0829,1.0,0.0401,1.1322,0.9998,5.0691,0.9822,1.0,0.0,77.1245,0.0,19.3301,2.2754,0.9997,0.0211,1.0,0.0,0.0,0.0333,1.0,0.3138,32.8408,0.1168,1.4167,2.2271,0.5572,0.0247,1.0,0.0299,0.9431,0.0,0.2434
1747200300000,75.5049,1.0,0.0694,1.0268,1.0,0.0425,1.1234,1.0,5.0664,0.9838,1.0,0.0,77.1532,0.0,19.49,2.2868,0.9997,0.0207,1.0,0.0,0.0,0.0328,1.0,0.3124,34.378,0.1166,1.5455,2.6579,0.5717,0.0249,1.0,0.0176,0.944,0.0,0.2499
1747200360000,78.2311,1.0,0.0694,0.8291,1.0,0.0419,1.1326,0.9999,5.0755,0.9864,1.0,0.0,71.766,0.0,19.8078,2.2882,0.9998,0.0209,1.0,0.0,0.0,0.0319,1.0,0.3321,33.041,0.1183,1.56,2.6998,0.5578,0.0243,1.0,0.0214,0.947,0.0,0.25
1747200420000,77.4676,1.0,0.0694,0.8252,1.0,0.0419,1.2206,1.0,5.0655,0.9788,1.0,0.0,82.947,0.0,20.4161,2.2723,0.9995,0.0211,1.0,0.0,0.0,0.0324,1.0,0.316,36.2853,0.116,1.25,2.5226,0.5658,0.0252,1.0,0.0227,0.9412,0.0,0.2454
1747200480000,76.1324,1.0,0.0694,1.0234,1.0,0.0409,1.1521,0.9999,5.0782,0.9807,1.0,0.0,84.7904,0.0,19.9013,2.2706,0.9997,0.0207,1.0,0.0,0.0,0.0337,1.0,0.3067,35.6209,0.117,1.5,2.3388,0.5583,0.0248,1.0,0.0227,0.9436,0.0,0.245
1747200540000,75.7159,1.0,0.0694,0.9757,1.0,0.0411,1.0833,1.0,5.0545,0.9766,1.0,0.0,83.3142,0.0,19.2283,2.3225,0.9997,0.0208,1.0,0.0,0.0,0.0334,1.0,0.2821,33.8006,0.1154,1.0833,2.271,0.565,0.0249,1.0,0.0227,0.9439,0.0,0.2475
1747200600000,75.5279,1.0,0.0694,0.9593,1.0,0.038,1.196,1.0,5.0722,0.9823,1.0,0.0,74.8141,0.0,19.1996,2.3107,0.9996,0.0208,1.0,0.0,0.0,0.0324,1.0,0.3002,32.5685,0.1214,1.4286,2.6082,0.5661,0.0238,1.0,0.0232,0.9439,0.0,0.2483
1747200660000,78.7345,1.0,0.0694,1.1376,1.0,0.0422,1.138,1.0,5.0594,0.9805,1.0,0.0,84.8298,0.0,20.3277,2.2813,0.9996,0.021,1.0,0.0,0.0,0.0333,1.0,0.3006,39.1239,0.1162,1.2667,2.5193,0.5647,0.0245,1.0,0.0251,0.9429,0.0,0.2445
1747200720000,79.9042,1.0,0.0694,1.0184,1.0,0.0404,1.1676,0.9999,5.0685,0.9822,1.0,0.0,81.9977,0.0,20.1795,2.2915,0.9997,0.0209,1.0,0.0,0.0,0.0321,1.0,0.288,36.0329,0.1205,1.0769,2.611,0.562,0.0241,1.0,0.0214,0.9436,0.0,0.2569
1747200780000,82.0795,1.0,0.0694,1.5521,1.0,0.0408,1.0803,1.0,5.0645,0.978,1.0,0.0,89.6083,0.0,19.5613,2.2978,0.9997,0.0207,1.0,0.0,0.0,0.0337,1.0,0.2829,36.4454,0.1227,1.1538,2.5335,0.5701,0.0246,1.0,0.0218,0.9433,0.0,0.2452
1747200840000,78.8068,1.0,0.0694,1.0844,1.0,0.0388,1.1608,1.0,5.0664,0.9852,1.0,0.0,79.028,0.0,19.8252,2.299,0.9997,0.0207,1.0,0.0,0.0,0.0325,1.0,0.281,35.9209,0.1187,1.625,2.434,0.5559,0.0239,1.0,0.0221,0.9432,0.0,0.2609
1747200900000,76.2796,1.0,0.0694,1.1284,1.0,0.0389,1.1582,1.0,5.063,0.9814,1.0,0.0,79.1519,0.0,20.1269,2.2849,0.9997,0.0205,1.0,0.0,0.0,0.0326,1.0,0.2735,34.09,0.1176,1.75,2.4924,0.5607,0.0242,1.0,0.0147,0.9485,0.0,0.2459
1747200960000,74.8561,1.0,0.0694,0.9626,1.0,0.0405,1.0655,0.9998,5.0745,0.9829,1.0,0.0,73.3243,0.0,19.6852,2.3014,0.9996,0.0207,1.0,0.0,0.0,0.0328,1.0,0.3012,32.2383,0.1165,1.4815,2.2461,0.5539,0.0241,1.0,0.022,0.9458,0.0,0.2383
1747201020000,78.0552,1.0,0.0694,1.0216,1.0,0.0407,1.0602,1.0,5.063,0.9796,1.0,0.0,79.1378,0.0,19.7626,2.3145,0.9997,0.0207,1.0,0.0,0.0,0.0312,1.0,0.3025,34.2906,0.1161,1.2308,2.3637,0.5629,0.0244,1.0,0.0214,0.9418,0.0,0.2354
1747201080000,77.6991,1.0,0.0694,0.9084,1.0,0.041,1.0648,1.0,5.083,0.98,1.0,0.0,82.8248,0.0,19.5224,2.3039,0.9996,0.0207,1.0,0.0,0.0,0.0322,1.0,0.3132,35.2259,0.1151,1.125,2.5006,0.5658,0.0248,1.0,0.0134,0.9443,0.0,0.2385
1747201140000,78.6054,1.0,0.0694,0.916,1.0,0.0394,1.1632,1.0,5.0573,0.9825,1.0,0.0,74.6382,0.0,19.7138,2.2915,0.9997,0.0208,1.0,0.0,0.0,0.0318,1.0,0.3187,34.4728,0.1169,1.2857,2.0181,0.5611,0.0248,1.0,0.0264,0.9438,0.0,0.2453
1747201200000,74.7181,1.0,0.0694,0.8937,1.0,0.0431,1.1554,1.0,5.0645,0.9865,1.0,0.0,76.0499,0.0,19.3448,2.2861,0.9998,0.0207,1.0,0.0,0.0,0.0322,1.0,0.3108,33.797,0.1143,1.3333,2.5357,0.566,0.024,1.0,0.0178,0.9412,0.0,0.2367
1747201260000,76.2236,1.0,0.0694,0.9721,1.0,0.0417,1.0897,1.0,5.05,0.9824,1.0,0.0,83.1583,0.0,20.1555,2.3032,0.9997,0.0206,1.0,0.0,0.0,0.0315,1.0,0.3249,34.623,0.1137,1.68,2.3468,0.5711,0.0243,1.0,0.0208,0.9422,0.0,0.24
1747201320000,75.0327,1.0,0.0694,0.991,1.0,0.0445,1.1114,1.0,5.0518,0.9805,1.0,0.0,82.3742,0.0,19.8001,2.2814,0.9997,0.0205,1.0,0.0,0.0,0.0331,1.0,0.3107,34.4544,0.1103,1.0417,2.4824,0.5662,0.0245,1.0,0.0175,0.9448,0.0,0.2448
1747201380000,78.9111,1.0,0.0694,1.1955,1.0,0.0438,1.1222,1.0,5.0467,0.9826,1.0,0.0,82.1622,0.0,19.9586,2.2783,0.9996,0.0207,1.0,0.0,0.0,0.0323,1.0,0.3066,35.5501,0.1147,1.2,2.4821,0.5722,0.0248,1.0,0.0308,0.9432,0.0,0.2463
1747201440000,78.3328,1.0,0.0694,1.033,1.0,0.045,1.1085,1.0,5.0758,0.9775,1.0,0.0,82.4887,0.0,19.6086,2.2814,0.9996,0.0207,1.0,0.0,15.0364,0.0325,1.0,0.315,34.6102,0.1167,1.2143,2.4843,0.5806,0.0256,1.0,0.0252,0.9431,0.0182,0.2541
1747201500000,75.7593,1.0,0.0694,1.0042,1.0,0.0444,1.2524,0.9999,5.0527,0.9814,1.0,0.0,74.9898,0.0,19.0474,2.2792,0.9997,0.0208,1.0,0.0,0.0,0.034,1.0,0.3177,33.3388,0.114,1.25,2.6333,0.5666,0.0242,1.0,0.0219,0.9465,0.0,0.2526
1747201560000,75.514,1.0,0.0694,0.9438,1.0,0.0412,1.2084,0.9999,5.0591,0.9785,1.0,0.0,79.4899,0.0,19.7829,2.2903,0.9996,0.0208,1.0,0.0,14.5818,0.0322,1.0,0.3177,33.8545,0.1183,1.3438,2.0944,0.5543,0.024,1.0,0.0286,0.9442,0.0,0.2532
1747201620000,77.0881,1.0,0.0694,0.8275,1.0,0.0438,1.1334,0.9999,5.0591,0.9819,1.0,0.0,75.9218,0.0,19.0365,2.269,0.9997,0.0208,1.0,0.0,0.0,0.033,1.0,0.3091,33.4236,0.1162,1.375,2.3157,0.5678,0.024,1.0,0.0239,0.9399,0.0182,0.243
1747201680000,78.4864,1.0,0.0694,1.0136,1.0,0.0438,1.1194,1.0,5.0511,0.9802,1.0,0.0,77.3534,0.0,19.4836,2.2807,0.9997,0.0209,1.0,0.0,0.0,0.0319,1.0,0.3129,33.7489,0.1144,0.875,2.3668,0.566,0.0232,1.0,0.0246,0.9433,0.0,0.245
1747201740000,78.7388,1.0,0.0694,0.8178,1.0,0.0404,1.076,1.0,5.05,0.9806,1.0,0.0,80.0948,0.0,19.522,2.277,0.9996,0.0209,1.0,0.0,0.0,0.0332,1.0,0.3148,35.8149,0.1206,1.4,2.3494,0.5641,0.0244,1.0,0.0188,0.9425,0.0,0.2479
1747201800000,80.4118,1.0,0.0694,0.8604,1.0,0.0426,1.0834,0.9999,5.0613,0.9778,1.0,0.0,85.7525,0.0,19.8353,2.2699,0.9997,0.0208,1.0,0.0,0.0,0.0341,1.0,0.3193,36.6393,0.1247,1.0,2.4721,0.5736,0.0248,1.0,0.0387,0.9431,0.0,0.2527
1747201860000,76.2716,1.0,0.0694,0.9971,1.0,0.0402,1.1423,0.9999,5.0691,0.9796,1.0,0.0,83.809,0.0,20.3513,2.285,0.9997,0.0206,1.0,0.0,26.0,0.0324,1.0,0.324,35.2973,0.1198,1.6296,2.3683,0.5691,0.025,1.0,0.0215,0.9454,0.0182,0.2554
1747201920000,77.731,1.0,0.0694,1.0825,1.0,0.0402,1.1665,0.9999,5.0509,0.9773,1.0,0.0,84.4282,0.0,20.1064,2.2964,0.9996,0.0207,1.0,0.0,0.0,0.0319,1.0,0.3155,35.6103,0.1234,1.4286,2.3541,0.5692,0.0245,1.0,0.019,0.9413,0.0182,0.2531
1747201980000,78.6546,1.0,0.0694,1.2227,1.0,0.0382,1.1214,1.0,5.0582,0.9785,1.0,0.0,86.6068,0.0,20.3236,2.2722,0.9996,0.0208,1.0,0.0,14.3636,0.0325,1.0,0.3075,34.8312,0.1221,1.3333,2.5275,0.5672,0.0258,1.0,0.0264,0.9431,0.0182,0.2523
1747202040000,80.1427,1.0,0.0694,1.0525,1.0,0.0404,1.0912,0.9998,5.0527,0.9821,1.0,0.0,82.0357,0.0,20.2142,2.2788,0.9996,0.0208,1.0,0.0,16.7091,0.0331,1.0,0.3144,36.241,0.1161,1.2143,2.4089,0.5713,0.0245,1.0,0.0218,0.9443,0.0182,0.2558
1747202100000,78.5693,1.0,0.0694,0.8332,1.0,0.0406,1.1156,1.0,5.0318,0.9811,1.0,0.0,78.3219,0.0,19.9723,2.2891,0.9998,0.0208,1.0,0.0,12.0545,0.0325,1.0,0.3111,33.0551,0.1179,1.25,2.5579,0.5698,0.0247,1.0,0.0229,0.9431,0.0182,0.2489
1747202160000,77.5895,1.0,0.0694,0.977,1.0,0.0415,1.2477,0.9999,5.0718,0.98,1.0,0.0,80.9731,0.0,20.195,2.2841,0.9996,0.0209,1.0,0.0,26.0364,0.0318,1.0,0.3181,34.2537,0.1184,1.4231,2.5156,0.5615,0.0256,1.0,0.026,0.9429,0.0364,0.2445
1747202220000,78.8526,1.0,0.0694,0.8171,1.0,0.0432,1.1972,0.9999,5.0629,0.9863,1.0,0.0,75.8998,0.0,19.9841,2.266,0.9997,0.0205,1.0,0.0,25.6182,0.0344,1.0,0.3108,37.8651,0.1176,1.3333,2.3012,0.5634,0.0247,1.0,0.0212,0.9395,0.0364,0.2466
1747202280000,74.8639,1.0,0.0694,1.0148,1.0,0.0438,1.4561,1.0,5.0518,0.9816,1.0,0.0,82.5739,0.0,19.2905,2.2881,0.9997,0.0208,1.0,0.0,26.2727,0.0339,1.0,0.3085,34.6305,0.1129,1.4167,2.5119,0.5763,0.0251,1.0,0.0176,0.9407,0.0364,0.2553
1747202340000,73.2842,1.0,0.0694,0.9915,1.0,0.0435,1.5438,0.9999,5.0355,0.9809,1.0,0.0,78.8494,0.0,19.839,2.2759,0.9997,0.0207,1.0,0.0,11.7636,0.0328,1.0,0.3039,34.2152,0.1119,1.2727,2.5347,0.5723,0.0251,1.0,0.032,0.9437,0.0182,0.2427
1747202400000,78.1549,1.0,0.0694,1.0293,1.0,0.0423,1.1329,1.0,5.0485,0.9764,1.0,0.0,84.0273,0.0,20.9736,2.2658,0.9996,0.0205,1.0,0.0,24.5455,0.0335,1.0,0.2957,36.5172,0.117,1.5385,2.579,0.5736,0.0246,1.0,0.02,0.9423,0.0364,0.2482
1747202460000,75.9828,1.0,0.0694,1.0155,1.0,0.0439,1.1279,0.9999,5.0393,0.984,1.0,0.0,75.6661,0.0,19.5927,2.2781,0.9997,0.0206,1.0,0.0,0.0,0.0329,1.0,0.3149,35.0765,0.1132,1.5714,2.7898,0.5768,0.0252,1.0,0.0284,0.9429,0.0,0.2545
1747202520000,75.1826,1.0,0.0694,1.0912,1.0,0.0426,1.1521,1.0,5.0713,0.9813,1.0,0.0,77.5688,0.0,19.0731,2.2988,0.9997,0.0208,1.0,0.0,25.3273,0.0338,1.0,0.3194,32.6378,0.1143,1.7857,2.572,0.5795,0.024,1.0,0.0228,0.9432,0.0364,0.2478
1747202580000,78.5755,1.0,0.0694,1.3332,1.0,0.0433,1.5343,1.0,5.0342,0.9788,1.0,0.0,81.3053,0.0,20.1235,2.2711,0.9996,0.0205,1.0,0.0,11.2545,0.0325,1.0,0.3019,36.1366,0.1165,1.2,2.4745,0.5675,0.0247,1.0,0.0299,0.9388,0.0182,0.2478
1747202640000,79.2626,1.0,0.0694,1.2455,1.0,0.0435,1.386,0.9999,5.0393,0.9805,1.0,0.0,81.6604,0.0,19.7473,2.2782,0.9995,0.0208,1.0,0.0,100.9818,0.0342,1.0,0.2925,35.0615,0.1151,1.2222,2.536,0.5643,0.0246,1.0,0.0243,0.9399,0.1455,0.25
1747202700000,78.2951,1.0,0.0694,1.1014,1.0,0.0401,1.9733,1.0,5.0166,0.9747,1.0,0.0,83.6066,0.0,19.6963,2.2857,0.9996,0.0207,1.0,0.0,97.6727,0.0341,1.0,0.2864,35.3287,0.122,1.5714,2.5324,0.5835,0.0253,1.0,0.019,0.9432,0.1273,0.2505
1747202760000,76.9793,1.0,0.0694,1.0169,1.0,0.0441,1.3434,1.0,5.0647,0.9777,1.0,0.0,82.6067,0.0,19.5241,2.2745,0.9996,0.0209,1.0,0.0,12.3091,0.0337,1.0,0.2765,35.7166,0.115,1.7857,2.6075,0.577,0.0244,1.0,0.0232,0.9419,0.0182,0.2591
1747202820000,75.7569,1.0,0.0694,1.0417,1.0,0.0456,1.1656,1.0,5.0595,0.9773,1.0,0.0,85.9421,0.0,19.5869,2.2776,0.9995,0.0209,1.0,0.0,58.5818,0.0342,1.0,0.3216,36.3656,0.1156,1.5,2.621,0.5681,0.0252,1.0,0.0292,0.9407,0.0909,0.249
1747202880000,75.339,1.0,0.0694,0.958,1.0,0.0442,1.5433,1.0,5.0787,0.9802,1.0,0.0,84.8846,0.0,19.9825,2.2947,0.9996,0.0209,1.0,0.0,11.7091,0.0328,1.0,0.3265,36.229,0.115,1.2857,2.6657,0.5737,0.0244,1.0,0.024,0.9402,0.0182,0.2529
1747202940000,75.5605,1.0,0.0694,0.8934,1.0,0.0418,1.0971,1.0,5.0382,0.9806,1.0,0.0,78.8533,0.0,19.965,2.2567,0.9995,0.0211,1.0,0.0,23.6727,0.0339,1.0,0.3425,34.1833,0.118,1.7143,2.6708,0.57,0.0247,1.0,0.0238,0.9389,0.0364,0.2505
1747203000000,76.8848,1.0,0.0694,0.872,1.0,0.0425,1.6522,1.0,5.0655,0.9837,1.0,0.0,73.1579,0.0,19.8482,2.2738,0.9996,0.0207,1.0,0.0,27.2909,0.0328,1.0,0.3384,32.186,0.1164,1.2143,2.4247,0.571,0.0239,1.0,0.0239,0.9444,0.0182,0.2495
1747203060000,76.5109,1.0,0.0694,0.921,1.0,0.0439,1.3146,0.9999,5.0482,0.9793,1.0,0.0,82.2258,0.0,20.2285,2.2896,0.9995,0.0207,1.0,0.0,0.0,0.0342,1.0,0.3377,35.239,0.117,1.4286,2.8126,0.5679,0.0249,1.0,0.0379,0.9401,0.0182,0.2424
1747203120000,78.156,1.0,0.0694,0.8823,1.0,0.0415,1.1018,1.0,5.0724,0.9823,1.0,0.0,78.2632,0.0,19.8002,2.268,0.9997,0.0209,1.0,0.0,25.3091,0.0329,1.0,0.3195,35.6445,0.1173,1.2308,2.6171,0.5721,0.0253,1.0,0.0222,0.9428,0.0364,0.2531
1747203180000,75.7086,1.0,0.0694,1.1776,1.0,0.0399,1.1234,1.0,5.0519,0.9826,1.0,0.0,77.2272,0.0,19.3759,2.2867,0.9996,0.021,1.0,0.0,13.5091,0.0335,1.0,0.3193,34.1947,0.1159,1.2,2.5245,0.5635,0.0242,1.0,0.021,0.9448,0.0182,0.2478
1747203240000,75.2389,1.0,0.0694,0.9813,1.0,0.0435,1.1134,0.9998,5.0494,0.9851,1.0,0.0,72.0902,0.0,19.7197,2.2903,0.9996,0.0209,1.0,0.0,14.0727,0.0333,1.0,0.2908,35.9922,0.1168,1.25,2.432,0.5749,0.0247,1.0,0.0168,0.942,0.0182,0.2398
1747203300000,77.5611,1.0,0.0694,1.0632,1.0,0.0401,1.0958,1.0,5.0518,0.9858,1.0,0.0,73.9114,0.0,19.0057,2.2962,0.9997,0.0211,1.0,0.0,10.0182,0.0334,0.9999,0.3005,30.3979,0.1244,1.6667,2.5449,0.5642,0.0236,1.0,0.0328,0.9475,0.0182,0.2555
1747203360000,74.3766,1.0,0.0694,1.0258,1.0,0.0436,1.1026,1.0,5.0739,0.983,1.0,0.0,76.2391,0.0,19.5949,2.288,0.9997,0.0215,1.0,0.0,11.7455,0.0347,1.0,0.2963,32.3315,0.1203,1.5517,2.6256,0.569,0.0239,1.0,0.0312,0.9445,0.0182,0.2444
1747203420000,74.3707,1.0,0.0694,0.8256,1.0,0.0423,1.23,1.0,5.0713,0.9781,1.0,0.0,78.8517,0.0,19.5224,2.2823,0.9996,0.0211,1.0,0.0,23.9273,0.0336,1.0,0.3003,33.6049,0.1164,1.3636,2.8112,0.5657,0.0246,1.0,0.0239,0.943,0.0364,0.2501
1747203480000,76.8715,1.0,0.0694,1.0244,1.0,0.0459,1.1508,1.0,5.0667,0.9803,1.0,0.0,82.8366,0.0,19.4017,2.3004,0.9997,0.0211,1.0,0.0,0.0,0.035,1.0,0.3126,33.5433,0.116,1.5714,2.4053,0.5786,0.0249,1.0,0.0212,0.946,0.0,0.25
1747203540000,72.5107,1.0,0.0694,0.8176,1.0,0.0432,1.1167,0.9998,5.0473,0.9798,1.0,0.0,135.7089,0.0,19.4635,2.2684,0.9996,0.0212,1.0,0.0,0.0,0.0339,1.0,0.2905,33.6399,0.1144,1.7143,2.563,0.5732,0.0245,1.0,0.0284,0.9423,0.0,0.2527
1747203600000,74.6686,1.0,0.0694,0.8227,1.0,0.0437,1.1376,1.0,5.0745,0.9835,1.0,0.0,81.4374,0.0,19.3572,2.2762,0.9997,0.021,1.0,0.0,0.0,0.0341,1.0,0.3001,35.1604,0.1193,1.8235,2.3731,0.5775,0.0256,1.0,0.031,0.943,0.0,0.2488
1747203660000,77.744,1.0,0.0694,0.968,1.0,0.041,1.1081,1.0,5.0558,0.9845,1.0,0.0,80.1756,0.0,20.173,2.2784,0.9997,0.0212,1.0,0.0,0.0,0.0337,1.0,0.3011,34.5694,0.1204,1.4828,2.716,0.5796,0.025,1.0,0.0388,0.9464,0.0,0.2508
1747203720000,78.2992,1.0,0.0694,1.1112,1.0,0.0433,1.1343,1.0,5.0788,0.9821,1.0,0.0,82.0126,0.0,20.3048,2.2805,0.9998,0.021,1.0,0.0,0.0,0.0343,1.0,0.3165,35.3761,0.1213,1.7857,2.3875,0.575,0.0252,1.0,0.0264,0.9399,0.0,0.2518
1747203780000,75.1757,1.0,0.0694,1.1551,1.0,0.0458,1.1421,0.9999,5.0778,0.9823,1.0,0.0,84.2121,0.0,20.2365,2.2996,0.9996,0.0211,1.0,0.0,0.4727,0.0347,1.0,0.3068,35.0888,0.1153,1.75,2.4918,0.575,0.0262,1.0,0.0352,0.9436,0.0,0.2581
1747203840000,76.9687,1.0,0.0694,1.1856,1.0,0.0403,1.1327,1.0,5.0815,0.9855,1.0,0.0,75.0891,0.0,19.9096,2.2966,0.9996,0.0211,1.0,0.0,10.7818,0.0337,1.0,0.3052,33.6634,0.1199,1.25,2.5645,0.5606,0.0256,1.0,0.0293,0.9434,0.0182,0.2514
1747203900000,73.066,1.0,0.0694,0.8265,1.0,0.0425,1.1014,0.9999,4.9608,0.986,1.0,0.0,74.4938,0.0,19.4312,2.3052,0.9997,0.0209,1.0,0.0,0.0,0.0337,1.0,0.3009,32.9152,0.1165,1.4,2.6544,0.5733,0.025,1.0,0.0315,0.9403,0.0,0.2485
1747203960000,88.1664,1.0,0.0694,1.0513,1.0,0.0431,1.1109,0.9999,5.0467,0.9856,1.0,0.0,77.2952,0.0,22.2053,2.3005,0.9989,0.0214,1.0,0.0,0.0,0.0347,0.9991,0.3116,36.434,0.1167,1.4643,2.5651,0.5602,0.0244,1.0,0.0229,0.9382,0.0,0.2436
1747204020000,72.7403,1.0,0.0694,0.815,1.0,0.0427,1.1682,1.0,4.7001,0.9816,1.0,0.0,80.0466,0.0,19.5493,2.2963,0.9997,0.0212,1.0,0.0,0.0,0.0357,1.0,0.303,33.3185,0.1184,1.2857,2.4775,0.561,0.0251,1.0,0.1972,0.9447,0.0,0.2485
1747204080000,74.2235,1.0,0.0694,1.0354,1.0,0.0463,1.1394,1.0,5.0445,0.9816,1.0,0.0,79.1316,0.0,19.2185,2.2985,0.9996,0.0213,1.0,0.0,0.0,0.0351,1.0,0.3251,34.1299,0.1157,2.0909,2.4374,0.5675,0.0243,1.0,0.0173,0.9408,0.0,0.2534
1747204140000,73.0374,1.0,0.0694,0.9539,1.0,0.049,1.1571,1.0,4.5714,0.981,1.0,0.0,81.3466,0.0,19.297,2.286,0.9995,0.0212,1.0,0.0,0.0,0.0355,1.0,0.331,34.5348,0.1115,1.6,2.6815,0.5734,0.0253,1.0,0.03,0.9406,0.0,0.2532
1747204200000,72.2758,1.0,0.0694,1.0168,1.0,0.0468,1.1123,1.0,4.7289,0.9845,1.0,0.0,75.3706,0.0,18.9885,2.3219,0.9996,0.0212,1.0,0.0,0.0,0.0351,1.0,0.35,32.6662,0.1125,1.1765,2.502,0.5695,0.0249,1.0,0.0241,0.9427,0.0,0.2533
1747204260000,69.5912,1.0,0.0694,0.8553,1.0,0.0437,1.1654,1.0,5.0669,0.9801,1.0,0.0,79.6501,0.0,18.9827,2.2867,0.9996,0.0212,1.0,0.0,0.0,0.035,1.0,0.3347,34.0395,0.1179,1.3846,2.3149,0.5635,0.0247,1.0,0.0252,0.9439,0.0,0.2411
1747204320000,75.5627,1.0,0.0694,1.3763,1.0,0.0449,1.1522,0.9999,5.0567,0.981,1.0,0.0,81.3031,0.0,19.2214,2.2978,0.9996,0.0212,1.0,0.0,0.0,0.035,1.0,0.3134,32.9243,0.1173,1.4762,2.3537,0.5756,0.0253,1.0,0.0246,0.9452,0.0,0.2497
1747204380000,73.018,1.0,0.0694,1.1221,1.0,0.0442,1.1726,1.0,5.0591,0.9844,1.0,0.0,77.8617,0.0,20.1329,2.3192,0.9997,0.0209,1.0,0.0,0.0,0.034,1.0,0.305,33.8442,0.1146,1.125,2.3614,0.5657,0.0249,1.0,0.0253,0.943,0.0,0.2484
1747204440000,74.4186,1.0,0.0694,1.4044,1.0,0.0431,1.1281,1.0,5.051,0.9845,1.0,0.0,80.566,0.0,20.3231,2.3012,0.9998,0.0211,1.0,0.0,0.0,0.0358,1.0,0.2901,34.2704,0.1155,1.2727,2.737,0.566,0.0254,1.0,0.0273,0.9438,0.0,0.2437
1747204500000,72.3026,1.0,0.0694,1.0028,1.0,0.0426,1.111,1.0,5.0556,0.9836,1.0,0.0,80.1581,0.0,19.758,2.2818,0.9997,0.0214,1.0,0.0,0.0,0.0354,1.0,0.2771,33.9211,0.1158,1.7333,2.7122,0.5687,0.0247,1.0,0.0377,0.9431,0.0,0.2465
1747204560000,73.4384,1.0,0.0694,1.049,1.0,0.045,1.1068,0.9999,5.0539,0.9782,1.0,0.0,82.2682,0.0,19.7404,2.2966,0.9995,0.0212,1.0,0.0,0.0,0.0341,1.0,0.287,34.3794,0.116,1.5429,2.3663,0.5713,0.0251,1.0,0.0166,0.9424,0.0,0.2469
1747204620000,72.1304,1.0,0.0694,0.9903,1.0,0.0432,1.1988,0.9999,5.061,0.9794,1.0,0.0,80.3262,0.0,19.4084,2.2758,0.9996,0.0212,1.0,0.0,0.0,0.034,1.0,0.274,34.3168,0.1176,1.8667,2.4987,0.5735,0.0259,1.0,0.0182,0.9414,0.0,0.2518
1747204680000,72.3522,1.0,0.0694,0.9812,1.0,0.0462,1.1626,1.0,5.0491,0.979,1.0,0.0,80.8217,0.0,19.9107,2.2832,0.9996,0.0214,1.0,0.0,0.0,0.0343,1.0,0.2929,34.9641,0.1173,1.5,2.3363,0.5775,0.026,1.0,0.0172,0.9405,0.0,0.2536
1747204740000,73.9652,1.0,0.0694,0.9582,1.0,0.0477,1.1386,1.0,5.0573,0.9827,1.0,0.0,86.1396,0.0,19.2145,2.2972,0.9997,0.0213,1.0,0.0,13.4182,0.0352,1.0,0.3045,35.0374,0.1135,2.6364,2.2871,0.5909,0.0253,1.0,0.0268,0.9425,0.0182,0.255
1747204800000,73.0164,1.0,0.0694,0.9415,1.0,0.0431,1.1298,0.9999,5.0557,0.9798,1.0,0.0,78.0435,0.0,19.5821,2.2933,0.9996,0.0213,1.0,0.0,0.0,0.0338,1.0,0.2952,34.3571,0.1145,1.625,2.7544,0.5678,0.0243,1.0,0.0172,0.9435,0.0,0.2586
1747204860000,70.8459,1.0,0.0694,0.9237,1.0,0.0425,1.158,0.9998,5.0657,0.979,1.0,0.0,81.4151,0.0,19.2951,2.2872,0.9997,0.0212,1.0,0.0,0.0,0.0339,1.0,0.3119,34.9262,0.1179,1.4286,2.9253,0.5824,0.0258,1.0,0.0219,0.9418,0.0,0.2501
1747204920000,74.5642,1.0,0.0694,0.9143,1.0,0.0464,1.158,0.9998,5.0392,0.9788,1.0,0.0,82.4502,0.0,19.2194,2.2803,0.9996,0.0213,1.0,0.0,0.0,0.0352,1.0,0.313,35.3508,0.1186,1.4286,2.6041,0.5712,0.0258,1.0,0.0251,0.9401,0.0,0.256
1747204980000,73.5602,1.0,0.0694,1.0453,1.0,0.0447,1.1415,1.0,5.0682,0.98,1.0,0.0,83.7137,0.0,19.7989,2.3295,0.9996,0.0213,1.0,0.0,0.0,0.0343,1.0,0.335,35.7898,0.1188,1.4,2.5062,0.5806,0.0255,1.0,0.021,0.94,0.0,0.2523
1747205040000,71.5858,1.0,0.0694,0.8996,1.0,0.0447,1.1363,0.9999,5.063,0.9815,1.0,0.0,84.1679,0.0,19.0365,2.3268,0.9996,0.0213,1.0,0.0,0.0,0.0354,1.0,0.3255,34.8898,0.1168,1.1111,2.561,0.5745,0.0253,1.0,0.0213,0.9384,0.0,0.2532
1747205100000,74.405,1.0,0.0694,1.1061,1.0,0.0427,1.1711,0.9999,5.0615,0.9802,1.0,0.0,77.5194,0.0,19.0425,2.3175,0.9997,0.0213,1.0,0.0,0.0,0.0353,1.0,0.3302,33.8635,0.119,1.6316,2.4754,0.5724,0.0245,1.0,0.0315,0.9437,0.0,0.2555
1747205160000,71.1443,1.0,0.0694,1.0969,1.0,0.0457,1.1819,0.9999,5.051,0.9816,1.0,0.0,80.1603,0.0,18.7885,2.3589,0.9996,0.0216,1.0,0.0,0.0,0.0355,1.0,0.3312,34.606,0.1173,1.5517,2.4882,0.5774,0.0252,1.0,0.0321,0.9425,0.0,0.2574
1747205220000,70.7704,1.0,0.0694,0.8424,1.0,0.0451,1.1735,0.9999,5.0695,0.9796,1.0,0.0,78.3093,0.0,18.5176,2.2751,0.9996,0.0217,1.0,0.0,0.0,0.0372,1.0,0.3119,32.6404,0.1182,1.2,2.4445,0.5635,0.0253,1.0,0.0189,0.9426,0.0,0.2514
1747205280000,70.2893,1.0,0.0694,1.0917,1.0,0.0432,1.1003,0.9998,5.0429,0.9853,1.0,0.0,75.5021,0.0,18.8124,2.3148,0.9997,0.0215,1.0,0.0,0.0,0.0363,1.0,0.3344,32.5637,0.1172,1.5714,2.6123,0.5812,0.025,1.0,0.0265,0.9413,0.0,0.2482
1747205340000,70.1259,1.0,0.0694,0.8713,1.0,0.0471,1.1527,0.9999,5.0673,0.9846,1.0,0.0,76.9522,0.0,18.73,2.3276,0.9997,0.0215,1.0,0.0,0.0,0.0366,1.0,0.329,33.4243,0.1155,1.5,2.6372,0.5868,0.0249,1.0,0.0237,0.9421,0.0,0.2516
1747205400000,72.2268,0.9998,0.0694,0.8277,1.0,0.0469,1.2223,1.0,5.0518,0.9752,1.0,0.0,87.9491,0.0,19.5368,2.3142,0.9996,0.0215,1.0,0.0,0.0,0.0364,1.0,0.3165,36.3543,0.1167,1.3077,2.6206,0.5786,0.026,1.0,0.0189,0.943,0.0,0.2565
1747205460000,74.1679,1.0,0.0694,0.9645,1.0,0.0457,1.1529,1.0,5.0745,0.9786,1.0,0.0,84.7324,0.0,19.3811,2.2839,0.9997,0.0215,1.0,0.0,0.0,0.0361,1.0,0.3203,34.5842,0.1215,1.3333,2.4217,0.573,0.0273,1.0,0.0172,0.9406,0.0,0.2633
1747205520000,73.5991,1.0,0.0694,1.1472,1.0,0.0442,1.1066,1.0,5.0464,0.9811,1.0,0.0,76.6536,0.0,19.0067,2.3035,0.9996,0.0214,1.0,0.0,0.0,0.0365,1.0,0.3401,35.5447,0.1219,1.2667,2.497,0.5821,0.0268,1.0,0.0313,0.9404,0.0,0.2563
1747205580000,75.4704,1.0,0.0694,1.2064,1.0,0.0454,1.1667,1.0,5.0627,0.9792,1.0,0.0,84.4117,0.0,18.9676,2.3094,0.9997,0.0215,1.0,0.0,0.0,0.0364,1.0,0.3335,35.7143,0.1208,1.8333,2.8791,0.5762,0.027,1.0,0.0266,0.9384,0.0,0.2644
1747205640000,72.7987,1.0,0.0694,1.1067,1.0,0.0447,1.1013,0.9999,5.0345,0.9838,1.0,0.0,76.2055,0.0,19.1167,2.3169,0.9997,0.0216,1.0,0.0,0.0,0.0356,1.0,0.3456,34.6077,0.118,1.9,2.5573,0.5693,0.0258,1.0,0.0328,0.9415,0.0,0.2561
1747205700000,71.8264,1.0,0.0694,0.8976,1.0,0.0447,1.1242,1.0,5.0664,0.9837,1.0,0.0,81.2355,0.0,19.0677,2.2786,0.9998,0.0216,1.0,0.0,0.0,0.0375,1.0,0.3384,33.7236,0.1231,1.625,2.7418,0.5718,0.0258,1.0,0.0256,0.9436,0.0,0.2554
1747205760000,72.0997,1.0,0.0694,0.9677,1.0,0.0445,1.1044,1.0,5.0401,0.9821,1.0,0.0,79.3631,0.0,19.2465,2.2964,0.9997,0.0216,1.0,0.0,0.0,0.0376,1.0,0.3316,33.4612,0.1181,1.8519,2.6291,0.5704,0.0256,1.0,0.0237,0.941,0.0,0.2568
1747205820000,73.4491,1.0,0.0694,0.8254,1.0,0.0431,1.1525,1.0,5.0593,0.9791,1.0,0.0,81.8135,0.0,19.7223,2.2896,0.9995,0.0215,1.0,0.0,0.0,0.0375,1.0,0.3443,35.5905,0.1269,1.0714,2.4362,0.5741,0.0268,1.0,0.0261,0.9414,0.0,0.2576
1747205880000,70.5894,1.0,0.0694,0.9834,1.0,0.0472,1.17,1.0,5.0291,0.9823,1.0,0.0,77.6836,0.0,19.1872,2.2868,0.9997,0.0215,1.0,0.0,0.0,0.0364,1.0,0.3433,33.7096,0.1169,0.8333,2.566,0.5726,0.0269,1.0,0.03,0.9425,0.0,0.2656
1747205940000,73.9493,1.0,0.0694,0.9736,1.0,0.0457,1.0649,0.9999,5.0591,0.9759,1.0,0.0,85.0776,0.0,19.6619,2.2825,0.9997,0.0215,1.0,0.0,0.0,0.0384,1.0,0.3293,37.0784,0.122,1.5455,2.6256,0.5776,0.0263,1.0,0.0287,0.9398,0.0,0.2467
1747206000000,71.9477,1.0,0.0694,1.008,1.0,0.0436,1.1039,0.9999,5.0445,0.9715,1.0,0.0,80.149,0.0,19.1479,2.3328,0.9997,0.0216,1.0,0.0,12.9818,0.0375,1.0,0.3424,34.3791,0.1263,1.3529,2.6697,0.5895,0.0254,1.0,0.0237,0.9435,0.0182,0.2707
1747206060000,70.9079,1.0,0.0694,0.8725,1.0,0.0454,1.6012,1.0,5.0509,0.983,1.0,0.0,79.5894,0.0,19.0378,2.3047,0.9996,0.0216,1.0,0.0,0.0,0.0359,1.0,0.3473,33.7017,0.1191,1.4643,2.5176,0.5779,0.0259,1.0,0.0322,0.9411,0.0,0.2593
1747206120000,74.336,1.0,0.0694,1.2513,1.0,0.0451,1.1656,1.0,5.0564,0.9753,1.0,0.0,82.2241,0.0,19.2954,2.3299,0.9996,0.0216,1.0,0.0,0.0,0.0382,1.0,0.3375,34.8399,0.1243,1.3684,2.5298,0.5803,0.0268,1.0,0.0362,0.9426,0.0,0.2567
1747206180000,74.2903,1.0,0.0694,0.9844,1.0,0.0438,1.1092,1.0,5.0564,0.9955,1.0,0.0,16.3162,0.0,19.3715,2.352,0.9994,0.0216,1.0,0.0,0.0,0.0377,1.0,0.3457,35.1615,0.124,1.375,2.6154,0.5863,0.0259,1.0,0.0316,0.9367,0.0,0.2694
1747206240000,74.2723,1.0,0.0694,1.2314,1.0,0.0434,1.1506,0.9999,5.0619,0.9959,1.0,0.0,16.9773,0.0,19.2869,2.3083,0.9995,0.0218,1.0,0.0,0.0,0.0374,1.0,0.3376,34.5724,0.1297,1.0833,2.7677,0.574,0.0267,1.0,0.0212,0.9414,0.0,0.2633
1747206300000,74.3834,1.0,0.0694,0.9647,1.0,0.0432,1.233,0.9999,5.0573,0.9893,1.0,0.0,40.8414,0.0,19.3613,2.3122,0.9997,0.0219,1.0,0.0,0.0,0.0366,1.0,0.3375,33.2132,0.1246,1.3333,2.4945,0.5752,0.0258,1.0,0.0168,0.9406,0.0,0.2728
1747206360000,76.0324,1.0,0.0694,1.2525,1.0,0.0439,1.125,0.9999,5.0418,0.9897,1.0,0.0,43.4297,0.0,19.1868,2.3093,0.9996,0.0218,1.0,0.0,14.0182,0.0385,1.0,0.3227,34.2538,0.1231,1.3611,2.4519,0.5701,0.0255,1.0,0.0221,0.9394,0.0182,0.2593
1747206420000,73.0692,1.0,0.0694,0.884,1.0,0.0463,1.1045,1.0,5.06,0.9951,1.0,0.0,18.6533,0.0,18.9206,2.294,0.9995,0.022,1.0,0.0,0.0,0.0388,1.0,0.3085,35.2491,0.1225,2.1667,2.7,0.5816,0.0266,1.0,0.0336,0.938,0.0,0.2587
1747206480000,73.9377,1.0,0.0694,0.949,1.0,0.0457,1.1728,1.0,5.0355,0.996,1.0,0.0,17.361,0.0,19.1629,2.2925,0.9996,0.0219,1.0,0.0,0.0,0.0374,1.0,0.3195,34.1015,0.1233,1.25,2.6663,0.5829,0.0254,1.0,0.0277,0.9395,0.0,0.2809
1747206540000,71.3281,1.0,0.0694,0.9648,1.0,0.0446,1.0791,0.9999,5.0609,0.9834,1.0,0.0,73.633,0.0,18.8339,2.2905,0.9997,0.0219,1.0,0.0,0.0,0.0377,1.0,0.3251,33.2002,0.1287,1.7778,2.4159,0.5684,0.0257,1.0,0.0309,0.9409,0.0,0.2716
1747206600000,73.4653,1.0,0.0694,0.8755,1.0,0.0436,1.1636,0.9998,5.0573,0.9822,1.0,0.0,60.1018,0.0,18.9809,2.3067,0.9996,0.022,1.0,0.0,0.0,0.0393,1.0,0.3107,35.1677,0.1291,1.3333,2.7667,0.5869,0.0269,1.0,0.0304,0.9405,0.0,0.266
1747206660000,73.0359,1.0,0.0694,0.9531,1.0,0.0452,1.1504,0.9999,5.0491,0.9955,1.0,0.0,19.2462,0.0,19.4358,2.3118,0.9996,0.0216,1.0,0.0,27.1091,0.0387,1.0,0.3226,36.2626,0.128,1.8065,2.7222,0.5912,0.0267,1.0,0.0271,0.9426,0.0364,0.275
1747206720000,72.1362,1.0,0.0694,0.9596,1.0,0.0441,1.4567,0.9999,5.0348,0.9949,1.0,0.0,19.1135,0.0,19.0104,2.2852,0.9996,0.0218,1.0,0.0,0.0,0.0384,1.0,0.3499,34.0639,0.1249,1.5,2.2756,0.5818,0.0256,1.0,0.0265,0.9383,0.0,0.2871
1747206780000,71.3135,1.0,0.0694,0.9917,1.0,0.047,1.2178,1.0,5.0555,0.9896,1.0,0.0,44.9849,0.0,19.229,2.2866,0.9997,0.0221,1.0,0.0,33.8364,0.0382,1.0,0.3577,35.8217,0.1243,1.6,2.6263,0.5959,0.0258,1.0,0.0237,0.9441,0.0364,0.2731
1747206840000,72.9839,1.0,0.0694,0.9588,1.0,0.0421,1.7518,0.9999,5.0545,0.9803,1.0,0.0,79.5001,0.0,19.4645,2.2815,0.9996,0.0219,1.0,0.0,11.0727,0.0379,1.0,0.3644,34.5871,0.1311,4.0,2.3425,0.5812,0.0269,1.0,0.0199,0.9403,0.0182,0.2707
1747206900000,72.2277,1.0,0.0694,1.0687,1.0,0.0446,1.1353,0.9999,5.0527,0.9823,1.0,0.0,81.4566,0.0,19.2687,2.2703,0.9996,0.022,1.0,0.0,13.1273,0.038,1.0,0.3346,34.5642,0.127,1.2941,2.5653,0.579,0.0264,1.0,0.013,0.9412,0.0182,0.2691
1747206960000,71.3832,1.0,0.0694,0.9667,1.0,0.0439,1.1627,0.9999,5.0548,0.9824,1.0,0.0,80.1231,0.0,18.9501,2.2931,0.9996,0.0223,1.0,0.0,16.0727,0.0393,1.0,0.329,33.1661,0.1286,1.8889,2.7369,0.5684,0.0255,1.0,0.0321,0.942,0.0182,0.2607
1747207020000,72.1196,1.0,0.0694,0.8454,1.0,0.0455,1.1587,0.9999,5.0405,0.9791,1.0,0.0,83.1941,0.0,19.3889,2.2813,0.9997,0.0222,1.0,0.0,24.6182,0.0383,1.0,0.3273,35.4882,0.1268,1.2308,2.5924,0.586,0.026,1.0,0.0301,0.9403,0.0182,0.2655
1747207080000,72.7389,1.0,0.0694,1.037,1.0,0.0455,1.2857,1.0,5.0682,0.9961,1.0,0.0,18.4116,0.0,19.4355,2.2874,0.9997,0.0222,1.0,0.0,15.6,0.0382,1.0,0.3245,35.3302,0.1269,1.5,2.4461,0.5772,0.0261,1.0,0.0274,0.9389,0.0364,0.2723
1747207140000,72.8669,1.0,0.0694,0.8691,1.0,0.043,1.3835,1.0,5.0564,0.9964,1.0,0.0,16.9461,0.0,20.013,2.3222,0.9997,0.0222,1.0,0.0,38.6727,0.0385,1.0,0.3582,35.6255,0.1281,1.0667,2.4887,0.579,0.0269,1.0,0.0331,0.9402,0.0545,0.2744
1747207200000,71.843,1.0,0.0694,0.8487,1.0,0.0435,1.811,1.0,5.0445,0.9898,1.0,0.0,45.877,0.0,18.8167,2.3297,0.9996,0.0224,1.0,0.0,14.0909,0.0395,1.0,0.3373,35.271,0.1329,1.5,2.4642,0.5996,0.0273,1.0,0.025,0.9386,0.0182,0.2781
1747207260000,74.568,1.0,0.0694,0.9387,1.0,0.0423,1.3213,1.0,5.0445,0.9892,1.0,0.0,47.3011,0.0,19.7957,2.301,0.9997,0.0223,1.0,0.0,0.0,0.0375,1.0,0.3512,34.5348,0.1338,1.3571,2.5792,0.5919,0.0261,1.0,0.027,0.9372,0.0,0.2743
1747207320000,73.6487,1.0,0.0694,1.0167,1.0,0.0433,1.2259,1.0,5.0621,0.9961,1.0,0.0,18.2033,0.0,19.6183,2.3007,0.9997,0.0224,1.0,0.0,10.7091,0.0386,1.0,0.3686,34.2077,0.1304,1.5714,2.946,0.58,0.026,1.0,0.024,0.9447,0.0182,0.2784
1747207380000,75.6037,1.0,0.0694,1.1053,1.0,0.0428,1.1862,1.0,5.06,0.9959,1.0,0.0,18.4198,0.0,20.0063,2.2899,0.9996,0.0224,1.0,0.0,29.6727,0.0407,1.0,0.3697,35.3397,0.1322,1.0,2.4852,0.5744,0.0278,1.0,0.0205,0.9397,0.0364,0.2725
1747207440000,71.97,1.0,0.0694,1.1054,1.0,0.0436,1.5176,1.0,5.0585,0.9884,1.0,0.0,54.0116,0.0,19.2359,2.3378,0.9997,0.0224,1.0,0.0,58.0364,0.037,1.0,0.3736,34.6637,0.1262,2.0833,2.4406,0.5818,0.026,1.0,0.0272,0.9385,0.0727,0.281
1747207500000,73.0454,1.0,0.0694,0.9136,1.0,0.0431,1.7198,1.0,5.0491,0.9874,1.0,0.0,54.2747,0.0,19.1375,2.3112,0.9997,0.0227,1.0,0.0,49.2364,0.04,1.0,0.3582,35.0287,0.1348,1.7778,2.4714,0.6018,0.028,1.0,0.0187,0.9377,0.0727,0.2681
1747207560000,73.3742,1.0,0.0694,0.9992,1.0,0.0425,1.2354,1.0,5.04,0.9957,1.0,0.0,18.9942,0.0,19.3261,2.2881,0.9997,0.0225,1.0,0.0,52.8182,0.0407,1.0,0.3651,35.9112,0.1332,1.3333,2.617,0.5879,0.0261,1.0,0.0317,0.9406,0.0727,0.2805
1747207620000,72.0854,0.9998,0.0694,0.8591,1.0,0.0442,1.1632,0.9999,5.0511,0.9965,1.0,0.0,18.7439,0.0,19.5307,2.3061,0.9997,0.0226,1.0,0.0,105.4,0.0408,1.0,0.3498,34.0283,0.1275,1.4,2.918,0.5842,0.0259,1.0,0.0221,0.9398,0.1455,0.2864
1747207680000,73.1219,0.9998,0.0694,0.9253,1.0,0.0435,2.4834,0.9999,4.9839,0.9879,1.0,0.0,43.2781,0.0,19.8247,2.3386,0.9996,0.0225,1.0,0.0,14.4,0.041,1.0,0.3379,35.6885,0.1294,0.875,2.6882,0.5887,0.0277,1.0,0.0288,0.941,0.0182,0.2772
1747207740000,77.0955,1.0,0.0694,1.1704,1.0,0.0431,1.1701,1.0,5.0255,0.9809,1.0,0.0,80.7878,0.0,20.2904,2.295,0.9996,0.0226,1.0,0.0,16.5273,0.0397,1.0,0.3295,34.8,0.133,1.6667,2.5457,0.5801,0.0279,1.0,0.0305,0.9407,0.0182,0.27
1747207800000,75.1828,1.0,0.0694,1.0499,1.0,0.0426,1.105,0.9999,5.0273,0.9822,1.0,0.0,78.4895,0.0,19.9928,2.3186,0.9997,0.0225,1.0,0.0,29.5636,0.0407,1.0,0.336,35.2605,0.1351,1.7333,2.3404,0.5857,0.0274,1.0,0.0238,0.9422,0.0364,0.2749
1747207860000,75.9531,1.0,0.0694,0.9947,1.0,0.0434,1.5467,0.9998,4.9773,0.9795,1.0,0.0,81.6943,0.0,19.5369,2.3156,0.9997,0.0225,1.0,0.0,23.0364,0.0405,1.0,0.356,35.03,0.1357,1.5758,2.8932,0.5834,0.0272,1.0,0.0299,0.9402,0.0364,0.2773
1747207920000,74.3966,1.0,0.0694,1.2293,1.0,0.0443,1.3738,1.0,5.0601,0.9811,1.0,0.0,82.4322,0.0,19.4312,2.3191,0.9996,0.0227,1.0,0.0,13.1455,0.0427,1.0,0.344,33.4297,0.1327,1.0667,2.5604,0.5792,0.0268,1.0,0.0339,0.945,0.0182,0.2771
1747207980000,75.2763,1.0,0.0694,0.8764,1.0,0.0439,1.219,1.0,5.0548,0.9956,1.0,0.0,19.3458,0.0,19.9534,2.2977,0.9997,0.0226,1.0,0.0,12.1455,0.0422,1.0,0.3485,37.333,0.1343,2.25,2.6699,0.5909,0.0281,1.0,0.0418,0.9419,0.0182,0.2742
1747208040000,78.1547,1.0,0.0694,1.2395,1.0,0.046,1.2695,1.0,5.0564,0.9953,1.0,0.0,19.3299,0.0,19.8756,2.3185,0.9997,0.0226,1.0,0.0,14.2909,0.041,1.0,0.3382,36.9911,0.1325,1.2857,2.6968,0.6003,0.0276,1.0,0.0334,0.9394,0.0182,0.288
1747208100000,75.4063,1.0,0.0694,0.9289,1.0,0.0416,1.1481,0.9999,5.0564,0.9888,1.0,0.0,44.6742,0.0,19.9957,2.3165,0.9996,0.0225,1.0,0.0,14.7818,0.0404,1.0,0.337,35.3963,0.1328,1.3333,2.7299,0.6019,0.0277,1.0,0.0332,0.9401,0.0182,0.2966
1747208160000,74.3037,1.0,0.0694,1.0862,1.0,0.0433,1.1618,1.0,5.0156,0.9888,1.0,0.0,48.1962,0.0,19.7548,2.3112,0.9997,0.0226,1.0,0.0,0.0,0.0397,1.0,0.3517,35.6072,0.131,1.7692,2.5947,0.5944,0.027,1.0,0.0254,0.9406,0.0,0.2732
1747208220000,74.3634,1.0,0.0694,1.0043,1.0,0.0457,1.1726,1.0,5.0448,0.9951,1.0,0.0,20.1726,0.0,19.7523,2.2959,0.9997,0.0227,1.0,0.0,0.0,0.0389,1.0,0.359,35.487,0.1362,1.5333,2.4686,0.5848,0.0269,1.0,0.0336,0.9385,0.0,0.2711
1747208280000,73.6396,1.0,0.0694,0.8869,1.0,0.0448,1.1121,0.9999,5.0755,0.9951,1.0,0.0,17.6582,0.0,19.6893,2.2961,0.9997,0.0226,1.0,0.0,0.3091,0.0406,1.0,0.3429,34.9683,0.1313,1.5,2.6747,0.5829,0.0266,1.0,0.028,0.942,0.0,0.281
1747208340000,74.464,1.0,0.0694,1.0766,1.0,0.046,1.1118,1.0,5.0657,0.9839,1.0,0.0,69.6264,0.0,19.9329,2.2872,0.9996,0.0226,1.0,0.0,13.2727,0.04,1.0,0.346,35.1125,0.1323,1.3636,2.4283,0.5799,0.0273,1.0,0.0238,0.9397,0.0182,0.2758
1747208400000,72.5767,1.0,0.0694,0.8763,1.0,0.0443,1.1547,0.9999,5.0701,0.9891,1.0,0.0,60.2483,0.0,19.2476,2.2826,0.9997,0.0227,1.0,0.0,11.7636,0.0411,1.0,0.3385,35.0403,0.1339,1.6522,2.6517,0.5857,0.0274,1.0,0.0193,0.9415,0.0182,0.2718
1747208460000,72.9569,1.0,0.0694,0.8694,1.0,0.0445,1.2563,1.0,5.0755,0.996,1.0,0.0,21.6373,0.0,19.1473,2.2694,0.9998,0.0227,1.0,0.0,0.3273,0.0412,1.0,0.362,35.3229,0.1347,1.6923,2.5816,0.5815,0.0281,1.0,0.0211,0.9404,0.0,0.2731
1747208520000,73.2506,0.9999,0.0694,0.9607,1.0,0.0465,1.1569,0.9999,5.0682,0.9961,1.0,0.0,25.3676,0.0,18.931,2.2876,0.9998,0.0228,1.0,0.0,24.2182,0.0414,1.0,0.3472,36.529,0.1345,1.4167,2.6091,0.5855,0.0285,1.0,0.018,0.9414,0.0364,0.286
1747208580000,73.8217,1.0,0.0694,0.8509,1.0,0.0448,1.2192,0.9999,5.0582,0.9907,1.0,0.0,41.223,0.0,19.8004,2.2932,0.9996,0.0227,1.0,0.0,0.0,0.0402,1.0,0.359,35.9202,0.1361,1.4,2.3483,0.5802,0.0276,1.0,0.0338,0.9352,0.0,0.2967
1747208640000,71.1125,1.0,0.0694,1.0511,1.0,0.0445,1.2136,1.0,5.0745,0.9847,1.0,0.0,73.4391,0.0,19.0261,2.324,0.9996,0.023,1.0,0.0,0.0,0.0412,1.0,0.3653,34.9189,0.1324,1.1429,2.5351,0.5754,0.0275,1.0,0.0296,0.9396,0.0,0.2848
1747208700000,74.1519,1.0,0.0694,1.0095,1.0,0.0454,1.153,1.0,5.0627,0.9826,1.0,0.0,86.1819,0.0,19.6948,2.3157,0.9997,0.023,1.0,0.0,0.0,0.0419,1.0,0.3623,37.2539,0.1377,1.7222,2.292,0.5881,0.0277,1.0,0.0279,0.9415,0.0,0.2721
1747208760000,72.5407,1.0,0.0694,0.9596,1.0,0.044,1.2063,0.9999,5.0627,0.9819,1.0,0.0,81.3459,0.0,19.8506,2.3192,0.9996,0.0231,1.0,0.0,0.0,0.0419,1.0,0.3475,35.0384,0.1343,1.3077,2.4538,0.5809,0.028,1.0,0.0222,0.9393,0.0,0.2824
1747208820000,70.788,1.0,0.0694,0.8924,1.0,0.0449,1.2218,1.0,5.0527,0.98,1.0,0.0,85.6379,0.0,19.1632,2.3024,0.9997,0.0229,1.0,0.0,12.6364,0.0432,1.0,0.34,34.8739,0.1351,1.0,2.5042,0.5864,0.0277,1.0,0.0386,0.9408,0.0182,0.2704
1747208880000,72.3547,1.0,0.0694,1.1062,1.0,0.0423,1.2532,0.9999,5.0764,0.9877,1.0,0.0,72.5471,0.0,19.1723,2.2908,0.9997,0.0232,1.0,0.0,0.0,0.0413,1.0,0.3412,34.4171,0.1336,1.5,2.4827,0.5778,0.0271,1.0,0.0295,0.9417,0.0,0.2769
1747208940000,73.8646,1.0,0.0694,0.8906,1.0,0.0439,1.0851,1.0,5.0609,0.9813,1.0,0.0,80.912,0.0,19.1441,2.3452,0.9996,0.0232,1.0,0.0,0.0,0.0443,1.0,0.3502,34.4908,0.1369,0.9,2.444,0.576,0.028,1.0,0.0293,0.941,0.0,0.2778
1747209000000,71.6867,1.0,0.0694,0.8713,1.0,0.045,1.1768,1.0,5.0827,0.9792,1.0,0.0,87.1002,0.0,19.8585,2.3154,0.9997,0.0232,1.0,0.0,0.0,0.0426,1.0,0.3465,37.1154,0.1327,1.5,2.6622,0.5961,0.0279,1.0,0.029,0.9383,0.0,0.2767
1747209060000,70.9256,1.0,0.0694,0.9209,1.0,0.0446,1.2054,1.0,5.0436,0.9842,1.0,0.0,84.9761,0.0,20.3217,2.3061,0.9998,0.0232,1.0,0.0,0.0,0.0436,1.0,0.3615,34.5718,0.1372,1.4231,2.6157,0.575,0.0282,1.0,0.0229,0.9407,0.0,0.2819
1747209120000,74.6716,1.0,0.0694,0.9361,1.0,0.0444,1.1219,1.0,5.0709,0.9821,1.0,0.0,84.5418,0.0,19.7791,2.3208,0.9997,0.0231,1.0,0.0,0.0,0.0426,1.0,0.355,36.0529,0.1377,1.2632,2.4579,0.5893,0.0285,1.0,0.0401,0.9402,0.0,0.2784
1747209180000,74.4208,1.0,0.0694,1.0156,1.0,0.045,1.2119,1.0,5.0609,0.9788,1.0,0.0,91.3173,0.0,20.6461,2.3234,0.9996,0.0233,1.0,0.0,0.0,0.0427,1.0,0.3433,36.6901,0.1376,1.0,2.7297,0.5916,0.0283,1.0,0.0238,0.9405,0.0,0.2863
1747209240000,71.1252,1.0,0.0694,1.0855,1.0,0.0446,1.0975,0.9999,5.0666,0.9831,1.0,0.0,79.7913,0.0,19.3945,2.2992,0.9996,0.0232,1.0,0.0,0.0,0.0427,1.0,0.3512,34.4704,0.1338,1.5714,2.7682,0.5806,0.0275,1.0,0.0233,0.9369,0.0,0.2851
1747209300000,72.9284,1.0,0.0694,1.0786,1.0,0.0458,1.1732,1.0,5.0555,0.9794,1.0,0.0,83.9537,0.0,19.2921,2.3208,0.9997,0.0234,1.0,0.0,0.0,0.0426,1.0,0.3584,35.7055,0.1402,1.5625,2.5839,0.5869,0.0288,1.0,0.023,0.9379,0.0,0.2773
1747209360000,74.1568,1.0,0.0694,0.9415,1.0,0.0434,1.15,0.9999,5.0809,0.9807,1.0,0.0,85.182,0.0,19.8609,2.3048,0.9996,0.0232,1.0,0.0,0.0,0.0429,1.0,0.374,35.2971,0.1428,1.4074,2.5956,0.5783,0.0279,1.0,0.04,0.9413,0.0,0.2914
1747209420000,74.3258,1.0,0.0694,0.9106,1.0,0.047,1.1484,1.0,5.0555,0.9779,1.0,0.0,90.8309,0.0,20.1376,2.293,0.9995,0.0234,1.0,0.0,0.0,0.0422,1.0,0.3845,37.7405,0.1398,1.4211,2.3896,0.5882,0.03,1.0,0.024,0.9348,0.0,0.2838
1747209480000,73.5642,1.0,0.0694,0.8275,1.0,0.0446,1.1999,0.9999,5.0482,0.9853,1.0,0.0,85.7196,0.0,20.302,2.3138,0.9997,0.0235,1.0,0.0,0.0,0.0442,1.0,0.3652,35.6362,0.1423,1.5,2.6778,0.5806,0.0285,1.0,0.0275,0.9416,0.0,0.2966
1747209540000,73.04,1.0,0.0694,1.0654,1.0,0.0472,1.1198,0.9999,5.0466,0.98,1.0,0.0,91.9654,0.0,19.5999,2.3003,0.9997,0.0236,1.0,0.0,0.0,0.045,1.0,0.3649,37.6307,0.14,1.2308,2.4918,0.5946,0.0291,1.0,0.0227,0.9366,0.0,0.2831
1747209600000,74.1327,1.0,0.0694,0.9724,1.0,0.0463,1.1959,0.9999,5.0655,0.9778,1.0,0.0,88.6907,0.0,19.9738,2.3348,0.9997,0.0232,1.0,0.0,0.0,0.0461,1.0,0.363,38.0893,0.1399,1.4706,2.6143,0.6058,0.0279,1.0,0.0367,0.9401,0.0,0.3036
1747209660000,72.8105,1.0,0.0694,0.9226,1.0,0.044,1.1576,1.0,5.0639,0.9827,1.0,0.0,81.8187,0.0,19.9937,2.3311,0.9997,0.0236,1.0,0.0,0.0,0.0438,1.0,0.36,34.714,0.1402,1.4412,2.5684,0.5925,0.028,1.0,0.0486,0.9387,0.0,0.2938
1747209720000,74.7176,1.0,0.0694,0.9718,1.0,0.0448,1.2215,1.0,5.0747,0.9817,1.0,0.0,83.1858,0.0,19.7484,2.3155,0.9997,0.0239,1.0,0.0,0.0,0.0445,1.0,0.3768,35.3659,0.1425,1.5,2.5266,0.5859,0.0278,1.0,0.0364,0.9406,0.0,0.2844
1747209780000,75.0811,1.0,0.0694,0.9776,1.0,0.0446,1.2171,0.9999,5.0533,0.9786,1.0,0.0,82.895,0.0,19.971,2.3198,0.9997,0.0237,1.0,0.0,15.4909,0.044,1.0,0.3828,35.3067,0.1443,1.8333,2.7034,0.5798,0.0286,1.0,0.039,0.9397,0.0,0.2824
1747209840000,76.0583,1.0,0.0694,1.2037,1.0,0.046,1.1616,0.9999,5.0764,0.9829,1.0,0.0,85.0068,0.0,19.9427,2.3292,0.9997,0.0238,1.0,0.0,0.0,0.0446,1.0,0.3952,36.2702,0.1422,1.3636,2.7999,0.5941,0.0291,1.0,0.0268,0.9389,0.0182,0.2899
1747209900000,74.6307,1.0,0.0694,0.9626,1.0,0.0468,1.1905,0.9999,5.0391,0.9804,1.0,0.0,84.9047,0.0,20.091,2.3001,0.9996,0.0235,1.0,0.0,0.0,0.0442,1.0,0.3843,36.1607,0.1414,1.4762,2.6818,0.5902,0.0281,1.0,0.0258,0.9365,0.0,0.2942
1747209960000,73.9257,1.0,0.0694,1.0288,1.0,0.0442,1.1486,0.9999,5.0736,0.9824,1.0,0.0,85.3811,0.0,19.8133,2.3039,0.9996,0.0237,1.0,0.0,0.0,0.0449,1.0,0.3957,34.3989,0.1439,1.3571,2.5978,0.5925,0.0285,1.0,0.0478,0.9413,0.0,0.2958
1747210020000,74.3557,1.0,0.0694,0.9513,1.0,0.0452,1.1113,1.0,5.0527,0.9804,1.0,0.0,84.2892,0.0,19.9842,2.3,0.9997,0.0237,1.0,0.0,0.0,0.0431,1.0,0.3955,35.116,0.1415,1.25,2.3377,0.6006,0.0284,1.0,0.0496,0.9414,0.0,0.2871
1747210080000,73.7185,1.0,0.0694,0.8771,1.0,0.0442,1.166,0.9999,5.0655,0.9817,1.0,0.0,83.8277,0.0,20.1945,2.3065,0.9997,0.0237,1.0,0.0,0.0,0.0432,1.0,0.3858,34.4235,0.1423,1.3333,2.6022,0.5915,0.0283,1.0,0.0518,0.9398,0.0,0.2906
1747210140000,73.8281,1.0,0.0694,0.9803,1.0,0.0447,1.1626,1.0,5.0536,0.9791,1.0,0.0,90.3345,0.0,19.9675,2.3103,0.9996,0.0238,1.0,0.0,0.0,0.0437,1.0,0.3675,36.7457,0.1469,1.1875,2.2832,0.5996,0.0292,1.0,0.0502,0.9393,0.0,0.2899
1747210200000,71.316,1.0,0.0694,0.865,1.0,0.0455,1.1677,1.0,5.0609,0.9845,1.0,0.0,78.7593,0.0,19.726,2.3332,0.9997,0.0239,1.0,0.0,0.0,0.0441,1.0,0.3725,36.7003,0.1411,1.625,2.3549,0.6034,0.0289,1.0,0.036,0.9366,0.0,0.2908
1747210260000,72.2788,1.0,0.0694,0.8877,1.0,0.0476,1.1368,0.9999,5.0491,0.9793,1.0,0.0,90.473,0.0,20.0474,2.2971,0.9997,0.0238,1.0,0.0,0.0,0.0452,1.0,0.3779,36.6801,0.1402,1.8276,2.3663,0.5956,0.0289,1.0,0.0299,0.9402,0.0,0.2981
1747210320000,71.0746,1.0,0.0694,0.956,1.0,0.0422,1.1627,1.0,5.0718,0.9847,1.0,0.0,81.0793,0.0,19.7896,2.2877,0.9997,0.0238,1.0,0.0,0.0,0.0435,1.0,0.3867,34.6846,0.1433,1.3846,2.4091,0.5903,0.0281,1.0,0.0491,0.9407,0.0,0.2953
1747210380000,73.685,1.0,0.0694,0.8207,1.0,0.0434,1.1169,1.0,5.0439,0.9782,1.0,0.0,85.2912,0.0,20.2077,2.2924,0.9996,0.0242,1.0,0.0,0.0,0.0448,1.0,0.37,36.9076,0.1472,1.0,2.5789,0.5903,0.0295,1.0,0.0322,0.9398,0.0,0.2875
1747210440000,74.9378,1.0,0.0694,1.0762,1.0,0.0449,1.1795,0.9999,5.0464,0.9819,1.0,0.0,91.3572,0.0,20.4831,2.2993,0.9997,0.0241,1.0,0.0,15.2727,0.046,1.0,0.3668,37.1336,0.1461,1.9333,2.4736,0.5925,0.0291,1.0,0.0337,0.9388,0.0182,0.2938
1747210500000,74.7731,1.0,0.0694,0.9937,1.0,0.0457,1.4076,0.9999,5.0384,0.979,1.0,0.0,84.9764,0.0,20.2736,2.3041,0.9996,0.0242,1.0,0.0,0.0,0.045,1.0,0.3679,36.5501,0.1489,1.9286,2.4517,0.5968,0.0294,1.0,0.0278,0.9371,0.0,0.3033
1747210560000,74.3874,1.0,0.0694,0.996,1.0,0.0461,1.1035,1.0,5.0455,0.9831,1.0,0.0,90.1775,0.0,20.6177,2.3223,0.9997,0.0243,1.0,0.0,0.0,0.0441,1.0,0.3835,36.5378,0.1461,1.3793,2.5905,0.5968,0.0291,1.0,0.0356,0.9389,0.0,0.2934
1747210620000,72.4111,1.0,0.0694,0.8938,1.0,0.0443,1.1349,1.0,5.0493,0.9794,1.0,0.0,87.3321,0.0,20.6728,2.3165,0.9996,0.0243,1.0,0.0,0.0,0.0453,1.0,0.3853,36.0017,0.1519,1.3889,2.5862,0.5968,0.0302,1.0,0.03,0.938,0.0,0.2942
1747210680000,72.709,1.0,0.0694,0.8877,1.0,0.0477,1.1392,0.9999,5.0491,0.9803,1.0,0.0,82.7322,0.0,20.1376,2.3473,0.9996,0.0241,1.0,0.0,0.0,0.0447,1.0,0.3994,37.5018,0.1449,1.6,2.4758,0.6088,0.0293,1.0,0.0293,0.9352,0.0,0.2915
1747210740000,73.9436,1.0,0.0694,0.9658,1.0,0.0466,1.172,1.0,5.0502,0.9824,1.0,0.0,89.5404,0.0,20.4854,2.2985,0.9996,0.0245,1.0,0.0,0.0,0.0451,1.0,0.3944,37.4005,0.1444,1.3636,2.4542,0.5919,0.0299,1.0,0.0431,0.9373,0.0,0.3146
1747210800000,72.5943,1.0,0.0694,0.8853,1.0,0.0477,1.1536,1.0,5.0491,0.9761,1.0,0.0,90.5346,0.0,20.1938,2.3304,0.9996,0.0243,1.0,0.0,0.0,0.0466,1.0,0.3998,37.5647,0.1458,1.9333,2.5875,0.6069,0.0295,1.0,0.0442,0.9338,0.0,0.303
1747210860000,74.3171,1.0,0.0694,0.9328,1.0,0.0435,1.2424,1.0,5.0402,0.9824,1.0,0.0,87.7571,0.0,20.109,2.3536,0.9997,0.0244,1.0,0.0,14.7091,0.0471,1.0,0.3906,36.4316,0.1546,1.68,2.704,0.5905,0.0304,1.0,0.0477,0.9375,0.0182,0.3055
1747210920000,71.3722,1.0,0.0694,0.8682,1.0,0.0428,1.3218,0.9999,5.0536,0.9811,1.0,0.0,85.4755,0.0,20.1533,2.3215,0.9996,0.0245,1.0,0.0,0.0,0.0476,1.0,0.3659,35.9039,0.1528,1.2353,2.5473,0.5918,0.0299,1.0,0.0317,0.9372,0.0,0.302
1747210980000,72.8956,1.0,0.0694,1.0145,1.0,0.0459,1.1756,0.9999,5.0391,0.9827,1.0,0.0,89.8789,0.0,19.987,2.3235,0.9997,0.0247,1.0,0.0,0.0,0.045,1.0,0.384,37.1472,0.1462,2.0,2.603,0.6053,0.0304,1.0,0.0408,0.9378,0.0,0.2996
1747211040000,73.0228,1.0,0.0694,1.0606,1.0,0.047,1.1478,0.9999,5.0529,0.9805,1.0,0.0,91.0797,0.0,19.9266,2.3363,0.9997,0.0247,1.0,0.0,0.0,0.0464,1.0,0.3893,36.6101,0.148,1.2727,2.5315,0.5986,0.0301,1.0,0.0339,0.9387,0.0,0.2992
1747211100000,72.1237,1.0,0.0694,0.9408,1.0,0.0469,1.2258,1.0,5.0487,0.9777,1.0,0.0,89.3293,0.0,19.9952,2.3211,0.9996,0.0246,1.0,0.0,0.3455,0.0471,1.0,0.399,36.5284,0.1501,1.6875,2.6126,0.6158,0.0328,1.0,0.0334,0.9373,0.0,0.3067
1747211160000,72.62,0.9999,0.0694,0.8831,1.0,0.0459,1.227,0.9999,5.0509,0.982,1.0,0.0,94.7059,0.0,20.1625,2.3205,0.9997,0.0246,1.0,0.0,28.0364,0.0455,1.0,0.3877,38.7678,0.151,1.4118,2.6129,0.6177,0.0308,1.0,0.035,0.9371,0.0364,0.3123
1747211220000,74.5918,0.9999,0.0694,0.998,1.0,0.0443,1.5444,0.9998,5.0421,0.9821,1.0,0.0,85.7024,0.0,20.1597,2.3091,0.9997,0.0245,1.0,0.0,0.0,0.0439,1.0,0.3961,36.2305,0.084,1.3846,2.6382,0.6082,0.0283,1.0,0.0365,0.936,0.0,0.3212
1747211280000,70.732,1.0,0.0694,0.8448,1.0,0.0453,1.2185,1.0,5.0342,0.9798,1.0,0.0,89.2986,0.0,19.8437,2.3423,0.9996,0.0248,1.0,0.0,28.4909,0.0431,1.0,0.3861,36.5565,0.0847,1.6667,2.577,0.5989,0.0303,1.0,0.0384,0.9372,0.0364,0.3011
1747211340000,72.0435,1.0,0.0694,1.0211,1.0,0.0489,1.6097,0.9999,5.0327,0.9778,1.0,0.0,92.9569,0.0,20.1942,2.3031,0.9996,0.0246,1.0,0.0,14.7455,0.0477,1.0,0.383,38.1318,0.1522,1.3636,2.2822,0.5931,0.0312,1.0,0.048,0.939,0.0182,0.3136
1747211400000,71.4484,1.0,0.0694,0.937,1.0,0.0461,1.369,1.0,5.0439,0.9795,1.0,0.0,88.1008,0.0,20.0467,2.3332,0.9997,0.0249,1.0,0.0,11.8545,0.0445,1.0,0.4015,36.4104,0.15,1.8824,2.7522,0.6067,0.0304,1.0,0.036,0.9371,0.0182,0.3086
1747211460000,72.3575,1.0,0.0694,1.016,1.0,0.0449,1.4333,0.9999,5.0449,0.979,1.0,0.0,88.1467,0.0,20.4996,2.2944,0.9997,0.0249,1.0,0.0,26.3818,0.046,1.0,0.385,37.1114,0.1499,1.8125,2.6393,0.6014,0.0305,1.0,0.0284,0.938,0.0364,0.3084
1747211520000,71.4356,1.0,0.0694,0.9263,1.0,0.0443,1.4598,0.9999,5.0373,0.9819,1.0,0.0,86.2372,0.0,19.8206,2.3206,0.9997,0.0248,1.0,0.0,30.0727,0.0475,1.0,0.4021,36.3026,0.1514,2.1333,2.4748,0.6049,0.0308,1.0,0.0309,0.9343,0.0364,0.3084
1747211580000,74.2853,1.0,0.0694,1.0374,1.0,0.0454,1.4291,1.0,5.0237,0.9829,1.0,0.0,88.5787,0.0,20.6092,2.3188,0.9998,0.0247,1.0,0.0,13.7455,0.048,1.0,0.3866,37.5274,0.1527,2.8571,2.5018,0.6058,0.0306,1.0,0.0366,0.9376,0.0182,0.3024
1747211640000,74.2878,1.0,0.0694,1.0379,1.0,0.0472,1.6047,1.0,5.0592,0.9791,1.0,0.0,92.5163,0.0,20.6483,2.3127,0.9997,0.0246,1.0,0.0,37.3455,0.0494,1.0,0.3927,37.4171,0.1477,1.5,2.5468,0.6007,0.0299,1.0,0.0313,0.9374,0.0545,0.3088
1747211700000,73.4316,0.9998,0.0694,1.0199,1.0,0.0466,1.2151,0.9999,5.0636,0.9792,1.0,0.0,85.7318,0.0,20.1291,2.3256,0.9996,0.0248,1.0,0.0,0.0,0.0462,1.0,0.39,37.5994,0.1518,1.5,2.6354,0.5924,0.0301,1.0,0.031,0.936,0.0,0.3082
1747211760000,72.9485,1.0,0.0694,0.9845,1.0,0.0434,1.1624,0.9999,5.0709,0.9802,1.0,0.0,85.8544,0.0,20.1267,2.3207,0.9996,0.0248,1.0,0.0,0.3273,0.0447,1.0,0.3875,36.0715,0.083,1.4286,2.3584,0.5981,0.0296,1.0,0.0307,0.9377,0.0,0.3051
1747211820000,73.7103,1.0,0.0694,0.9133,1.0,0.0458,1.2089,1.0,5.0491,0.98,1.0,0.0,90.9029,0.0,20.1879,2.3221,0.9996,0.0246,1.0,0.0,20.7091,0.0457,1.0,0.364,37.446,0.1511,2.1333,2.4235,0.6161,0.0299,1.0,0.0361,0.9365,0.0364,0.2945
1747211880000,72.3614,1.0,0.0694,0.8583,1.0,0.044,1.2685,1.0,5.05,0.9813,1.0,0.0,87.2181,0.0,19.9184,2.313,0.9996,0.025,1.0,0.0,26.8545,0.0461,1.0,0.3949,36.6913,0.1515,3.0,2.6459,0.5971,0.0297,1.0,0.039,0.9373,0.0364,0.3117
1747211940000,73.6172,1.0,0.0694,0.9734,1.0,0.0434,1.3491,1.0,5.0527,0.9813,1.0,0.0,91.8304,0.0,20.4064,2.3217,0.9997,0.0251,1.0,0.0,41.6,0.0472,1.0,0.3975,37.4605,0.1544,1.1176,2.3983,0.6041,0.0306,1.0,0.0384,0.9352,0.0545,0.2978
1747212000000,71.9378,1.0,0.0694,0.8855,1.0,0.046,1.2477,1.0,5.0419,0.9816,1.0,0.0,89.941,0.0,19.9911,2.3495,0.9997,0.0248,1.0,0.0,53.7273,0.0479,1.0,0.3968,36.571,0.1548,1.4615,2.5686,0.6023,0.0301,1.0,0.0268,0.9333,0.0727,0.3169
1747212060000,72.2036,0.9999,0.0694,0.937,1.0,0.043,1.6843,0.9999,5.0283,0.9833,1.0,0.0,88.6034,0.0,19.8752,2.3344,0.9998,0.0251,1.0,0.0,75.4364,0.0473,1.0,0.4026,35.3663,0.1594,1.6071,2.7453,0.6012,0.0306,1.0,0.0599,0.9355,0.0909,0.3118
1747212120000,71.0298,0.9999,0.0694,0.9416,1.0,0.0438,1.4913,1.0,5.04,0.9829,1.0,0.0,87.3535,0.0,20.134,2.339,0.9998,0.0252,1.0,0.0,97.3818,0.0478,1.0,0.397,36.9406,0.1555,1.25,2.8021,0.6105,0.0298,1.0,0.031,0.935,0.1455,0.3105
1747212180000,72.9,0.9999,0.0694,0.8532,1.0,0.0461,1.8589,0.9998,5.0038,0.984,1.0,0.0,91.1396,0.0,20.1504,2.3372,0.9998,0.0254,1.0,0.0,9.3091,0.0461,1.0,0.374,37.6992,0.1557,1.1818,2.7208,0.611,0.0307,1.0,0.0436,0.9337,0.0182,0.3245
1747212240000,73.4139,1.0,0.0694,1.051,1.0,0.0464,1.1546,1.0,5.0464,0.9858,1.0,0.0,78.9974,0.0,19.6804,2.3292,0.9997,0.0252,1.0,0.0,17.2364,0.0463,1.0,0.3797,37.7009,0.1557,1.5,2.3284,0.6081,0.0321,1.0,0.0548,0.9322,0.0182,0.3121
1747212300000,72.655,1.0,0.0694,0.8957,1.0,0.0456,1.1933,1.0,5.0427,0.9885,1.0,0.0,76.3638,0.0,19.6767,2.3406,0.9998,0.0253,1.0,0.0,14.1818,0.0455,1.0,0.401,37.155,0.0893,2.0,2.7247,0.607,0.0314,1.0,0.0455,0.9383,0.0182,0.3134
1747212360000,74.1171,1.0,0.0694,1.1071,1.0,0.043,1.2057,1.0,5.05,0.9847,1.0,0.0,84.7004,0.0,19.9231,2.3218,0.9997,0.0252,1.0,0.0,37.5636,0.0453,1.0,0.4268,35.9819,0.1161,1.6667,2.5814,0.6022,0.0294,1.0,0.0301,0.9357,0.0545,0.3224
1747212420000,72.1995,1.0,0.0694,0.9179,1.0,0.0448,1.2025,1.0,5.0376,0.9832,1.0,0.0,84.8959,0.0,19.9555,2.3233,0.9996,0.0252,1.0,0.0,31.3636,0.0475,1.0,0.4146,35.2836,0.1555,1.5714,2.4925,0.6001,0.0297,1.0,0.029,0.9381,0.0364,0.3055
1747212480000,71.2096,1.0,0.0694,0.8666,1.0,0.045,1.189,0.9999,5.06,0.9798,1.0,0.0,88.2737,0.0,19.7774,2.3199,0.9995,0.025,1.0,0.0,0.0,0.0481,1.0,0.4033,35.5162,0.1573,1.5,2.3433,0.5936,0.0306,1.0,0.0349,0.9327,0.0,0.3037
1747212540000,73.1124,1.0,0.0694,0.9594,1.0,0.0441,1.2598,1.0,5.0582,0.9817,1.0,0.0,88.6953,0.0,20.271,2.3314,0.9997,0.0255,1.0,0.0,0.3818,0.0471,1.0,0.3848,36.4022,0.1592,1.6667,2.3887,0.6066,0.0317,1.0,0.0208,0.933,0.0,0.2972
1747212600000,73.2384,1.0,0.0694,0.8783,1.0,0.0463,1.2183,1.0,5.0657,0.9806,1.0,0.0,89.8363,0.0,19.9863,2.3187,0.9996,0.0252,1.0,0.0,14.4545,0.0492,1.0,0.3661,37.1181,0.1549,1.4118,2.559,0.6088,0.031,1.0,0.0229,0.9329,0.0182,0.3106
1747212660000,71.5289,1.0,0.0694,0.9048,1.0,0.0469,1.2313,1.0,5.0636,0.9787,1.0,0.0,95.4073,0.0,19.79,2.3318,0.9996,0.0252,1.0,0.0,0.0,0.0496,1.0,0.3744,38.5576,0.1564,1.7273,2.5646,0.6063,0.0319,1.0,0.0282,0.9334,0.0,0.307
1747212720000,71.6637,1.0,0.0694,0.8672,1.0,0.0429,1.2414,0.9999,5.051,0.9812,1.0,0.0,87.2791,0.0,20.2187,2.3402,0.9997,0.0254,1.0,0.0,0.0,0.0486,1.0,0.3873,37.3198,0.1611,1.4167,2.5329,0.5876,0.0305,1.0,0.0362,0.9347,0.0,0.3151
1747212780000,73.6215,1.0,0.0694,1.0265,1.0,0.0438,1.2281,1.0,5.0645,0.9816,1.0,0.0,88.8002,0.0,20.0202,2.3174,0.9996,0.0256,1.0,0.0,15.9818,0.0475,1.0,0.4085,37.1211,0.0877,1.5,2.5207,0.6038,0.0302,1.0,0.0227,0.9312,0.0182,0.3056
1747212840000,73.4104,1.0,0.0694,1.0379,1.0,0.0447,1.2732,0.9999,5.0468,0.9814,1.0,0.0,92.1,0.0,19.7926,2.3303,0.9997,0.0255,1.0,0.0,0.0,0.0456,1.0,0.4126,37.273,0.162,1.5556,2.2793,0.6018,0.0308,1.0,0.0279,0.9327,0.0,0.3164
1747212900000,72.6225,1.0,0.0694,0.9844,1.0,0.0463,1.1976,1.0,5.0393,0.9807,1.0,0.0,91.9695,0.0,20.1769,2.3427,0.9997,0.0254,1.0,0.0,12.9091,0.0505,1.0,0.417,38.2233,0.1577,1.6111,2.461,0.5956,0.0305,1.0,0.0241,0.9335,0.0182,0.3112
1747212960000,73.595,1.0,0.0694,0.8289,1.0,0.0475,1.7418,0.9999,5.0376,0.9771,1.0,0.0,97.2419,0.0,20.4535,2.359,0.9996,0.0255,1.0,0.0,14.1273,0.0471,1.0,0.4095,40.1805,0.0883,2.6944,2.4313,0.6044,0.0321,1.0,0.0319,0.9317,0.0182,0.3209
1747213020000,71.536,1.0,0.0694,1.005,1.0,0.0467,1.6566,0.9999,5.035,0.9773,1.0,0.0,95.6294,0.0,20.0531,2.3259,0.9997,0.0256,1.0,0.0,9.1818,0.055,1.0,0.3995,38.6745,0.1627,1.5,2.5981,0.6077,0.0332,1.0,0.0336,0.9331,0.0182,0.327
1747213080000,70.4578,1.0,0.0694,0.8538,1.0,0.0458,1.2236,0.9999,5.0441,0.9794,1.0,0.0,95.8804,0.0,20.2459,2.3274,0.9996,0.0254,1.0,0.0,0.0,0.0495,1.0,0.3852,39.1675,0.1641,1.3333,2.5355,0.6044,0.0326,1.0,0.035,0.934,0.0,0.3302
1747213140000,72.341,1.0,0.0694,0.9516,1.0,0.0468,1.1857,0.9999,5.0418,0.9804,1.0,0.0,95.8162,0.0,20.1344,2.3667,0.9997,0.0257,1.0,0.0,0.0,0.0499,1.0,0.4059,38.1129,0.1612,1.5625,2.535,0.6086,0.0332,1.0,0.0317,0.9323,0.0,0.3337
1747213200000,71.6706,1.0,0.0694,0.9526,1.0,0.0466,1.1843,1.0,5.0691,0.9733,1.0,0.0,92.5089,0.0,20.2476,2.3667,0.9996,0.0252,1.0,0.0,0.0,0.047,1.0,0.4037,38.6341,0.1625,2.0667,2.6964,0.6102,0.0331,1.0,0.0419,0.9332,0.0,0.3277
1747213260000,71.3048,1.0,0.0694,1.0243,1.0,0.0448,1.2527,1.0,5.0705,0.9817,1.0,0.0,85.4865,0.0,19.5973,2.3585,0.9997,0.0258,1.0,0.0,0.0,0.0498,1.0,0.4237,36.1993,0.1614,1.871,2.5107,0.6034,0.0317,1.0,0.0658,0.934,0.0,0.3209
1747213320000,73.2617,1.0,0.0694,0.898,1.0,0.0459,1.1883,0.9999,5.0669,0.9803,1.0,0.0,87.7658,0.0,20.3571,2.3612,0.9996,0.0256,1.0,0.0,14.1818,0.0496,1.0,0.4144,37.0871,0.1575,2.0,2.655,0.6037,0.0318,1.0,0.0321,0.9344,0.0182,0.3147
1747213380000,72.9704,1.0,0.0694,1.0613,1.0,0.0453,1.4072,0.9999,5.0539,0.9834,1.0,0.0,80.1236,0.0,19.2929,1.9494,0.9997,0.0254,1.0,0.0,0.0,0.046,1.0,0.4099,34.9655,0.0886,1.6,2.3578,0.5994,0.0296,1.0,0.0359,0.9366,0.0,0.3135
1747213440000,71.1256,1.0,0.0694,1.0826,1.0,0.0453,1.1427,1.0,5.0724,0.9822,1.0,0.0,83.4246,0.0,19.6331,1.5935,0.9996,0.0253,1.0,0.0,0.0,0.0489,1.0,0.4167,36.1859,0.1566,1.4,2.4756,0.5989,0.0307,1.0,0.0391,0.9375,0.0,0.3067
1747213500000,73.2509,1.0,0.0694,1.0569,1.0,0.0454,1.1821,1.0,5.0538,0.9832,1.0,0.0,88.0259,0.0,19.9313,1.602,0.9996,0.0254,1.0,0.0,0.0,0.0487,1.0,0.3922,37.0195,0.1585,1.5,2.4813,0.6076,0.0323,1.0,0.035,0.9341,0.0,0.3118
1747213560000,75.0209,1.0,0.0694,1.0386,1.0,0.0454,1.1949,1.0,5.0915,0.977,1.0,0.0,93.0715,0.0,20.376,1.5927,0.9996,0.0254,1.0,0.0,0.0,0.0504,1.0,0.3988,40.4509,0.163,1.5,2.3839,0.6108,0.033,1.0,0.0456,0.9343,0.0,0.3113
1747213620000,73.2711,1.0,0.0694,0.9434,1.0,0.0446,1.1523,1.0,5.0502,0.9815,1.0,0.0,90.6907,0.0,20.0098,1.6036,0.9997,0.0257,1.0,0.0,0.0,0.0487,1.0,0.4098,37.9588,0.1666,1.7857,2.4878,0.6056,0.0323,1.0,0.025,0.9339,0.0,0.3197
1747213680000,71.1205,1.0,0.0694,0.8814,1.0,0.0459,1.234,1.0,5.061,0.9794,1.0,0.0,90.9839,0.0,19.6717,1.594,0.9997,0.0257,1.0,0.0,0.0,0.0482,1.0,0.405,37.3009,0.1576,1.0769,2.4896,0.6104,0.0325,1.0,0.0669,0.9356,0.0,0.3153
1747213740000,72.4233,1.0,0.0694,0.9714,1.0,0.0466,1.2051,1.0,5.0327,0.9827,1.0,0.0,90.0575,0.0,20.1662,1.5838,0.9997,0.0254,1.0,0.0,0.0,0.0466,1.0,0.4174,37.9242,0.1597,1.4167,2.6028,0.6033,0.0317,1.0,0.0521,0.9346,0.0,0.3218
1747213800000,74.2569,1.0,0.0694,0.9421,1.0,0.0441,1.1639,1.0,5.0501,0.9817,1.0,0.0,92.9043,0.0,20.3407,1.6113,0.9997,0.0257,1.0,0.0,0.0,0.0493,1.0,0.4115,38.4815,0.165,2.0625,2.4353,0.623,0.0318,1.0,0.0283,0.9357,0.0,0.3171
1747213860000,74.8275,1.0,0.0694,0.9263,1.0,0.0448,1.1471,1.0,5.0509,0.9824,1.0,0.0,91.1081,0.0,20.3188,1.5913,0.9997,0.0258,1.0,0.0,0.0,0.0468,1.0,0.4218,37.556,0.164,1.9655,2.5929,0.6087,0.0322,1.0,0.0574,0.9343,0.0,0.33
1747213920000,73.4489,1.0,0.0694,0.9066,1.0,0.0454,1.16,1.0,5.0626,0.9812,1.0,0.0,86.1012,0.0,19.9473,1.5857,0.9997,0.0259,1.0,0.0,0.0,0.0487,1.0,0.4365,37.2503,0.1627,1.9333,2.4103,0.6042,0.0313,1.0,0.0379,0.9344,0.0,0.3275
1747213980000,73.4973,1.0,0.0694,0.8617,1.0,0.0447,1.2096,0.9999,5.0517,0.9815,1.0,0.0,91.4503,0.0,20.7139,1.5869,0.9996,0.0256,1.0,0.0,0.0,0.0471,1.0,0.4137,38.7399,0.164,1.1667,2.8006,0.6007,0.0312,1.0,0.0447,0.9335,0.0,0.3225
1747214040000,75.2997,1.0,0.0694,1.0291,1.0,0.0463,1.152,1.0,5.0418,0.9792,1.0,0.0,94.0287,0.0,20.174,1.5927,0.9997,0.0258,1.0,0.0,0.0,0.0487,1.0,0.4111,40.2296,0.1657,2.0,2.5812,0.6151,0.0331,1.0,0.0343,0.9314,0.0,0.3194
1747214100000,72.1587,1.0,0.0694,0.8761,1.0,0.0455,1.2295,1.0,5.0527,0.9793,1.0,0.0,88.531,0.0,19.9968,1.5889,0.9996,0.0256,1.0,0.0,0.0,0.0464,1.0,0.4179,36.4903,0.1617,1.8333,2.5316,0.6037,0.0308,1.0,0.0262,0.9344,0.0,0.3314
1747214160000,71.7854,0.9999,0.0694,1.0111,1.0,0.044,1.2236,1.0,5.0562,0.9827,1.0,0.0,85.9251,0.0,20.4203,1.6105,0.9997,0.0257,1.0,0.0,0.0,0.0489,1.0,0.418,36.3332,0.1644,1.75,2.6175,0.5975,0.0321,1.0,0.0416,0.9364,0.0,0.3169
1747214220000,74.5492,1.0,0.0694,0.9314,1.0,0.0447,1.1666,0.9999,5.0466,0.9807,1.0,0.0,92.1569,0.0,20.1287,1.6139,0.9997,0.0257,1.0,0.0,0.0,0.0484,1.0,0.4162,38.2941,0.1691,1.6429,2.6818,0.6122,0.0327,1.0,0.0277,0.9343,0.0,0.3127
1747214280000,74.838,1.0,0.0694,0.8456,1.0,0.0454,1.2211,1.0,5.065,0.9773,1.0,0.0,95.7461,0.0,20.2582,1.5792,0.9996,0.0258,1.0,0.0,10.8364,0.0488,1.0,0.4046,38.4018,0.1683,2.1429,2.5684,0.6101,0.0309,1.0,0.0294,0.934,0.0182,0.3268
1747214340000,72.9593,1.0,0.0694,0.9578,1.0,0.0445,1.2091,1.0,5.0575,0.9808,1.0,0.0,92.697,0.0,20.3432,1.5817,0.9997,0.0259,1.0,0.0,0.4,0.0481,1.0,0.4135,38.4435,0.1639,2.5833,2.4068,0.6089,0.0322,1.0,0.0369,0.9373,0.0,0.3309
1747214400000,71.6317,1.0,0.0694,0.8497,1.0,0.0471,1.2156,1.0,5.0356,0.9819,1.0,0.0,91.7588,0.0,20.0722,1.5978,0.9997,0.026,1.0,0.0,11.8,0.049,1.0,0.431,37.7707,0.1604,1.4375,2.7083,0.6086,0.0323,1.0,0.036,0.9368,0.0182,0.331
1747214460000,74.2191,1.0,0.0694,0.8915,1.0,0.0426,1.193,1.0,5.0704,0.9817,1.0,0.0,83.913,0.0,19.9444,1.5862,0.9997,0.0258,1.0,0.0,0.0,0.0446,1.0,0.4314,37.1902,0.0939,1.7059,2.4494,0.6006,0.0316,1.0,0.0416,0.9361,0.0,0.3247
1747214520000,71.5321,1.0,0.0694,0.9037,1.0,0.0455,1.2342,1.0,5.0502,0.9819,1.0,0.0,89.0929,0.0,20.0922,1.6092,0.9997,0.0258,1.0,0.0,0.0,0.0449,1.0,0.4145,37.6597,0.0921,2.0,2.5702,0.6082,0.0326,1.0,0.0356,0.9343,0.0,0.318
1747214580000,72.3135,1.0,0.0694,0.9641,1.0,0.0447,1.3115,0.9999,5.0648,0.981,1.0,0.0,89.0968,0.0,20.2728,1.5826,0.9996,0.0263,1.0,0.0,0.0,0.0495,1.0,0.3998,37.0069,0.165,1.75,2.2548,0.6008,0.0318,1.0,0.0505,0.9362,0.0,0.3234
1747214640000,73.2951,1.0,0.0694,1.0841,1.0,0.0439,1.1623,0.9999,5.0522,0.9807,1.0,0.0,89.8103,0.0,19.894,1.5899,0.9996,0.026,1.0,0.0,0.0,0.0493,1.0,0.3833,36.331,0.1655,1.2727,2.3956,0.612,0.0312,1.0,0.0413,0.9354,0.0,0.3202
1747214700000,72.8564,1.0,0.0694,0.9809,1.0,0.0444,1.28,1.0,5.052,0.9798,1.0,0.0,87.5669,0.0,20.1638,1.5814,0.9996,0.026,1.0,0.0,0.0,0.0462,1.0,0.4088,36.8667,0.0913,1.4737,2.6307,0.6038,0.0308,1.0,0.0473,0.9356,0.0,0.3252
1747214760000,73.6284,1.0,0.0694,0.8433,1.0,0.0468,1.2597,1.0,5.0782,0.9847,1.0,0.0,78.7429,0.0,19.5714,1.5902,0.9996,0.0261,1.0,0.0,0.0,0.0502,1.0,0.4066,38.1847,0.165,1.5714,2.4446,0.6146,0.0317,1.0,0.0415,0.9319,0.0,0.3219
1747214820000,73.1538,1.0,0.0694,1.03,1.0,0.0449,1.2806,0.9999,5.07,0.9846,1.0,0.0,87.8932,0.0,19.5405,1.5942,0.9997,0.0259,1.0,0.0,0.0,0.0488,1.0,0.4072,37.9876,0.1643,1.5833,2.3898,0.6172,0.0314,1.0,0.0417,0.9332,0.0,0.3335
1747214880000,71.6565,1.0,0.0694,0.8681,1.0,0.0465,1.2083,1.0,5.0374,0.9809,1.0,0.0,98.2537,0.0,20.1425,1.6055,0.9997,0.0261,1.0,0.0,0.0,0.0512,1.0,0.4314,38.7866,0.1689,2.0,2.6932,0.6097,0.0326,1.0,0.0359,0.9303,0.0,0.3277
1747214940000,71.864,1.0,0.0694,0.9376,1.0,0.0462,1.2399,0.9999,5.0609,0.9816,1.0,0.0,96.6834,0.0,20.2148,1.5845,0.9997,0.0264,1.0,0.0,0.0,0.0515,1.0,0.4137,39.0912,0.1658,1.7778,2.5645,0.6213,0.033,1.0,0.0395,0.9324,0.0,0.3363
1747215000000,71.5061,1.0,0.0694,0.9981,1.0,0.0448,1.2352,1.0,5.0709,0.9802,1.0,0.0,89.5766,0.0,20.2826,1.6177,0.9997,0.0256,1.0,0.0,10.6909,0.0463,1.0,0.4168,38.039,0.0923,1.5833,2.5059,0.6117,0.0306,1.0,0.0453,0.9347,0.0182,0.3361
1747215060000,71.8186,0.9999,0.0694,0.9569,1.0,0.0454,1.4811,1.0,5.0664,0.9857,1.0,0.0,78.9164,0.0,19.5056,1.6206,0.9997,0.0257,1.0,0.0,0.0,0.0497,1.0,0.4334,36.2042,0.1702,1.5333,2.6038,0.6098,0.0319,1.0,0.0295,0.9365,0.0,0.3255
1747215120000,71.0332,1.0,0.0694,0.9219,1.0,0.0445,1.2111,1.0,5.0682,0.9831,1.0,0.0,90.0541,0.0,20.278,1.5926,0.9997,0.0259,1.0,0.0,0.0,0.0511,1.0,0.426,37.9474,0.1652,1.5625,2.5903,0.6048,0.0315,1.0,0.0384,0.934,0.0,0.3226
1747215180000,73.7803,1.0,0.0694,1.0644,1.0,0.0443,1.1526,0.9999,5.0536,0.9809,1.0,0.0,89.6737,0.0,20.3738,1.6049,0.9996,0.0258,1.0,0.0,0.0,0.0484,1.0,0.4185,38.2487,0.1655,2.5714,2.6301,0.5999,0.0313,1.0,0.033,0.9356,0.0,0.3189
1747215240000,75.3442,1.0,0.0694,1.0128,1.0,0.0468,1.1978,1.0,5.0573,0.9803,1.0,0.0,93.0282,0.0,20.4735,1.6001,0.9996,0.0257,1.0,0.0,0.0,0.0493,1.0,0.4153,39.7948,0.1649,1.3,2.6339,0.6054,0.0326,1.0,0.0267,0.9332,0.0,0.3191
1747215300000,74.2014,1.0,0.0694,1.1338,1.0,0.0456,1.2367,1.0,5.0645,0.9814,1.0,0.0,92.5236,0.0,20.2568,1.5861,0.9997,0.0256,1.0,0.0,0.4182,0.0491,1.0,0.4004,37.8594,0.168,1.375,2.3731,0.6083,0.0329,1.0,0.0245,0.9346,0.0,0.3239
1747215360000,72.7528,1.0,0.0694,0.9419,1.0,0.0476,1.171,1.0,5.0636,0.9803,1.0,0.0,93.021,0.0,20.0589,1.5987,0.9996,0.0257,1.0,0.0,26.6727,0.0504,1.0,0.4023,37.908,0.1612,1.8214,2.4435,0.6058,0.0333,1.0,0.0239,0.9297,0.0364,0.3208
1747215420000,71.8879,1.0,0.0694,0.9692,1.0,0.0447,1.2418,1.0,5.073,0.9826,1.0,0.0,88.6977,0.0,20.0701,1.5842,0.9997,0.0258,1.0,0.0,15.7273,0.0488,1.0,0.3936,37.0483,0.164,1.5714,2.5123,0.6002,0.0322,1.0,0.0267,0.9337,0.0182,0.3232
1747215480000,71.6522,1.0,0.0694,0.8665,1.0,0.0456,1.2033,1.0,5.0629,0.9826,1.0,0.0,92.6941,0.0,20.316,1.5807,0.9996,0.026,1.0,0.0,27.4727,0.0497,1.0,0.4283,38.0469,0.1641,1.1,2.6907,0.6001,0.0331,1.0,0.0263,0.9331,0.0182,0.3169
1747215540000,73.1262,1.0,0.0694,0.9474,1.0,0.0438,1.275,0.9999,5.0383,0.9808,1.0,0.0,87.8586,0.0,20.0039,1.59,0.9997,0.0261,1.0,0.0,0.0,0.0478,1.0,0.412,36.5511,0.1653,1.2727,2.5756,0.5943,0.0315,1.0,0.0301,0.9337,0.0182,0.318
1747215600000,72.5329,1.0,0.0694,0.8981,1.0,0.0448,1.144,1.0,5.0691,0.9807,1.0,0.0,88.9775,0.0,20.4514,1.5803,0.9996,0.0258,1.0,0.0,0.8364,0.0484,1.0,0.419,38.3266,0.1604,1.4118,2.5106,0.6023,0.0317,1.0,0.021,0.9329,0.0,0.3176
1747215660000,72.3548,1.0,0.0694,0.9328,1.0,0.0464,1.2012,0.9999,5.0655,0.9785,1.0,0.0,91.6965,0.0,19.7883,1.5914,0.9996,0.0259,1.0,0.0,38.2,0.0462,1.0,0.3933,37.3595,0.1666,1.3929,2.5318,0.6063,0.032,1.0,0.0199,0.935,0.0545,0.3198
1747215720000,73.3637,1.0,0.0694,0.9127,1.0,0.0459,1.266,1.0,5.0249,0.9796,1.0,0.0,94.026,0.0,20.484,1.5744,0.9996,0.0259,1.0,0.0,26.0364,0.0472,1.0,0.4085,39.0384,0.1663,1.65,2.7542,0.602,0.0323,1.0,0.0241,0.9335,0.0364,0.3175
1747215780000,71.368,1.0,0.0694,0.8505,1.0,0.0467,1.2484,1.0,5.0445,0.9819,1.0,0.0,90.762,0.0,19.9183,1.5761,0.9997,0.026,1.0,0.0,10.4909,0.0469,1.0,0.4025,38.687,0.1628,1.2,2.5679,0.6076,0.0307,1.0,0.0398,0.9305,0.0182,0.3278
1747215840000,71.6083,1.0,0.0694,0.9485,1.0,0.0451,1.2753,0.9999,5.05,0.9811,1.0,0.0,88.3231,0.0,20.2476,1.5634,0.9996,0.0263,1.0,0.0,29.8182,0.0483,1.0,0.4152,38.1711,0.1135,1.7778,2.4945,0.5993,0.0316,1.0,0.0301,0.9307,0.0364,0.3237
1747215900000,72.565,1.0,0.0694,0.963,1.0,0.0444,1.6404,0.9999,5.0202,0.9807,1.0,0.0,88.0301,0.0,20.6528,1.5916,0.9997,0.0258,1.0,0.0,35.8182,0.0456,1.0,0.4293,36.6792,0.1672,2.0,2.5542,0.5981,0.031,1.0,0.0374,0.9366,0.0545,0.3173
1747215960000,73.1796,1.0,0.0694,1.0081,1.0,0.0447,1.2373,0.9999,5.0445,0.9791,1.0,0.0,88.7493,0.0,20.2254,1.5743,0.9995,0.0257,1.0,0.0,9.7273,0.0473,1.0,0.4278,37.9871,0.1636,1.4118,2.5132,0.6085,0.0313,1.0,0.0386,0.9339,0.0182,0.3123
1747216020000,71.4645,1.0,0.0694,0.9128,1.0,0.0435,1.2588,0.9999,5.0668,0.9822,1.0,0.0,89.7574,0.0,19.7868,1.584,0.9997,0.0258,1.0,0.0,26.7455,0.048,1.0,0.4073,37.5108,0.1664,1.4615,2.6227,0.5981,0.0316,1.0,0.024,0.9326,0.0364,0.3271
1747216080000,71.0021,1.0,0.0694,0.8263,1.0,0.0453,1.4657,1.0,5.0638,0.9812,1.0,0.0,89.8797,0.0,19.8577,1.5813,0.9997,0.0262,1.0,0.0,117.1273,0.0479,1.0,0.4125,36.8422,0.1668,1.1429,2.3382,0.6126,0.0313,1.0,0.0445,0.9354,0.1636,0.318
1747216140000,71.1828,1.0,0.0694,0.9437,1.0,0.0441,1.7478,0.9999,5.0409,0.9785,1.0,0.0,95.4391,0.0,20.5667,1.5687,0.9996,0.0257,1.0,0.0,97.4,0.047,1.0,0.4204,39.1624,0.1708,1.9,2.6837,0.5966,0.0325,1.0,0.032,0.9324,0.1273,0.3303
1747216200000,73.1438,1.0,0.0694,0.8469,1.0,0.0422,2.3983,1.0,5.0374,0.9847,1.0,0.0,83.5432,0.0,20.0922,1.5895,0.9997,0.0259,1.0,0.0,22.8182,0.0481,1.0,0.4302,37.0571,0.175,1.4091,2.7274,0.5905,0.0306,1.0,0.0251,0.9318,0.0364,0.3317
1747216260000,72.932,1.0,0.0694,0.8531,1.0,0.0438,1.1687,1.0,5.0563,0.9854,1.0,0.0,82.4211,0.0,19.8151,1.5778,0.9997,0.0262,1.0,0.0,0.4,0.0459,1.0,0.437,35.8983,0.1634,1.6538,2.4207,0.5892,0.0313,1.0,0.0313,0.934,0.0,0.3256
1747216320000,74.4488,1.0,0.0694,0.9227,1.0,0.0464,1.2284,0.9999,5.0573,0.9806,1.0,0.0,93.463,0.0,20.2442,1.5998,0.9996,0.0261,1.0,0.0,14.4364,0.0473,0.9999,0.4178,38.4415,0.1696,1.5385,2.3478,0.6035,0.0321,1.0,0.0274,0.9314,0.0182,0.3134
1747216380000,73.8931,1.0,0.0694,0.9911,1.0,0.0432,1.22,0.9999,5.0493,0.9808,1.0,0.0,94.3307,0.0,20.239,1.5991,0.9997,0.0259,1.0,0.0,45.5818,0.0463,1.0,0.4131,38.0083,0.096,1.3333,2.4441,0.5948,0.0305,1.0,0.0401,0.9339,0.0545,0.3306
1747216440000,73.6742,0.9998,0.0694,1.0034,1.0,0.0446,1.2394,1.0,5.0403,0.9812,1.0,0.0,92.0538,0.0,20.5433,1.5856,0.9998,0.026,1.0,0.0,18.8,0.0481,1.0,0.4122,37.4065,0.174,1.6,2.935,0.5895,0.0311,1.0,0.0362,0.933,0.0182,0.3272
1747216500000,73.4601,1.0,0.0694,0.9883,1.0,0.0434,1.2032,0.9999,5.0536,0.9806,1.0,0.0,93.3275,0.0,20.0426,1.5755,0.9997,0.026,1.0,0.0,67.0727,0.0477,1.0,0.4125,39.0533,0.1753,1.75,2.3805,0.6022,0.0326,1.0,0.0433,0.9315,0.0909,0.321
1747216560000,73.3826,1.0,0.0694,0.8836,1.0,0.0447,1.8089,1.0,5.0202,0.9801,1.0,0.0,95.0215,0.0,20.2951,1.5914,0.9997,0.0258,1.0,0.0,0.0,0.0469,1.0,0.4239,39.1579,0.1687,1.4815,2.651,0.6061,0.0317,1.0,0.0326,0.932,0.0,0.3394
1747216620000,72.9067,1.0,0.0694,1.0316,1.0,0.0442,1.2409,1.0,5.0529,0.9847,1.0,0.0,90.8001,0.0,20.0464,1.5924,0.9997,0.0261,1.0,0.0,0.0,0.0475,1.0,0.405,37.1798,0.1747,1.0714,2.6898,0.5919,0.0309,1.0,0.0245,0.9282,0.0,0.3343
1747216680000,71.784,1.0,0.0694,0.8639,1.0,0.0456,1.2213,1.0,5.0755,0.9847,1.0,0.0,85.3968,0.0,19.4705,1.5901,0.9997,0.026,1.0,0.0,0.0,0.0473,1.0,0.4177,39.801,0.1676,1.3333,2.4455,0.6061,0.0322,1.0,0.0321,0.928,0.0,0.3261
1747216740000,72.4745,0.9999,0.0694,0.9075,1.0,0.0471,1.2195,1.0,5.0636,0.9793,1.0,0.0,99.1187,0.0,20.2003,1.6,0.9997,0.0262,1.0,0.0,0.0,0.0474,1.0,0.4269,40.4603,0.1681,1.1429,2.5718,0.6032,0.0329,1.0,0.0337,0.9257,0.0,0.3395
1747216800000,72.1636,1.0,0.0694,0.9667,1.0,0.0425,1.1421,0.9999,5.0555,0.9768,1.0,0.0,87.9958,0.0,20.147,1.6179,0.9997,0.0259,1.0,0.0,14.6182,0.0445,1.0,0.4195,37.4613,0.097,1.7059,2.7691,0.5907,0.0307,1.0,0.0251,0.9346,0.0182,0.3313
1747216860000,72.5403,1.0,0.0694,0.9647,1.0,0.0432,1.4722,0.9999,5.0591,0.9806,1.0,0.0,88.9453,0.0,20.1973,1.6122,0.9996,0.0257,1.0,0.0,0.0,0.0483,1.0,0.4045,37.9241,0.1741,1.76,2.5074,0.5831,0.0312,1.0,0.0492,0.935,0.0,0.3324
1747216920000,70.799,1.0,0.0694,0.9076,1.0,0.0438,1.2381,1.0,5.0664,0.9829,1.0,0.0,82.3197,0.0,19.5101,1.6136,0.9997,0.0257,1.0,0.0,0.0,0.0502,1.0,0.413,35.5515,0.1718,1.25,2.5404,0.5807,0.0324,1.0,0.0335,0.9344,0.0,0.3221
1747216980000,71.3566,1.0,0.0694,1.0793,1.0,0.0422,1.2277,1.0,5.0518,0.9849,1.0,0.0,80.1344,0.0,19.7613,1.5982,0.9998,0.0257,1.0,0.0,0.0,0.0445,1.0,0.398,36.0871,0.1678,1.0,2.6705,0.5745,0.0305,1.0,0.0291,0.9322,0.0,0.3233
1747217040000,72.927,1.0,0.0694,0.9179,1.0,0.0442,1.1907,1.0,5.0639,0.9817,1.0,0.0,88.0788,0.0,20.1365,1.5899,0.9997,0.0258,1.0,0.0,0.0,0.0466,1.0,0.3917,36.4536,0.169,1.5556,2.559,0.5778,0.0307,1.0,0.0342,0.9301,0.0,0.3161
1747217100000,74.3047,1.0,0.0694,1.1984,1.0,0.043,1.2178,1.0,5.0601,0.9804,1.0,0.0,86.2078,0.0,19.9525,1.6031,0.9996,0.026,1.0,0.0,0.2909,0.0476,1.0,0.3771,36.8439,0.1694,1.7333,2.6057,0.58,0.0324,1.0,0.0313,0.9333,0.0,0.3091
1747217160000,71.8348,1.0,0.0694,0.9082,1.0,0.0444,1.15,1.0,5.0555,0.9824,1.0,0.0,84.1204,0.0,20.1958,1.6064,0.9997,0.0256,1.0,0.0,12.7455,0.0464,1.0,0.3966,38.7948,0.1692,1.88,2.571,0.5896,0.033,1.0,0.0325,0.9324,0.0182,0.3196
1747217220000,72.6684,1.0,0.0694,1.0266,1.0,0.0421,1.2301,0.9999,5.0536,0.9871,1.0,0.0,74.6034,0.0,19.9911,1.6194,0.9997,0.0257,1.0,0.0,22.8364,0.0456,1.0,0.4097,36.3981,0.1727,1.2353,2.5311,0.5701,0.0314,1.0,0.0381,0.9344,0.0364,0.3273
1747217280000,73.9167,1.0,0.0694,0.857,1.0,0.0422,1.397,0.9999,5.0402,0.9746,1.0,0.0,89.5513,0.0,20.5139,1.5891,0.9996,0.0257,1.0,0.0,0.0,0.0462,1.0,0.4359,38.3878,0.1716,1.5,2.6159,0.5769,0.0318,1.0,0.0345,0.9337,0.0,0.3208
1747217340000,73.7112,1.0,0.0694,0.8985,1.0,0.0422,1.1561,0.9999,5.0555,0.9812,1.0,0.0,89.9884,0.0,20.2253,1.564,0.9996,0.0259,1.0,0.0,0.0,0.0463,1.0,0.4184,37.076,0.1719,1.375,2.5231,0.5757,0.0317,1.0,0.0262,0.9319,0.0,0.3187
1747217400000,71.6485,1.0,0.0694,0.9293,1.0,0.043,1.1751,1.0,5.0739,0.9847,1.0,0.0,74.7733,0.0,19.445,1.5918,0.9996,0.0259,1.0,0.0,0.0,0.0441,1.0,0.4072,35.3688,0.0924,1.5714,2.5446,0.5881,0.0301,1.0,0.0272,0.9324,0.0,0.3216
1747217460000,71.5173,1.0,0.0694,0.9176,1.0,0.043,1.176,1.0,5.0782,0.9803,1.0,0.0,83.4553,0.0,19.7311,1.5986,0.9996,0.0258,1.0,0.0,0.0,0.0461,1.0,0.4045,36.2719,0.1677,1.4444,2.453,0.5736,0.031,1.0,0.0265,0.9331,0.0,0.3249
1747217520000,71.9415,1.0,0.0694,0.9052,1.0,0.0408,1.2559,1.0,5.0766,0.9808,1.0,0.0,87.1537,0.0,19.9117,1.5797,0.9996,0.026,1.0,0.0,14.0909,0.0455,1.0,0.3881,35.9577,0.1766,1.0,2.3446,0.5859,0.0311,1.0,0.0269,0.9354,0.0182,0.317
1747217580000,74.2114,1.0,0.0694,0.8559,1.0,0.0431,1.395,0.9999,5.0348,0.9812,1.0,0.0,87.959,0.0,19.8324,1.5678,0.9997,0.0257,1.0,0.0,0.0,0.0464,1.0,0.4014,36.3065,0.1744,1.3333,2.5549,0.5719,0.0324,1.0,0.0355,0.9331,0.0,0.3262
1747217640000,72.0813,0.9999,0.0694,0.8654,1.0,0.0439,1.2018,0.9999,5.0655,0.9829,1.0,0.0,86.5754,0.0,19.5894,1.59,0.9997,0.0261,1.0,0.0,0.0,0.0445,1.0,0.4052,36.7449,0.1707,1.6429,2.6343,0.5786,0.031,1.0,0.0296,0.9309,0.0,0.3162
1747217700000,73.0549,1.0,0.0694,1.0685,1.0,0.0429,1.1763,1.0,5.0568,0.9829,1.0,0.0,84.2411,0.0,19.3466,1.5885,0.9997,0.0258,1.0,0.0,0.0,0.0456,1.0,0.3861,34.9065,0.1197,1.3684,2.6607,0.5631,0.0303,1.0,0.0331,0.9356,0.0,0.3179
1747217760000,72.9234,1.0,0.0694,1.0584,1.0,0.041,1.2464,1.0,5.0784,0.9867,1.0,0.0,78.9897,0.0,19.6543,1.5905,0.9998,0.026,1.0,0.0,0.0,0.0452,1.0,0.3801,34.2777,0.1691,1.32,2.4741,0.5676,0.0301,1.0,0.0218,0.9336,0.0,0.3089
1747217820000,75.1331,1.0,0.0694,0.9594,1.0,0.0413,1.1283,1.0,5.0636,0.9839,1.0,0.0,83.476,0.0,19.8885,1.5754,0.9997,0.0257,1.0,0.0,0.0,0.0464,1.0,0.3665,34.9317,0.1734,1.3077,2.5,0.5749,0.0304,1.0,0.0242,0.9345,0.0,0.3043
1747217880000,73.3935,1.0,0.0694,0.8173,1.0,0.0397,1.2121,1.0,5.0736,0.9877,1.0,0.0,76.8528,0.0,20.0206,1.5793,0.9998,0.026,1.0,0.0,0.0,0.0431,1.0,0.383,33.6456,0.1699,1.3333,2.4939,0.5614,0.0293,1.0,0.0249,0.9343,0.0,0.3145
1747217940000,73.3265,1.0,0.0694,0.9699,1.0,0.0417,1.1915,0.9999,5.0655,0.9814,1.0,0.0,82.9035,0.0,19.5572,1.5707,0.9997,0.026,1.0,0.0,0.0,0.0481,1.0,0.3644,34.9121,0.1757,2.2857,2.5718,0.5616,0.0308,1.0,0.0263,0.9355,0.0,0.302
1747218000000,74.5429,0.9999,0.0694,0.8601,1.0,0.0421,1.2184,1.0,5.0691,0.9808,1.0,0.0,86.5553,0.0,20.1504,1.5756,0.9997,0.0261,1.0,0.0,0.0,0.0466,1.0,0.368,36.131,0.1722,4.7273,2.5703,0.5748,0.0316,1.0,0.0212,0.9318,0.0,0.3164
1747218060000,72.9205,1.0,0.0694,0.8746,1.0,0.0407,1.2008,0.9999,5.0809,0.9882,1.0,0.0,71.308,0.0,19.4253,1.5821,0.9998,0.0263,1.0,0.0,0.0,0.0471,1.0,0.3806,33.7867,0.1738,1.5,2.4509,0.5682,0.0312,1.0,0.0154,0.9357,0.0,0.3145
1747218120000,74.1919,1.0,0.0694,0.9133,1.0,0.0419,1.2118,1.0,5.0475,0.987,1.0,0.0,81.8868,0.0,19.8118,1.5592,0.9997,0.0259,1.0,0.0,0.0,0.0447,1.0,0.3829,34.9607,0.1721,1.2727,2.48,0.5658,0.0302,1.0,0.0345,0.9336,0.0,0.3163
1747218180000,74.1117,1.0,0.0694,0.9594,1.0,0.0424,1.19,0.9999,5.048,0.9816,1.0,0.0,79.9008,0.0,19.6287,1.5713,0.9996,0.0261,1.0,0.0,0.0,0.0433,1.0,0.3905,34.9515,0.1731,1.3333,2.4961,0.5667,0.0298,1.0,0.0249,0.9349,0.0,0.311
1747218240000,72.9074,1.0,0.0694,0.9954,1.0,0.0411,1.2038,0.9999,5.0682,0.9814,1.0,0.0,84.1205,0.0,19.6722,1.5826,0.9996,0.0261,1.0,0.0,14.5273,0.0432,1.0,0.3854,34.2426,0.0945,1.0769,2.3731,0.5643,0.0298,1.0,0.0191,0.9362,0.0182,0.3128
1747218300000,74.1046,1.0,0.0694,1.0457,1.0,0.043,1.466,1.0,5.0483,0.9821,1.0,0.0,82.7066,0.0,19.8156,1.5561,0.9996,0.0262,1.0,0.0,0.0,0.0449,1.0,0.3828,35.0122,0.1713,1.3571,2.5749,0.5766,0.031,1.0,0.0266,0.9332,0.0,0.3113
1747218360000,70.7429,1.0,0.0694,0.8781,1.0,0.0434,1.2697,1.0,5.0596,0.9829,1.0,0.0,83.7826,0.0,19.3702,1.5766,0.9997,0.0259,1.0,0.0,0.0,0.0452,1.0,0.4029,34.2101,0.1233,1.4583,2.4172,0.5688,0.0309,1.0,0.0136,0.9329,0.0,0.3133
1747218420000,72.7776,1.0,0.0694,0.9989,1.0,0.0414,1.2827,0.9999,5.0636,0.9824,1.0,0.0,81.0261,0.0,19.5405,1.5707,0.9996,0.0259,1.0,0.0,0.0,0.0452,1.0,0.4041,34.2495,0.1713,1.4615,2.7305,0.5773,0.031,1.0,0.0226,0.935,0.0,0.311
1747218480000,71.2189,1.0,0.0694,0.8419,1.0,0.0424,1.2215,1.0,5.0574,0.9849,1.0,0.0,78.5158,0.0,19.5691,1.5747,0.9998,0.026,1.0,0.0,0.0,0.0449,1.0,0.408,34.3315,0.1191,1.0,2.375,0.5706,0.0307,1.0,0.0228,0.9318,0.0,0.3156
1747218540000,74.2268,1.0,0.0694,0.8921,1.0,0.0443,1.1586,0.9999,5.0714,0.9808,1.0,0.0,89.4907,0.0,19.8625,1.5665,0.9997,0.0265,1.0,0.0,14.0727,0.0492,1.0,0.4055,36.1015,0.175,1.1111,2.4759,0.5824,0.0327,1.0,0.0203,0.9318,0.0182,0.3111
1747218600000,72.4125,1.0,0.0694,0.923,1.0,0.0408,1.3692,0.9999,5.0682,0.9956,1.0,0.0,21.8117,0.0,19.6842,1.5945,0.9997,0.0261,1.0,0.0,0.0,0.046,1.0,0.4075,33.904,0.1674,1.6923,2.6259,0.5764,0.0298,1.0,0.0192,0.9359,0.0,0.3269
1747218660000,73.5231,1.0,0.0694,0.9821,1.0,0.0409,1.1899,0.9999,5.0628,0.9945,1.0,0.0,22.9692,0.0,19.4005,1.5651,0.9996,0.0256,1.0,0.0,0.0,0.0445,1.0,0.4155,35.4874,0.1786,1.625,2.3773,0.5728,0.0304,1.0,0.026,0.9341,0.0,0.3107
1747218720000,75.8042,1.0,0.0694,0.9061,1.0,0.0411,1.3257,1.0,5.0664,0.9825,1.0,0.0,82.9861,0.0,20.6395,1.5728,0.9997,0.0257,1.0,0.0,0.0,0.0463,1.0,0.4207,36.7452,0.1785,1.375,2.4464,0.5739,0.0314,1.0,0.0196,0.9345,0.0,0.334
1747218780000,75.4387,1.0,0.0694,0.9831,1.0,0.0405,1.2866,1.0,5.0706,0.986,1.0,0.0,63.3164,0.0,19.852,1.5749,0.9996,0.026,1.0,0.0,0.0,0.0452,1.0,0.4171,33.8256,0.173,2.0,2.6201,0.573,0.0304,1.0,0.0234,0.9378,0.0,0.3241
1747218840000,75.2274,1.0,0.0694,0.9826,1.0,0.0383,1.1842,0.9999,5.041,0.9962,1.0,0.0,20.545,0.0,19.7364,1.5612,0.9997,0.0259,1.0,0.0,0.0,0.0467,1.0,0.4067,33.726,0.1789,2.1667,2.5392,0.5756,0.0313,1.0,0.0284,0.934,0.0,0.3099
1747218900000,76.6537,1.0,0.0694,1.1726,1.0,0.0418,1.1748,0.9999,5.07,0.9961,1.0,0.0,23.0444,0.0,19.2281,1.5604,0.9997,0.0259,1.0,0.0,0.0,0.0461,1.0,0.4205,33.9292,0.1687,1.4286,2.511,0.5702,0.031,1.0,0.0197,0.9372,0.0,0.3154
1747218960000,74.6532,1.0,0.0694,0.9432,1.0,0.0405,1.1837,1.0,5.0627,0.9961,1.0,0.0,24.0583,0.0,19.6423,1.5786,0.9997,0.0261,1.0,0.0,0.0,0.0439,1.0,0.4159,32.8601,0.1716,1.5833,2.5074,0.566,0.03,1.0,0.0289,0.935,0.0,0.3123
1747219020000,75.6834,1.0,0.0694,1.0596,1.0,0.0402,1.1408,0.9999,5.06,0.9834,1.0,0.0,77.6773,0.0,20.1657,1.5605,0.9997,0.0257,1.0,0.0,12.5455,0.0463,1.0,0.4129,34.1761,0.1749,1.4737,2.4681,0.5675,0.0309,1.0,0.0209,0.9355,0.0182,0.3124
1747219080000,75.7899,1.0,0.0694,0.9127,1.0,0.0395,1.3389,0.9999,5.0593,0.9921,1.0,0.0,42.2387,0.0,19.6328,1.5893,0.9997,0.0261,1.0,0.0,0.0,0.0422,1.0,0.4217,33.2555,0.0957,2.3333,2.4042,0.5585,0.0302,1.0,0.0318,0.9361,0.0,0.3114
1747219140000,74.7838,1.0,0.0694,0.9344,1.0,0.0408,1.1538,0.9999,5.053,0.9967,1.0,0.0,21.6749,0.0,18.8546,1.553,0.9997,0.026,1.0,0.0,0.0,0.0411,1.0,0.394,32.5969,0.0962,1.4444,2.3621,0.5695,0.0304,1.0,0.0265,0.9344,0.0,0.3044
1747219200000,77.1572,1.0,0.0694,0.9869,1.0,0.0395,1.1728,0.9999,5.0529,0.9943,1.0,0.0,25.6787,0.0,20.1723,1.5929,0.9996,0.0261,1.0,0.0,0.0,0.0441,1.0,0.4013,34.64,0.1772,1.9167,2.5189,0.5594,0.0303,1.0,0.0329,0.9366,0.0,0.3148
1747219260000,72.7672,1.0,0.0694,0.8706,1.0,0.0415,1.1948,0.9999,5.0518,0.99,1.0,0.0,45.1172,0.0,19.3907,1.5658,0.9997,0.0259,1.0,0.0,14.8182,0.0436,1.0,0.3798,34.0489,0.1702,1.6333,2.3567,0.5726,0.0304,1.0,0.0195,0.9352,0.0182,0.3178
1747219320000,73.578,1.0,0.0694,0.8937,1.0,0.0408,1.1876,1.0,5.0409,0.9879,1.0,0.0,57.8951,0.0,19.622,1.5681,0.9997,0.026,1.0,0.0,16.6364,0.0441,1.0,0.3675,33.2846,0.1729,1.1,2.4602,0.5734,0.0301,1.0,0.0241,0.9339,0.0182,0.3045
1747219380000,73.3764,1.0,0.0694,0.8987,1.0,0.0413,1.2269,1.0,5.0293,0.9845,1.0,0.0,79.7523,0.0,20.0022,1.5632,0.9997,0.0262,1.0,0.0,0.0,0.0427,1.0,0.3775,34.7035,0.1703,1.5,2.4709,0.5694,0.03,1.0,0.0254,0.9345,0.0,0.3068
1747219440000,71.5844,1.0,0.0694,0.8422,1.0,0.0393,1.1626,0.9999,5.0449,0.984,1.0,0.0,76.961,0.0,19.9186,1.584,0.9997,0.0264,1.0,0.0,33.5636,0.0453,1.0,0.374,33.762,0.1705,1.1429,2.371,0.5669,0.0301,1.0,0.0341,0.9336,0.0364,0.3162
1747219500000,74.6913,1.0,0.0694,1.0507,1.0,0.039,1.1292,0.9999,5.044,0.9961,1.0,0.0,18.6873,0.0,19.5487,1.5694,0.9997,0.0261,1.0,0.0,13.6545,0.0441,1.0,0.388,33.1232,0.1744,2.2308,2.4166,0.5644,0.0288,1.0,0.0261,0.9373,0.0182,0.3119
1747219560000,74.847,1.0,0.0694,1.0252,1.0,0.041,1.4536,1.0,5.031,0.996,1.0,0.0,19.8473,0.0,19.3728,1.5831,0.9997,0.026,1.0,0.0,30.6182,0.0427,1.0,0.3963,33.2333,0.1704,1.3125,2.3568,0.5683,0.0297,1.0,0.0218,0.9359,0.0364,0.3054
1747219620000,75.7935,1.0,0.0694,1.0067,1.0,0.0392,1.4798,1.0,5.0322,0.983,1.0,0.0,75.5676,0.0,19.6551,1.5708,0.9996,0.0262,1.0,0.0,15.1273,0.0419,1.0,0.3905,33.1981,0.1728,1.5,2.4741,0.5687,0.0294,1.0,0.0202,0.9365,0.0182,0.3135
1747219680000,72.0804,1.0,0.0694,0.829,1.0,0.0399,1.4795,1.0,5.0618,0.9891,1.0,0.0,57.6622,0.0,19.8756,1.582,0.9997,0.0262,1.0,0.0,12.7455,0.0394,1.0,0.3728,32.039,0.0935,2.0,2.3672,0.5654,0.0285,1.0,0.0136,0.9359,0.0182,0.3042
1747219740000,74.1604,1.0,0.0694,0.9755,1.0,0.0408,1.1922,0.9999,5.0593,0.9962,1.0,0.0,20.0593,0.0,19.8486,1.5941,0.9997,0.0263,1.0,0.0,59.8545,0.0423,1.0,0.3727,33.8084,0.1717,1.5385,2.3605,0.571,0.0293,1.0,0.0161,0.9348,0.0727,0.2929
1747219800000,74.2355,1.0,0.0694,0.9208,1.0,0.0406,1.1727,1.0,5.0236,0.9958,1.0,0.0,19.8988,0.0,19.6986,1.6263,0.9997,0.0263,1.0,0.0,40.8909,0.0443,1.0,0.3624,32.1992,0.1675,1.3333,2.2548,0.5746,0.0294,1.0,0.0162,0.9341,0.0545,0.319
1747219860000,77.3304,1.0,0.0694,0.9065,1.0,0.0408,1.6343,0.9999,5.0594,0.9959,1.0,0.0,25.2993,0.0,20.0462,1.5973,0.9997,0.0262,1.0,0.0,0.0,0.0463,0.9999,0.4059,33.2832,0.1726,1.6667,2.6386,0.5678,0.0298,1.0,0.0166,0.9345,0.0,0.3129
1747219920000,74.3274,1.0,0.0694,0.8874,1.0,0.0423,1.1751,1.0,4.9727,0.9857,1.0,0.0,69.0956,0.0,19.4681,1.5812,0.9997,0.0263,1.0,0.0,12.1455,0.0437,1.0,0.403,31.7268,0.174,1.9091,2.339,0.5626,0.0293,1.0,0.0606,0.9365,0.0182,0.3136
1747219980000,73.0762,1.0,0.0694,0.889,1.0,0.0404,1.1628,0.9999,5.0538,0.9936,1.0,0.0,36.31,0.0,19.5933,1.5667,0.9997,0.0262,1.0,0.0,0.0,0.0432,1.0,0.4077,31.8708,0.171,2.0,2.3479,0.5664,0.0298,1.0,0.031,0.9354,0.0,0.3041
1747220040000,75.1959,1.0,0.0694,0.9951,1.0,0.0407,1.1554,1.0,5.0762,0.9962,1.0,0.0,20.2574,0.0,19.8532,1.582,0.9998,0.0262,1.0,0.0,14.8182,0.0417,1.0,0.4031,33.2795,0.0956,1.6,2.4669,0.5729,0.0298,1.0,0.0233,0.9352,0.0182,0.3038
1747220100000,76.0947,1.0,0.0694,1.0958,1.0,0.0413,1.1447,1.0,5.0502,0.9949,1.0,0.0,25.4771,0.0,19.5984,1.5725,0.9997,0.0262,1.0,0.0,0.0,0.0439,1.0,0.4068,32.3941,0.1699,1.6667,2.595,0.5769,0.0288,1.0,0.0166,0.9371,0.0,0.3136
1747220160000,74.8968,1.0,0.0694,0.894,1.0,0.0395,1.1804,1.0,5.0787,0.9893,1.0,0.0,45.4087,0.0,19.2813,1.5728,0.9997,0.0263,1.0,0.0,12.8,0.0427,1.0,0.4098,32.7526,0.0938,1.8462,2.5018,0.5804,0.0295,1.0,0.0264,0.9341,0.0182,0.3122
1747220220000,72.0254,1.0,0.0694,0.9114,1.0,0.0396,1.1958,1.0,5.07,0.9895,1.0,0.0,55.8512,0.0,19.8477,1.5719,0.9997,0.026,1.0,0.0,117.1455,0.0443,1.0,0.4025,33.1384,0.1745,1.3529,2.4297,0.5733,0.0306,1.0,0.0167,0.9386,0.1636,0.3144
1747220280000,75.5935,1.0,0.0694,0.9776,1.0,0.0389,2.1638,1.0,5.0286,0.9851,1.0,0.0,75.9352,0.0,19.3195,1.5924,0.9997,0.0262,1.0,0.0,99.4364,0.0444,1.0,0.3968,32.8617,0.1751,2.0,2.2786,0.5669,0.029,1.0,0.0227,0.9322,0.1273,0.3121
1747220340000,73.911,1.0,0.0694,0.8394,1.0,0.0409,1.5464,0.9999,5.043,0.9853,1.0,0.0,74.6935,0.0,19.4334,1.5694,0.9997,0.0263,1.0,0.0,13.6364,0.0439,1.0,0.3914,33.413,0.1731,2.2,2.2535,0.5734,0.0296,1.0,0.0188,0.9337,0.0182,0.31
1747220400000,74.391,1.0,0.0694,1.0253,1.0,0.0397,1.2132,1.0,5.058,0.9945,1.0,0.0,22.0391,0.0,19.8527,1.5967,0.9997,0.0262,1.0,0.0,28.1818,0.0431,1.0,0.4034,32.791,0.1735,1.5,2.4536,0.5829,0.0302,1.0,0.0193,0.9397,0.0364,0.305
1747220460000,74.9487,1.0,0.0694,0.9617,1.0,0.0396,1.1933,0.9999,5.0833,0.9959,1.0,0.0,18.5308,0.0,19.3354,1.5809,0.9996,0.0262,1.0,0.0,0.0,0.0409,1.0,0.3935,30.7748,0.0981,1.5,2.5647,0.5767,0.0289,1.0,0.0236,0.9379,0.0,0.3179
1747220520000,73.8537,1.0,0.0694,0.9427,1.0,0.0388,1.1936,1.0,5.0529,0.9904,1.0,0.0,58.6784,0.0,18.9568,1.5819,0.9997,0.0262,1.0,0.0,13.4727,0.0434,1.0,0.414,30.8434,0.176,1.3636,2.4543,0.5651,0.0292,1.0,0.0225,0.9407,0.0182,0.3188
1747220580000,76.2098,1.0,0.0694,0.9638,1.0,0.0387,1.4096,0.9999,5.0448,0.9905,1.0,0.0,51.6994,0.0,18.5426,1.5888,0.9997,0.0261,1.0,0.0,14.8,0.0443,1.0,0.4018,30.4687,0.1773,1.3,2.3766,0.5617,0.0296,1.0,0.0182,0.9382,0.0182,0.3049
1747220640000,74.5711,1.0,0.0694,0.9685,1.0,0.0398,1.1498,1.0,5.0464,0.9952,1.0,0.0,19.1338,0.0,19.2824,1.5839,0.9997,0.0261,1.0,0.0,16.9091,0.0444,1.0,0.3809,30.4638,0.1742,1.5714,2.2507,0.566,0.0297,1.0,0.0249,0.9418,0.0182,0.3081
1747220700000,76.3841,1.0,0.0694,1.0826,1.0,0.0392,1.1293,1.0,5.06,0.9955,1.0,0.0,21.6723,0.0,20.0387,1.5817,0.9998,0.0262,1.0,0.0,43.1818,0.0437,1.0,0.3836,31.7663,0.1784,1.5385,2.6238,0.5709,0.03,1.0,0.0206,0.939,0.0545,0.3044
1747220760000,73.9322,1.0,0.0694,0.9956,1.0,0.0385,1.3834,0.9999,5.0259,0.9949,1.0,0.0,20.1748,0.0,19.6189,1.5816,0.9997,0.0264,1.0,0.0,0.0,0.0434,1.0,0.3818,31.0313,0.1791,1.5938,2.2484,0.5611,0.0306,1.0,0.0195,0.941,0.0,0.309
1747220820000,73.7075,1.0,0.0694,1.0175,1.0,0.038,1.2013,0.9999,5.0486,0.9819,1.0,0.0,76.6178,0.0,19.5446,1.5431,0.9997,0.0263,1.0,0.0,40.1636,0.0418,1.0,0.3845,29.803,0.1838,1.2143,2.6067,0.5564,0.03,1.0,0.0186,0.9387,0.0545,0.3061
1747220880000,73.8164,1.0,0.0694,0.9191,1.0,0.0384,1.1422,1.0,5.0384,0.991,1.0,0.0,35.9304,0.0,19.248,1.5754,0.9996,0.0266,1.0,0.0,0.0,0.0398,1.0,0.3994,28.9379,0.0983,1.0,2.2535,0.5536,0.0298,1.0,0.0254,0.9392,0.0,0.3039
1747220940000,71.0228,1.0,0.0694,0.8582,1.0,0.0394,1.1231,1.0,5.0582,0.9953,1.0,0.0,19.6952,0.0,18.7741,1.5692,0.9996,0.0265,1.0,0.0,13.7818,0.0404,1.0,0.3954,29.6256,0.0968,1.375,2.2527,0.5663,0.0289,1.0,0.0178,0.9361,0.0182,0.2963
1747221000000,76.0755,1.0,0.0694,1.0239,1.0,0.039,1.2982,0.9999,5.0552,0.9952,1.0,0.0,20.3114,0.0,19.1846,1.5795,0.9997,0.0265,1.0,0.0,0.0,0.0407,1.0,0.3927,30.794,0.0993,1.3077,2.7721,0.5623,0.0295,1.0,0.0178,0.9379,0.0,0.316
1747221060000,73.7001,1.0,0.0694,0.8533,1.0,0.0391,1.1473,1.0,5.0867,0.9829,1.0,0.0,74.4289,0.0,19.2418,1.5662,0.9996,0.0266,1.0,0.0,0.0,0.0446,1.0,0.3928,30.499,0.1858,1.5152,2.5773,0.5707,0.0298,1.0,0.032,0.9395,0.0,0.3157
1747221120000,73.6493,1.0,0.0694,0.8734,1.0,0.0387,1.1663,0.9999,5.0745,0.9839,1.0,0.0,66.1011,0.0,19.3408,1.5654,0.9996,0.0264,1.0,0.0,0.0,0.0436,1.0,0.3983,29.452,0.1813,1.1538,2.6273,0.561,0.0299,1.0,0.021,0.9383,0.0,0.3104
1747221180000,72.4523,1.0,0.0694,0.9322,1.0,0.0381,1.2306,1.0,5.0555,0.9969,1.0,0.0,20.223,0.0,18.6114,1.5781,0.9997,0.0266,1.0,0.0,0.0,0.0418,1.0,0.3865,29.432,0.1824,1.6667,2.5306,0.5666,0.0286,1.0,0.0299,0.9386,0.0,0.3052
1747221240000,72.8815,1.0,0.0694,0.8473,1.0,0.039,1.1302,0.9999,5.0634,0.9948,1.0,0.0,25.5234,0.0,18.8983,1.5921,0.9996,0.0268,1.0,0.0,0.0,0.0439,1.0,0.3986,29.3142,0.1766,1.4545,2.5622,0.5627,0.029,1.0,0.0151,0.9383,0.0,0.3091
1747221300000,73.9572,1.0,0.0694,1.0852,1.0,0.0376,1.2853,0.9999,5.0713,0.9962,1.0,0.0,18.7909,0.0,19.2061,1.5804,0.9998,0.0267,1.0,0.0,0.0,0.0412,1.0,0.404,29.181,0.1257,1.3571,2.6391,0.5645,0.0286,1.0,0.0187,0.9425,0.0,0.3059
1747221360000,71.7865,1.0,0.0694,0.8513,1.0,0.0367,1.1126,1.0,5.0745,0.9836,1.0,0.0,70.1481,0.0,18.6288,1.5698,0.9997,0.0267,1.0,0.0,0.0,0.0417,1.0,0.3991,29.2454,0.0988,1.5926,2.4839,0.5687,0.0287,1.0,0.0293,0.9401,0.0,0.2961
1747221420000,75.4632,1.0,0.0694,1.1368,1.0,0.0366,1.1652,0.9999,5.0736,0.9938,1.0,0.0,27.9106,0.0,19.2397,1.5812,0.9997,0.0267,1.0,0.0,0.0,0.0434,1.0,0.3942,28.6129,0.1839,1.4,2.4465,0.5656,0.0286,1.0,0.0182,0.9399,0.0,0.2973
1747221480000,73.9698,1.0,0.0694,0.8607,1.0,0.0361,1.1623,0.9999,5.0745,0.9962,1.0,0.0,17.1148,0.0,18.7698,1.5767,0.9997,0.0267,1.0,0.0,0.0,0.0426,1.0,0.3936,27.7307,0.1786,2.0,2.562,0.5628,0.0277,1.0,0.019,0.9414,0.0,0.3055
1747221540000,76.4353,1.0,0.0694,0.8407,1.0,0.0384,1.1237,0.9999,5.0551,0.9965,1.0,0.0,17.4224,0.0,18.975,1.5735,0.9997,0.0269,1.0,0.0,0.0,0.0413,1.0,0.3957,28.1959,0.1017,2.8667,2.3325,0.564,0.0277,1.0,0.0205,0.9401,0.0,0.301
1747221600000,74.3836,1.0,0.0694,0.9826,1.0,0.0398,1.134,0.9999,5.0691,0.9835,1.0,0.0,71.8036,0.0,19.2855,1.5778,0.9997,0.0267,1.0,0.0,0.0,0.0435,1.0,0.399,29.7343,0.1811,1.4286,2.5026,0.5701,0.0292,1.0,0.0219,0.9413,0.0,0.2999
1747221660000,74.8939,1.0,0.0694,0.8682,1.0,0.0383,1.0959,0.9999,5.07,0.9865,1.0,0.0,67.294,0.0,18.9547,1.5935,0.9997,0.0269,1.0,0.0,12.7818,0.0424,1.0,0.405,28.2537,0.1802,2.0,2.4161,0.5703,0.0288,1.0,0.0177,0.9411,0.0182,0.2967
1747221720000,74.87,1.0,0.0694,0.913,1.0,0.0358,1.1547,0.9999,5.0603,0.9967,1.0,0.0,16.2606,0.0,19.0197,1.5909,0.9997,0.0266,1.0,0.0,13.9818,0.0412,1.0,0.3921,27.5275,0.099,1.4167,2.5194,0.5618,0.0277,1.0,0.0207,0.9416,0.0182,0.3011
1747221780000,75.5875,1.0,0.0694,0.9619,1.0,0.0379,1.4038,1.0,5.0782,0.994,1.0,0.0,27.3001,0.0,19.1274,1.5833,0.9997,0.0267,1.0,0.0,11.7455,0.0445,1.0,0.3886,30.0607,0.1831,1.1818,2.3406,0.5695,0.0293,1.0,0.0181,0.9411,0.0182,0.3027
1747221840000,76.5238,1.0,0.0694,0.9987,1.0,0.0376,1.4885,0.9999,5.0658,0.9952,1.0,0.0,19.6586,0.0,19.2636,1.5732,0.9996,0.0269,1.0,0.0,0.0,0.0443,1.0,0.38,29.845,0.1816,1.5556,2.5299,0.558,0.0294,1.0,0.0336,0.9406,0.0,0.3088
1747221900000,74.5206,1.0,0.0694,1.085,1.0,0.0369,1.1406,1.0,5.0745,0.9849,1.0,0.0,63.4945,0.0,19.2132,1.5697,0.9996,0.0266,1.0,0.0,0.0,0.0449,1.0,0.4013,29.4666,0.1849,1.6471,2.5077,0.5603,0.0312,1.0,0.0244,0.9406,0.0,0.3083
1747221960000,74.9673,1.0,0.0694,0.9469,1.0,0.038,1.121,0.9999,5.0645,0.9932,1.0,0.0,26.4917,0.0,18.9739,1.5729,0.9998,0.0267,1.0,0.0,0.0,0.0439,1.0,0.3819,28.7947,0.1804,1.75,2.2043,0.5649,0.03,1.0,0.0166,0.9413,0.0,0.2967
1747222020000,74.5659,1.0,0.0694,0.8187,1.0,0.0394,1.1466,0.9999,5.0809,0.9962,1.0,0.0,17.8516,0.0,18.9649,1.5836,0.9997,0.0266,1.0,0.0,0.0,0.0444,1.0,0.3877,28.7867,0.1764,1.5385,2.3902,0.5693,0.0299,1.0,0.0236,0.9408,0.0,0.2971
1747222080000,76.7585,1.0,0.0694,1.0519,1.0,0.0411,1.1643,0.9999,5.0714,0.9956,1.0,0.0,19.9747,0.0,19.4686,1.5731,0.9997,0.0266,1.0,0.0,14.9636,0.0436,1.0,0.3953,30.3484,0.1754,1.0,2.525,0.5704,0.0294,1.0,0.0168,0.9374,0.0182,0.3113
1747222140000,70.448,1.0,0.0694,0.8125,1.0,0.0394,1.3719,1.0,5.0482,0.9933,1.0,0.0,35.383,0.0,19.079,1.5927,0.9997,0.0268,1.0,0.0,0.0,0.0459,1.0,0.3799,30.9527,0.1741,1.125,2.5324,0.5635,0.0298,1.0,0.0169,0.9364,0.0,0.316
1747222200000,75.1499,1.0,0.0694,1.0835,1.0,0.0394,1.2167,1.0,5.054,0.9958,1.0,0.0,21.0482,0.0,18.9082,1.5769,0.9997,0.0266,1.0,0.0,0.0,0.0448,1.0,0.3832,30.8074,0.1828,1.8571,2.5171,0.5854,0.0311,1.0,0.0531,0.9408,0.0,0.3181
1747222260000,74.7469,1.0,0.0694,0.9553,1.0,0.0372,1.2341,0.9999,5.0782,0.9902,1.0,0.0,45.9838,0.0,18.8806,1.5653,0.9996,0.0265,1.0,0.0,0.0,0.0455,1.0,0.3876,29.9395,0.1837,1.4483,2.617,0.5681,0.0306,1.0,0.029,0.9398,0.0,0.317
1747222320000,75.9836,1.0,0.0694,0.9399,1.0,0.0371,1.1589,1.0,5.0582,0.9935,1.0,0.0,24.7774,0.0,19.574,1.5704,0.9996,0.0264,1.0,0.0,0.0,0.0429,1.0,0.3843,29.8583,0.1863,1.3636,2.503,0.5643,0.0304,1.0,0.0251,0.9402,0.0,0.298
1747222380000,74.405,1.0,0.0694,0.9496,1.0,0.0387,1.1984,1.0,5.0773,0.9961,1.0,0.0,17.4064,0.0,19.2535,1.5758,0.9997,0.0265,1.0,0.0,0.0,0.0425,1.0,0.3823,29.1836,0.1802,0.75,2.5477,0.5621,0.0288,1.0,0.033,0.9403,0.0,0.3106
1747222440000,76.1313,1.0,0.0694,0.984,1.0,0.0374,1.1486,0.9999,5.0727,0.9959,1.0,0.0,18.4326,0.0,18.9369,1.5602,0.9998,0.0265,1.0,0.0,0.0,0.0441,1.0,0.368,28.5964,0.1812,1.1818,2.4478,0.5649,0.0291,1.0,0.0294,0.9408,0.0,0.3006
1747222500000,75.6729,1.0,0.0694,1.1105,1.0,0.0387,1.1288,1.0,5.0673,0.9934,1.0,0.0,36.6937,0.0,18.7199,1.5705,0.9997,0.0265,1.0,0.0,15.3636,0.0454,1.0,0.3676,28.3602,0.1756,1.2308,2.6258,0.567,0.0293,1.0,0.0373,0.942,0.0182,0.3026
1747222560000,73.255,1.0,0.0694,1.0087,1.0,0.0376,1.2738,0.9999,5.06,0.996,1.0,0.0,18.5505,0.0,18.1161,1.5856,0.9996,0.0263,1.0,0.0,0.0,0.0443,1.0,0.3804,28.1439,0.1825,1.4848,2.3904,0.5711,0.0291,1.0,0.0278,0.9384,0.0,0.2986
1747222620000,73.7956,1.0,0.0694,1.0284,1.0,0.0385,1.1747,1.0,5.0691,0.9916,1.0,0.0,44.3367,0.0,18.8527,1.5509,0.9997,0.0267,1.0,0.0,0.0,0.0464,1.0,0.386,29.5997,0.1802,1.6364,2.6071,0.5739,0.0297,1.0,0.0328,0.9383,0.0,0.3078
1747222680000,72.7687,1.0,0.0694,0.9292,1.0,0.0408,1.176,1.0,5.0473,0.9951,1.0,0.0,22.1664,0.0,18.7254,1.5638,0.9997,0.0264,1.0,0.0,0.0,0.0424,1.0,0.3988,27.8927,0.1724,1.4286,2.3619,0.5723,0.0295,1.0,0.0307,0.9395,0.0,0.2985
1747222740000,73.8575,1.0,0.0694,0.8514,1.0,0.0389,1.1095,1.0,5.0682,0.9961,1.0,0.0,17.9132,0.0,19.019,1.6431,0.9997,0.0264,1.0,0.0,0.0,0.0414,1.0,0.385,29.3086,0.1789,2.625,2.4559,0.5757,0.0289,1.0,0.0338,0.9399,0.0,0.2958
1747222800000,75.0135,1.0,0.0694,1.0027,1.0,0.0394,1.1946,1.0,5.08,0.9949,1.0,0.0,22.2146,0.0,18.7374,1.5694,0.9997,0.0266,1.0,0.0,0.0,0.0425,1.0,0.3718,29.4688,0.1758,1.5556,2.3556,0.5882,0.0292,1.0,0.0273,0.939,0.0,0.3031
1747222860000,72.3349,1.0,0.0694,0.8438,1.0,0.0388,1.145,0.9999,5.0736,0.9906,1.0,0.0,41.9376,0.0,18.8843,1.5565,0.9997,0.0266,1.0,0.0,0.0,0.045,1.0,0.3834,28.7426,0.1775,1.6667,2.3891,0.5736,0.03,1.0,0.0336,0.9398,0.0,0.3037
1747222920000,74.0447,1.0,0.0694,0.8863,1.0,0.0391,1.1409,0.9999,5.0645,0.9961,1.0,0.0,20.3453,0.0,18.4431,1.5612,0.9997,0.0268,1.0,0.0,0.0,0.0453,1.0,0.376,29.6226,0.1751,1.8182,2.6192,0.5724,0.0297,1.0,0.0296,0.9384,0.0,0.2963
1747222980000,73.3963,0.9999,0.0694,0.9387,1.0,0.0416,1.1575,0.9999,5.0676,0.9913,1.0,0.0,53.4542,0.0,18.3389,1.5569,0.9998,0.0265,1.0,0.0,0.0,0.0447,1.0,0.3874,29.3927,0.1735,2.5,2.6606,0.5763,0.0301,1.0,0.0356,0.9375,0.0,0.3069
1747223040000,71.8816,1.0,0.0694,0.8323,1.0,0.0399,1.2927,1.0,5.0655,0.9938,1.0,0.0,25.9208,0.0,18.7315,1.5749,0.9997,0.0266,1.0,0.0,13.4,0.0433,1.0,0.3736,28.8747,0.173,1.75,2.3722,0.5658,0.0289,1.0,0.0331,0.9372,0.0182,0.3061
1747223100000,73.6078,1.0,0.0694,1.0542,1.0,0.0406,1.1251,0.9999,5.0536,0.9961,1.0,0.0,20.0097,0.0,19.317,1.5735,0.9997,0.0266,1.0,0.0,0.0,0.044,1.0,0.3793,31.0334,0.1713,1.5238,2.6432,0.5764,0.0301,1.0,0.0302,0.9388,0.0,0.3021
1747223160000,75.1845,1.0,0.0694,0.8859,1.0,0.0391,1.1419,0.9999,5.0542,0.9961,1.0,0.0,18.5652,0.0,18.9217,1.6195,0.9996,0.0266,1.0,0.0,0.0,0.0426,1.0,0.374,30.3194,0.1776,1.88,2.4472,0.5731,0.0295,1.0,0.0404,0.9375,0.0,0.3055
1747223220000,72.0412,1.0,0.0694,1.0872,1.0,0.0413,1.1358,1.0,5.0737,0.994,1.0,0.0,34.7165,0.0,18.6446,1.5657,0.9998,0.0266,1.0,0.0,0.0,0.0443,1.0,0.3651,29.7844,0.1737,2.1,2.6652,0.5798,0.0309,1.0,0.0317,0.9393,0.0,0.3072
1747223280000,79.9926,1.0,0.0694,0.8715,1.0,0.0406,1.126,1.0,5.0636,0.996,1.0,0.0,21.6241,0.0,20.7383,1.5749,0.9994,0.0265,1.0,0.0,0.0,0.0442,0.9998,0.3795,31.9856,0.1725,1.0,2.3554,0.5726,0.0308,1.0,0.0335,0.9382,0.0,0.3009
1747223340000,71.6545,1.0,0.0694,0.8572,1.0,0.0409,1.1426,0.9999,5.0155,0.9875,1.0,0.0,52.8434,0.0,18.9334,1.5728,0.9998,0.0266,1.0,0.0,0.0,0.0452,1.0,0.3784,30.6614,0.1685,1.8571,2.4397,0.5839,0.0307,1.0,0.0472,0.9382,0.0,0.3048
1747223400000,71.916,1.0,0.0694,1.0323,1.0,0.0408,1.1912,1.0,5.0545,0.9947,1.0,0.0,28.41,0.0,18.8621,1.5824,0.9997,0.0265,1.0,0.0,15.2364,0.0445,1.0,0.3634,30.4827,0.172,1.3846,2.3153,0.5711,0.0295,1.0,0.0271,0.9388,0.0182,0.2994
1747223460000,74.2097,1.0,0.0694,0.8737,1.0,0.0414,1.1258,0.9999,5.0391,0.9959,1.0,0.0,17.7,0.0,19.2307,1.5947,0.9998,0.0266,1.0,0.0,0.0,0.0428,1.0,0.3697,30.0367,0.1739,1.8333,2.2992,0.5683,0.0303,1.0,0.0193,0.9394,0.0,0.302
1747223520000,74.3105,1.0,0.0694,0.9751,1.0,0.0396,1.2127,1.0,5.0502,0.9956,1.0,0.0,19.1101,0.0,19.5369,1.5751,0.9997,0.0267,1.0,0.0,0.0,0.0457,1.0,0.383,29.3351,0.1692,1.4167,2.3591,0.559,0.03,1.0,0.0248,0.9392,0.0,0.3019
1747223580000,70.422,1.0,0.0694,0.8667,1.0,0.0415,1.1116,1.0,5.0518,0.9857,1.0,0.0,67.8638,0.0,18.7339,1.5613,0.9997,0.0266,1.0,0.0,0.0,0.044,1.0,0.3987,29.2676,0.1642,1.0909,2.34,0.5579,0.0303,1.0,0.0325,0.9378,0.0,0.2971
1747223640000,72.9943,1.0,0.0694,1.002,1.0,0.0396,1.1466,1.0,5.0474,0.9861,1.0,0.0,71.7383,0.0,19.1143,1.5615,0.9998,0.0266,1.0,0.0,0.0,0.0449,1.0,0.3752,29.1255,0.1704,1.5,2.3114,0.5663,0.0299,1.0,0.0233,0.9391,0.0,0.284
1747223700000,74.247,1.0,0.0694,1.0783,1.0,0.0407,1.1187,1.0,5.0482,0.9958,1.0,0.0,19.9433,0.0,19.2527,1.5939,0.9998,0.0264,1.0,0.0,0.0,0.0447,1.0,0.3422,29.6498,0.1749,1.25,2.5097,0.573,0.0302,1.0,0.0261,0.9399,0.0,0.2867
1747223760000,71.0771,1.0,0.0694,0.9048,1.0,0.0393,1.2081,1.0,5.0509,0.9914,1.0,0.0,44.0468,0.0,18.266,1.5707,0.9998,0.0263,1.0,0.0,14.8,0.0454,1.0,0.3573,28.375,0.1739,2.0833,2.4089,0.5699,0.0301,1.0,0.0246,0.9384,0.0182,0.3081
1747223820000,74.7349,1.0,0.0694,0.8113,1.0,0.0389,1.137,1.0,5.0555,0.9947,1.0,0.0,22.914,0.0,19.7378,1.5878,0.9997,0.0263,1.0,0.0,13.7818,0.0413,1.0,0.3758,30.7178,0.1684,1.125,2.1624,0.5678,0.0293,1.0,0.0149,0.9402,0.0182,0.2981
1747223880000,76.4188,1.0,0.0694,1.0392,1.0,0.0418,1.1769,1.0,5.0302,0.9963,1.0,0.0,19.3052,0.0,20.0037,1.5739,0.9997,0.0261,1.0,0.0,0.0,0.0424,1.0,0.3974,31.0877,0.1657,2.3333,2.7882,0.6003,0.0301,1.0,0.0295,0.9361,0.0,0.2947
1747223940000,75.7793,1.0,0.0694,0.8228,1.0,0.0406,1.1204,0.9999,5.0682,0.9875,1.0,0.0,53.7578,0.0,20.071,1.5532,0.9997,0.0268,1.0,0.0,30.8545,0.0444,1.0,0.3879,31.3493,0.1692,2.2222,2.5474,0.6029,0.0297,1.0,0.0548,0.9383,0.0364,0.3003
1747224000000,75.1703,1.0,0.0694,1.0287,1.0,0.0387,1.3759,1.0,5.0473,0.9875,1.0,0.0,42.1828,0.0,19.4272,1.585,0.9996,0.026,1.0,0.0,15.0909,0.0444,1.0,0.3794,32.282,0.1761,1.6154,2.8229,0.6133,0.0297,1.0,0.0363,0.9405,0.0182,0.2976
1747224060000,75.19,1.0,0.0694,0.8793,1.0,0.0388,1.1324,1.0,5.07,0.9955,1.0,0.0,22.056,0.0,19.8774,1.5941,0.9997,0.026,1.0,0.0,14.4364,0.0445,0.9999,0.3987,32.6265,0.1748,1.7576,2.9378,0.6117,0.0302,1.0,0.0678,0.9393,0.0182,0.3072
1747224120000,75.1085,1.0,0.0694,0.9383,1.0,0.0393,1.2774,0.9999,5.0609,0.9953,1.0,0.0,20.1406,0.0,19.4884,1.5887,0.9997,0.0263,1.0,0.0,13.5455,0.0433,1.0,0.3783,30.3556,0.1773,1.25,2.8796,0.6002,0.0303,1.0,0.0689,0.9419,0.0182,0.3112
1747224180000,75.7388,1.0,0.0694,0.9218,1.0,0.0398,1.1819,1.0,5.05,0.9815,1.0,0.0,76.5227,0.0,19.906,1.5926,0.9996,0.0262,1.0,0.0,45.2909,0.0443,1.0,0.3865,31.7776,0.1694,1.5,2.6688,0.5965,0.03,1.0,0.0579,0.9391,0.0545,0.3066
1747224240000,75.2012,1.0,0.0694,1.0118,1.0,0.04,1.1637,0.9999,5.0582,0.9848,1.0,0.0,67.5689,0.0,19.8577,1.595,0.9996,0.0262,1.0,0.0,28.4364,0.0426,1.0,0.379,31.9296,0.1722,1.625,2.6484,0.6059,0.0298,1.0,0.0573,0.9389,0.0364,0.2971
1747224300000,76.392,1.0,0.0694,1.0114,1.0,0.0419,1.2322,1.0,5.06,0.9959,1.0,0.0,19.9832,0.0,20.5996,1.6202,0.9995,0.0262,1.0,0.0,27.8727,0.0425,0.9999,0.3744,31.7655,0.172,1.2941,2.727,0.5952,0.0296,1.0,0.0503,0.9395,0.0364,0.2976
1747224360000,76.157,1.0,0.0694,1.0065,1.0,0.038,1.3742,1.0,5.0345,0.9958,1.0,0.0,20.2056,0.0,19.939,1.5966,0.9996,0.0262,1.0,0.0,27.2545,0.0431,1.0,0.3845,31.9535,0.1775,1.7143,2.9472,0.6047,0.0289,1.0,0.035,0.9402,0.0364,0.2965
1747224420000,76.0144,1.0,0.0694,1.0086,1.0,0.04,1.5484,1.0,5.0437,0.9956,1.0,0.0,20.8172,0.0,19.66,1.5828,0.9997,0.0263,1.0,0.0,0.0,0.0431,1.0,0.3702,31.4779,0.1756,1.5385,2.8243,0.6029,0.0299,1.0,0.0429,0.9411,0.0,0.3015
1747224480000,76.0767,1.0,0.0694,0.9398,1.0,0.0395,1.1831,1.0,5.0385,0.9822,1.0,0.0,69.6568,0.0,19.6514,1.5804,0.9996,0.0261,1.0,0.0,13.6909,0.0426,1.0,0.3885,31.0953,0.1768,1.5,2.8763,0.5958,0.0287,1.0,0.0514,0.94,0.0182,0.3081
1747224540000,72.7797,1.0,0.0694,0.8174,1.0,0.0401,1.1504,1.0,5.0422,0.9923,1.0,0.0,40.1626,0.0,19.9134,1.5706,0.9997,0.0266,1.0,0.0,0.0,0.0448,1.0,0.3843,30.193,0.1667,1.7143,2.7595,0.5913,0.0302,1.0,0.0492,0.9432,0.0,0.2994
1747224600000,74.3551,1.0,0.0694,0.9148,1.0,0.0387,1.22,1.0,5.0466,0.9952,1.0,0.0,21.7323,0.0,19.3225,1.5795,0.9997,0.0263,1.0,0.0,0.0,0.0427,0.9999,0.3779,29.7677,0.1743,4.2,2.6148,0.6041,0.0292,1.0,0.0417,0.9401,0.0,0.29
1747224660000,75.3475,1.0,0.0694,0.8587,1.0,0.0398,1.1788,0.9999,5.0529,0.9943,1.0,0.0,25.9486,0.0,20.2934,1.5821,0.9996,0.026,1.0,0.0,14.1455,0.0411,1.0,0.3703,31.1986,0.1784,1.6667,2.8698,0.5999,0.0301,1.0,0.037,0.9417,0.0182,0.3035
1747224720000,75.0712,1.0,0.0694,0.9237,1.0,0.0399,1.1287,0.9999,5.053,0.9921,1.0,0.0,37.6779,0.0,20.3098,1.5911,0.9996,0.0263,1.0,0.0,27.9091,0.0423,0.9999,0.3665,31.2562,0.1683,1.4615,2.9617,0.5874,0.0284,1.0,0.0431,0.9387,0.0364,0.3015
1747224780000,75.9078,1.0,0.0694,0.9374,1.0,0.041,1.2083,0.9999,5.0573,0.9926,1.0,0.0,34.4937,0.0,20.3894,1.5857,0.9996,0.026,1.0,0.0,80.9455,0.042,1.0,0.3707,30.7976,0.1692,1.8,2.7941,0.5974,0.0299,1.0,0.0548,0.9405,0.1091,0.2939
1747224840000,74.5351,1.0,0.0694,0.8338,1.0,0.0389,1.4639,1.0,5.0274,0.9882,1.0,0.0,56.1756,0.0,19.472,1.5891,0.9996,0.0265,1.0,0.0,35.6727,0.0432,1.0,0.3635,30.6811,0.1728,1.5455,3.0335,0.5913,0.0304,1.0,0.0314,0.94,0.0545,0.3036
1747224900000,72.3974,0.9997,0.0694,0.9223,1.0,0.0414,1.3187,1.0,5.0691,0.9966,1.0,0.0,19.9687,0.0,18.724,1.5809,0.9997,0.0263,1.0,0.0,72.6,0.0418,1.0,0.3817,30.0053,0.173,1.4286,2.6888,0.576,0.0298,1.0,0.0341,0.9418,0.0727,0.2923
1747224960000,74.6842,1.0,0.0694,1.1024,1.0,0.0402,1.3985,1.0,5.0377,0.9936,1.0,0.0,29.2891,0.0,19.5213,1.592,0.9997,0.026,1.0,0.0,41.1818,0.0447,1.0,0.387,31.7952,0.1745,1.8333,2.6632,0.5674,0.0302,1.0,0.034,0.9391,0.0727,0.3031
1747225020000,73.4943,1.0,0.0694,1.0578,1.0,0.0391,1.1528,1.0,5.0645,0.9955,1.0,0.0,19.1899,0.0,18.9536,1.5666,0.9996,0.0263,1.0,0.0,0.0,0.0421,1.0,0.3683,28.3425,0.1778,1.3,2.4794,0.566,0.0292,1.0,0.0282,0.9416,0.0,0.3008
1747225080000,75.4842,1.0,0.0694,0.8835,1.0,0.0383,1.1899,0.9999,5.0573,0.983,1.0,0.0,70.6699,0.0,19.8025,1.579,0.9995,0.0258,1.0,0.0,0.0,0.0426,0.9999,0.3686,30.8281,0.1755,2.6,2.4836,0.5629,0.0294,1.0,0.0266,0.9374,0.0,0.2936
1747225140000,72.3676,1.0,0.0694,0.8617,1.0,0.0396,1.062,1.0,5.0509,0.9946,1.0,0.0,26.2176,0.0,19.3496,1.5814,0.9996,0.0264,1.0,0.0,0.0,0.0425,1.0,0.3618,29.5457,0.1722,1.9091,2.3557,0.5709,0.0287,1.0,0.0276,0.9404,0.0,0.2875
1747225200000,74.9136,1.0,0.0694,0.9959,1.0,0.0389,1.1373,1.0,5.0477,0.9958,1.0,0.0,18.6976,0.0,19.5916,1.5937,0.9996,0.0261,1.0,0.0,0.0,0.0442,1.0,0.3692,29.8705,0.1701,2.0,2.877,0.6046,0.0293,1.0,0.0284,0.9391,0.0,0.2935
1747225260000,75.3203,1.0,0.0694,0.8959,1.0,0.0403,1.1519,1.0,5.0783,0.996,1.0,0.0,21.4043,0.0,19.0863,1.5958,0.9997,0.0259,1.0,0.0,12.8,0.0409,1.0,0.3519,31.3462,0.17,1.96,2.9234,0.6095,0.0298,1.0,0.0532,0.9407,0.0182,0.2936
1747225320000,74.366,1.0,0.0694,0.9064,1.0,0.0391,1.3131,1.0,5.05,0.9844,1.0,0.0,72.295,0.0,18.9422,1.6023,0.9996,0.0259,1.0,0.0,16.6364,0.0418,1.0,0.3438,29.2135,0.1731,1.4286,2.5509,0.5986,0.0296,1.0,0.0477,0.939,0.0182,0.3037
1747225380000,75.5971,1.0,0.0694,1.0196,1.0,0.0392,1.1535,1.0,5.0657,0.9844,1.0,0.0,72.4751,0.0,19.2834,1.5959,0.9997,0.026,1.0,0.0,14.9273,0.0408,1.0,0.3554,30.3118,0.1711,2.0,2.9709,0.6063,0.0288,1.0,0.0441,0.9411,0.0182,0.2905
1747225440000,78.2636,1.0,0.0694,1.0086,1.0,0.0402,1.2241,0.9999,5.0618,0.995,1.0,0.0,20.5401,0.0,19.9737,1.6024,0.9996,0.0259,1.0,0.0,31.1818,0.0428,0.9999,0.3463,33.2981,0.177,1.75,2.6727,0.6036,0.0311,1.0,0.0407,0.9391,0.0182,0.2856
1747225500000,75.2746,1.0,0.0694,1.0057,1.0,0.0412,1.1696,1.0,5.05,0.9933,1.0,0.0,38.0964,0.0,19.1588,1.5832,0.9997,0.0263,1.0,0.0,0.0,0.0439,1.0,0.3732,31.3646,0.1709,1.3333,2.7943,0.6095,0.0308,1.0,0.0359,0.939,0.0182,0.3021
1747225560000,74.2149,1.0,0.0694,1.0241,1.0,0.0395,1.1889,1.0,5.0473,0.9944,1.0,0.0,27.9618,0.0,19.2385,1.5955,0.9998,0.0261,1.0,0.0,27.8909,0.0434,1.0,0.3744,29.6951,0.1719,1.5769,2.9271,0.608,0.0293,1.0,0.0428,0.9411,0.0364,0.2991
1747225620000,73.1793,1.0,0.0694,0.8185,1.0,0.0378,1.443,0.9999,5.0555,0.9917,1.0,0.0,36.7853,0.0,19.7396,1.5931,0.9997,0.0257,1.0,0.0,14.3818,0.0424,1.0,0.37,30.5105,0.1732,1.1667,2.8196,0.6129,0.0294,1.0,0.0339,0.9404,0.0182,0.3018
1747225680000,75.0477,1.0,0.0694,1.0642,1.0,0.0406,1.1173,1.0,5.0745,0.985,1.0,0.0,71.3413,0.0,19.3384,1.6043,0.9997,0.0258,1.0,0.0,24.3091,0.0423,1.0,0.381,30.9008,0.1712,1.4,2.6986,0.6109,0.0279,1.0,0.0509,0.9368,0.0364,0.2973
1747225740000,75.2468,1.0,0.0694,0.8516,1.0,0.0411,1.2459,1.0,5.0721,0.9826,1.0,0.0,76.5819,0.0,19.9923,1.5928,0.9996,0.0259,1.0,0.0,0.0,0.0403,1.0,0.3602,31.9453,0.1666,2.3333,2.6341,0.6081,0.0298,1.0,0.0345,0.9374,0.0,0.2909
1747225800000,73.0359,1.0,0.0694,0.9547,1.0,0.0403,1.1366,1.0,5.0608,0.9961,1.0,0.0,17.5945,0.0,19.1125,1.5836,0.9996,0.0258,1.0,0.0,13.7455,0.0422,1.0,0.3576,30.7369,0.1678,1.4118,2.5682,0.5876,0.0285,1.0,0.0362,0.9421,0.0182,0.2936
1747225860000,73.1567,1.0,0.0694,0.9094,1.0,0.0399,1.1289,0.9999,5.0609,0.9965,1.0,0.0,18.8739,0.0,18.1971,1.5792,0.9997,0.0254,1.0,0.0,0.0,0.0415,1.0,0.3421,29.513,0.1688,1.32,2.3534,0.5686,0.0289,1.0,0.0315,0.9396,0.0,0.299
1747225920000,73.666,1.0,0.0694,0.9645,1.0,0.0421,1.156,1.0,5.0545,0.9831,1.0,0.0,74.5538,0.0,19.3173,1.578,0.9997,0.0254,1.0,0.0,0.0,0.0387,1.0,0.3481,30.9557,0.0915,1.4,2.3982,0.5674,0.0284,1.0,0.0234,0.9363,0.0,0.2931
1747225980000,73.0717,1.0,0.0694,0.9253,1.0,0.0431,1.1336,1.0,5.0684,0.9839,1.0,0.0,62.0003,0.0,19.392,1.5819,0.9997,0.0251,1.0,0.0,0.0,0.0401,1.0,0.3446,31.4276,0.1201,1.3333,2.3841,0.5616,0.0287,1.0,0.0323,0.9414,0.0,0.2841
1747226040000,73.2822,1.0,0.0694,1.0221,1.0,0.0406,1.131,0.9999,5.066,0.9969,1.0,0.0,16.3963,0.0,18.875,1.5842,0.9998,0.0257,1.0,0.0,0.0,0.0393,1.0,0.335,29.291,0.1678,1.0909,2.4802,0.5515,0.028,1.0,0.0288,0.9399,0.0,0.2941
1747226100000,75.3042,1.0,0.0694,0.954,1.0,0.0415,1.0985,0.9999,5.0584,0.9964,1.0,0.0,18.0144,0.0,19.4669,1.585,0.9997,0.0255,1.0,0.0,0.0,0.037,1.0,0.3504,30.4518,0.0944,1.4091,2.4322,0.5561,0.0274,1.0,0.0239,0.9383,0.0,0.2831
1747226160000,75.1412,1.0,0.0694,1.1068,1.0,0.0383,1.0808,1.0,5.0773,0.9962,1.0,0.0,18.88,0.0,19.4235,1.5748,0.9998,0.0254,1.0,0.0,0.0,0.0368,1.0,0.353,29.2753,0.093,1.7778,2.5202,0.5639,0.0278,1.0,0.0409,0.9411,0.0,0.2901
1747226220000,70.5709,1.0,0.0694,0.9768,1.0,0.0397,1.1832,1.0,5.0509,0.9854,1.0,0.0,71.4639,0.0,19.1136,1.5602,0.9998,0.0253,1.0,0.0,0.0,0.0382,1.0,0.3537,29.696,0.1632,1.75,2.4008,0.5684,0.0276,1.0,0.0437,0.9374,0.0,0.287
1747226280000,74.6181,1.0,0.0694,0.942,1.0,0.04,1.115,1.0,5.0509,0.9919,1.0,0.0,34.7346,0.0,19.3326,1.5749,0.9997,0.0254,1.0,0.0,0.0,0.0374,1.0,0.3498,30.706,0.1659,1.3333,2.4643,0.5615,0.0271,1.0,0.0439,0.9396,0.0,0.2767
1747226340000,74.0804,1.0,0.0694,0.8359,1.0,0.0412,1.0741,0.9999,5.0773,0.9957,1.0,0.0,17.7439,0.0,19.1752,1.5865,0.9997,0.0252,1.0,0.0,0.0,0.0386,1.0,0.3473,31.4408,0.1625,1.5385,2.2991,0.5706,0.0276,1.0,0.0305,0.9379,0.0,0.2847
1747226400000,74.1202,1.0,0.0694,0.9203,1.0,0.0397,1.0963,1.0,5.0764,0.9957,1.0,0.0,22.5189,0.0,18.9028,1.5829,0.9996,0.025,1.0,0.0,0.0,0.0387,1.0,0.353,31.6757,0.1616,2.5,2.4437,0.5746,0.0273,1.0,0.0303,0.9358,0.0,0.2842
1747226460000,74.6395,1.0,0.0694,0.9152,1.0,0.0379,1.0968,0.9999,5.0636,0.9926,1.0,0.0,39.5626,0.0,18.6034,1.5771,0.9997,0.0251,1.0,0.0,0.0,0.037,1.0,0.3473,31.271,0.0921,1.5556,2.445,0.5683,0.0274,1.0,0.0448,0.9386,0.0,0.2866
1747226520000,73.7044,1.0,0.0694,0.9178,1.0,0.0414,1.1225,1.0,5.0845,0.9891,1.0,0.0,53.4345,0.0,19.5671,1.5833,0.9998,0.0252,1.0,0.0,11.8727,0.0377,1.0,0.3413,33.1157,0.0901,1.5,2.5214,0.5675,0.0274,1.0,0.0251,0.9395,0.0182,0.284
1747226580000,70.514,1.0,0.0694,0.9416,1.0,0.0405,1.1613,1.0,5.04,0.985,1.0,0.0,75.2031,0.0,19.2922,1.5637,0.9998,0.0256,1.0,0.0,14.0909,0.0409,1.0,0.3422,30.6337,0.1591,1.3333,2.4757,0.5683,0.0283,1.0,0.0373,0.9418,0.0182,0.2837
1747226640000,73.3583,1.0,0.0694,0.8592,1.0,0.0417,1.2631,1.0,5.0436,0.9901,1.0,0.0,62.7407,0.0,18.7081,1.6044,0.9997,0.0252,1.0,0.0,11.4182,0.0391,1.0,0.3566,31.7132,0.1549,1.0667,2.4061,0.5766,0.0277,1.0,0.0293,0.935,0.0182,0.2856
1747226700000,72.8934,0.9998,0.0694,0.8842,1.0,0.0415,1.0987,1.0,5.0373,0.9971,1.0,0.0,15.3504,0.0,18.9421,1.5826,0.9998,0.025,1.0,0.0,0.0,0.0373,1.0,0.3458,29.5077,0.1536,1.8333,2.4562,0.5618,0.0271,1.0,0.0346,0.9389,0.0,0.2854
1747226760000,69.4533,1.0,0.0694,1.1062,1.0,0.0417,1.1343,1.0,5.0655,0.9961,1.0,0.0,16.7284,0.0,18.8466,1.5954,0.9998,0.0251,1.0,0.0,0.0,0.0384,1.0,0.3333,29.6236,0.1572,1.7083,2.3159,0.5603,0.0273,1.0,0.0444,0.9349,0.0,0.2735
1747226820000,73.7527,1.0,0.0694,1.1256,1.0,0.0399,1.1065,1.0,5.0436,0.9843,1.0,0.0,68.1854,0.0,18.8317,1.584,0.9998,0.0248,1.0,0.0,0.0,0.0346,1.0,0.3565,30.415,0.0873,2.0,2.395,0.5562,0.0266,1.0,0.0313,0.9372,0.0,0.2809
1747226880000,73.2871,1.0,0.0694,0.9494,1.0,0.042,1.1635,1.0,5.0509,0.9871,1.0,0.0,57.5922,0.0,19.1984,1.5904,0.9997,0.0244,1.0,0.0,0.0,0.0389,1.0,0.3516,31.8554,0.158,1.3333,2.2484,0.5651,0.0281,1.0,0.0244,0.9375,0.0,0.2709
1747226940000,73.1383,1.0,0.0694,0.8814,1.0,0.0393,1.1487,1.0,5.0536,0.9967,1.0,0.0,18.0557,0.0,19.0172,1.5852,0.9997,0.0247,1.0,0.0,13.4,0.0394,1.0,0.3491,31.8005,0.0939,1.375,2.3938,0.562,0.0281,1.0,0.02,0.9357,0.0182,0.2894
1747227000000,73.5012,1.0,0.0694,0.9914,1.0,0.0382,1.3373,0.9999,5.0668,0.9964,1.0,0.0,17.8277,0.0,19.0966,1.5895,0.9997,0.0247,1.0,0.0,0.0,0.0389,1.0,0.3538,31.7678,0.1561,1.5385,2.4697,0.554,0.0275,1.0,0.0438,0.9373,0.0,0.2875
1747227060000,72.6559,1.0,0.0694,0.8764,1.0,0.0389,1.1704,0.9999,5.0518,0.9958,1.0,0.0,19.021,0.0,19.1877,1.6096,0.9997,0.0243,1.0,0.0,13.8909,0.0361,1.0,0.3585,31.3097,0.0877,1.7917,2.4304,0.5578,0.0269,1.0,0.0395,0.9398,0.0182,0.278
1747227120000,74.1144,1.0,0.0694,0.8995,1.0,0.0386,1.0884,0.9999,5.0583,0.9968,1.0,0.0,16.6288,0.0,19.1057,1.602,0.9998,0.0244,1.0,0.0,0.0,0.0363,1.0,0.3585,31.3012,0.0872,1.2222,2.2324,0.5591,0.0263,1.0,0.0254,0.9348,0.0,0.2845
1747227180000,75.9963,1.0,0.0694,1.0507,1.0,0.0381,1.189,1.0,5.03,0.9894,1.0,0.0,46.5409,0.0,19.1505,1.5952,0.9997,0.0242,1.0,0.0,0.0,0.0365,1.0,0.3642,31.9826,0.09,1.5,2.4166,0.5542,0.0279,1.0,0.0211,0.9354,0.0,0.2787
1747227240000,72.9791,1.0,0.0694,0.9896,1.0,0.0397,1.1134,0.9998,5.0478,0.9907,1.0,0.0,48.2116,0.0,18.9356,1.5809,0.9997,0.0243,1.0,0.0,0.0,0.0372,1.0,0.3584,31.7085,0.1546,2.8889,2.417,0.5442,0.0269,1.0,0.0326,0.9404,0.0,0.2732
1747227300000,73.1651,1.0,0.0694,1.0749,1.0,0.037,1.0905,0.9999,5.0445,0.9973,1.0,0.0,19.7588,0.0,17.9541,1.603,0.9998,0.0244,1.0,0.0,0.0,0.0379,1.0,0.3518,30.117,0.1606,1.2857,2.416,0.5534,0.0278,1.0,0.0236,0.9357,0.0,0.2754
1747227360000,75.1041,0.9998,0.0694,1.0123,1.0,0.0373,1.1309,1.0,5.0609,0.9912,1.0,0.0,48.2262,0.0,19.1399,1.5897,0.9997,0.0242,1.0,0.0,0.0,0.036,1.0,0.3401,31.5701,0.0921,1.7586,2.3554,0.5458,0.0269,1.0,0.0274,0.9376,0.0,0.2839
1747227420000,73.0336,0.9998,0.0694,0.8079,1.0,0.0387,1.0931,1.0,5.0358,0.9876,1.0,0.0,60.0342,0.0,18.7493,1.5863,0.9997,0.0243,1.0,0.0,0.0,0.0355,1.0,0.3508,30.2851,0.0882,1.4545,2.6679,0.5472,0.0264,1.0,0.0245,0.9369,0.0,0.2687
1747227480000,74.8491,1.0,0.0694,1.0375,1.0,0.0408,1.1196,1.0,5.0945,0.9836,1.0,0.0,75.978,0.0,19.2697,1.5828,0.9997,0.0242,1.0,0.0,0.0,0.0363,1.0,0.3482,32.0527,0.087,1.2,2.4286,0.5477,0.0282,1.0,0.0223,0.9334,0.0,0.2709
1747227540000,73.5396,1.0,0.0694,0.8249,1.0,0.0383,1.1528,1.0,5.0473,0.9861,1.0,0.0,71.8701,0.0,19.0176,1.575,0.9998,0.0242,1.0,0.0,0.0,0.036,1.0,0.351,29.9414,0.0891,3.625,2.298,0.5509,0.0271,1.0,0.0224,0.9331,0.0,0.2754
1747227600000,74.5358,1.0,0.0694,0.9139,1.0,0.0393,1.1561,1.0,5.0812,0.9954,1.0,0.0,17.3487,0.0,19.0607,1.6046,0.9997,0.0234,1.0,0.0,0.0,0.036,1.0,0.3338,32.2216,0.0876,1.5909,2.5713,0.5592,0.027,1.0,0.0337,0.9353,0.0,0.2729
1747227660000,76.3067,1.0,0.0694,0.9841,1.0,0.0367,1.1888,0.9999,5.0591,0.9972,1.0,0.0,15.7793,0.0,18.7837,1.5905,0.9998,0.0238,1.0,0.0,0.0,0.0346,1.0,0.3232,31.8615,0.1095,1.5926,2.5719,0.5549,0.0265,1.0,0.0306,0.932,0.0,0.2808
1747227720000,75.5457,1.0,0.0694,0.9602,1.0,0.0384,1.1119,1.0,5.0564,0.9921,1.0,0.0,57.7992,0.0,17.7512,1.5802,0.9997,0.0233,1.0,0.0,0.0,0.0344,1.0,0.3439,33.1498,0.0862,1.1429,2.2412,0.5519,0.0267,1.0,0.0208,0.9326,0.0,0.2815
1747227780000,76.5139,1.0,0.0694,0.9134,1.0,0.036,1.1019,1.0,5.0427,0.9894,1.0,0.0,54.6421,0.0,19.5659,1.6095,0.9997,0.0233,1.0,0.0,0.0,0.0343,1.0,0.3266,33.9001,0.0838,1.3333,2.4137,0.5535,0.0254,1.0,0.049,0.9325,0.0,0.2816
1747227840000,76.7213,1.0,0.0694,1.1306,1.0,0.0382,1.0749,1.0,5.0609,0.9964,1.0,0.0,15.0936,0.0,18.98,1.5899,0.9997,0.0235,1.0,0.0,0.0,0.0344,1.0,0.3251,31.8727,0.0851,1.0833,2.2487,0.5563,0.0259,1.0,0.0342,0.9349,0.0,0.2651
1747227900000,74.8811,1.0,0.0694,0.9928,1.0,0.0352,1.12,0.9999,5.0366,0.9963,1.0,0.0,16.1343,0.0,19.2393,1.5811,0.9996,0.0232,1.0,0.0,13.8909,0.0334,1.0,0.3198,30.3328,0.0866,1.5,2.3177,0.5575,0.0259,1.0,0.035,0.9335,0.0182,0.2679
1747227960000,76.8418,1.0,0.0694,1.1581,1.0,0.0368,1.2669,1.0,5.0645,0.9969,1.0,0.0,17.03,0.0,19.0075,1.5839,0.9996,0.0233,1.0,0.0,0.0,0.0332,1.0,0.3199,30.2788,0.0812,1.68,2.4883,0.5589,0.0256,1.0,0.0325,0.9349,0.0,0.2705
1747228020000,78.5662,1.0,0.0694,1.0833,1.0,0.0361,1.1857,1.0,5.0518,0.9968,1.0,0.0,14.7531,0.0,19.0008,1.6237,0.9996,0.023,1.0,0.0,0.0,0.0329,1.0,0.3377,31.7865,0.0839,1.3636,2.5729,0.556,0.0262,1.0,0.025,0.9287,0.0,0.2694
1747228080000,77.5006,1.0,0.0694,1.0038,1.0,0.039,1.1677,0.9999,5.0618,0.988,1.0,0.0,49.6787,0.0,19.0097,1.5866,0.9996,0.0231,1.0,0.0,0.0,0.0338,1.0,0.3596,32.2387,0.1487,1.3333,2.484,0.5574,0.0255,1.0,0.0405,0.9335,0.0,0.271
1747228140000,75.3752,1.0,0.0694,0.8659,1.0,0.0388,1.179,1.0,5.0427,0.9939,1.0,0.0,46.0808,0.0,17.9165,1.5948,0.9998,0.0228,1.0,0.0,12.3455,0.0347,1.0,0.3585,30.6153,0.1449,2.5,2.4259,0.5543,0.0255,1.0,0.0266,0.9309,0.0182,0.2608
1747228200000,78.3101,1.0,0.0694,0.935,1.0,0.0386,1.12,1.0,5.0736,0.9969,1.0,0.0,18.7194,0.0,18.7815,1.5776,0.9997,0.023,1.0,0.0,0.0,0.0342,1.0,0.3381,34.6569,0.1508,1.8462,2.3977,0.542,0.0267,1.0,0.0255,0.9286,0.0,0.2617
1747228260000,76.4699,1.0,0.0694,0.8942,1.0,0.039,1.1485,1.0,5.0664,0.9911,1.0,0.0,48.4748,0.0,18.8253,1.5681,0.9997,0.023,1.0,0.0,0.0,0.0328,1.0,0.3426,32.4362,0.1505,1.36,2.4558,0.5532,0.0261,1.0,0.0252,0.9304,0.0,0.2795
1747228320000,76.9952,1.0,0.0694,0.9771,1.0,0.0383,1.1332,1.0,5.0773,0.9872,1.0,0.0,67.6541,0.0,19.8973,1.5681,0.9997,0.0226,1.0,0.0,0.0,0.0318,1.0,0.3253,33.7058,0.1472,1.0909,2.5121,0.5553,0.0265,1.0,0.0381,0.9309,0.0,0.2713
1747228380000,74.8135,1.0,0.0694,0.9687,1.0,0.0355,1.0844,1.0,5.0655,0.9851,1.0,0.0,73.8084,0.0,19.4359,1.5842,0.9997,0.0228,1.0,0.0,13.7273,0.0325,1.0,0.3183,32.8577,0.1464,0.7143,2.5985,0.5515,0.0261,1.0,0.0362,0.9299,0.0182,0.2629
1747228440000,72.3859,1.0,0.0694,0.8989,1.0,0.0395,1.1205,1.0,5.0773,0.981,1.0,0.0,74.491,0.0,18.9446,1.5826,0.9997,0.0229,1.0,0.0,14.4727,0.0327,1.0,0.3149,31.9981,0.1456,1.375,2.6521,0.5558,0.0264,1.0,0.0277,0.932,0.0182,0.2574
1747228500000,75.435,1.0,0.0694,0.8369,1.0,0.0355,1.1136,1.0,5.0682,0.9965,1.0,0.0,15.2851,0.0,19.5782,1.5593,0.9996,0.0222,1.0,0.0,0.0,0.0317,1.0,0.3439,33.3055,0.1446,1.3333,2.3952,0.5555,0.0252,1.0,0.0345,0.9282,0.0,0.2604
1747228560000,75.3165,1.0,0.0694,1.1091,1.0,0.0354,1.1417,1.0,5.0745,0.997,1.0,0.0,13.919,0.0,19.1883,1.5849,0.9996,0.0223,1.0,0.0,0.0,0.031,0.9999,0.3227,31.9178,0.1398,1.25,2.4506,0.5513,0.0252,1.0,0.0381,0.9251,0.0,0.2635
1747228620000,79.61,1.0,0.0694,0.981,1.0,0.0373,1.0982,1.0,5.0527,0.9858,1.0,0.0,77.0772,0.0,19.6069,1.5777,0.9998,0.0222,1.0,0.0,13.3636,0.0314,1.0,0.323,35.0839,0.142,1.2632,2.5272,0.5585,0.026,1.0,0.0457,0.9268,0.0182,0.259
1747228680000,77.1959,1.0,0.0694,1.0898,1.0,0.0352,1.1434,1.0,5.0736,0.9881,1.0,0.0,54.3554,0.0,19.0411,1.5803,0.9995,0.0223,1.0,0.0,11.6909,0.0304,1.0,0.3128,33.2038,0.0792,1.6,2.3812,0.5625,0.0251,1.0,0.0274,0.9268,0.0182,0.2575
1747228740000,75.0285,1.0,0.0694,0.808,1.0,0.0362,1.1289,0.9999,5.0527,0.9972,1.0,0.0,12.1168,0.0,18.5571,1.5927,0.9995,0.0219,1.0,0.0,0.0,0.0311,1.0,0.3171,32.56,0.0775,1.3333,2.3696,0.5549,0.025,1.0,0.034,0.9263,0.0,0.2607
1747228800000,75.1142,1.0,0.0694,0.9855,1.0,0.0336,1.2298,1.0,5.0818,0.9967,1.0,0.0,15.5075,0.0,19.1762,1.5965,0.9996,0.0222,1.0,0.0,26.4545,0.0314,1.0,0.3197,34.4279,0.1422,1.5,2.1836,0.5648,0.0256,1.0,0.042,0.9235,0.0364,0.2597
1747228860000,75.6809,1.0,0.0694,0.8625,1.0,0.0353,1.3466,1.0,5.0273,0.9967,1.0,0.0,16.7062,0.0,19.124,1.589,0.9996,0.0219,1.0,0.0,0.0,0.0298,1.0,0.3283,34.65,0.0777,2.0345,2.2361,0.5602,0.0254,1.0,0.0221,0.9255,0.0,0.2704
1747228920000,73.9762,1.0,0.0694,0.8572,1.0,0.037,1.1377,1.0,5.0555,0.9965,1.0,0.0,15.0905,0.0,19.186,1.5977,0.9996,0.0219,1.0,0.0,0.0,0.0295,1.0,0.3148,34.1124,0.0786,1.6364,2.3122,0.56,0.0261,1.0,0.0298,0.9248,0.0,0.2641
1747228980000,73.5699,1.0,0.0694,0.9016,1.0,0.0363,1.1335,1.0,5.0455,0.9893,1.0,0.0,45.5885,0.0,18.5986,1.5829,0.9996,0.0218,1.0,0.0,26.9091,0.0305,1.0,0.3179,33.1791,0.0792,1.5,2.2099,0.5573,0.0252,1.0,0.0315,0.926,0.0364,0.2639
1747229040000,76.523,1.0,0.0694,1.0125,1.0,0.0378,1.068,0.9997,5.0664,0.99,1.0,0.0,48.8201,0.0,18.9647,1.6019,0.9997,0.0217,1.0,0.0,14.7091,0.0298,1.0,0.3322,34.4641,0.0805,1.5,2.4307,0.562,0.0247,1.0,0.0299,0.9217,0.0182,0.2552
1747229100000,78.0756,1.0,0.0694,1.0092,1.0,0.0353,1.4209,1.0,5.0545,0.9971,1.0,0.0,13.2152,0.0,19.5315,1.5816,0.9997,0.0218,1.0,0.0,24.9455,0.0292,1.0,0.3292,35.8463,0.1396,1.6429,2.5436,0.5568,0.0246,1.0,0.0228,0.9226,0.0364,0.2547
1747229160000,75.4726,1.0,0.0694,1.0921,1.0,0.0354,1.278,1.0,5.0582,0.9878,1.0,0.0,50.5902,0.0,18.9883,1.5696,0.9996,0.0215,1.0,0.0,38.4364,0.0283,1.0,0.3169,31.9759,0.138,1.6061,2.2019,0.5442,0.0246,1.0,0.0197,0.9236,0.0545,0.2656
1747229220000,76.1114,1.0,0.0694,0.8418,1.0,0.0339,1.4237,0.9999,5.0611,0.9877,1.0,0.0,66.6443,0.0,19.8001,1.5773,0.9996,0.0213,1.0,0.0,27.6,0.0293,1.0,0.3137,35.4822,0.1338,1.2727,2.4015,0.5524,0.0248,1.0,0.0236,0.924,0.0364,0.2514
1747229280000,75.7647,1.0,0.0694,0.9682,1.0,0.0311,1.137,1.0,5.0693,0.9883,1.0,0.0,71.6652,0.0,19.5872,1.5777,0.9996,0.0214,1.0,0.0,0.0,0.0277,1.0,0.3047,33.9211,0.1299,1.5,2.4047,0.5439,0.0245,1.0,0.0196,0.9225,0.0,0.2478
1747229340000,78.1378,1.0,0.0694,1.0354,1.0,0.0323,1.119,1.0,5.0573,0.9841,1.0,0.0,76.5946,0.0,19.6044,1.5661,0.9996,0.0213,1.0,0.0,12.5273,0.0284,1.0,0.2955,36.6929,0.0799,5.8333,2.2218,0.5576,0.0251,1.0,0.0176,0.9141,0.0182,0.2376
1747229400000,78.6655,1.0,0.0694,0.945,1.0,0.0322,1.1346,0.9998,5.0682,0.9799,1.0,0.0,80.0126,0.0,19.867,1.5769,0.9996,0.0209,1.0,0.0,0.0,0.0276,1.0,0.2955,36.5406,0.0751,1.4167,2.3626,0.5555,0.0247,1.0,0.0171,0.9231,0.0,0.2416
1747229460000,78.3825,1.0,0.0694,0.9994,1.0,0.0323,1.1426,1.0,5.0555,0.9827,1.0,0.0,79.3901,0.0,19.4472,1.5855,0.9997,0.0208,1.0,0.0,13.5636,0.0282,1.0,0.2957,34.5314,0.076,1.64,2.3082,0.5565,0.0243,1.0,0.0199,0.9187,0.0182,0.2429
1747229520000,79.7045,1.0,0.0694,0.9693,1.0,0.0319,1.1079,1.0,5.0683,0.9859,1.0,0.0,79.8111,0.0,19.6982,1.5876,0.9996,0.0209,1.0,0.0,0.0,0.0273,1.0,0.3078,34.8519,0.075,1.2727,2.5539,0.5772,0.0243,1.0,0.0213,0.919,0.0,0.2429
1747229580000,75.5965,1.0,0.0694,0.8682,1.0,0.0323,1.0955,1.0,5.0527,0.9824,1.0,0.0,84.7852,0.0,20.1505,1.583,0.9996,0.0207,1.0,0.0,12.1636,0.0273,1.0,0.319,36.6628,0.1268,1.0,2.6559,0.5748,0.0241,1.0,0.0233,0.9141,0.0182,0.2417
1747229640000,79.0126,1.0,0.0694,0.9962,1.0,0.0322,1.0981,1.0,5.0746,0.9761,1.0,0.0,86.3819,0.0,20.5219,1.5701,0.9997,0.0203,1.0,0.0,15.0364,0.0276,1.0,0.3087,38.0866,0.1273,1.4286,2.7457,0.5838,0.0242,1.0,0.0275,0.9149,0.0182,0.2388
1747229700000,77.6977,1.0,0.0694,1.079,1.0,0.0301,1.0734,1.0,5.0486,0.9824,1.0,0.0,83.6565,0.0,19.7616,1.5936,0.9997,0.0204,1.0,0.0,92.3455,0.0266,1.0,0.312,35.5937,0.1305,1.4615,2.7972,0.5557,0.0251,1.0,0.0276,0.9129,0.1273,0.2386
1747229760000,77.3496,1.0,0.0694,1.1422,1.0,0.0293,2.1648,1.0,5.0331,0.9803,1.0,0.0,79.6039,0.0,19.3078,1.5585,0.9996,0.0203,1.0,0.0,36.0909,0.0268,1.0,0.3066,35.6681,0.1292,1.8,1.9452,0.551,0.0241,1.0,0.0202,0.9176,0.0545,0.2405
1747229820000,77.7923,1.0,0.0694,1.1498,1.0,0.029,1.2379,0.9999,5.0264,0.9858,1.0,0.0,79.4652,0.0,20.4324,1.5786,0.9998,0.0203,1.0,0.0,13.1818,0.0257,1.0,0.3055,37.1861,0.0728,1.6364,2.5487,0.5486,0.0236,1.0,0.0208,0.9152,0.0182,0.2368
1747229880000,78.0821,1.0,0.0694,0.9964,1.0,0.0294,1.108,1.0,5.05,0.9854,1.0,0.0,76.5845,0.0,19.5834,1.5962,0.9997,0.0204,1.0,0.0,46.8364,0.0251,1.0,0.2837,35.3419,0.0717,1.2857,2.3322,0.5413,0.0243,1.0,0.0227,0.9149,0.0727,0.2303
1747229940000,78.9773,1.0,0.0694,0.9795,1.0,0.0289,1.473,0.9998,5.0327,0.9818,1.0,0.0,80.5411,0.0,20.3028,1.5853,0.9997,0.0201,1.0,0.0,11.7636,0.0257,1.0,0.2753,35.6425,0.0723,1.4444,2.3662,0.5456,0.0245,1.0,0.0226,0.9163,0.0182,0.2348
1747230000000,78.0229,1.0,0.0694,0.9188,1.0,0.0296,1.0314,1.0,5.0664,0.9797,1.0,0.0,83.202,0.0,19.8038,1.5806,0.9997,0.02,1.0,0.0,12.4909,0.0255,1.0,0.2844,35.743,0.0728,1.4615,2.4203,0.5428,0.0235,1.0,0.0249,0.9156,0.0182,0.2303
1747230060000,76.8735,1.0,0.0694,0.9359,1.0,0.0312,1.4443,1.0,5.0109,0.98,1.0,0.0,80.9305,0.0,19.9097,1.5613,0.9995,0.0198,1.0,0.0,0.0,0.0249,1.0,0.288,36.9933,0.0679,1.5417,2.5071,0.5459,0.0245,1.0,0.0183,0.9115,0.0,0.232
1747230120000,74.7488,1.0,0.0694,0.9717,1.0,0.0294,1.0672,1.0,5.0686,0.9854,1.0,0.0,73.0732,0.0,18.4252,1.5825,0.9997,0.0199,1.0,0.0,0.0,0.0246,1.0,0.2797,34.6127,0.0685,1.5,2.3111,0.5472,0.0234,1.0,0.0229,0.9088,0.0,0.2283
1747230180000,79.0891,1.0,0.0694,0.9666,1.0,0.0283,1.0346,0.9998,5.0329,0.9867,1.0,0.0,76.5051,0.0,19.6769,1.5904,0.9998,0.0197,1.0,0.0,0.3636,0.0236,1.0,0.2796,34.4391,0.0706,1.0,2.2502,0.5383,0.0228,1.0,0.0314,0.9103,0.0,0.2218
1747230240000,74.9814,1.0,0.0694,0.9398,1.0,0.0299,1.1011,1.0,5.0831,0.9786,1.0,0.0,86.157,0.0,19.5281,1.5844,0.9997,0.0197,1.0,0.0,10.4,0.0246,1.0,0.2764,36.8393,0.0682,1.375,2.2779,0.5587,0.0237,0.9999,0.0318,0.9097,0.0182,0.2235
1747230300000,78.3701,1.0,0.0694,0.9029,1.0,0.028,1.2557,1.0,5.0474,0.9967,1.0,0.0,11.0812,0.0,19.7619,1.5826,0.9996,0.0197,1.0,0.0,11.4182,0.0239,1.0,0.2764,40.2769,0.0688,1.3846,2.5049,0.5436,0.0233,1.0,0.0264,0.9068,0.0182,0.2316
1747230360000,79.9366,1.0,0.0694,1.0745,1.0,0.0305,1.1197,1.0,5.0482,0.997,1.0,0.0,11.6491,0.0,20.1719,1.5614,0.9996,0.0194,1.0,0.0,12.5818,0.0246,1.0,0.267,39.4744,0.0704,1.1786,2.2335,0.536,0.0239,1.0,0.0187,0.9162,0.0182,0.2331
1747230420000,78.5284,1.0,0.0694,0.9364,1.0,0.029,1.087,1.0,5.0456,0.9821,1.0,0.0,79.2003,0.0,19.0892,1.5858,0.9998,0.0194,1.0,0.0,37.3091,0.0252,1.0,0.2702,35.4379,0.0676,1.3077,2.4726,0.5319,0.0231,1.0,0.028,0.9139,0.0545,0.2361
1747230480000,78.2165,1.0,0.0694,1.2686,1.0,0.0273,1.1984,1.0,5.0627,0.9907,1.0,0.0,43.8959,0.0,18.9795,1.5845,0.9997,0.0193,1.0,0.0,13.3818,0.0233,1.0,0.2756,33.5526,0.0712,1.0,2.1582,0.5341,0.0226,1.0,0.027,0.9139,0.0182,0.227
1747230540000,78.1168,1.0,0.0694,0.7947,1.0,0.0276,1.3999,0.9999,5.0636,0.9977,1.0,0.0,9.3912,0.0,19.2321,1.576,0.9997,0.0193,1.0,0.0,0.0,0.0239,1.0,0.2721,35.4369,0.0691,2.0,2.4007,0.5283,0.0233,1.0,0.0152,0.9167,0.0,0.2194
1747230600000,81.386,1.0,0.0694,0.988,1.0,0.0273,1.0786,0.9997,5.0429,0.9982,1.0,0.0,9.7771,0.0,18.5433,1.5824,0.9998,0.0192,1.0,0.0,38.3636,0.0245,1.0,0.2827,35.9068,0.0685,1.75,2.5128,0.5393,0.0232,1.0,0.0184,0.9148,0.0545,0.2252
1747230660000,81.7761,1.0,0.0694,0.9133,1.0,0.026,1.1179,1.0,5.0464,0.9982,1.0,0.0,8.5477,0.0,19.2974,1.5841,0.9998,0.0191,1.0,0.0,0.0,0.0232,1.0,0.2721,32.5657,0.1188,1.375,2.4588,0.5278,0.023,1.0,0.0236,0.9172,0.0,0.2291
1747230720000,77.7764,1.0,0.0694,0.8659,1.0,0.0294,1.0972,0.9999,5.0445,0.9977,1.0,0.0,9.2571,0.0,19.5718,1.575,0.9997,0.0191,1.0,0.0,0.0,0.0243,1.0,0.2707,36.4868,0.1139,2.0833,2.0976,0.5274,0.0233,1.0,0.0148,0.9219,0.0,0.2192
1747230780000,80.5537,1.0,0.0694,0.9342,1.0,0.0291,1.0661,1.0,5.0778,0.9912,1.0,0.0,40.9915,0.0,19.1903,1.5561,0.9997,0.019,1.0,0.0,0.0,0.0245,1.0,0.2766,34.961,0.1131,1.25,2.5958,0.5216,0.0226,1.0,0.0171,0.9185,0.0,0.2209
1747230840000,79.1198,1.0,0.0694,0.973,1.0,0.027,1.0427,0.9999,5.0527,0.9887,1.0,0.0,41.9123,0.0,19.6219,1.5714,0.9996,0.0189,1.0,0.0,0.0,0.0239,1.0,0.2663,33.834,0.1115,1.7143,1.9881,0.5262,0.0221,1.0,0.018,0.9234,0.0,0.2145
1747230900000,78.9888,1.0,0.0694,1.0643,1.0,0.0267,1.0585,0.9999,5.0547,0.9977,1.0,0.0,8.3266,0.0,19.2447,1.59,0.9996,0.0187,1.0,0.0,0.0,0.0226,1.0,0.2591,34.1523,0.0664,1.2632,2.2961,0.5355,0.0225,1.0,0.013,0.923,0.0,0.2106
1747230960000,82.2289,1.0,0.0694,1.2895,1.0,0.028,1.0814,0.9999,5.0436,0.9885,1.0,0.0,42.345,0.0,20.3781,1.5576,0.9995,0.0188,1.0,0.0,0.0,0.0225,1.0,0.2704,37.0107,0.0673,1.3,2.1374,0.5227,0.0229,1.0,0.0218,0.9246,0.0,0.2249
1747231020000,84.2024,1.0,0.0694,0.86,1.0,0.0263,1.0672,0.9999,5.0527,0.9863,1.0,0.0,45.9125,0.0,20.1256,1.5479,0.9994,0.0186,1.0,0.0,10.8,0.0233,1.0,0.2561,33.1511,0.1095,1.5,2.2204,0.5309,0.022,1.0,0.0154,0.9169,0.0182,0.2169
1747231080000,85.5133,1.0,0.0694,0.8861,1.0,0.0262,1.0457,0.9999,5.0587,0.9827,1.0,0.0,71.9729,0.0,20.1715,1.5862,0.9998,0.0187,1.0,0.0,0.0,0.0233,1.0,0.2457,36.0484,0.1138,1.6667,2.6552,0.5463,0.0224,1.0,0.0183,0.9234,0.0,0.2128
1747231140000,84.4654,1.0,0.0694,0.9907,1.0,0.0268,1.0823,0.9999,5.0636,0.9862,1.0,0.0,74.5424,0.0,20.3684,1.5608,0.9998,0.0187,1.0,0.0,0.0,0.0225,1.0,0.2683,36.831,0.1102,1.1818,2.609,0.5403,0.0219,1.0,0.0208,0.9137,0.0,0.213
1747231200000,81.0107,1.0,0.0694,0.8968,1.0,0.0252,1.0576,1.0,5.0738,0.9979,1.0,0.0,7.2542,0.0,20.3177,1.6087,0.9996,0.0182,1.0,0.0,0.0,0.0222,1.0,0.267,35.4132,0.1116,1.4706,2.5002,0.5469,0.0218,1.0,0.0352,0.9204,0.0,0.2094
1747231260000,81.8834,1.0,0.0694,1.0585,1.0,0.0276,1.0633,1.0,5.0718,0.998,1.0,0.0,6.5509,0.0,20.1972,1.603,0.9996,0.0183,1.0,0.0,0.0,0.0221,1.0,0.2634,34.4648,0.1041,1.36,2.6187,0.5454,0.0216,1.0,0.0264,0.9194,0.0,0.2252
1747231320000,83.3477,1.0,0.0694,1.0513,1.0,0.0241,1.1156,0.9999,5.0638,0.9824,1.0,0.0,56.6164,0.0,19.86,1.5986,0.9996,0.018,1.0,0.0,0.0,0.0218,1.0,0.2704,32.8587,0.1018,1.8182,2.8476,0.5452,0.0212,1.0,0.0192,0.9249,0.0,0.214
1747231380000,83.5716,1.0,0.0694,0.8469,1.0,0.0246,1.0202,1.0,5.0707,0.9908,1.0,0.0,36.0611,0.0,19.6857,1.5736,0.9996,0.0181,1.0,0.0,0.0,0.0217,1.0,0.2536,35.9458,0.0598,1.25,2.6823,0.5401,0.0211,1.0,0.0265,0.9181,0.0,0.2043
1747231440000,85.5353,1.0,0.0694,1.0816,1.0,0.0258,1.0782,0.9999,5.05,0.9983,1.0,0.0,6.245,0.0,19.3689,1.5878,0.9997,0.0181,1.0,0.0,0.0,0.022,1.0,0.249,34.3343,0.1058,1.75,2.544,0.5463,0.0217,1.0,0.0182,0.9282,0.0,0.1999
1747231500000,86.802,1.0,0.0694,1.2593,1.0,0.0264,1.0289,1.0,5.0591,0.998,1.0,0.0,6.8353,0.0,21.1167,1.5622,0.9994,0.018,1.0,0.0,0.0,0.0219,1.0,0.2623,36.9788,0.1072,2.3846,2.618,0.5397,0.0214,1.0,0.0228,0.9253,0.0,0.2076
1747231560000,86.6048,1.0,0.0694,1.2269,1.0,0.0235,1.0984,1.0,5.0442,0.998,1.0,0.0,6.8934,0.0,20.1787,1.5827,0.9996,0.0179,1.0,0.0,0.0,0.0218,1.0,0.2504,32.8511,0.1019,1.625,2.6382,0.5405,0.0212,1.0,0.0424,0.9231,0.0,0.2074
1747231620000,85.992,1.0,0.0694,1.1541,1.0,0.0246,1.0365,0.9997,5.0673,0.9778,1.0,0.0,68.3844,0.0,21.1217,1.5875,0.9996,0.018,1.0,0.0,0.0,0.0218,1.0,0.2422,37.468,0.1028,1.7273,2.5215,0.5259,0.0215,1.0,0.0264,0.9236,0.0,0.1999
1747231680000,87.1447,1.0,0.0694,1.2276,1.0,0.0232,1.0666,0.9999,5.0527,0.9959,1.0,0.0,12.7837,0.0,19.9011,1.5697,0.9996,0.0179,1.0,0.0,0.0,0.021,1.0,0.2381,33.5398,0.061,1.5556,2.4724,0.5338,0.0216,1.0,0.0284,0.9306,0.0,0.2
1747231740000,92.0143,1.0,0.0694,1.0645,1.0,0.0233,1.0167,1.0,5.0577,0.9983,1.0,0.0,5.7989,0.0,20.6814,1.5515,0.9997,0.0179,1.0,0.0,0.0,0.0205,1.0,0.2336,38.4608,0.0597,1.625,2.6547,0.5362,0.0208,1.0,0.0337,0.9121,0.0,0.1987
1747231800000,87.2994,1.0,0.0694,0.9142,1.0,0.0246,1.0083,1.0,5.0455,0.9979,1.0,0.0,6.6676,0.0,20.0134,1.5573,0.9996,0.0178,1.0,0.0,0.0,0.0217,1.0,0.2365,36.1277,0.1001,1.5,2.7687,0.5426,0.0212,1.0,0.0314,0.9326,0.0,0.2026
1747231860000,90.2697,1.0,0.0694,1.0972,1.0,0.0228,1.0006,1.0,5.0739,0.9954,1.0,0.0,16.8873,0.0,20.5999,1.5812,0.9996,0.0178,1.0,0.0,0.0,0.021,1.0,0.2422,35.0017,0.0987,1.5357,2.6926,0.5379,0.0207,1.0,0.0208,0.9321,0.0,0.1965
1747231920000,78.0432,1.0,0.0694,0.8919,1.0,0.0249,1.0606,1.0,5.0645,0.9939,1.0,0.0,25.8183,0.0,19.8014,1.559,0.9997,0.0179,1.0,0.0,0.0,0.0218,1.0,0.2425,36.4845,0.0553,1.5455,2.7339,0.5427,0.0216,1.0,0.0272,0.9377,0.0,0.1901
1747231980000,88.3374,1.0,0.0694,0.9736,1.0,0.0204,1.0277,1.0,5.0603,0.9859,1.0,0.0,51.2214,0.0,20.5062,1.5622,0.9995,0.0179,1.0,0.0,0.0,0.0202,1.0,0.2462,31.1151,0.0719,1.5,2.7537,0.5332,0.0209,1.0,0.0184,0.9327,0.0,0.1925
1747232040000,85.5839,1.0,0.0694,1.0271,1.0,0.021,1.0446,1.0,5.0611,0.9834,1.0,0.0,54.8544,0.0,20.4897,1.5806,0.9997,0.0179,1.0,0.0,0.0,0.0202,1.0,0.2378,32.4395,0.1006,1.7143,2.848,0.5511,0.021,1.0,0.0308,0.933,0.0,0.1915
1747232100000,76.074,1.0,0.0694,0.9446,1.0,0.02,1.026,0.9998,5.0709,0.9987,1.0,0.0,3.4148,0.0,20.2514,1.5747,0.9995,0.0178,1.0,0.0,0.0,0.02,1.0,0.2318,30.007,0.0972,1.75,2.5058,0.5267,0.0221,1.0,0.0186,0.9385,0.0,0.1896
1747232160000,85.7671,1.0,0.0694,1.0927,1.0,0.0226,1.0043,1.0,5.0591,0.9986,1.0,0.0,5.1591,0.0,21.1383,1.5681,0.9996,0.0181,1.0,0.0,0.0,0.0207,1.0,0.2265,36.058,0.0948,1.7273,2.8963,0.5326,0.0215,1.0,0.0194,0.9302,0.0,0.1938
1747232220000,93.7032,1.0,0.0694,1.0598,1.0,0.0177,1.0077,1.0,5.0656,0.9896,1.0,0.0,41.2245,0.0,19.8888,1.5842,0.9996,0.0178,1.0,0.0,0.0,0.0202,1.0,0.226,30.1254,0.0985,1.4,3.0232,0.5106,0.0204,1.0,0.0253,0.9403,0.0,0.1966
1747232280000,92.2634,1.0,0.0694,1.5735,1.0,0.0204,0.9969,1.0,5.0473,0.9936,1.0,0.0,19.6239,0.0,19.672,1.5868,0.9996,0.0177,1.0,0.0,0.0,0.0201,1.0,0.2217,27.7392,0.0933,1.5,3.3323,0.5149,0.0208,1.0,0.0207,0.9477,0.0,0.1851
1747232340000,86.536,1.0,0.0694,0.8064,1.0,0.021,0.9978,1.0,5.0618,0.9986,1.0,0.0,4.094,0.0,19.8555,1.562,0.9995,0.0177,1.0,0.0,0.0,0.0212,1.0,0.229,32.5937,0.0938,1.5714,2.8015,0.5189,0.0207,1.0,0.0237,0.9285,0.0,0.1855
1747232400000,88.6623,1.0,0.0694,0.8867,1.0,0.02,1.0338,1.0,5.0584,0.9988,1.0,0.0,4.2421,0.0,20.3339,1.6202,0.9995,0.0178,1.0,0.0,0.0,0.02,1.0,0.2367,34.0797,0.0965,2.1111,2.7042,0.5248,0.0206,1.0,0.0156,0.9185,0.0,0.1979
1747232460000,86.5521,1.0,0.0694,1.2135,1.0,0.0203,1.0301,0.9998,5.0646,0.9987,1.0,0.0,4.3046,0.0,20.5183,1.5823,0.9996,0.0177,1.0,0.0,0.0,0.0204,1.0,0.24,31.2521,0.0959,1.76,2.463,0.517,0.0212,1.0,0.0231,0.9314,0.0,0.1949
1747232520000,88.4441,1.0,0.0694,0.8845,1.0,0.0216,1.0412,1.0,5.0421,0.9864,1.0,0.0,50.716,0.0,19.9182,1.6106,0.9996,0.0178,1.0,0.0,0.0,0.0207,1.0,0.2329,31.498,0.0953,1.5,2.8594,0.5174,0.0205,1.0,0.0199,0.9374,0.0,0.1963
1747232580000,92.8337,1.0,0.0694,1.0466,1.0,0.0186,1.0355,0.9998,5.0602,0.9974,1.0,0.0,8.3534,0.0,20.5927,1.5844,0.9997,0.0178,1.0,0.0,0.0,0.02,1.0,0.2285,30.9604,0.0931,1.6667,2.3452,0.5144,0.0207,1.0,0.0166,0.9533,0.0,0.1898
1747232640000,91.3046,1.0,0.0694,1.0049,1.0,0.0193,1.0244,1.0,5.0755,0.9989,1.0,0.0,3.7132,0.0,20.7285,1.5988,0.9996,0.0177,1.0,0.0,0.0,0.02,1.0,0.2254,33.1322,0.0952,1.2857,2.1442,0.5205,0.0205,1.0,0.0152,0.9483,0.0,0.1909
1747232700000,88.3806,1.0,0.0694,1.1272,1.0,0.02,1.0383,1.0,5.0718,0.9978,1.0,0.0,5.2665,0.0,21.3338,1.5761,0.9992,0.0179,1.0,0.0,0.0,0.0199,1.0,0.2364,32.2407,0.0934,1.3,2.0421,0.5276,0.021,1.0,0.0182,0.9419,0.0,0.1941
1747232760000,94.1041,1.0,0.0694,1.4447,1.0,0.0165,1.0342,0.9998,5.0493,0.9971,1.0,0.0,9.3664,0.0,20.4152,1.5313,0.9996,0.0178,1.0,0.0,0.0,0.0196,1.0,0.2333,26.9566,0.0973,2.0,2.6298,0.5298,0.0204,1.0,0.015,0.9552,0.0,0.1903
1747232820000,92.1806,1.0,0.0694,0.924,1.0,0.0196,1.0504,0.9996,5.066,0.9926,1.0,0.0,15.9847,0.0,20.4446,1.5398,0.9994,0.018,1.0,0.0,0.0,0.0198,1.0,0.2158,29.9899,0.0922,1.4545,2.1779,0.5169,0.0201,1.0,0.0165,0.9504,0.0,0.1839
1747232880000,93.6122,1.0,0.0694,0.8337,1.0,0.0198,1.0376,0.9996,5.0775,0.9899,1.0,0.0,43.5428,0.0,20.7059,1.5693,0.9998,0.0179,1.0,0.0,0.0,0.0197,1.0,0.2126,29.3604,0.0939,1.2857,3.2163,0.5232,0.02,1.0,0.0167,0.9521,0.0,0.1828
1747232940000,95.2359,1.0,0.0694,1.1648,1.0,0.0209,1.0396,1.0,5.0721,0.9714,1.0,0.0,55.5655,0.0,21.434,1.5371,0.9994,0.0178,1.0,0.0,0.0,0.0196,1.0,0.2125,31.9508,0.0881,1.4444,2.0316,0.5124,0.0204,1.0,0.0188,0.9574,0.0,0.1813
1747233000000,94.0566,1.0,0.0694,0.8167,1.0,0.021,1.0148,1.0,5.0611,0.9987,1.0,0.0,3.5164,0.0,21.1738,1.5389,0.9995,0.0178,1.0,0.0,0.0,0.0189,1.0,0.2133,29.4788,0.0537,1.5714,2.4341,0.523,0.0201,1.0,0.0192,0.9644,0.0,0.1842
1747233060000,96.9648,1.0,0.0694,1.3565,1.0,0.0184,1.0386,1.0,5.0718,0.9994,1.0,0.0,2.5547,0.0,20.361,1.5725,0.9998,0.0178,1.0,0.0,0.0,0.0196,1.0,0.2157,24.8926,0.0941,1.5,3.0104,0.5147,0.0199,1.0,0.0229,0.9638,0.0,0.1933
1747233120000,91.9686,1.0,0.0694,1.1093,1.0,0.019,1.0272,1.0,5.0636,0.99,1.0,0.0,37.8708,0.0,20.0777,1.6171,0.9997,0.0178,1.0,0.0,0.0,0.0193,1.0,0.2257,25.3021,0.0895,1.5,2.5897,0.5199,0.0202,1.0,0.0168,0.9587,0.0,0.1886
1747233180000,94.4688,1.0,0.0694,0.9084,1.0,0.0175,0.9939,1.0,5.07,0.9919,1.0,0.0,18.8533,0.0,21.1567,1.545,0.9993,0.0178,1.0,0.0,0.0,0.0191,1.0,0.2218,33.5614,0.0551,1.0,2.62,0.5247,0.0195,1.0,0.0152,0.9585,0.0,0.1785
1747233240000,92.101,1.0,0.0694,1.1576,1.0,0.0175,1.027,1.0,5.0473,0.9989,1.0,0.0,2.4541,0.0,20.234,1.5906,0.9994,0.0176,1.0,0.0,0.0,0.0191,1.0,0.2256,24.2425,0.0891,1.4286,2.698,0.5201,0.0202,1.0,0.0193,0.9623,0.0,0.1827
1747233300000,100.488,1.0,0.0694,1.2317,1.0,0.0183,1.0196,1.0,5.0656,0.9989,1.0,0.0,2.8916,0.0,21.1635,1.5889,0.9996,0.0181,1.0,0.0,0.0,0.019,1.0,0.2237,27.9418,0.0897,2.1667,2.3812,0.5106,0.0204,1.0,0.0158,0.9579,0.0,0.1858
1747233360000,97.4602,1.0,0.0694,1.4358,1.0,0.0172,1.0113,1.0,5.0803,0.999,1.0,0.0,2.3251,0.0,20.8575,1.5976,0.9998,0.018,1.0,0.0,0.0,0.0193,1.0,0.2334,24.5755,0.0523,1.52,2.3891,0.5003,0.0197,1.0,0.0145,0.9644,0.0,0.186
1747233420000,100.1233,1.0,0.0694,1.3382,1.0,0.0166,1.0124,1.0,5.0684,0.9991,1.0,0.0,2.1746,0.0,21.7368,1.5907,0.9996,0.0178,1.0,0.0,0.0,0.0188,1.0,0.2232,26.288,0.0535,1.625,2.5279,0.5031,0.0199,1.0,0.0152,0.9612,0.0,0.1844
1747233480000,97.152,1.0,0.0694,1.406,1.0,0.0169,1.0586,1.0,5.0657,0.9977,1.0,0.0,7.2047,0.0,20.3088,1.5999,0.9996,0.0182,1.0,0.0,0.0,0.019,1.0,0.2308,22.5463,0.0895,1.5,2.4141,0.4943,0.0201,1.0,0.015,0.9519,0.0,0.185
1747233540000,96.4865,1.0,0.0694,1.1193,1.0,0.0171,0.9874,1.0,5.0773,0.9967,1.0,0.0,8.8206,0.0,20.6006,1.5636,0.9997,0.018,1.0,0.0,0.0,0.0189,1.0,0.2125,25.0032,0.0856,1.25,1.8958,0.4975,0.0197,1.0,0.0159,0.9617,0.0,0.1737
1747233600000,90.0524,1.0,0.0694,0.8749,1.0,0.0189,0.9709,1.0,5.0545,0.9993,1.0,0.0,2.3054,0.0,21.0989,1.6042,0.9997,0.0178,1.0,0.0,0.0,0.0186,1.0,0.2167,23.6885,0.0503,2.0714,2.7084,0.4972,0.0201,1.0,0.0141,0.9544,0.0,0.1726
1747233660000,103.8332,1.0,0.0694,1.1484,1.0,0.0166,1.0263,1.0,5.0709,0.9949,1.0,0.0,15.988,0.0,20.5135,1.5608,0.9996,0.0182,1.0,0.0,0.0,0.0191,1.0,0.2228,24.9916,0.0931,1.4,3.0831,0.5004,0.0202,1.0,0.0171,0.98,0.0,0.184
1747233720000,101.4044,1.0,0.0694,0.8878,1.0,0.0172,0.9975,1.0,5.0536,0.9895,1.0,0.0,22.7467,0.0,20.9615,1.5655,0.9995,0.0181,1.0,0.0,0.0,0.0193,1.0,0.2176,25.9497,0.0892,1.2632,2.8639,0.5051,0.02,1.0,0.0173,0.967,0.0,0.1793
1747233780000,91.3381,1.0,0.0694,0.9741,1.0,0.019,0.998,1.0,5.08,0.9742,1.0,0.0,43.6265,0.0,20.9417,1.5587,0.9994,0.018,1.0,0.0,0.0,0.0194,1.0,0.2165,28.1432,0.0847,2.0,2.5963,0.5156,0.0205,1.0,0.016,0.962,0.0,0.1777
1747233840000,96.3359,1.0,0.0694,1.1969,1.0,0.0179,1.0051,1.0,5.0691,0.982,1.0,0.0,45.9893,0.0,21.9936,1.5615,0.9994,0.0179,1.0,0.0,0.0,0.0192,1.0,0.2196,27.0031,0.0912,1.4,2.5673,0.509,0.0199,1.0,0.0242,0.9601,0.0,0.1801
1747233900000,95.0853,1.0,0.0694,1.0217,1.0,0.0191,1.0341,1.0,5.0755,0.9993,1.0,0.0,2.8542,0.0,21.6786,1.6086,0.9995,0.0179,1.0,0.0,0.0,0.0192,1.0,0.2179,29.9241,0.092,1.4286,3.1746,0.5106,0.0202,1.0,0.0195,0.9664,0.0,0.1789
1747233960000,94.8795,1.0,0.0694,0.9468,1.0,0.0184,1.019,1.0,5.0547,0.9993,1.0,0.0,2.2508,0.0,21.6926,1.5895,0.9994,0.0178,1.0,0.0,0.0,0.0194,1.0,0.2103,27.318,0.0918,1.5,2.2472,0.5035,0.0204,1.0,0.0186,0.9673,0.0,0.1898
1747234020000,98.07,1.0,0.0694,1.2602,1.0,0.0187,1.0312,1.0,5.08,0.9993,1.0,0.0,2.1027,0.0,21.4129,1.577,0.9997,0.0179,1.0,0.0,0.0,0.0188,1.0,0.2076,23.8711,0.0514,1.4545,2.1866,0.5012,0.0196,1.0,0.02,0.9783,0.0,0.1847
1747234080000,103.5057,1.0,0.0694,1.6158,1.0,0.0178,0.9704,1.0,5.0527,0.9875,1.0,0.0,36.9252,0.0,21.0592,1.5951,0.9996,0.0181,1.0,0.0,0.0,0.019,1.0,0.2022,23.6042,0.088,1.3333,2.2726,0.4996,0.0199,1.0,0.0176,0.9757,0.0,0.1808
1747234140000,94.2536,1.0,0.0694,0.9622,1.0,0.0192,0.9769,1.0,5.0855,0.9976,1.0,0.0,6.9464,0.0,21.0219,1.5574,0.9998,0.018,1.0,0.0,0.0,0.0191,1.0,0.2058,27.647,0.0848,1.8,2.6519,0.4975,0.0201,1.0,0.0164,0.9814,0.0,0.1744
1747234200000,95.4838,1.0,0.0694,0.8892,1.0,0.0188,1.0271,1.0,5.071,0.999,1.0,0.0,2.4217,0.0,21.33,1.5816,0.9995,0.018,1.0,0.0,0.0,0.0194,1.0,0.2011,25.9198,0.086,1.3684,3.5464,0.4922,0.0205,1.0,0.0169,0.9758,0.0,0.1746
1747234260000,102.7165,1.0,0.0694,1.2371,1.0,0.0163,1.0112,1.0,5.0728,0.9987,1.0,0.0,2.4936,0.0,22.3942,1.579,0.9994,0.0178,1.0,0.0,0.0,0.019,1.0,0.1951,25.8298,0.0855,1.5417,2.3268,0.4942,0.0196,1.0,0.0135,0.9754,0.0,0.1774
1747234320000,103.9883,1.0,0.0694,0.9103,1.0,0.0177,0.9498,1.0,5.0365,0.9987,1.0,0.0,3.5546,0.0,21.949,1.5879,0.9995,0.0182,1.0,0.0,0.0,0.0189,1.0,0.1978,25.816,0.0859,1.3636,4.1423,0.4949,0.0201,1.0,0.0208,0.9821,0.0,0.1781
1747234380000,100.2726,1.0,0.0694,1.0262,1.0,0.0162,0.9986,1.0,5.0692,0.9987,1.0,0.0,3.4714,0.0,23.4743,1.5413,0.9995,0.0178,1.0,0.0,0.0,0.0191,1.0,0.2073,35.941,0.0513,1.0,2.5214,0.4861,0.02,1.0,0.0244,0.9777,0.0,0.176
1747234440000,100.9251,1.0,0.0694,1.0333,1.0,0.0193,0.9819,0.9997,5.0483,0.9856,1.0,0.0,29.8318,0.0,22.3528,1.5969,0.9996,0.0178,1.0,0.0,0.0,0.0186,1.0,0.2172,30.2739,0.0503,1.1667,2.0773,0.4911,0.0196,1.0,0.0174,0.9843,0.0,0.18
1747234500000,94.8364,1.0,0.0694,1.2545,1.0,0.0176,0.9826,1.0,5.0738,0.9964,1.0,0.0,9.26,0.0,21.8775,1.5746,0.9995,0.0179,1.0,0.0,0.0,0.0186,1.0,0.2197,30.6951,0.048,1.2308,2.335,0.4963,0.0196,1.0,0.0166,0.984,0.0,0.1708
1747234560000,106.8951,1.0,0.0694,1.6561,1.0,0.0149,1.0404,1.0,5.0676,0.9972,1.0,0.0,4.7464,0.0,21.327,1.5481,0.9994,0.0181,1.0,0.0,0.0,0.0185,1.0,0.2093,23.7123,0.0506,1.44,2.6396,0.486,0.0197,1.0,0.0129,0.9814,0.0,0.1703
1747234620000,97.7843,1.0,0.0694,1.0467,1.0,0.0177,1.0098,1.0,5.0682,0.983,1.0,0.0,36.8912,0.0,21.1477,1.5664,0.9995,0.0179,1.0,0.0,0.0,0.0192,1.0,0.2053,28.3987,0.0825,2.4545,2.6908,0.492,0.0196,1.0,0.0167,0.9844,0.0,0.1725
1747234680000,99.3808,1.0,0.0694,0.8314,1.0,0.0147,0.9948,1.0,5.0673,0.9886,1.0,0.0,36.0622,0.0,20.8988,1.5865,0.9995,0.0182,1.0,0.0,0.0,0.0187,1.0,0.1969,26.3681,0.0851,1.3333,2.9455,0.4914,0.0196,1.0,0.0218,0.9811,0.0,0.1718
1747234740000,105.7929,1.0,0.0694,1.323,1.0,0.0119,1.0002,1.0,5.0612,0.9922,1.0,0.0,27.7318,0.0,21.3191,1.5841,0.9997,0.0181,1.0,0.0,0.0,0.0189,1.0,0.1972,21.824,0.0856,1.1333,2.0517,0.5043,0.0196,1.0,0.0154,0.9871,0.0,0.1712
1747234800000,105.7333,1.0,0.0694,0.8319,1.0,0.0139,0.9662,0.9993,5.0609,0.999,1.0,0.0,2.0008,0.0,22.0899,1.6015,0.9993,0.018,1.0,0.0,0.0,0.0186,0.9999,0.2145,24.9439,0.0867,1.1667,2.2885,0.5006,0.0193,1.0,0.0347,0.9647,0.0,0.1681
1747234860000,103.2297,1.0,0.0694,1.5157,1.0,0.0158,1.0259,0.9997,5.0645,0.9993,1.0,0.0,2.0087,0.0,23.3293,1.6294,0.9992,0.0178,1.0,0.0,0.0,0.0184,1.0,0.2073,29.0762,0.0819,1.56,2.13,0.4958,0.0198,1.0,0.0308,0.9785,0.0,0.1797
1747234920000,103.5178,1.0,0.0694,1.0879,1.0,0.0187,0.9963,1.0,5.0666,0.9778,1.0,0.0,38.7953,0.0,22.0865,1.531,0.9991,0.018,1.0,0.0,0.0,0.0187,1.0,0.2198,29.8536,0.0829,1.6364,2.3295,0.5,0.0196,1.0,0.0162,0.9819,0.0,0.1833
1747234980000,102.8736,1.0,0.0694,0.9579,1.0,0.0161,1.0304,0.9997,5.0579,0.9944,1.0,0.0,17.037,0.0,22.8146,1.547,0.9994,0.018,1.0,0.0,0.0,0.0193,1.0,0.216,28.4784,0.0808,1.125,2.7392,0.4951,0.0193,1.0,0.016,0.9899,0.0,0.1746
1747235040000,111.8033,1.0,0.0694,1.2109,1.0,0.0145,1.0087,1.0,5.05,0.9997,1.0,0.0,1.6257,0.0,22.836,1.6162,0.9997,0.018,1.0,0.0,0.0,0.0189,1.0,0.2175,21.3285,0.087,1.4286,2.1012,0.4962,0.0192,1.0,0.0125,0.9863,0.0,0.1736
1747235100000,107.2167,1.0,0.0694,1.1459,1.0,0.0168,1.0205,1.0,5.0502,0.9995,1.0,0.0,1.7489,0.0,22.6241,1.5751,0.9994,0.0185,1.0,0.0,0.0,0.0191,1.0,0.223,15.3094,0.0557,1.4167,2.3648,0.4979,0.0194,1.0,0.0203,0.9911,0.0,0.1817
1747235160000,104.2146,1.0,0.0694,1.5617,1.0,0.0129,0.9901,1.0,5.062,0.9993,1.0,0.0,1.9256,0.0,21.169,1.5793,0.9997,0.0188,1.0,0.0,0.0,0.0188,1.0,0.2101,14.0224,0.0806,1.8333,2.23,0.4949,0.0195,1.0,0.0259,0.9815,0.0,0.1834
1747235220000,109.9475,1.0,0.0694,1.45,1.0,0.0163,0.9805,1.0,5.0493,0.9992,1.0,0.0,2.2062,0.0,21.9557,1.5341,0.9993,0.0186,1.0,0.0,0.0,0.0186,0.9999,0.2149,15.6388,0.0499,1.1579,1.7169,0.4959,0.0194,1.0,0.0176,0.9831,0.0,0.1772
1747235280000,109.9189,1.0,0.0694,1.6273,1.0,0.0143,0.9854,1.0,4.9768,0.9986,1.0,0.0,5.7386,0.0,20.5617,1.6004,0.9999,0.0186,1.0,0.0,0.0,0.0186,1.0,0.2081,12.0571,0.0845,1.0,2.3816,0.4954,0.0197,1.0,0.2259,0.9948,0.0,0.1781
1747235340000,108.1301,1.0,0.0694,1.0168,1.0,0.0137,1.0007,1.0,5.0537,0.9942,1.0,0.0,8.2588,0.0,21.7707,1.616,0.9994,0.0185,1.0,0.0,0.0,0.0185,1.0,0.2105,15.3124,0.083,1.2222,3.1398,0.4934,0.0191,1.0,0.0176,0.9952,0.0,0.1708
1747235400000,102.4193,1.0,0.0694,0.8396,1.0,0.0152,1.0181,1.0,5.0418,0.9988,1.0,0.0,2.4845,0.0,22.1906,1.5505,0.9993,0.0187,1.0,0.0,0.0,0.0185,1.0,0.209,22.8253,0.0785,1.25,2.3763,0.4882,0.0195,1.0,0.0211,0.987,0.0,0.1684
1747235460000,109.7023,1.0,0.0694,1.161,1.0,0.016,0.9689,1.0,5.0555,0.9884,1.0,0.0,22.1824,0.0,22.4916,1.5703,0.9991,0.0185,1.0,0.0,0.0,0.0185,1.0,0.2103,18.7878,0.0799,1.2917,2.2865,0.4834,0.0193,1.0,0.0187,0.9926,0.0,0.1777
1747235520000,105.8776,1.0,0.0694,0.8198,1.0,0.0113,1.0216,0.9996,5.064,0.9938,1.0,0.0,17.0158,0.0,22.7889,1.57,0.9995,0.0189,1.0,0.0,0.0,0.0182,1.0,0.2096,15.5407,0.0792,1.6667,1.8414,0.4803,0.0192,1.0,0.0166,0.9932,0.0,0.1737
1747235580000,104.4799,1.0,0.0694,0.9534,1.0,0.015,0.9621,1.0,5.0611,0.9891,1.0,0.0,24.5355,0.0,21.3772,1.6211,0.9998,0.0191,1.0,0.0,0.0,0.0181,1.0,0.2013,12.3507,0.0489,1.0,1.7562,0.486,0.019,1.0,0.0152,0.9965,0.0,0.1661
1747235640000,103.4327,1.0,0.0694,1.2691,1.0,0.018,0.9799,1.0,5.0509,0.9908,1.0,0.0,31.8496,0.0,22.5413,1.5647,0.9996,0.0187,1.0,0.0,0.0,0.0186,1.0,0.2012,14.3275,0.0773,1.5,2.256,0.4937,0.0193,1.0,0.0122,0.9866,0.0,0.167
1747235700000,98.1997,1.0,0.0694,0.961,1.0,0.0137,1.0043,0.9996,5.0373,0.9992,1.0,0.0,1.7808,0.0,21.8894,1.6169,0.9996,0.0188,1.0,0.0,0.0,0.0182,1.0,0.1952,12.5144,0.0788,1.25,2.247,0.5013,0.0196,1.0,0.0233,0.9835,0.0,0.1681
1747235760000,104.3628,1.0,0.0694,0.956,1.0,0.0157,0.9919,1.0,5.0509,0.9992,1.0,0.0,2.2641,0.0,23.7087,1.5595,0.9995,0.0189,1.0,0.0,0.0,0.0184,1.0,0.1936,20.0773,0.0797,1.0,2.4148,0.4904,0.0195,1.0,0.0253,0.987,0.0,0.1764
1747235820000,109.0743,1.0,0.0694,1.3348,1.0,0.0163,0.9851,1.0,5.0573,0.9808,1.0,0.0,40.6315,0.0,23.8078,1.5454,0.9993,0.0187,1.0,0.0,0.0,0.0189,1.0,0.2105,23.629,0.0775,2.5,1.9302,0.4899,0.0198,1.0,0.021,0.9907,0.0,0.1786
1747235880000,104.0057,1.0,0.0694,1.5943,1.0,0.0192,1.0002,1.0,5.0491,0.9938,1.0,0.0,14.1221,0.0,21.9386,1.5533,0.9994,0.0185,1.0,0.0,0.0,0.0182,1.0,0.2113,18.9152,0.072,1.5,2.1477,0.4941,0.019,1.0,0.0183,0.9948,0.0,0.1725
1747235940000,106.9853,1.0,0.0694,1.0378,1.0,0.0193,0.9799,1.0,5.0509,0.9991,1.0,0.0,2.146,0.0,22.7274,1.5214,0.9991,0.0189,1.0,0.0,0.0,0.0182,1.0,0.205,22.4299,0.0783,1.2222,2.3149,0.4861,0.0189,1.0,0.0192,0.9864,0.0,0.1678
1747236000000,99.5164,1.0,0.0694,0.834,1.0,0.0154,0.9928,1.0,5.0436,0.9991,1.0,0.0,2.5507,0.0,22.7932,1.5213,0.9992,0.0187,1.0,0.0,0.0,0.0185,1.0,0.2129,22.4848,0.0782,1.4167,2.5146,0.4821,0.0195,1.0,0.0191,0.9866,0.0,0.1772
1747236060000,107.766,1.0,0.0694,1.3855,1.0,0.0154,1.0,1.0,5.0464,0.999,1.0,0.0,2.5998,0.0,21.767,1.549,0.9992,0.0186,1.0,0.0,0.0,0.0189,1.0,0.216,18.3225,0.0614,1.4286,3.3018,0.4814,0.019,1.0,0.0119,0.9842,0.0,0.1776
1747236120000,101.779,1.0,0.0694,0.823,1.0,0.0188,0.9877,1.0,5.0409,0.9987,1.0,0.0,2.423,0.0,23.7904,1.5417,0.9992,0.0187,1.0,0.0,0.0,0.0194,1.0,0.2102,23.6935,0.0818,1.5833,1.9415,0.4919,0.0199,1.0,0.015,0.9838,0.0,0.1779
1747236180000,92.5089,1.0,0.0694,1.0839,1.0,0.0205,1.0103,1.0,5.032,0.9907,1.0,0.0,16.1121,0.0,23.5277,1.5359,0.9996,0.0188,1.0,0.0,0.0,0.0197,1.0,0.205,19.9743,0.0793,1.0,2.4769,0.4848,0.0198,1.0,0.0278,0.9928,0.0,0.1788
1747236240000,98.9157,1.0,0.0694,1.0147,1.0,0.0121,0.9735,1.0,5.0436,0.9956,1.0,0.0,11.0682,0.0,21.061,1.5565,0.9998,0.0186,1.0,0.0,0.0,0.019,1.0,0.201,17.2711,0.0806,1.5714,2.4317,0.4876,0.0192,1.0,0.0124,0.9954,0.0,0.1695
1747236300000,94.7812,1.0,0.0694,1.4109,1.0,0.0161,0.9872,0.9996,5.05,0.9993,1.0,0.0,1.8956,0.0,21.7613,1.5502,0.9994,0.019,1.0,0.0,0.0,0.019,1.0,0.2035,14.7745,0.0773,1.6923,2.4627,0.4791,0.0189,1.0,0.0162,0.9874,0.0,0.1693
1747236360000,102.9854,1.0,0.0694,1.4821,1.0,0.0183,0.9793,1.0,5.0382,0.9907,1.0,0.0,15.0023,0.0,21.2839,1.539,0.9987,0.0187,1.0,0.0,0.0,0.0185,1.0,0.1951,17.9227,0.0469,1.375,2.0732,0.4916,0.0189,1.0,0.0143,0.9884,0.0,0.1763
1747236420000,98.7914,1.0,0.0694,1.0735,1.0,0.0191,0.9735,1.0,5.0536,0.9945,1.0,0.0,20.2655,0.0,22.4996,1.524,0.9995,0.0186,1.0,0.0,0.0,0.0183,1.0,0.1931,18.2671,0.0459,1.6667,2.3301,0.489,0.0192,1.0,0.0213,0.9811,0.0,0.1673
1747236480000,103.7346,1.0,0.0694,0.8262,1.0,0.0146,0.9378,1.0,5.0391,0.9836,1.0,0.0,24.3257,0.0,20.4772,1.5761,0.9993,0.0187,1.0,0.0,0.0,0.0182,1.0,0.2195,12.7039,0.0486,1.0,2.3832,0.4878,0.0188,1.0,0.0168,0.9918,0.0,0.1648
1747236540000,105.8176,1.0,0.0694,1.1119,1.0,0.0142,0.9708,0.9996,5.054,0.9842,1.0,0.0,43.3328,0.0,21.4932,1.519,0.9994,0.0188,1.0,0.0,0.0,0.0192,1.0,0.21,16.7657,0.0491,1.2727,2.6831,0.4825,0.0192,1.0,0.0167,0.9937,0.0,0.1669
1747236600000,103.4593,1.0,0.0694,0.8295,1.0,0.0105,0.9791,1.0,5.0409,0.9996,1.0,0.0,1.6701,0.0,20.6201,1.9936,0.9997,0.0186,1.0,0.0,0.0,0.0186,1.0,0.198,15.5701,0.0503,1.3846,3.0656,0.4855,0.0192,1.0,0.0229,0.9866,0.0,0.1661
1747236660000,109.0763,1.0,0.0694,1.3934,1.0,0.0142,0.9576,1.0,5.0482,0.9996,1.0,0.0,1.5186,0.0,20.7179,2.2168,0.9996,0.0185,1.0,0.0,0.0,0.019,1.0,0.2095,17.188,0.0474,1.4231,2.5744,0.488,0.0192,1.0,0.012,0.9958,0.0,0.1722
1747236720000,103.1196,1.0,0.0694,0.9191,1.0,0.0181,0.9784,1.0,5.0309,0.9919,1.0,0.0,15.2733,0.0,21.1041,2.151,0.9992,0.0186,1.0,0.0,0.0,0.0185,1.0,0.2042,15.5609,0.0781,1.4545,1.9416,0.4843,0.0188,1.0,0.0163,0.9915,0.0,0.1717
1747236780000,106.0925,1.0,0.0694,1.2802,1.0,0.0148,0.982,0.9994,5.05,0.9937,1.0,0.0,14.701,0.0,20.949,2.1804,0.9994,0.0183,1.0,0.0,0.0,0.0209,1.0,0.198,19.0781,0.0771,1.1111,2.5506,0.4852,0.0192,1.0,0.0149,0.9883,0.0,0.1656
1747236840000,110.5764,1.0,0.0694,1.1738,1.0,0.0123,0.9634,1.0,5.0382,0.9992,1.0,0.0,1.5055,0.0,22.7253,2.2544,0.9993,0.0185,1.0,0.0,0.0,0.0194,1.0,0.2055,15.6234,0.0481,1.1429,3.064,0.4821,0.0187,1.0,0.0173,0.9922,0.0,0.1669
1747236900000,106.6494,1.0,0.0694,1.3175,1.0,0.0148,0.9659,1.0,5.0436,0.9988,1.0,0.0,2.0566,0.0,22.8045,2.1719,0.999,0.0188,1.0,0.0,0.0,0.0184,1.0,0.1938,18.5344,0.0764,1.3333,2.244,0.4886,0.0191,1.0,0.0148,0.9718,0.0,0.1734
1747236960000,106.2625,1.0,0.0694,1.3904,1.0,0.0153,0.9632,0.9993,5.0654,0.9753,1.0,0.0,40.9968,0.0,21.8327,2.1941,0.9988,0.0186,1.0,0.0,0.0,0.0183,1.0,0.184,17.5247,0.0466,1.9615,2.6228,0.4931,0.0187,1.0,0.0192,0.9864,0.0,0.1723
1747237020000,105.86,1.0,0.0694,1.2929,1.0,0.0132,0.9695,1.0,5.0621,0.9941,1.0,0.0,14.7142,0.0,21.0869,2.2152,0.9994,0.0186,1.0,0.0,0.0,0.0199,1.0,0.1847,18.6005,0.0602,1.2857,1.7662,0.4816,0.0187,1.0,0.024,0.988,0.0,0.167
1747237080000,103.4621,1.0,0.0694,1.8696,1.0,0.0158,0.9579,0.9994,5.0473,0.9989,1.0,0.0,2.8435,0.0,22.7767,2.2255,0.9993,0.0187,1.0,0.0,0.0,0.0183,1.0,0.1984,20.0267,0.0471,1.6667,2.3077,0.4755,0.0193,1.0,0.0227,0.9845,0.0,0.1646
1747237140000,103.1914,1.0,0.0694,1.0244,1.0,0.0171,0.9775,1.0,5.0411,0.9988,1.0,0.0,2.4272,0.0,21.6622,2.171,0.9993,0.0184,1.0,0.0,0.0,0.0202,1.0,0.201,20.6217,0.0568,1.5714,2.3708,0.474,0.0191,1.0,0.0199,0.9876,0.0,0.1708
1747237200000,109.0612,1.0,0.0694,0.8424,1.0,0.0124,0.9644,1.0,5.05,0.9892,1.0,0.0,30.1972,0.0,21.4373,2.2151,0.9996,0.0184,1.0,0.0,0.0,0.0199,1.0,0.215,18.3592,0.0762,1.3077,2.3716,0.4722,0.0196,1.0,0.0212,0.9924,0.0,0.1713
1747237260000,105.658,1.0,0.0694,1.0099,1.0,0.0144,0.9511,1.0,5.0512,0.9934,1.0,0.0,16.5515,0.0,22.2969,2.1865,0.9993,0.0182,1.0,0.0,0.0,0.0191,1.0,0.2142,18.771,0.0743,1.3226,3.0635,0.4687,0.0193,1.0,0.0116,0.9937,0.0,0.1624
1747237320000,108.439,1.0,0.0694,0.8398,1.0,0.0128,0.9618,1.0,5.0585,0.9995,1.0,0.0,1.7489,0.0,21.5964,2.2332,0.9995,0.0186,1.0,0.0,0.0,0.0202,1.0,0.1973,15.2244,0.0751,1.7,2.7013,0.4648,0.0191,1.0,0.0223,0.9935,0.0,0.162
1747237380000,100.6605,1.0,0.0694,0.9862,1.0,0.0166,0.9247,1.0,5.0559,0.9965,1.0,0.0,6.0213,0.0,22.3546,2.1783,0.9995,0.0186,1.0,0.0,0.0,0.0192,1.0,0.2029,16.1217,0.0705,2.0,2.5473,0.4753,0.0188,1.0,0.0231,0.9866,0.0,0.1677
1747237440000,95.4182,1.0,0.0694,1.2552,1.0,0.0169,0.9613,1.0,5.0527,0.9911,1.0,0.0,20.2506,0.0,22.4929,2.1869,0.9991,0.0184,1.0,0.0,0.0,0.0193,1.0,0.1937,17.8261,0.0721,1.3333,1.9591,0.4759,0.019,1.0,0.0294,0.9827,0.0,0.1614
1747237500000,94.153,1.0,0.0694,0.8748,1.0,0.0169,0.966,1.0,5.065,0.9987,1.0,0.0,3.0546,0.0,26.5766,2.1723,0.9994,0.0183,1.0,0.0,0.0,0.0206,1.0,0.1911,21.1561,0.0728,1.5,2.7755,0.47,0.0194,1.0,0.0213,0.9848,0.0,0.1597
1747237560000,97.3766,1.0,0.0694,0.9707,1.0,0.0119,0.955,1.0,5.0447,0.9992,1.0,0.0,2.0263,0.0,25.2149,2.1651,0.9996,0.0186,1.0,0.0,0.0,0.0192,1.0,0.2016,17.4342,0.0754,1.3571,2.9725,0.4683,0.0188,1.0,0.0221,0.9844,0.0,0.1689
1747237620000,102.7067,1.0,0.0694,1.5438,1.0,0.0119,0.9567,1.0,5.0356,0.9806,1.0,0.0,34.6113,0.0,24.3103,2.2284,0.9993,0.0185,1.0,0.0,0.0,0.0193,1.0,0.1991,16.5702,0.0734,1.3,1.8356,0.4709,0.019,1.0,0.0161,0.9815,0.0,0.1676
1747237680000,98.6752,1.0,0.0694,1.1556,1.0,0.016,0.9622,0.9997,5.0594,0.9961,1.0,0.0,8.7297,0.0,23.1103,2.2035,0.9995,0.0184,1.0,0.0,0.0,0.0196,1.0,0.2022,21.9894,0.0732,1.3333,2.5893,0.474,0.0195,1.0,0.0126,0.9918,0.0,0.1594
1747237740000,104.1926,1.0,0.0694,1.6354,1.0,0.0139,0.9567,1.0,5.0427,0.9994,1.0,0.0,1.4897,0.0,21.2571,2.1818,0.9996,0.0187,1.0,0.0,0.0,0.0209,1.0,0.1826,14.5906,0.0699,1.25,3.2298,0.4875,0.0194,1.0,0.0156,0.9923,0.0,0.1606
1747237800000,103.8093,1.0,0.0694,0.8662,1.0,0.0138,0.9708,1.0,5.0419,0.9996,1.0,0.0,1.4835,0.0,21.1315,2.257,0.9995,0.0187,1.0,0.0,0.0,0.0193,1.0,0.1866,15.7482,0.0726,1.3,2.5851,0.4749,0.0192,1.0,0.0144,0.9917,0.0,0.1644
1747237860000,104.5276,1.0,0.0694,1.4277,1.0,0.0138,0.9855,1.0,5.0355,0.9954,1.0,0.0,11.6956,0.0,21.0744,2.2404,0.9995,0.0189,1.0,0.0,0.0,0.02,1.0,0.2024,13.4787,0.0724,1.2917,2.3525,0.4785,0.0187,1.0,0.0218,0.992,0.0,0.1673
1747237920000,100.8627,1.0,0.0694,0.9605,1.0,0.0139,0.9602,1.0,5.0518,0.993,1.0,0.0,16.6375,0.0,20.4554,2.1987,0.9995,0.0186,1.0,0.0,0.0,0.0197,1.0,0.1885,14.0283,0.0698,1.25,2.1382,0.4796,0.0187,1.0,0.0155,0.9899,0.0,0.1589
1747237980000,97.8469,1.0,0.0694,1.0631,1.0,0.0153,0.9394,1.0,5.0348,0.9996,1.0,0.0,1.5666,0.0,19.6846,2.2201,0.9997,0.019,1.0,0.0,0.0,0.0198,1.0,0.1819,11.59,0.0727,1.5,2.8779,0.4724,0.0191,1.0,0.0106,0.988,0.0,0.1577
1747238040000,99.2334,1.0,0.0694,1.0231,1.0,0.016,0.9835,1.0,5.0503,0.9991,1.0,0.0,2.3376,0.0,22.9568,2.2254,0.9994,0.0185,1.0,0.0,0.0,0.0183,1.0,0.1946,20.1176,0.0719,1.3333,2.5515,0.4733,0.0195,1.0,0.0126,0.9836,0.0,0.1646
1747238100000,96.3059,1.0,0.0694,1.3814,1.0,0.0131,0.932,0.9995,5.0493,0.9868,1.0,0.0,28.3887,0.0,20.4775,2.2545,0.9996,0.0188,1.0,0.0,0.0,0.0226,1.0,0.1996,15.0715,0.0764,2.2308,3.2474,0.4791,0.0188,1.0,0.0149,0.9824,0.0,0.1665
1747238160000,102.3893,1.0,0.0694,1.4533,1.0,0.0167,0.9531,1.0,5.0518,0.9944,1.0,0.0,9.2606,0.0,22.0147,2.1854,0.9991,0.0187,1.0,0.0,0.0,0.0192,1.0,0.1967,23.1027,0.0757,1.4167,2.1192,0.47,0.0194,1.0,0.0219,0.9868,0.0,0.1599
1747238220000,99.3621,1.0,0.0694,1.1316,1.0,0.0197,0.9945,1.0,5.0327,0.9989,1.0,0.0,3.1302,0.0,22.8974,2.161,0.9993,0.0184,1.0,0.0,0.0,0.0201,1.0,0.1919,29.3381,0.0742,1.9091,2.6609,0.4767,0.0193,1.0,0.0162,0.9843,0.0,0.1638
1747238280000,97.6171,1.0,0.0694,0.8224,1.0,0.0123,0.9582,1.0,5.0482,0.9988,1.0,0.0,4.5758,0.0,22.1469,2.1758,0.9995,0.0194,1.0,0.0,0.0,0.0212,1.0,0.2121,18.8908,0.081,0.7778,3.5437,0.4708,0.0191,1.0,0.0137,0.9893,0.0,0.1716
1747238340000,86.8025,1.0,0.0694,1.0985,1.0,0.0107,0.9576,1.0,5.0355,0.9967,1.0,0.0,13.5472,0.0,20.3471,2.2551,0.9998,0.0216,1.0,0.0,0.0,0.0208,1.0,0.2214,13.6958,0.0949,1.4286,1.8753,0.4594,0.0201,1.0,0.0152,0.9933,0.0,0.1642
1747238400000,101.0523,0.9974,0.0694,0.8594,1.0,0.0135,0.967,1.0,5.0556,0.975,1.0,0.0,45.2422,0.0,21.2925,2.2165,0.9994,0.0178,1.0,0.0,0.0,0.0196,1.0,0.2198,31.4981,0.0835,1.4615,2.491,0.4786,0.0201,1.0,0.0174,0.9748,0.0,0.1671
1747238460000,103.3863,1.0,0.0694,1.1605,1.0,0.0174,0.9758,1.0,5.0493,0.9739,1.0,0.0,54.9719,0.0,21.7631,2.208,0.9993,0.0174,1.0,0.0,0.0,0.0195,1.0,0.2119,37.0744,0.0777,1.375,2.7252,0.4774,0.0198,1.0,0.0176,0.9722,0.0,0.1773
1747238520000,103.0114,1.0,0.0694,1.0494,1.0,0.0164,1.0093,1.0,5.0482,0.9889,1.0,0.0,40.0753,0.0,22.6937,2.2049,0.9995,0.0175,1.0,0.0,0.0,0.0199,1.0,0.2047,38.2912,0.075,1.3636,2.4678,0.4803,0.0196,1.0,0.0144,0.9755,0.0,0.1726
1747238580000,97.8151,1.0,0.0694,1.222,1.0,0.0164,1.0113,0.9998,5.0418,0.9822,1.0,0.0,43.4814,0.0,22.4671,2.207,0.9995,0.0176,1.0,0.0,0.0,0.0209,1.0,0.2015,37.6448,0.0731,1.3333,3.1361,0.4811,0.0195,1.0,0.0141,0.9661,0.0,0.1685
1747238640000,101.0956,1.0,0.0694,1.2071,1.0,0.0147,0.9797,1.0,5.0373,0.9905,1.0,0.0,20.5812,0.0,21.6829,2.2139,0.9994,0.0177,1.0,0.0,0.0,0.0206,1.0,0.2051,23.3948,0.0662,2.625,2.8433,0.481,0.0189,1.0,0.0206,0.9898,0.0,0.1669
1747238700000,101.5862,1.0,0.0694,1.1808,1.0,0.0146,1.0192,1.0,5.0455,0.9919,1.0,0.0,25.2356,0.0,22.4909,2.2113,0.9995,0.0176,1.0,0.0,0.0,0.0203,1.0,0.2081,25.5471,0.0673,1.4167,2.4644,0.4765,0.0192,1.0,0.0181,0.9893,0.0,0.1647
1747238760000,103.3742,1.0,0.0694,1.8579,1.0,0.0108,0.9671,1.0,5.0303,0.9974,1.0,0.0,10.2394,0.0,20.8444,2.2374,0.9997,0.0179,1.0,1e-04,0.0,0.0201,1.0,0.203,17.5265,0.0651,1.129,4.6291,0.4835,0.0189,1.0,0.023,0.989,0.0,0.1601
1747238820000,105.7918,1.0,0.0694,1.3921,1.0,0.0144,0.9743,1.0,5.0576,0.9891,1.0,0.0,18.7373,0.0,21.5304,2.2116,0.9995,0.0178,1.0,0.0,0.0,0.0212,1.0,0.2093,24.1803,0.0675,1.5,2.431,0.4831,0.0186,1.0,0.024,0.9835,0.0,0.1562
1747238880000,97.594,1.0,0.0694,1.9423,1.0,0.0175,0.953,1.0,5.0528,0.9812,1.0,0.0,27.8714,0.0,21.0986,2.2006,0.9991,0.0174,1.0,0.0,0.0,0.0204,1.0,0.2011,26.6356,0.0639,1.5,2.4688,0.472,0.0189,1.0,0.0213,0.9933,0.0,0.1619
1747238940000,102.722,1.0,0.0694,1.1405,1.0,0.0141,0.9711,1.0,5.0427,0.9929,1.0,0.0,20.5258,0.0,21.3993,2.2165,0.9997,0.0177,1.0,0.0,0.0,0.0213,1.0,0.197,25.9257,0.0659,1.2857,2.8755,0.4832,0.0189,1.0,0.0228,0.9828,0.0,0.1584
1747239000000,96.6289,1.0,0.0694,0.9295,1.0,0.0135,0.9935,1.0,5.04,0.9886,1.0,0.0,24.4602,0.0,22.2863,2.1783,0.9994,0.0177,1.0,0.0,0.0,0.0199,1.0,0.1858,25.03,0.0631,1.1667,2.2319,0.4786,0.0188,1.0,0.0151,0.9853,0.0,0.1609
1747239060000,95.5461,1.0,0.0694,0.9497,1.0,0.0144,0.9806,1.0,5.0558,0.9953,1.0,0.0,16.6884,0.0,22.3377,2.2759,0.9998,0.0175,1.0,1e-04,0.0,0.0191,1.0,0.189,24.2122,0.0616,1.2414,3.3166,0.4875,0.0186,1.0,0.0217,0.9879,0.0,0.1593
1747239120000,99.0543,1.0,0.0694,0.9966,1.0,0.0097,0.9792,1.0,5.0436,0.9962,1.0,0.0,5.6768,0.0,19.174,2.215,0.9995,0.0183,1.0,0.0,0.0,0.0235,1.0,0.2017,16.7765,0.0633,1.2,2.626,0.4855,0.0185,1.0,0.0236,0.9787,0.0,0.1588
1747239180000,91.8779,1.0,0.0694,1.0761,1.0,0.0124,0.9898,1.0,5.0482,0.9961,1.0,0.0,11.9094,0.0,19.3897,2.1938,0.9998,0.0176,1.0,0.0,0.0,0.0216,1.0,0.1969,17.8,0.0645,1.3333,1.9159,0.4744,0.0185,1.0,0.0206,0.9635,0.0,0.1595
1747239240000,98.5446,1.0,0.0694,1.1577,1.0,0.0172,0.9983,1.0,5.0382,0.9897,1.0,0.0,22.8245,0.0,22.2865,2.1854,0.9994,0.0175,1.0,0.0,0.0,0.0191,1.0,0.1993,26.4303,0.0633,1.25,1.8533,0.4794,0.0187,1.0,0.0105,0.9848,0.0,0.1615
1747239300000,110.049,1.0,0.0694,1.0852,1.0,0.0167,0.9932,1.0,5.0355,0.9906,1.0,0.0,21.1493,0.0,23.6145,2.2386,0.9995,0.0174,1.0,0.0,0.0,0.0207,1.0,0.1869,32.5875,0.0616,1.2105,2.4111,0.4826,0.0187,1.0,0.0169,0.9897,0.0,0.1636
1747239360000,104.4008,1.0,0.0694,1.0311,1.0,0.0127,0.9738,1.0,5.0355,0.994,1.0,0.0,14.5119,0.0,23.036,2.1945,0.9995,0.0174,1.0,0.0,0.0,0.0199,1.0,0.194,25.9444,0.06,1.4583,3.2315,0.4746,0.0188,1.0,0.0227,0.987,0.0,0.1588
1747239420000,103.874,1.0,0.0694,1.6511,1.0,0.0137,0.9778,0.9994,5.0382,0.9932,1.0,0.0,14.8223,0.0,20.1406,2.2312,0.9998,0.0178,1.0,0.0,0.0,0.0226,1.0,0.1878,18.9438,0.0641,1.4,2.4757,0.4793,0.0187,1.0,0.0169,0.9955,0.0,0.1599
1747239480000,103.8479,1.0,0.0694,1.0735,1.0,0.0117,0.9741,1.0,5.0473,0.9947,1.0,0.0,16.9199,0.0,20.7466,2.3111,0.9995,0.0185,1.0,0.0,0.0,0.024,1.0,0.1956,22.2466,0.0611,1.0,2.109,0.4943,0.0186,1.0,0.0172,0.9895,0.0,0.1633
1747239540000,106.0108,1.0,0.0694,2.1101,1.0,0.0135,0.978,1.0,5.0411,0.9898,1.0,0.0,16.8195,0.0,22.5086,2.2215,0.9991,0.0177,1.0,0.0,0.0,0.0204,1.0,0.1942,29.4452,0.0585,1.2857,3.2559,0.4843,0.0187,1.0,0.0175,0.9752,0.0,0.1587
1747239600000,102.3773,1.0,0.0694,0.8795,1.0,0.0138,1.0026,1.0,5.042,0.9915,1.0,0.0,19.987,0.0,23.0822,2.24,0.9989,0.0175,1.0,0.0,198.9818,0.0213,1.0,0.1876,26.8927,0.0618,1.5,2.0026,0.5476,0.0187,0.9999,0.0167,0.9761,0.2182,0.1622
1747239660000,115.4429,1.0,0.0694,1.3059,1.0,0.0213,1.0082,1.0,5.0467,0.9929,1.0,0.0,18.7415,0.0,24.9197,2.2378,0.9992,0.0174,1.0,1e-04,615.7273,0.02,1.0,0.2032,34.6501,0.0587,1.52,2.8541,0.6298,0.0186,1.0,0.0177,0.9877,1.0,0.1848
1747239720000,115.9932,1.0,0.0694,0.9492,1.0,0.0146,13.2227,1.0,4.6126,0.9944,1.0,0.0,10.9491,0.0,20.7198,2.2109,0.9997,0.0177,1.0,0.0,96.4727,0.0215,1.0,0.2185,19.6882,0.0384,1.7273,2.7815,0.5364,0.0183,0.9999,0.0225,0.9954,0.0182,0.1962
1747239780000,106.9043,1.0,0.0694,1.0386,1.0,0.0126,1.1841,1.0,5.0484,0.2255,1.0,0.0,139.2666,0.0,29.9851,2.3098,0.9999,0.0173,1.0,0.0,0.0,0.0502,1.0,0.2085,22.4587,0.0626,1.0,2.1169,0.4905,0.0181,1.0,0.0226,0.9873,0.0,0.1628
1747239840000,108.6015,1.0,0.0694,1.2524,1.0,0.0149,1.0884,1.0,5.0248,0.46,1.0,0.0,161.7351,0.0,36.4111,2.2492,0.9997,0.0176,1.0,0.0,0.0,0.1149,1.0,0.214,27.502,0.0595,1.4286,2.6182,0.5047,0.0185,1.0,0.0301,0.9858,0.0,0.2077
1747239900000,108.0937,1.0,0.0694,1.6062,1.0,0.014,1.0214,1.0,5.0811,0.5523,1.0,0.0,134.7315,0.0,33.773,2.3234,0.9999,0.0177,1.0,0.0,75.8545,0.0713,1.0,0.222,24.3088,0.0606,1.5,2.7487,0.4914,0.0185,1.0,0.0185,0.989,0.0182,0.1839
1747239960000,110.1194,1.0,0.0694,1.3857,1.0,0.0201,3.0623,0.9997,4.9573,0.9843,1.0,0.0,34.7926,0.0,23.5685,2.221,0.9986,0.0177,1.0,0.0,0.0,0.0218,1.0,0.2147,33.2378,0.0592,1.4167,2.2551,0.4916,0.0187,1.0,0.021,0.9897,0.0,0.1751
1747240020000,108.1851,1.0,0.0694,1.7106,1.0,0.0138,1.0077,1.0,5.0434,0.671,1.0,0.0,131.9954,0.0,35.48,2.2279,0.9994,0.0177,1.0,0.0,0.0,0.0471,1.0,0.2033,27.403,0.0381,1.4,2.0831,0.4797,0.0183,1.0,0.0165,0.9877,0.0,0.1651
1747240080000,102.7676,1.0,0.0694,0.8459,1.0,0.0158,1.0248,1.0,5.0584,0.9933,1.0,0.0,22.363,0.0,22.6788,2.2727,0.9993,0.0177,1.0,0.0,0.0,0.0224,1.0,0.2027,27.2667,0.0596,1.5,2.0947,0.4711,0.0182,1.0,0.0146,0.9931,0.0,0.1726
1747240140000,104.6274,1.0,0.0694,1.2689,1.0,0.0163,0.998,1.0,5.0482,0.9951,1.0,0.0,16.4474,0.0,22.197,2.2427,0.9995,0.0175,1.0,0.0,0.0,0.0219,1.0,0.1983,24.9186,0.0593,1.0909,3.2254,0.4859,0.0181,1.0,0.0199,0.9946,0.0,0.162
1747240200000,98.6931,1.0,0.0694,1.0355,1.0,0.0164,1.0382,0.9996,5.0755,0.8113,1.0,0.0,140.1073,0.0,37.7552,2.3213,0.9996,0.0177,1.0,0.0,0.0,0.0348,1.0,0.1932,29.7844,0.0369,1.4167,2.8799,0.4899,0.0185,1.0,0.012,0.9865,0.0,0.1603
1747240260000,107.2471,1.0,0.0694,1.3618,1.0,0.0132,1.0217,1.0,5.0491,0.996,1.0,0.0,20.1896,0.0,24.5018,2.3038,0.9997,0.0173,1.0,0.0,0.0,0.0185,1.0,0.1958,32.1714,0.0395,1.5417,2.8493,0.4891,0.0184,1.0,0.015,0.9932,0.0,0.1695
1747240320000,101.7143,1.0,0.0694,1.2962,1.0,0.0146,0.9895,1.0,5.0836,0.9969,1.0,0.0,16.3659,0.0,21.4037,2.2769,0.9996,0.0179,1.0,0.0,0.0,0.0228,1.0,0.1891,20.5314,0.0589,1.4706,2.9843,0.4965,0.0182,1.0,0.0294,0.9846,0.0,0.1623
1747240380000,95.3388,1.0,0.0694,1.312,1.0,0.0207,1.039,1.0,5.0427,0.988,1.0,0.0,31.796,0.0,24.6864,2.2485,0.9991,0.0174,1.0,0.0,0.0,0.0188,1.0,0.205,37.3829,0.0587,2.0,2.5821,0.5023,0.0186,1.0,0.0216,0.9477,0.0,0.1601
1747240440000,111.0199,1.0,0.0694,1.1291,1.0,0.0132,0.9701,1.0,5.0749,0.9736,1.0,0.0,101.3132,0.0,32.8086,2.2502,0.9997,0.0178,1.0,0.0,0.0,0.0294,1.0,0.217,31.802,0.0617,1.2857,2.6645,0.5024,0.0184,1.0,0.0239,0.9908,0.0,0.1628
1747240500000,105.3,1.0,0.0694,1.243,1.0,0.0123,0.9751,1.0,5.0173,0.9911,1.0,0.0,23.6466,0.0,24.1676,2.3095,0.9991,0.0173,1.0,0.0,86.2182,0.0195,1.0,0.201,30.3935,0.0601,1.9167,2.4014,0.503,0.0184,1.0,0.0193,0.9879,0.0182,0.1675
1747240560000,101.0874,1.0,0.0694,1.8427,1.0,0.0148,1.0119,1.0,5.0464,0.995,1.0,0.0,19.7552,0.0,23.5887,2.2744,0.9994,0.0176,1.0,1e-04,0.0,0.0218,1.0,0.212,25.6915,0.0586,1.24,1.8338,0.492,0.0182,1.0,0.0152,0.9898,0.0,0.1609
1747240620000,99.4009,1.0,0.0694,1.929,1.0,0.0186,1.0124,1.0,5.0409,0.9957,1.0,0.0,23.9958,0.0,23.1454,2.2189,0.9993,0.0175,1.0,0.0,0.0,0.021,1.0,0.2099,27.8538,0.0571,1.2143,2.1783,0.4883,0.0181,1.0,0.0156,0.9835,0.0,0.1616
1747240680000,108.0694,1.0,0.0694,1.8327,1.0,0.0144,0.9735,1.0,5.0355,0.998,1.0,0.0,23.0801,0.0,24.1047,2.2943,0.9996,0.0173,1.0,0.0,0.0,0.0196,1.0,0.214,33.1015,0.0565,1.0,2.8487,0.4752,0.0181,1.0,0.0114,0.9881,0.0,0.158
1747240740000,101.8517,1.0,0.0694,1.2812,1.0,0.0126,0.9877,1.0,5.0173,0.994,1.0,0.0,29.5302,0.0,25.5897,2.2986,0.9994,0.0172,1.0,0.0,0.0,0.0186,1.0,0.2072,29.0182,0.0361,1.7143,2.8668,0.4875,0.0181,1.0,0.0161,0.9841,0.0,0.1592
1747240800000,102.6903,1.0,0.0694,1.2515,1.0,0.0144,0.9929,1.0,5.0618,0.991,1.0,0.0,21.9477,0.0,23.6064,2.3241,0.9993,0.0172,1.0,0.0,0.0,0.02,1.0,0.191,28.6601,0.0379,1.1053,2.3205,0.4893,0.0184,1.0,0.0139,0.9862,0.0,0.1601
1747240860000,108.2247,1.0,0.0694,0.935,1.0,0.0124,0.9923,1.0,5.0218,0.995,1.0,0.0,25.2341,0.0,24.7652,2.2431,0.999,0.0174,1.0,0.0,0.0,0.0187,1.0,0.1995,31.0745,0.0447,1.5,3.8017,0.497,0.0182,1.0,0.0118,0.9897,0.0,0.1601
1747240920000,107.4063,1.0,0.0694,0.9309,1.0,0.014,0.9545,1.0,5.0573,0.9886,1.0,0.0,25.5345,0.0,23.0052,2.2493,0.9986,0.0173,1.0,0.0,0.0,0.0211,1.0,0.1929,31.1645,0.0382,1.4,2.7007,0.4923,0.0183,1.0,0.0215,0.9847,0.0,0.1598
1747240980000,94.0264,1.0,0.0694,1.0827,1.0,0.0165,1.0112,1.0,5.0327,0.9922,1.0,0.0,29.2354,0.0,24.1381,2.254,0.9991,0.0177,1.0,0.0,0.0,0.0197,1.0,0.1991,33.6821,0.036,1.5,2.6329,0.4852,0.0181,1.0,0.0188,0.9644,0.0,0.1619
1747241040000,97.556,1.0,0.0694,1.2454,1.0,0.0153,0.9774,1.0,5.0518,0.9943,1.0,0.0,21.5389,0.0,23.1824,2.2625,0.9995,0.0173,1.0,0.0,0.0,0.0209,1.0,0.1855,27.201,0.035,1.0,2.5179,0.5013,0.0179,1.0,0.0112,0.9897,0.0,0.1605
1747241100000,101.6344,1.0,0.0694,1.2323,1.0,0.0131,1.016,1.0,5.0329,0.9936,1.0,0.0,17.0211,0.0,23.2066,2.3065,0.9998,0.0174,1.0,0.0,0.0,0.0201,1.0,0.1774,20.3552,0.0417,1.6154,3.3413,0.5068,0.0178,1.0,0.0129,0.9948,0.0,0.159
1747241160000,97.792,1.0,0.0694,1.0756,1.0,0.0196,0.9678,1.0,5.0573,0.9963,1.0,0.0,20.4539,0.0,23.1903,2.3348,0.9996,0.0176,1.0,0.0,0.0,0.0204,1.0,0.1681,27.9345,0.0335,1.3214,3.613,0.5047,0.0179,1.0,0.0215,0.981,0.0,0.1584
1747241220000,103.6594,1.0,0.0694,1.3934,1.0,0.0148,0.9787,1.0,5.0355,0.9972,1.0,0.0,25.379,0.0,27.3074,2.2101,0.9994,0.0172,1.0,0.0,0.0,0.0185,1.0,0.188,38.5166,0.0354,1.3,2.2345,0.4821,0.0182,1.0,0.0118,0.9514,0.0,0.1568
1747241280000,110.5969,1.0,0.0694,1.3097,1.0,0.0108,0.9619,1.0,5.0459,0.9947,1.0,0.0,19.4727,0.0,23.8736,2.2527,0.9991,0.0171,1.0,0.0,0.0,0.0193,1.0,0.1844,31.1712,0.0574,1.5,3.1093,0.4784,0.0181,1.0,0.0185,0.9825,0.0,0.1557
1747241340000,110.1285,1.0,0.0694,2.2922,1.0,0.0112,0.9569,1.0,5.0356,0.9977,1.0,0.0,19.4345,0.0,23.9614,2.2855,0.9998,0.0177,1.0,0.0,0.0,0.0207,1.0,0.1925,28.1257,0.0544,0.9286,3.519,0.4842,0.0179,1.0,0.0184,0.9832,0.0,0.1561
1747241400000,93.8756,1.0,0.0694,0.8664,1.0,0.013,0.9947,1.0,5.0445,0.9939,1.0,0.0,25.3562,0.0,24.2689,2.2439,0.9993,0.0174,1.0,0.0,0.0,0.0194,1.0,0.1873,33.4103,0.0574,1.4167,3.9361,0.4869,0.0184,1.0,0.0105,0.9505,0.0,0.1557
1747241460000,86.4614,1.0,0.0694,1.0559,1.0,0.0102,1.0168,1.0,5.0345,0.998,1.0,0.0,19.5582,0.0,24.5771,2.3106,0.9995,0.0173,1.0,1e-04,0.0,0.0196,1.0,0.1939,34.3042,0.0558,1.6667,2.4776,0.488,0.0181,1.0,0.0117,0.9302,0.0,0.1582
1747241520000,91.6426,1.0,0.0694,1.2714,1.0,0.0132,0.9847,1.0,5.06,0.9941,1.0,0.0,18.2604,0.0,20.978,2.2958,0.9993,0.0189,1.0,0.0,0.0,0.0264,1.0,0.2022,23.3784,0.0545,1.3,2.0994,0.4903,0.018,1.0,0.018,0.969,0.0,0.1566
1747241580000,100.1817,1.0,0.0694,0.9513,1.0,0.0156,0.9933,1.0,5.0373,0.9942,1.0,0.0,26.2271,0.0,23.6144,2.2429,0.9995,0.0175,1.0,0.0,0.0,0.0208,1.0,0.1917,34.8676,0.0548,2.0,1.9684,0.4881,0.0182,1.0,0.0249,0.9804,0.0,0.1575
1747241640000,95.5806,1.0,0.0694,1.2938,1.0,0.0147,0.9773,1.0,5.0536,0.9953,1.0,0.0,20.5851,0.0,22.581,2.2732,0.9995,0.0175,1.0,0.0,0.0,0.0211,1.0,0.1969,26.3819,0.0516,1.7273,3.5438,0.4886,0.0181,1.0,0.0101,0.9859,0.0,0.1576
1747241700000,101.5144,1.0,0.0694,1.7788,1.0,0.0128,0.9795,1.0,5.0318,0.9967,1.0,0.0,19.7865,0.0,24.3627,2.2631,0.9992,0.0172,1.0,0.0,0.0,0.0189,1.0,0.1922,35.6889,0.0543,1.5833,2.7946,0.5018,0.0181,1.0,0.0166,0.9866,0.0,0.156
1747241760000,103.3554,1.0,0.0694,1.6313,1.0,0.0157,0.9824,1.0,5.05,0.9959,1.0,0.0,15.498,0.0,21.0701,2.2968,0.9996,0.0174,1.0,1e-04,0.0,0.0214,1.0,0.1796,23.7834,0.0545,1.375,2.0488,0.4835,0.018,1.0,0.021,0.9867,0.0,0.1554
1747241820000,102.7127,1.0,0.0694,2.1455,1.0,0.0171,0.9648,1.0,5.0484,0.9957,1.0,0.0,22.9365,0.0,23.6145,2.2376,0.9996,0.0173,1.0,0.0,0.0,0.0202,1.0,0.2019,32.6775,0.0518,1.4706,1.6929,0.4813,0.0179,1.0,0.023,0.9827,0.0,0.1582
1747241880000,99.3774,1.0,0.0694,0.8804,1.0,0.0161,0.9916,1.0,5.0529,0.9862,1.0,0.0,25.566,0.0,23.3782,2.2564,0.999,0.017,1.0,0.0,0.0,0.0195,1.0,0.215,35.8857,0.0554,1.5,2.301,0.4715,0.0181,1.0,0.0152,0.9779,0.0,0.1587
1747241940000,96.7709,1.0,0.0694,1.2887,1.0,0.0147,0.985,1.0,5.0455,0.9923,1.0,0.0,23.7001,0.0,23.3712,2.2578,0.9995,0.0174,1.0,0.0,0.0,0.0208,1.0,0.2008,31.5446,0.0542,2.0,1.8057,0.4873,0.0181,1.0,0.0192,0.9633,0.0,0.1596
1747242000000,89.8116,1.0,0.0694,1.2173,1.0,0.0175,0.9987,1.0,5.0509,0.9866,1.0,0.0,30.4687,0.0,23.2598,2.2173,0.9989,0.0174,1.0,0.0,0.0,0.0217,1.0,0.1904,33.6651,0.0511,2.0,1.5477,0.4717,0.0183,1.0,0.0221,0.9653,0.0,0.1589
1747242060000,98.3477,1.0,0.0694,1.3808,1.0,0.0147,1.0014,1.0,5.04,0.9905,1.0,0.0,19.323,0.0,24.9561,2.2151,0.9988,0.0172,1.0,1e-04,0.0,0.0183,1.0,0.2101,36.8622,0.0518,1.1667,2.4514,0.4933,0.018,1.0,0.0167,0.977,0.0,0.158
1747242120000,104.0807,1.0,0.0694,1.316,1.0,0.0141,0.9912,1.0,5.0573,0.9939,1.0,0.0,18.9059,0.0,24.5887,2.2981,0.9993,0.017,1.0,0.0,0.0,0.0193,1.0,0.1906,45.2287,0.0528,1.3,2.8471,0.5015,0.0182,1.0,0.0194,0.9841,0.0,0.1584
1747242180000,100.3621,1.0,0.0694,1.4108,1.0,0.0099,0.98,1.0,5.03,0.9964,1.0,0.0,23.0005,0.0,25.5563,2.2771,0.9997,0.0171,1.0,0.0,0.0,0.0198,1.0,0.1938,33.4942,0.0545,0.6667,2.5986,0.4828,0.0179,1.0,0.0128,0.9949,0.0,0.1575
1747242240000,105.505,1.0,0.0694,0.957,1.0,0.0136,1.0044,1.0,5.0564,0.9947,1.0,0.0,23.2195,0.0,24.9562,2.2175,0.9994,0.0171,1.0,0.0,0.0,0.0196,1.0,0.1968,27.116,0.0527,1.2857,1.5966,0.4741,0.018,1.0,0.0103,0.9863,0.0,0.156
1747242300000,107.2143,1.0,0.0694,1.7785,1.0,0.0167,0.9941,1.0,5.0391,0.9965,1.0,0.0,24.7465,0.0,24.1067,2.2433,0.9996,0.0185,1.0,0.0,0.0,0.0246,1.0,0.199,31.3844,0.0496,1.3333,2.3208,0.4853,0.0181,1.0,0.0245,0.9917,0.0,0.1554
1747242360000,101.493,1.0,0.0694,1.9036,1.0,0.0133,0.9551,1.0,5.0445,0.9974,1.0,0.0,15.4293,0.0,26.1824,2.2268,0.9994,0.0171,1.0,1e-04,0.0,0.0182,1.0,0.1921,36.2378,0.0503,1.6774,2.3716,0.4805,0.0179,1.0,0.0163,0.9808,0.0,0.1563
1747242420000,99.9519,1.0,0.0694,1.8889,1.0,0.0162,0.9485,1.0,5.0245,0.9903,1.0,0.0,26.772,0.0,23.7655,2.2259,0.9989,0.0174,1.0,0.0,0.0,0.0201,1.0,0.1859,35.8507,0.0528,1.2,1.9268,0.4847,0.0183,1.0,0.0218,0.9602,0.0,0.1558
1747242480000,96.5579,1.0,0.0694,1.8046,1.0,0.012,0.9863,1.0,5.0427,0.9912,1.0,0.0,27.2371,0.0,22.9439,2.23,0.9986,0.0173,1.0,0.0,0.0,0.0216,1.0,0.1801,36.7163,0.0546,2.0,3.0624,0.4766,0.0181,1.0,0.0138,0.9623,0.0,0.158
1747242540000,103.4615,1.0,0.0694,1.5077,1.0,0.0149,1.0326,1.0,5.0445,0.9884,1.0,0.0,26.5848,0.0,23.5237,2.2367,0.9992,0.0173,1.0,0.0,0.0,0.0233,1.0,0.189,34.1161,0.051,1.4286,3.2027,0.4903,0.018,1.0,0.0121,0.983,0.0,0.1607
1747242600000,104.6621,1.0,0.0694,1.3043,1.0,0.0155,1.0075,1.0,5.0564,0.9922,1.0,0.0,23.6056,0.0,23.8775,2.2421,0.999,0.0176,1.0,0.0,0.0,0.023,1.0,0.187,37.6595,0.0502,1.4167,1.9389,0.4737,0.0184,1.0,0.0205,0.9856,0.0,0.1592
1747242660000,97.9919,1.0,0.0694,0.9081,1.0,0.0146,0.9843,1.0,5.0355,0.9936,1.0,0.0,21.7098,0.0,23.5241,2.2148,0.9994,0.0188,1.0,1e-04,0.0,0.0188,1.0,0.1862,33.8291,0.0504,1.3214,2.6338,0.4795,0.0182,1.0,0.0136,0.993,0.0,0.1582
1747242720000,103.0105,1.0,0.0694,1.062,1.0,0.0147,0.9942,1.0,5.0673,0.9951,1.0,0.0,21.6951,0.0,23.3675,2.2102,0.9995,0.0173,1.0,0.0,0.0,0.0217,1.0,0.1922,24.2011,0.0545,1.2,2.2192,0.4838,0.0182,1.0,0.0127,0.9917,0.0,0.1561
1747242780000,101.8822,1.0,0.0694,1.1063,1.0,0.0132,0.9731,0.9993,5.0491,0.997,1.0,0.0,18.3534,0.0,23.4941,2.3733,0.9998,0.0174,1.0,0.0,0.0,0.0214,1.0,0.1953,30.9418,0.0556,2.0,3.9476,0.4936,0.0181,1.0,0.018,0.9926,0.0,0.1557
1747242840000,112.0401,1.0,0.0694,1.4421,1.0,0.0112,0.9835,1.0,5.0691,0.9983,1.0,0.0,11.1066,0.0,20.6697,2.2306,0.9998,0.0174,1.0,0.0,0.0,0.023,1.0,0.1854,20.7635,0.0536,1.25,1.8883,0.4811,0.0178,1.0,0.024,0.9956,0.0,0.155
1747242900000,91.3779,1.0,0.0694,1.1017,1.0,0.0134,0.9606,1.0,5.0391,0.9974,1.0,0.0,16.9317,0.0,23.2275,2.2357,0.9996,0.0175,1.0,1e-04,0.0,0.0217,1.0,0.1898,25.4538,0.0522,1.1304,2.7103,0.4882,0.0178,1.0,0.0144,0.9677,0.0,0.1545
1747242960000,88.2584,1.0,0.0694,1.0619,1.0,0.0213,1.0323,1.0,5.0602,0.9855,1.0,0.0,35.4113,0.0,24.0596,2.2215,0.999,0.0177,1.0,1e-04,0.0,0.0236,1.0,0.1834,37.7623,0.0518,1.5833,3.2017,0.4879,0.0183,1.0,0.014,0.9672,0.0,0.1547
1747243020000,94.1766,1.0,0.0694,1.2264,1.0,0.0238,0.9655,1.0,5.0464,0.9894,1.0,0.0,26.9585,0.0,23.4945,2.2073,0.998,0.0173,1.0,0.0,0.0,0.0217,1.0,0.1872,36.2581,0.0483,1.6,2.1512,0.4935,0.018,1.0,0.0119,0.9762,0.0,0.156
1747243080000,99.6488,1.0,0.0694,1.7715,1.0,0.0238,0.9431,1.0,5.0603,0.9902,1.0,0.0,23.4485,0.0,24.8852,2.2773,0.9984,0.0171,1.0,0.0,0.0,0.0186,1.0,0.1936,42.3767,0.0539,1.6667,2.3734,0.4849,0.018,1.0,0.0118,0.9743,0.0,0.1543
1747243140000,98.5645,1.0,0.0694,2.7269,1.0,0.0186,1.0319,1.0,5.0345,0.9965,1.0,0.0,15.742,0.0,22.6497,2.2151,0.9996,0.0171,1.0,0.0,0.0,0.0204,1.0,0.1985,31.2934,0.0498,1.7143,2.8509,0.4746,0.0178,1.0,0.0171,0.9908,0.0,0.1558
1747243200000,85.5286,1.0,0.0694,0.8945,1.0,0.022,0.9667,1.0,5.0709,0.9965,1.0,0.0,20.9094,0.0,21.8153,2.2948,0.9995,0.0172,1.0,1e-04,0.0,0.0197,1.0,0.1969,22.85,0.0489,1.6667,2.487,0.4755,0.018,1.0,0.0171,0.9816,0.0,0.1545
1747243260000,96.3711,1.0,0.0694,1.0142,1.0,0.0145,0.9793,1.0,5.0156,0.9934,1.0,0.0,18.9618,0.0,22.927,2.21,0.9993,0.0172,1.0,1e-04,0.0,0.021,1.0,0.1979,32.2594,0.0535,1.4167,2.7857,0.4724,0.0179,1.0,0.0166,0.9866,0.0,0.1523
1747243320000,93.1884,1.0,0.0694,1.5775,1.0,0.0165,0.9651,1.0,5.06,0.9949,1.0,0.0,16.5373,0.0,24.7741,2.2735,0.9993,0.017,1.0,0.0,0.0,0.019,1.0,0.1899,33.0474,0.0508,3.0,2.4802,0.4789,0.018,1.0,0.0183,0.9801,0.0,0.1543
1747243380000,104.9708,1.0,0.0694,0.9645,1.0,0.0189,0.9609,1.0,5.0591,0.9891,1.0,0.0,33.6212,0.0,26.0632,2.2551,0.9989,0.0172,1.0,0.0,0.0,0.0218,1.0,0.1844,43.8494,0.0521,1.0,2.0383,0.4854,0.0184,1.0,0.0126,0.9654,0.0,0.1539
1747243440000,94.4589,1.0,0.0694,1.5285,1.0,0.012,0.9957,1.0,5.0473,0.9959,1.0,0.0,24.7505,0.0,24.4289,2.2196,0.9994,0.0172,1.0,0.0,0.0,0.0187,1.0,0.1852,43.5615,0.0505,1.4286,2.2801,0.5064,0.0181,1.0,0.0144,0.9153,0.0,0.1567
1747243500000,90.6924,1.0,0.0694,1.7789,1.0,0.0166,0.9817,1.0,5.0345,0.9891,1.0,0.0,18.2552,0.0,20.019,2.2181,0.9992,0.0174,1.0,0.0,0.0,0.0223,0.9997,0.1891,25.5419,0.0494,1.3077,1.8252,0.4825,0.0178,1.0,0.0111,0.9528,0.0,0.1548
1747243560000,107.1861,1.0,0.0694,1.9336,1.0,0.0159,0.9613,1.0,5.0573,0.9985,1.0,0.0,10.3199,0.0,22.7645,2.2456,0.9999,0.0174,1.0,1e-04,0.0,0.0206,1.0,0.1859,23.058,0.048,2.0833,2.0971,0.4904,0.0177,1.0,0.0214,0.9957,0.0,0.1544
1747243620000,108.2113,1.0,0.0694,2.5053,1.0,0.0139,0.9708,1.0,5.0527,0.9979,1.0,0.0,10.7482,0.0,21.3897,2.2495,0.9995,0.0175,1.0,0.0,0.0,0.0204,1.0,0.1952,25.5149,0.0492,1.6,2.678,0.4743,0.0179,1.0,0.0153,0.9917,0.0,0.153
1747243680000,104.8222,1.0,0.0694,0.9288,1.0,0.0141,0.9653,1.0,5.0745,0.9898,1.0,0.0,12.2273,0.0,21.0067,2.1961,0.9986,0.017,1.0,0.0,0.0,0.0186,1.0,0.1923,17.6812,0.0484,1.1667,1.644,0.493,0.0175,1.0,0.0117,0.9943,0.0,0.1532
1747243740000,100.8736,1.0,0.0694,1.4551,1.0,0.0159,0.9696,1.0,5.0455,0.995,1.0,0.0,15.5581,0.0,25.6118,2.2867,0.9993,0.0173,1.0,0.0,0.0,0.0204,1.0,0.1853,30.7145,0.0472,2.0,1.6452,0.4889,0.0178,1.0,0.0198,0.989,0.0,0.1533
1747243800000,106.51,1.0,0.0694,1.0435,1.0,0.0165,0.9929,1.0,5.0673,0.9969,1.0,0.0,10.004,0.0,24.1587,2.2254,0.9993,0.0172,1.0,0.0,0.0,0.0188,1.0,0.1743,29.2424,0.0484,2.0833,1.9202,0.5016,0.018,1.0,0.0131,0.9892,0.0,0.1537
1747243860000,101.0999,1.0,0.0694,1.353,1.0,0.0227,0.966,1.0,5.0428,0.9952,1.0,0.0,12.6882,0.0,24.8201,2.2249,0.9993,0.0171,1.0,1e-04,0.0,0.0194,1.0,0.1747,33.8128,0.0464,1.5417,2.0,0.4934,0.0179,1.0,0.0128,0.9872,0.0,0.153
1747243920000,101.1238,1.0,0.0694,2.0644,1.0,0.0121,0.9516,1.0,5.0655,0.9945,1.0,0.0,9.5398,0.0,17.442,2.2342,0.9991,0.0182,1.0,1e-04,0.0,0.0267,1.0,0.1804,18.2422,0.0503,1.0,2.2184,0.4796,0.0181,1.0,0.0197,0.9937,0.0,0.1519
1747243980000,110.7387,1.0,0.0694,1.5306,1.0,0.0142,0.9635,1.0,5.0427,0.9976,1.0,0.0,10.6555,0.0,21.7847,2.2583,0.9996,0.0168,1.0,0.0,0.0,0.0193,1.0,0.1796,23.7055,0.0531,1.5,2.8367,0.4801,0.0181,0.9999,0.0139,0.9918,0.0,0.153
1747244040000,97.7739,1.0,0.0694,1.0039,1.0,0.0132,0.9919,1.0,5.0656,0.9987,1.0,0.0,6.6653,0.0,22.7107,2.3304,0.9998,0.0171,1.0,0.0,0.0,0.0186,1.0,0.175,16.1448,0.0495,1.4286,3.7099,0.4874,0.0178,1.0,0.0157,0.9759,0.0,0.1525
1747244100000,105.773,1.0,0.0694,1.9712,1.0,0.011,0.9583,1.0,5.0473,0.9988,1.0,0.0,4.7356,0.0,18.2913,2.3978,0.9999,0.0203,1.0,0.0,0.0,0.0224,1.0,0.1932,22.2191,0.0509,1.1667,2.1143,0.4891,0.0176,1.0,0.0197,0.9923,0.0,0.1508
1747244160000,119.6332,1.0,0.0694,1.8791,1.0,0.0138,0.9941,1.0,5.0655,0.9928,1.0,0.0,10.0038,0.0,22.9765,2.1899,0.9993,0.017,1.0,1e-04,0.0,0.0189,1.0,0.1921,31.4518,0.0509,1.0357,2.3167,0.4925,0.0176,1.0,0.0154,0.991,0.0,0.1528
1747244220000,103.2981,1.0,0.0694,2.4742,1.0,0.0138,0.96,1.0,5.04,0.9977,1.0,0.0,8.5998,0.0,22.3169,2.3202,0.9998,0.017,1.0,0.0,0.0,0.0197,1.0,0.1934,27.9195,0.0485,1.4,2.6439,0.492,0.0179,1.0,0.0176,0.9923,0.0,0.1524
1747244280000,111.2335,1.0,0.0694,1.7283,1.0,0.0197,0.9552,1.0,5.0709,0.9903,1.0,0.0,16.0147,0.0,22.8501,2.2777,0.9992,0.0173,1.0,0.0,0.0,0.02,1.0,0.1863,36.9306,0.0489,1.5,2.8509,0.4985,0.018,1.0,0.0143,0.9734,0.0,0.1532
1747244340000,119.3838,1.0,0.0694,2.2705,1.0,0.0105,0.9695,1.0,5.0311,0.9923,1.0,0.0,9.9429,0.0,22.6081,2.2603,0.9982,0.0169,1.0,0.0,0.0,0.0205,1.0,0.1899,30.484,0.0491,1.2857,2.5744,0.4787,0.0181,1.0,0.0135,0.9793,0.0,0.1543
1747244400000,111.6616,1.0,0.0694,1.4076,1.0,0.0146,0.9779,1.0,5.0823,0.9937,1.0,0.0,9.69,0.0,22.1761,2.2206,0.9989,0.0171,1.0,1e-04,0.0,0.0193,1.0,0.1926,26.5484,0.0466,1.3158,2.0,0.4728,0.0182,1.0,0.0136,0.9857,0.0,0.1522
1747244460000,115.891,1.0,0.0694,0.924,1.0,0.0133,0.9497,1.0,5.033,0.994,1.0,0.0,8.016,0.0,20.2838,2.2889,0.9992,0.0173,1.0,1e-04,0.0,0.0229,1.0,0.1837,23.405,0.0471,1.25,1.7446,0.4863,0.0181,1.0,0.0124,0.9971,0.0,0.1507
1747244520000,114.8419,1.0,0.0694,1.0703,1.0,0.0183,0.9569,0.9993,5.0591,0.9908,1.0,0.0,16.617,0.0,24.3362,2.2071,0.9984,0.0168,1.0,0.0,0.0,0.0182,1.0,0.181,47.8399,0.0489,1.3,1.8156,0.4779,0.0179,1.0,0.0205,0.9792,0.0,0.1506
1747244580000,103.491,1.0,0.0694,1.3821,1.0,0.0144,0.9902,1.0,5.0487,0.9975,1.0,0.0,5.9054,0.0,20.4599,2.2744,0.9991,0.017,1.0,0.0,0.0,0.0205,1.0,0.1724,21.6097,0.0473,1.0,1.8119,0.4779,0.0175,1.0,0.0127,0.9758,0.0,0.1541
1747244640000,109.8067,1.0,0.0694,1.5756,1.0,0.0265,0.9464,1.0,5.0667,0.9845,1.0,0.0,13.0586,0.0,20.9845,2.2177,0.9974,0.0172,1.0,0.0,0.0,0.0209,1.0,0.177,22.5569,0.0474,1.1429,2.867,0.4854,0.0175,1.0,0.0119,0.9985,0.0,0.15
1747244700000,118.4121,1.0,0.0694,1.3629,1.0,0.0201,0.965,1.0,5.0322,0.9934,1.0,0.0,8.239,0.0,23.1692,2.2452,0.9981,0.0171,1.0,1e-04,0.0,0.02,1.0,0.1795,22.6378,0.0471,1.1875,2.1,0.5166,0.0177,1.0,0.0124,0.9886,0.0,0.1518
1747244760000,113.3897,1.0,0.0694,1.2355,1.0,0.0094,0.9888,1.0,5.0659,0.9974,1.0,0.0,2.9668,0.0,20.3183,2.3152,0.999,0.0172,1.0,1e-04,0.0,0.0194,1.0,0.1785,16.4132,0.0486,1.5833,2.5714,0.4767,0.0177,1.0,0.0157,0.9816,0.0,0.1519
1747244820000,106.7311,1.0,0.0694,1.5625,1.0,0.0084,0.9718,1.0,5.0486,0.9982,1.0,0.0,1.4607,0.0,25.1029,2.1455,0.9994,0.0178,1.0,0.0,0.0,0.0245,1.0,0.1854,15.6847,0.0479,1.4,3.8,0.4785,0.0174,1.0,0.0171,0.9598,0.0,0.1527
1747244880000,115.7406,1.0,0.0694,2.1897,1.0,0.0049,0.9942,1.0,5.0611,0.9967,1.0,0.0,2.9306,0.0,19.8913,2.329,0.9987,0.0175,1.0,0.0,0.0,0.0234,1.0,0.1748,17.1272,0.0498,2.0,1.6667,0.4823,0.0173,1.0,0.0154,0.9904,0.0,0.1513
1747244940000,115.4323,1.0,0.0694,3.1272,1.0,0.0086,0.9563,1.0,5.0494,0.999,1.0,0.0,3.0379,0.0,18.7234,2.3012,0.9998,0.0179,1.0,1e-04,0.0,0.0232,1.0,0.1814,19.9713,0.0473,1.2143,1.449,0.4829,0.0173,1.0,0.0229,0.9923,0.0,0.1506
1747245000000,94.2264,1.0,0.0694,1.2802,1.0,0.0194,0.9743,1.0,5.0549,0.9945,1.0,0.0,7.7486,0.0,20.8329,2.192,0.9993,0.017,1.0,0.0,0.0,0.0211,1.0,0.1793,21.1043,0.0484,1.75,1.974,0.4805,0.0179,1.0,0.014,0.9658,0.0,0.1502
1747245060000,105.678,1.0,0.0694,0.9122,1.0,0.0214,0.9674,1.0,5.0393,0.9947,1.0,0.0,12.349,0.0,21.5058,2.2364,0.9991,0.0175,1.0,1e-04,0.0,0.0223,1.0,0.1767,34.1328,0.0488,1.3333,2.8333,0.4757,0.018,1.0,0.0184,0.9683,0.0,0.1506
1747245120000,114.339,1.0,0.0694,1.8484,1.0,0.0192,0.9537,1.0,5.0593,0.9933,1.0,0.0,8.854,0.0,22.9202,2.2193,0.9994,0.0167,1.0,0.0,0.0,0.0182,1.0,0.1892,27.2476,0.0474,1.3,3.1852,0.497,0.0177,1.0,0.0082,0.9642,0.0,0.1532
1747245180000,107.811,1.0,0.0694,0.8797,1.0,0.0231,0.9769,1.0,5.0522,0.9887,1.0,0.0,21.3712,0.0,21.2404,2.1906,0.9988,0.0174,1.0,0.0,0.0,0.0216,1.0,0.1919,32.6063,0.0501,1.3333,1.6092,0.4804,0.0178,1.0,0.0171,0.9848,0.0,0.1503
1747245240000,104.9367,1.0,0.0694,1.5461,1.0,0.0141,0.966,1.0,5.0547,0.9966,1.0,0.0,10.1433,0.0,24.8111,2.1791,0.9996,0.017,1.0,0.0,0.0,0.0175,1.0,0.1922,30.158,0.0494,1.2727,2.2871,0.4909,0.0175,1.0,0.0165,0.9378,0.0,0.1531
1747245300000,98.9427,1.0,0.0694,1.8223,1.0,0.0158,0.9635,1.0,5.046,0.9958,1.0,0.0,6.7404,0.0,22.5051,2.3027,0.998,0.0171,1.0,0.0,0.0,0.0221,1.0,0.186,42.3801,0.0495,1.25,2.1146,0.503,0.0176,1.0,0.0171,0.9326,0.0,0.1513
1747245360000,108.5402,1.0,0.0694,2.1219,1.0,0.0111,0.9605,1.0,5.0734,0.998,1.0,0.0,5.2103,0.0,20.6771,2.2005,0.9996,0.0171,1.0,1e-04,0.0,0.022,1.0,0.1967,23.1117,0.0502,1.3333,3.2234,0.4936,0.0177,1.0,0.0193,0.9758,0.0,0.1513
1747245420000,108.0926,1.0,0.0694,2.8341,1.0,0.0114,0.9484,0.9973,5.0721,0.9973,1.0,0.0,4.9134,0.0,20.8117,2.2606,0.9993,0.0169,1.0,1e-04,0.0,0.0212,1.0,0.2096,16.8137,0.0497,1.2941,3.475,0.4985,0.0176,1.0,0.014,0.9441,0.0,0.1534
1747245480000,110.3321,1.0,0.0694,1.0501,1.0,0.0117,0.9599,1.0,5.064,0.9969,1.0,0.0,8.8378,0.0,21.9278,2.2023,0.9994,0.0169,1.0,0.0,0.0,0.0206,1.0,0.2045,30.6302,0.0489,1.5,3.1579,0.4984,0.0178,1.0,0.0129,0.9959,0.0,0.1528
1747245540000,112.307,1.0,0.0694,1.3886,1.0,0.0105,0.9899,1.0,5.0445,0.9992,1.0,0.0,2.3997,0.0,18.6274,2.2402,0.9997,0.0173,1.0,0.0,0.0,0.0212,1.0,0.194,19.8632,0.0451,1.5714,1.4746,0.4814,0.0173,1.0,0.0112,0.9821,0.0,0.154
1747245600000,112.5256,1.0,0.0694,1.7545,1.0,0.0172,0.9921,1.0,5.0486,0.9757,1.0,0.0,15.5834,0.0,22.5475,2.2648,0.9988,0.0171,1.0,0.0,0.0,0.0195,1.0,0.1903,27.6995,0.046,1.5,2.1753,0.4965,0.018,1.0,0.0106,0.985,0.0,0.1506
1747245660000,112.7787,1.0,0.0694,0.8756,1.0,0.0187,0.9673,1.0,5.0486,0.9942,1.0,0.0,11.2401,0.0,24.6407,2.2369,0.999,0.0169,1.0,1e-04,0.0,0.0201,1.0,0.1985,45.6589,0.0471,1.25,2.7643,0.516,0.018,1.0,0.0193,0.9735,0.0,0.1584
1747245720000,112.0058,1.0,0.0694,2.5106,1.0,0.0122,0.9762,1.0,5.0791,0.9983,1.0,0.0,3.2189,0.0,22.1175,2.2409,0.9997,0.0168,1.0,0.0,0.0,0.0181,1.0,0.1878,28.3333,0.0465,1.5,3.0775,0.4825,0.0175,1.0,0.0132,0.9932,0.0,0.155
1747245780000,81.2524,1.0,0.0694,1.7249,1.0,0.0117,0.9666,1.0,5.0503,0.9931,1.0,0.0,8.1992,0.0,18.9532,2.1916,0.9993,0.0175,1.0,0.0,0.0,0.0231,1.0,0.1923,27.5801,0.0461,1.1429,1.5556,0.4906,0.0176,1.0,0.0172,0.915,0.0,0.1524
1747245840000,99.7298,1.0,0.0694,1.1558,1.0,0.0103,0.9589,1.0,5.0628,0.996,1.0,0.0,6.1956,0.0,20.3211,2.2281,0.9998,0.0173,1.0,0.0,0.0,0.0211,1.0,0.1852,21.1929,0.048,1.1429,1.7164,0.4938,0.0175,1.0,0.0277,0.9557,0.0,0.1538
1747245900000,104.4377,1.0,0.0694,2.0951,1.0,0.0117,0.966,1.0,5.0604,0.9992,1.0,0.0,4.0741,0.0,19.7533,2.2813,0.9999,0.0172,1.0,0.0,0.0,0.0202,1.0,0.1825,20.9552,0.0463,1.0,3.9195,0.486,0.0174,1.0,0.018,0.9654,0.0,0.1534
1747245960000,86.8095,1.0,0.0694,2.3902,1.0,0.0159,0.9701,1.0,5.0736,0.9977,1.0,0.0,2.3928,0.0,19.5051,2.2551,0.9996,0.0169,1.0,1e-04,0.0,0.0199,1.0,0.1825,20.0498,0.0439,1.3226,2.5313,0.4988,0.0173,1.0,0.0282,0.9177,0.0,0.1541
1747246020000,75.687,1.0,0.0694,2.3768,1.0,0.0254,0.9815,1.0,5.0427,0.9934,1.0,0.0,9.9404,0.0,19.8898,2.1992,0.9988,0.0175,1.0,0.0,0.0,0.0202,1.0,0.1765,31.0585,0.0478,2.0909,2.383,0.4964,0.0174,1.0,0.0182,0.8741,0.0,0.1538
1747246080000,89.329,1.0,0.0694,1.9368,1.0,0.0112,1.0152,1.0,5.0527,0.9885,1.0,0.0,12.4778,0.0,24.6569,2.2606,0.9987,0.017,1.0,0.0,0.0,0.0179,1.0,0.1848,33.1066,0.0442,2.5,2.0977,0.4994,0.0174,1.0,0.0216,0.8777,0.0,0.1576
1747246140000,122.1272,1.0,0.0694,2.7991,1.0,0.0176,0.966,1.0,5.0573,0.9928,1.0,0.0,12.185,0.0,24.9047,2.3207,0.9991,0.0169,1.0,0.0,0.0,0.0197,1.0,0.1798,43.617,0.0469,1.2857,1.8929,0.4743,0.0176,1.0,0.0173,0.9814,0.0,0.1523
1747246200000,120.9533,1.0,0.0694,1.5957,1.0,0.0109,0.9948,1.0,5.0627,0.9975,1.0,0.0,3.5085,0.0,26.2215,2.3518,0.9999,0.0169,1.0,1e-04,0.0,0.0174,1.0,0.1742,26.5504,0.047,2.0,2.5862,0.4853,0.0176,1.0,0.0192,0.9874,0.0,0.1553
1747246260000,115.8715,1.0,0.0694,0.9355,1.0,0.0135,0.9704,1.0,5.0545,0.999,1.0,0.0,4.5937,0.0,22.0714,2.2603,0.9996,0.0172,1.0,1e-04,0.0,0.02,1.0,0.1833,25.6414,0.0481,1.6071,3.567,0.4814,0.0174,1.0,0.0276,0.9931,0.0,0.1537
1747246320000,95.4532,1.0,0.0694,1.2112,1.0,0.0241,0.9648,1.0,5.0702,0.9921,1.0,0.0,11.2194,0.0,21.1875,2.2276,0.9991,0.0172,1.0,0.0,0.0,0.0193,1.0,0.1734,25.6375,0.0445,1.6,2.9959,0.507,0.0177,1.0,0.0143,0.988,0.0,0.1521
1747246380000,104.4361,1.0,0.0694,1.1298,1.0,0.0123,0.9675,1.0,5.0536,0.9946,1.0,0.0,6.9001,0.0,19.8751,2.2841,0.9997,0.0172,1.0,0.0,0.0,0.0206,1.0,0.1913,20.3171,0.0472,2.0,3.0095,0.4913,0.0176,1.0,0.0183,0.9919,0.0,0.1543
1747246440000,112.9965,1.0,0.0694,1.7237,1.0,0.0121,0.9913,1.0,5.0764,0.9978,1.0,0.0,7.7943,0.0,25.7294,2.269,0.9998,0.0169,1.0,0.0,0.0,0.0171,1.0,0.1866,32.2851,0.0451,1.4286,1.9223,0.4933,0.0176,1.0,0.0205,0.9759,0.0,0.1531
1747246500000,126.2627,1.0,0.0694,1.8281,1.0,0.0065,1.0311,1.0,5.0576,0.9976,1.0,0.0,1.3351,0.0,22.2622,2.2569,0.9998,0.0173,1.0,1e-04,0.0,0.0214,1.0,0.196,18.987,0.0459,1.3333,1.7647,0.4941,0.0175,1.0,0.0128,0.987,0.0,0.1532
1747246560000,116.1679,1.0,0.0694,1.2759,1.0,0.0135,0.9508,1.0,5.0518,0.9941,1.0,0.0,7.6825,0.0,27.3358,2.2479,0.9987,0.0168,1.0,1e-04,0.0,0.0186,1.0,0.1882,62.5288,0.0469,1.5833,3.2188,0.5061,0.0176,1.0,0.0123,0.9424,0.0,0.1524
1747246620000,122.0691,1.0,0.0694,1.4191,1.0,0.0149,0.9704,1.0,5.0582,0.9978,1.0,0.0,7.0918,0.0,25.5279,2.2362,0.9994,0.0168,1.0,0.0,0.0,0.0204,1.0,0.1926,41.173,0.0461,1.2,1.7931,0.5066,0.0174,1.0,0.0178,0.973,0.0,0.1534
1747246680000,117.455,1.0,0.0694,2.356,1.0,0.0106,0.992,1.0,5.0645,0.9976,1.0,0.0,5.5964,0.0,21.718,2.196,0.9998,0.0169,1.0,0.0,0.0,0.0192,1.0,0.1962,22.7661,0.0448,1.0,1.7424,0.5077,0.0176,0.9999,0.0125,0.9971,0.0,0.1525
1747246740000,108.1251,1.0,0.0694,1.7989,1.0,0.0154,0.9864,1.0,5.0455,0.9942,1.0,0.0,8.9634,0.0,21.7286,2.1918,0.9993,0.0169,1.0,0.0,0.0,0.0194,1.0,0.1716,32.0762,0.0463,2.0,2.2198,0.4927,0.0175,1.0,0.0161,0.9677,0.0,0.1517
1747246800000,98.4661,1.0,0.0694,2.6553,1.0,0.0106,0.9941,1.0,5.0693,0.9991,1.0,0.0,4.658,0.0,20.9433,2.2744,0.9999,0.0172,1.0,1e-04,0.0,0.0207,1.0,0.1706,21.8646,0.0444,2.25,1.5652,0.5158,0.0177,1.0,0.0205,0.9477,0.0,0.1531
1747246860000,115.7514,1.0,0.0694,0.9909,1.0,0.0138,1.0043,1.0,5.0436,0.9985,1.0,0.0,2.752,0.0,21.3485,2.263,0.9995,0.0172,1.0,1e-04,0.0,0.0199,1.0,0.183,19.5556,0.0442,1.25,2.6338,0.5106,0.0174,0.9999,0.0125,0.9831,0.0,0.1521
1747246920000,99.1694,1.0,0.0694,1.9487,1.0,0.0153,0.9653,1.0,5.0591,0.9965,1.0,0.0,6.3251,0.0,27.4779,2.2156,0.9995,0.0169,1.0,0.0,0.0,0.0189,1.0,0.1752,33.1324,0.0456,1.5,2.3092,0.5094,0.0174,1.0,0.0179,0.9669,0.0,0.1506
1747246980000,121.6526,1.0,0.0694,0.9221,1.0,0.0112,0.9855,1.0,5.0427,0.9976,1.0,0.0,9.0381,0.0,23.6779,2.3117,1.0,0.0168,1.0,0.0,0.0,0.0193,1.0,0.1735,24.7476,0.0478,1.5,1.9273,0.4892,0.0176,1.0,0.0199,0.9968,0.0,0.1509
1747247040000,115.1682,1.0,0.0694,1.8123,1.0,0.0106,0.9631,1.0,5.044,0.9944,1.0,0.0,7.4424,0.0,23.2657,2.1667,0.9992,0.0167,1.0,1e-04,0.0,0.0171,1.0,0.1761,16.5509,0.0458,1.0714,2.5825,0.4814,0.0175,1.0,0.0172,0.9861,0.0,0.1509
1747247100000,103.0432,1.0,0.0694,1.602,1.0,0.0172,0.9723,1.0,5.0421,0.9981,1.0,0.0,6.5603,0.0,22.0659,2.2662,0.9997,0.0175,1.0,0.0,0.0,0.0199,1.0,0.1708,30.7469,0.047,1.1667,2.3228,0.5156,0.0178,1.0,0.0134,0.9223,0.0,0.1506
1747247160000,103.4986,1.0,0.0694,2.3163,1.0,0.0189,0.9787,1.0,5.0491,0.9979,1.0,0.0,7.0265,0.0,23.3465,2.2588,0.9996,0.0169,1.0,1e-04,0.0,0.0184,1.0,0.1728,30.08,0.0459,1.3333,2.6601,0.4908,0.0176,1.0,0.0121,0.8892,0.0,0.1532
1747247220000,113.7663,1.0,0.0694,3.0307,1.0,0.0187,0.9623,1.0,5.0292,0.9925,1.0,0.0,14.715,0.0,25.6264,2.2571,0.9994,0.0168,1.0,0.0,0.0,0.0191,1.0,0.1778,41.0027,0.0444,1.2,2.7159,0.4999,0.0175,1.0,0.0146,0.9786,0.0,0.1545
1747247280000,117.7783,1.0,0.0694,1.3103,1.0,0.0232,0.9966,1.0,5.0584,0.9914,1.0,0.0,20.2582,0.0,26.1727,2.198,0.9992,0.0168,1.0,0.0,0.0,0.0178,1.0,0.1782,57.1159,0.0434,1.5,2.0738,0.521,0.0175,1.0,0.0132,0.9702,0.0,0.1531
1747247340000,113.6368,1.0,0.0694,1.0188,1.0,0.0149,1.0299,1.0,5.0366,0.9991,1.0,0.0,3.3596,0.0,24.0088,2.2513,0.9999,0.0167,1.0,0.0,0.0,0.0171,1.0,0.1773,34.7526,0.0435,1.4286,1.5876,0.5279,0.0173,1.0,0.0227,0.9632,0.0,0.1523
1747247400000,113.6271,1.0,0.0694,1.7887,1.0,0.0129,0.9623,1.0,5.0582,0.992,1.0,0.0,8.6792,0.0,21.6332,2.1712,0.9993,0.0168,1.0,0.0,0.0,0.0183,1.0,0.1758,28.0319,0.0451,1.5,2.4061,0.5151,0.0175,1.0,0.01,0.9602,0.0,0.1531
1747247460000,116.7818,1.0,0.0694,0.8857,1.0,0.0183,1.0226,1.0,5.0647,0.9957,1.0,0.0,9.2814,0.0,23.41,2.2803,0.9994,0.0167,1.0,1e-04,0.0,0.0172,1.0,0.1815,30.3415,0.0447,1.1667,2.9856,0.4974,0.0174,1.0,0.0123,0.9756,0.0,0.1545
1747247520000,102.1951,1.0,0.0694,2.9541,1.0,0.0099,0.978,1.0,5.0636,0.9986,1.0,0.0,3.3482,0.0,22.4309,2.3517,1.0,0.0168,1.0,0.0,0.0,0.0173,1.0,0.1821,22.0421,0.046,1.2,1.7705,0.5185,0.0174,1.0,0.0205,0.9474,0.0,0.1567
1747247580000,103.8712,1.0,0.0694,1.4015,1.0,0.0035,0.9733,1.0,5.0627,0.9972,1.0,0.0,2.6708,0.0,20.9051,2.246,1.0,0.0171,1.0,0.0,0.0,0.0194,1.0,0.1763,18.3101,0.047,1.0,1.7857,0.4936,0.0173,1.0,0.019,0.9129,0.0,0.1522
1747247640000,110.2825,1.0,0.0694,1.3686,1.0,0.0175,0.9912,1.0,5.0475,0.9922,1.0,0.0,10.6856,0.0,24.3121,2.2595,0.9991,0.0169,1.0,1e-04,0.0,0.0181,1.0,0.1817,43.5791,0.0443,1.2857,2.8595,0.4847,0.0177,1.0,0.0146,0.9697,0.0,0.1519
1747247700000,116.9176,1.0,0.0694,2.3026,1.0,0.0089,0.9984,1.0,5.0493,0.9976,1.0,0.0,4.0632,0.0,21.0665,2.2108,0.9995,0.0167,1.0,1e-04,0.0,0.0179,1.0,0.1815,19.5665,0.0471,1.5,1.5,0.5006,0.0178,1.0,0.0188,0.9914,0.0,0.154
1747247760000,119.6152,1.0,0.0694,1.696,1.0,0.0182,0.9694,1.0,5.0648,0.9988,1.0,0.0,3.7569,0.0,22.2456,2.3707,0.9998,0.0169,1.0,1e-04,0.0,0.019,1.0,0.1851,24.7538,0.0429,1.5,1.9153,0.4994,0.0173,1.0,0.0168,0.9846,0.0,0.1531
1747247820000,113.6021,1.0,0.0694,3.1287,1.0,0.0175,0.9566,1.0,5.052,0.9959,1.0,0.0,5.2352,0.0,23.6691,2.248,0.9991,0.0167,1.0,1e-04,0.0,0.017,1.0,0.1834,19.6181,0.0415,1.4,4.7905,0.5208,0.0177,1.0,0.0105,0.9497,0.0,0.1537
1747247880000,105.6006,1.0,0.0694,2.4561,1.0,0.019,1.0436,1.0,5.0478,0.9945,1.0,0.0,9.6563,0.0,23.7201,2.2579,0.9992,0.0167,1.0,0.0,0.0,0.0188,1.0,0.186,39.3194,0.0462,1.3333,2.3596,0.5188,0.0173,1.0,0.0096,0.9645,0.0,0.1529
1747247940000,115.1244,1.0,0.0694,3.3695,1.0,0.0177,0.9735,1.0,5.0545,0.9989,1.0,0.0,4.7981,0.0,22.7746,2.2563,0.9995,0.0168,1.0,0.0,0.0,0.017,1.0,0.1811,23.4848,0.0442,1.4286,5.0606,0.4907,0.0177,1.0,0.0112,0.987,0.0,0.1523
1747248000000,122.8507,1.0,0.0694,1.5567,1.0,0.014,0.976,1.0,5.0574,0.9953,1.0,0.0,8.2695,0.0,23.5295,2.3591,0.9995,0.017,1.0,1e-04,0.0,0.0188,1.0,0.1729,36.6156,0.0435,1.3333,2.016,0.4917,0.0176,1.0,0.0254,0.9902,0.0,0.153
1747248060000,110.5766,1.0,0.0694,0.9701,1.0,0.0138,0.9954,1.0,5.0475,1.0,1.0,0.0,2.4067,0.0,20.0843,2.3435,0.9999,0.017,1.0,1e-04,0.0,0.0192,1.0,0.1696,24.8837,0.0436,1.2917,4.3704,0.5253,0.0172,1.0,0.0265,0.9934,0.0,0.1536
1747248120000,89.393,1.0,0.0694,1.3164,1.0,0.0221,0.9852,1.0,5.0446,0.9965,1.0,0.0,7.4816,0.0,23.3312,2.2708,0.999,0.0169,1.0,1e-04,0.0,0.0178,1.0,0.1782,36.6475,0.0457,1.2353,1.7372,0.4741,0.0174,1.0,0.013,0.9065,0.0,0.1521
1747248180000,103.3244,1.0,0.0694,0.9868,1.0,0.0153,0.9855,1.0,5.0364,0.999,1.0,0.0,5.6825,0.0,22.3108,2.2977,0.9997,0.0167,1.0,0.0,0.0,0.0178,1.0,0.1881,30.2431,0.0448,1.0,2.3678,0.4948,0.0171,1.0,0.0101,0.9882,0.0,0.1528
1747248240000,110.8554,1.0,0.0694,1.4272,1.0,0.0119,0.9832,1.0,5.0418,0.9994,1.0,0.0,2.4184,0.0,21.834,2.1257,1.0,0.0169,1.0,0.0,0.0,0.0169,1.0,0.174,14.1633,0.0463,1.2857,1.5135,0.4992,0.0173,1.0,0.0225,0.9864,0.0,0.1509
1747248300000,124.4379,1.0,0.0694,2.0236,1.0,0.0155,1.0417,1.0,5.052,0.9922,1.0,0.0,8.1403,0.0,23.3767,2.2429,0.9993,0.0167,1.0,1e-04,0.0,0.0182,1.0,0.1741,33.1172,0.047,1.4167,2.0658,0.5082,0.0174,1.0,0.0159,0.9749,0.0,0.1524
1747248360000,94.876,1.0,0.0694,1.3078,1.0,0.0184,1.0047,1.0,5.05,0.9931,1.0,0.0,12.1574,0.0,23.3856,2.2765,0.9988,0.0169,1.0,1e-04,0.0,0.0172,1.0,0.1754,54.1877,0.0468,1.3214,2.902,0.5248,0.0173,1.0,0.0243,0.9502,0.0,0.1554
1747248420000,112.5694,1.0,0.0694,1.2852,1.0,0.0102,0.98,1.0,5.0294,0.999,1.0,0.0,1.4558,0.0,22.5929,2.39,1.0,0.0168,1.0,1e-04,0.0,0.019,1.0,0.1697,15.4826,0.0429,1.8,3.3182,0.5016,0.0172,1.0,0.0267,0.9614,0.0,0.1519
1747248480000,118.3346,1.0,0.0694,3.1264,1.0,0.0183,0.9621,1.0,5.0491,0.9967,1.0,0.0,6.4398,0.0,24.762,2.2287,0.9994,0.0169,1.0,0.0,0.0,0.0178,1.0,0.173,44.2778,0.0428,1.5,4.5179,0.5157,0.0174,1.0,0.0185,0.9798,0.0,0.1508
1747248540000,126.9833,1.0,0.0694,2.1269,1.0,0.0063,0.9831,1.0,5.0575,0.9998,1.0,0.0,1.394,0.0,25.4221,2.4295,1.0,0.0168,1.0,0.0,0.0,0.0171,1.0,0.1703,16.867,0.0466,1.1429,6.3571,0.5001,0.0171,1.0,0.0176,0.9894,0.0,0.1514
1747248600000,96.1379,1.0,0.0694,3.2092,1.0,0.0349,0.9921,1.0,5.0585,0.992,1.0,0.0,14.649,0.0,23.9897,2.3133,0.9992,0.0167,1.0,1e-04,0.0,0.0174,1.0,0.1618,43.9107,0.0438,1.8333,2.464,0.4869,0.0177,1.0,0.0168,0.9375,0.0,0.1495
1747248660000,79.8625,1.0,0.0694,1.0289,1.0,0.0201,0.971,1.0,5.0521,0.997,1.0,0.0,4.6266,0.0,24.0755,2.2765,0.9991,0.0168,1.0,0.0002,0.0,0.0171,1.0,0.1665,49.4612,0.0431,1.3333,10.9818,0.533,0.0175,1.0,0.0142,0.9315,0.0,0.1529
1747248720000,102.9902,1.0,0.0694,2.1439,1.0,0.022,1.0089,1.0,5.0555,0.9943,1.0,0.0,10.7007,0.0,30.3228,2.2563,0.999,0.0171,1.0,1e-04,0.0,0.0171,1.0,0.1768,69.5939,0.0453,1.7,1.4197,0.5031,0.0177,1.0,0.0162,0.8889,0.0,0.152
1747248780000,95.2374,1.0,0.0694,1.0562,1.0,0.0159,0.9905,1.0,5.0321,0.9901,1.0,0.0,9.3882,0.0,26.2387,2.248,0.9987,0.017,1.0,0.0,0.0,0.0172,1.0,0.1904,41.9665,0.041,1.5,1.6181,0.5036,0.0179,1.0,0.0187,0.9372,0.0,0.1552
1747248840000,122.9416,1.0,0.0694,1.9955,1.0,0.0105,1.011,1.0,5.0356,0.9976,1.0,0.0,6.1985,0.0,25.9681,2.3053,0.9998,0.0169,1.0,1e-04,0.0,0.017,1.0,0.1924,42.6143,0.0434,1.3636,3.2881,0.5108,0.0175,1.0,0.0298,0.9929,0.0,0.1522
1747248900000,96.6948,1.0,0.0694,2.0953,1.0,0.012,1.0228,1.0,5.0594,0.9973,1.0,0.0,3.3966,0.0,23.5182,2.2587,0.9993,0.0168,1.0,1e-04,0.0,0.0176,1.0,0.1858,15.8531,0.0437,1.4167,1.431,0.5212,0.0175,1.0,0.0148,0.9668,0.0,0.1519
1747248960000,95.8201,1.0,0.0694,2.9189,1.0,0.0154,0.9964,1.0,5.0573,0.9975,1.0,0.0,3.776,0.0,23.5166,2.3484,0.9997,0.0168,1.0,1e-04,0.0,0.0169,1.0,0.1862,17.6442,0.0431,1.4583,1.8,0.5164,0.0173,1.0,0.0191,0.9808,0.0,0.1517
1747249020000,105.8954,1.0,0.0694,3.263,1.0,0.0086,0.9689,1.0,5.0573,0.9991,1.0,0.0,1.8748,0.0,24.0245,2.329,1.0,0.0167,1.0,1e-04,0.0,0.0176,1.0,0.179,19.9351,0.0443,1.4,2.6316,0.5363,0.0177,1.0,0.0242,0.961,0.0,0.1512
1747249080000,103.7401,1.0,0.0694,2.6307,1.0,0.0088,1.0272,1.0,5.0436,0.9994,1.0,0.0,0.7029,0.0,22.2963,2.6338,1.0,0.0169,1.0,0.0,0.0,0.0173,1.0,0.1913,9.875,0.0441,1.0,1.7143,0.4915,0.0175,1.0,0.0103,0.9875,0.0,0.1534
1747249140000,120.1493,1.0,0.0694,1.0036,1.0,0.0131,1.0011,1.0,5.0682,0.9979,1.0,0.0,4.7075,0.0,26.1779,2.1274,0.999,0.0169,1.0,0.0,0.0,0.018,1.0,0.1887,34.6628,0.0446,1.1429,1.5652,0.5165,0.0174,1.0,0.0164,0.9593,0.0,0.1521
1747249200000,116.0814,1.0,0.0694,2.1823,1.0,0.0133,0.9772,1.0,5.0527,0.9998,1.0,0.0,0.4024,0.0,23.3024,2.342,0.9988,0.0167,1.0,1e-04,0.0,0.0172,1.0,0.182,22.8796,0.046,1.7,1.6531,0.5214,0.0175,1.0,0.0124,0.963,0.0,0.1506
1747249260000,109.2353,1.0,0.0694,0.9858,1.0,0.0185,0.9793,1.0,5.0564,0.9999,1.0,0.0,0.5419,0.0,21.4025,2.2,0.9998,0.0168,1.0,1e-04,0.0,0.0184,1.0,0.1847,17.758,0.0456,1.375,2.6901,0.5236,0.0177,1.0,0.013,0.9543,0.0,0.1601
1747249320000,109.4982,1.0,0.0694,3.0546,1.0,0.0111,1.0197,1.0,5.053,0.9982,1.0,0.0,2.0394,0.0,25.5899,2.3763,0.9994,0.0167,1.0,1e-04,0.0,0.0169,1.0,0.1933,26.5606,0.0485,1.4,2.8361,0.5088,0.0173,1.0,0.011,1.0,0.0,0.1598
1747249380000,102.0019,1.0,0.0694,1.4185,1.0,0.0107,1.0098,1.0,5.0536,0.9989,1.0,0.0,1.4171,0.0,25.3632,2.3436,0.9983,0.0169,1.0,0.0,0.0,0.018,1.0,0.1768,43.7282,0.0446,1.6667,4.9556,0.5047,0.0174,1.0,0.012,0.841,0.0,0.1556
1747249440000,119.7671,1.0,0.0694,2.2966,1.0,0.0225,1.0114,1.0,5.0545,0.9998,1.0,0.0,0.6182,0.0,26.6874,2.2328,0.9993,0.0167,1.0,0.0,0.0,0.0186,1.0,0.1669,35.6939,0.0428,1.5714,2.3908,0.5501,0.0174,1.0,0.0181,0.9755,0.0,0.1566
1747249500000,117.7683,1.0,0.0694,3.0627,1.0,0.01,0.9906,1.0,5.0636,0.9999,1.0,0.0,0.4705,0.0,23.1122,2.2766,1.0,0.0169,1.0,1e-04,0.0,0.0183,1.0,0.1686,19.2627,0.042,1.5,3.2115,0.5277,0.0171,1.0,0.0125,0.9843,0.0,0.1594
1747249560000,110.7824,1.0,0.0694,1.5097,1.0,0.0189,1.0157,1.0,5.0555,0.9941,1.0,0.0,5.9473,0.0,21.3395,2.2645,0.9991,0.017,1.0,0.0002,0.0,0.0193,1.0,0.1842,20.2675,0.0422,1.3333,1.6211,0.5276,0.0175,1.0,0.0138,0.9745,0.0,0.1601
1747249620000,108.6049,1.0,0.0694,3.7865,1.0,0.0197,1.0133,1.0,5.0638,0.9988,1.0,0.0,2.7661,0.0,21.1456,2.3425,1.0,0.017,1.0,1e-04,0.0,0.0199,1.0,0.1913,20.6714,0.0401,1.2,1.5094,0.5332,0.0174,1.0,0.0158,0.9717,0.0,0.1552
1747249680000,110.7498,1.0,0.0694,3.0158,1.0,0.0092,0.9807,1.0,5.0527,1.0,1.0,0.0,0.4532,0.0,23.0308,2.3512,1.0,0.0167,1.0,1e-04,0.0,0.0176,1.0,0.1971,15.2692,0.045,1.2222,4.6053,0.5414,0.0173,1.0,0.0214,0.9423,0.0,0.1513
1747249740000,109.4597,1.0,0.0694,4.7588,1.0,0.0108,0.9724,1.0,5.0473,0.9999,1.0,0.0,0.4051,0.0,21.5923,2.2357,1.0,0.0172,1.0,0.0,0.0,0.0192,1.0,0.1956,15.2526,0.0454,1.1429,2.5472,0.5169,0.0173,1.0,0.0204,0.9613,0.0,0.1585
1747249800000,88.4183,1.0,0.0694,1.3,1.0,0.041,0.996,1.0,5.0448,0.9707,1.0,0.0,37.2432,0.0,30.4639,2.2955,0.999,0.0171,1.0,1e-04,0.0,0.0173,1.0,0.1981,62.2807,0.0416,1.9167,2.618,0.5428,0.0177,1.0,0.018,0.8509,0.0,0.1599
1747249860000,93.2511,1.0,0.0694,1.4571,1.0,0.0197,0.9876,1.0,5.0677,0.999,1.0,0.0,3.6812,0.0,25.5271,2.2174,0.9997,0.0168,1.0,0.0002,0.0,0.0181,1.0,0.1973,49.4077,0.0428,1.4167,3.552,0.5182,0.0176,1.0,0.0156,0.927,0.0,0.1554
1747249920000,101.386,1.0,0.0694,1.2691,1.0,0.019,0.9467,1.0,5.0455,0.9997,1.0,0.0,0.6947,0.0,26.1537,2.3528,0.9993,0.0168,1.0,1e-04,0.0,0.017,1.0,0.1783,31.6727,0.0427,1.5,3.3036,0.5295,0.0175,1.0,0.0112,0.9455,0.0,0.1518
1747249980000,86.5506,1.0,0.0694,1.0396,1.0,0.0062,1.0151,1.0,5.0591,1.0,1.0,0.0,0.3513,0.0,22.3725,2.3206,1.0,0.0172,1.0,0.0,0.0,0.019,1.0,0.1914,16.8922,0.0442,1.5,1.4138,0.5201,0.0175,1.0,0.0191,0.9368,0.0,0.1593
1747250040000,86.9334,1.0,0.0694,1.8857,1.0,0.0064,0.9979,1.0,5.0273,0.9988,1.0,0.0,0.9273,0.0,22.9528,2.3333,0.9998,0.0169,1.0,1e-04,0.0,0.0195,1.0,0.1878,16.8439,0.0412,1.4286,2.125,0.5212,0.0175,1.0,0.0225,0.9777,0.0,0.1595
1747250100000,94.3215,1.0,0.0694,2.8336,1.0,0.0119,0.9994,1.0,5.0594,0.9991,1.0,0.0,2.5146,0.0,24.6171,2.2492,1.0,0.0171,1.0,1e-04,0.0,0.0188,1.0,0.1808,34.0897,0.0425,1.4167,2.4063,0.5089,0.0172,1.0,0.012,0.9103,0.0,0.1499
1747250160000,100.168,1.0,0.0694,1.2824,1.0,0.0067,1.0182,1.0,5.0527,1.0,1.0,0.0,0.3933,0.0,23.7607,2.2149,0.9998,0.0172,1.0,0.0002,0.0,0.0183,1.0,0.1842,28.5215,0.0406,1.25,1.44,0.5142,0.017,1.0,0.0197,0.8495,0.0,0.1501
1747250220000,104.9259,1.0,0.0694,1.4952,1.0,0.0117,1.0014,1.0,5.0651,0.9998,1.0,0.0,0.503,0.0,22.5249,2.2255,0.9986,0.0168,1.0,1e-04,0.0,0.0183,1.0,0.1904,25.5572,0.041,1.1176,1.8507,0.534,0.0172,1.0,0.0113,0.9701,0.0,0.1583
1747250280000,114.6089,1.0,0.0694,2.0967,1.0,0.0106,1.0216,1.0,5.0373,0.9956,1.0,0.0,3.5041,0.0,27.4666,2.25,0.9991,0.017,1.0,0.0,0.0,0.0169,1.0,0.1915,19.7556,0.0428,1.5,1.875,0.5119,0.0172,1.0,0.0114,0.9259,0.0,0.1583
1747250340000,114.7306,1.0,0.0694,3.5131,1.0,0.0194,0.9828,1.0,5.0615,0.9995,1.0,0.0,2.6381,0.0,25.9203,2.2733,0.9998,0.0167,1.0,0.0,0.0,0.0192,1.0,0.1902,29.4825,0.0426,1.2857,2.05,0.5476,0.0173,1.0,0.0097,0.9377,0.0,0.1514
1747250400000,112.0246,1.0,0.0694,3.4241,1.0,0.027,1.0129,1.0,5.0376,0.9999,1.0,0.0,0.8043,0.0,24.4765,2.3029,0.9995,0.0167,1.0,1e-04,0.0,0.017,1.0,0.1904,43.5966,0.0455,1.5,1.6149,0.5268,0.0178,1.0,0.0208,0.9773,0.0,0.1517
1747250460000,99.4524,1.0,0.0694,1.0426,1.0,0.0213,1.0432,1.0,5.0504,0.9998,1.0,0.0,0.8543,0.0,21.9794,2.2243,0.9995,0.017,1.0,1e-04,0.0,0.0183,1.0,0.1989,38.2606,0.0417,1.4167,3.1916,0.5369,0.0173,1.0,0.0187,0.9772,0.0,0.1622
1747250520000,127.2428,1.0,0.0694,2.2204,1.0,0.0226,0.9701,1.0,5.0513,0.9996,1.0,0.0,4.506,0.0,26.0985,2.2899,1.0,0.0167,1.0,1e-04,0.0,0.0179,1.0,0.1897,37.5973,0.0412,1.4,2.5843,0.534,0.0175,1.0,0.015,0.9638,0.0,0.1606
1747250580000,107.9777,1.0,0.0694,1.2873,1.0,0.0293,0.9736,1.0,5.0453,0.9982,1.0,0.0,3.5124,0.0,27.907,2.2276,0.9997,0.0168,1.0,0.0,0.0,0.0169,1.0,0.1818,38.5973,0.043,1.0,2.9111,0.5239,0.0176,1.0,0.0179,0.8456,0.0,0.15
1747250640000,101.575,1.0,0.0694,2.0023,1.0,0.0217,0.9585,1.0,5.0477,0.9998,1.0,0.0,0.6704,0.0,25.1738,2.255,0.9993,0.0167,1.0,0.0,0.0,0.0175,1.0,0.1838,31.478,0.0473,1.2857,1.6771,0.5058,0.0175,1.0,0.021,0.9122,0.0,0.151
1747250700000,120.9472,1.0,0.0694,1.5437,1.0,0.0222,0.9571,1.0,5.0408,0.9999,1.0,0.0,0.5519,0.0,25.4692,2.2818,0.9998,0.0167,1.0,1e-04,0.0,0.017,1.0,0.1753,28.2357,0.047,1.75,2.2895,0.5076,0.0176,1.0,0.0172,1.0,0.0,0.1582
1747250760000,115.6649,1.0,0.0694,3.2358,1.0,0.0183,1.0,1.0,5.0622,0.9864,1.0,0.0,16.1384,0.0,25.8424,2.2004,0.9989,0.0167,1.0,0.0002,0.0,0.0182,1.0,0.1852,39.851,0.0453,1.8065,1.5085,0.5192,0.0175,1.0,0.0199,0.9808,0.0,0.1577
1747250820000,107.4593,1.0,0.0694,2.1447,1.0,0.0256,1.0049,1.0,5.0511,0.9953,1.0,0.0,5.5562,0.0,25.8467,2.1745,0.9963,0.0169,1.0,1e-04,0.0,0.0171,1.0,0.1684,90.8563,0.0423,1.4,2.2629,0.5345,0.0174,1.0,0.0253,0.8333,0.0,0.1505
1747250880000,96.0199,1.0,0.0694,3.8638,1.0,0.0233,0.9621,1.0,5.04,0.9998,1.0,0.0,0.5997,0.0,23.6115,2.2744,0.9984,0.0171,1.0,0.0,0.0,0.0185,1.0,0.1806,44.5935,0.0401,1.0,3.5882,0.563,0.0172,1.0,0.0154,0.9766,0.0,0.153
1747250940000,92.5771,1.0,0.0694,1.2883,1.0,0.0088,0.9859,1.0,5.0618,1.0,1.0,0.0,0.3479,0.0,21.8941,2.4455,0.9998,0.0168,1.0,1e-04,0.0,0.0182,1.0,0.1757,22.2215,0.0421,1.2857,1.6818,0.5142,0.0175,1.0,0.0156,0.9799,0.0,0.1576
1747251000000,101.9733,1.0,0.0694,3.1735,1.0,0.004,0.9972,1.0,5.0365,0.999,1.0,0.0,1.3425,0.0,22.9838,2.4259,0.9993,0.0168,1.0,1e-04,0.0,0.018,1.0,0.182,20.018,0.04,1.1667,6.7692,0.5621,0.0176,1.0,0.0173,0.982,0.0,0.1584
1747251060000,101.8815,1.0,0.0694,1.1739,1.0,0.0078,1.0086,1.0,5.051,0.999,1.0,0.0,0.8637,0.0,20.7035,2.4227,0.9998,0.0167,1.0,1e-04,0.0,0.0169,1.0,0.177,14.2778,0.0404,1.375,2.625,0.5379,0.0176,1.0,0.0239,0.9583,0.0,0.1499
1747251120000,101.6644,1.0,0.0694,2.9023,1.0,0.0078,0.9893,1.0,5.0391,0.9998,1.0,0.0,0.4115,0.0,21.0102,2.1762,0.9986,0.0169,1.0,1e-04,0.0,0.0175,1.0,0.1737,13.1024,0.0403,1.2857,1.6383,0.5352,0.0171,1.0,0.0175,0.9036,0.0,0.1522
1747251180000,128.0462,1.0,0.0694,2.0538,1.0,0.006,0.9875,1.0,5.05,1.0,1.0,0.0,0.3169,0.0,24.7496,2.2258,0.9995,0.0167,1.0,0.0,0.0,0.0172,1.0,0.1747,12.7407,0.0437,1.5,1.5,0.5036,0.0173,1.0,0.0135,0.9815,0.0,0.1574
1747251240000,127.6238,1.0,0.0694,2.3624,1.0,0.011,0.9738,1.0,5.0504,0.988,1.0,0.0,15.2886,0.0,24.0637,2.2962,0.999,0.0168,1.0,0.0,0.0,0.0168,1.0,0.1812,34.626,0.044,1.4286,2.0526,0.5211,0.0172,1.0,0.0114,0.9389,0.0,0.1576
1747251300000,88.5289,1.0,0.0694,2.2305,1.0,0.0214,1.0171,1.0,5.0474,0.999,1.0,0.0,2.0115,0.0,23.2414,2.2676,0.9986,0.0168,1.0,0.0002,0.0,0.0172,1.0,0.1864,39.1667,0.0425,1.5263,1.6818,0.5483,0.0173,1.0,0.0159,0.7681,0.0,0.1504
1747251360000,111.371,1.0,0.0694,2.306,1.0,0.014,1.0253,1.0,5.0484,0.9998,1.0,0.0,0.4979,0.0,21.7728,2.3236,0.9996,0.0167,1.0,0.0002,0.0,0.0169,1.0,0.1826,13.5636,0.0408,1.2917,3.2459,0.5283,0.0175,1.0,0.0135,1.0,0.0,0.1504
1747251420000,118.606,1.0,0.0694,4.8001,1.0,0.0141,0.9454,1.0,5.052,0.9999,1.0,0.0,0.4761,0.0,26.1294,2.2202,0.9996,0.0167,1.0,1e-04,0.0,0.0172,1.0,0.1798,30.5074,0.0416,1.2,1.8627,0.5394,0.0172,1.0,0.0178,0.9853,0.0,0.1565
1747251480000,103.1311,1.0,0.0694,3.1315,1.0,0.0303,0.9658,0.9986,5.0598,0.9963,1.0,0.0,6.8601,0.0,28.0571,2.228,0.9987,0.0169,1.0,0.0,0.0,0.017,1.0,0.1947,47.3404,0.0412,1.0,2.5503,0.5217,0.0172,1.0,0.016,0.9574,0.0,0.1569
1747251540000,106.3257,1.0,0.0694,5.4367,1.0,0.0266,0.9767,1.0,5.0493,0.9984,1.0,0.0,3.3084,0.0,23.9741,2.2408,0.999,0.0168,1.0,1e-04,0.0,0.0171,1.0,0.1877,27.6823,0.0417,1.2857,2.2933,0.5216,0.0171,1.0,0.0156,0.9948,0.0,0.1494
1747251600000,93.2809,1.0,0.0694,1.6582,1.0,0.0216,1.0023,1.0,5.0567,0.9998,1.0,0.0,0.5503,0.0,24.5411,2.2127,0.9995,0.0167,1.0,1e-04,0.0,0.0169,1.0,0.1874,42.9776,0.042,1.75,1.5694,0.5098,0.0179,1.0,0.0132,0.9701,0.0,0.1498
1747251660000,86.7686,1.0,0.0694,1.7299,1.0,0.0468,0.9879,1.0,5.0648,0.9994,1.0,0.0,0.9939,0.0,24.2354,2.1841,0.9988,0.0168,1.0,0.0002,0.0,0.0171,1.0,0.1951,48.0341,0.0396,1.6071,1.5633,0.5474,0.0176,1.0,0.0136,0.9394,0.0,0.1579
1747251720000,66.6617,1.0,0.0694,1.2915,1.0,0.0301,0.9877,1.0,5.0582,0.9966,1.0,0.0,9.2237,0.0,23.5581,2.1818,0.9998,0.0172,1.0,1e-04,0.0,0.017,1.0,0.1986,24.5733,0.0412,1.2,2.4659,0.5661,0.0172,1.0,0.0148,0.8133,0.0,0.1595
1747251780000,103.4167,1.0,0.0694,1.0487,1.0,0.0152,0.9802,1.0,5.0522,0.999,1.0,0.0,2.1798,0.0,20.7653,2.2129,0.9995,0.0168,1.0,1e-04,0.0,0.0171,1.0,0.1982,21.8961,0.0443,0.6667,1.7206,0.5401,0.0172,1.0,0.0218,0.9545,0.0,0.1521
1747251840000,95.1733,1.0,0.0694,1.8998,1.0,0.0099,1.0062,1.0,5.0392,0.9999,1.0,0.0,0.3327,0.0,21.7346,2.3663,0.9998,0.0168,1.0,1e-04,0.0,0.017,1.0,0.179,16.5266,0.0405,1.4286,4.8333,0.5569,0.0173,1.0,0.013,0.9202,0.0,0.1521
1747251900000,71.9393,1.0,0.0694,3.0729,1.0,0.0097,0.9668,1.0,5.0482,0.9999,1.0,0.0,0.3076,0.0,23.5822,2.5227,0.9994,0.0181,1.0,1e-04,0.0,0.017,1.0,0.1745,6.8369,0.0389,1.4167,1.6,0.5293,0.0171,1.0,0.0172,0.766,0.0,0.1559
1747251960000,105.9483,1.0,0.0694,1.4486,1.0,0.0171,0.9854,1.0,5.0546,0.998,1.0,0.0,2.699,0.0,23.5977,2.3909,1.0,0.0169,1.0,0.0002,0.0,0.017,1.0,0.1845,20.7785,0.042,1.5,3.4615,0.5605,0.0171,1.0,0.0242,0.9396,0.0,0.1565
1747252020000,110.1623,1.0,0.0694,1.6411,1.0,0.0132,0.97,1.0,5.0455,0.9978,1.0,0.0,2.4137,0.0,22.6081,2.4354,0.9996,0.0168,1.0,1e-04,0.0,0.017,1.0,0.189,24.0796,0.0416,2.2,1.9512,0.5702,0.0173,1.0,0.0199,0.9823,0.0,0.1518
1747252080000,105.1681,1.0,0.0694,1.7412,1.0,0.0183,1.0047,1.0,5.0428,0.9997,1.0,0.0,0.5057,0.0,23.4376,2.2377,0.9993,0.0168,1.0,0.0,0.0,0.017,1.0,0.1838,21.6543,0.0418,1.5,3.2429,0.553,0.0174,1.0,0.0177,0.9506,0.0,0.1572
1747252140000,105.7964,1.0,0.0694,3.9426,1.0,0.019,0.9907,1.0,5.0527,0.9999,1.0,0.0,0.5137,0.0,21.1982,2.1884,0.9998,0.0169,1.0,1e-04,0.0,0.0169,1.0,0.1775,22.12,0.0416,1.4286,3.0317,0.5617,0.0173,1.0,0.0149,0.984,0.0,0.1583
1747252200000,102.071,1.0,0.0694,4.5067,1.0,0.012,0.9924,1.0,5.0445,0.9985,1.0,0.0,2.1768,0.0,22.8174,2.4375,1.0,0.017,1.0,1e-04,0.0,0.0173,1.0,0.1756,11.6279,0.0386,1.1875,1.6667,0.5476,0.0174,1.0,0.0216,0.9942,0.0,0.1598
1747252260000,95.243,1.0,0.0694,1.0455,1.0,0.0155,0.9759,1.0,5.0648,0.9996,1.0,0.0,0.8171,0.0,24.2003,2.4845,1.0,0.0169,1.0,0.0003,0.0,0.018,1.0,0.1799,19.3846,0.0404,1.3226,3.2069,0.5434,0.0173,1.0,0.0144,0.9154,0.0,0.1524
1747252320000,75.9108,1.0,0.0694,1.5511,1.0,0.0248,1.0198,1.0,5.0464,0.9996,1.0,0.0,0.7022,0.0,21.0692,2.1589,0.9992,0.0171,1.0,1e-04,0.0,0.017,1.0,0.1735,39.1447,0.0426,1.5,2.0175,0.5727,0.0171,1.0,0.0149,0.8333,0.0,0.1545
1747252380000,83.2381,1.0,0.0694,2.2477,1.0,0.0048,1.0075,1.0,5.0548,0.9999,1.0,0.0,0.3622,0.0,24.8222,2.2959,0.9995,0.0175,1.0,0.0,0.0,0.0169,1.0,0.1658,22.6667,0.0432,1.0,1.6471,0.5183,0.0173,1.0,0.0142,0.7467,0.0,0.1615
1747252440000,98.0796,1.0,0.0694,1.6388,1.0,0.0282,0.9865,1.0,5.0627,0.9844,1.0,0.0,12.9743,0.0,24.6417,2.2201,0.9969,0.0167,1.0,1e-04,0.0,0.0175,1.0,0.1754,49.0878,0.0439,1.4286,1.8243,0.5295,0.0176,1.0,0.0099,0.9659,0.0,0.1604
1747252500000,92.251,1.0,0.0694,2.3069,1.0,0.0181,0.9956,1.0,5.0511,0.997,1.0,0.0,4.0244,0.0,26.9166,2.2382,0.996,0.0167,1.0,1e-04,0.0,0.017,1.0,0.1692,43.7612,0.0413,1.25,1.6962,0.5504,0.0172,1.0,0.0123,0.903,0.0,0.156
1747252560000,79.1646,1.0,0.0694,3.9291,1.0,0.011,1.0326,1.0,5.0472,0.9998,1.0,0.0,0.3961,0.0,23.5515,2.2113,0.9974,0.0176,1.0,0.0002,0.0,0.0171,1.0,0.171,11.876,0.0398,1.4583,1.4545,0.568,0.0173,1.0,0.0164,0.7829,0.0,0.1541
1747252620000,62.0011,1.0,0.0694,2.9336,1.0,0.0282,1.008,1.0,5.0568,0.9997,1.0,0.0,0.6059,0.0,28.8817,2.2513,0.9982,0.017,1.0,1e-04,0.0,0.0169,1.0,0.1856,39.0702,0.0429,1.2,3.0625,0.5592,0.0172,1.0,0.0105,0.7135,0.0,0.1604
1747252680000,74.8015,1.0,0.0694,3.4327,1.0,0.012,1.057,1.0,5.0509,0.9892,1.0,0.0,10.6907,0.0,25.2679,2.2314,0.9978,0.0175,1.0,0.0,0.0,0.0169,1.0,0.1941,34.6113,0.044,1.5,2.3448,0.5469,0.0172,1.0,0.0181,0.7674,0.0,0.1677
1747252740000,86.6615,1.0,0.0694,1.0862,1.0,0.0278,0.9757,1.0,5.0607,0.9976,1.0,0.0,2.6933,0.0,22.394,2.2334,0.9989,0.0169,1.0,1e-04,0.0,0.0172,1.0,0.1819,29.9309,0.0411,1.2727,2.6866,0.563,0.0173,1.0,0.0125,0.9078,0.0,0.1526
1747252800000,105.2827,1.0,0.0694,2.2217,1.0,0.0144,0.996,1.0,5.0445,0.9995,1.0,0.0,0.6847,0.0,22.4178,2.2817,0.9982,0.0167,1.0,1e-04,0.0,0.0174,1.0,0.1747,29.3,0.0466,1.1579,2.5189,0.5821,0.0178,1.0,0.0194,0.97,0.0,0.1535
1747252860000,104.0788,1.0,0.0694,1.1222,1.0,0.0192,1.026,1.0,5.0509,0.9996,1.0,0.0,0.6662,0.0,22.7568,2.2925,0.9985,0.0167,1.0,0.0002,0.0,0.017,1.0,0.1852,35.5587,0.0416,1.3333,1.7928,0.595,0.0173,1.0,0.0196,0.933,0.0,0.1667
1747252920000,107.2541,1.0,0.0694,2.1537,1.0,0.0267,0.9999,1.0,5.0303,0.997,1.0,0.0,5.5444,0.0,26.917,2.2582,0.999,0.0167,1.0,1e-04,0.0,0.0171,1.0,0.1938,58.3281,0.0424,1.3,1.6067,0.5802,0.0176,1.0,0.0167,0.9051,0.0,0.1618
1747252980000,116.8843,1.0,0.0694,2.3495,1.0,0.0115,0.9885,1.0,5.0655,0.9993,1.0,0.0,1.858,0.0,25.2235,2.3777,1.0,0.0168,1.0,0.0,0.0,0.0169,1.0,0.1826,35.9091,0.0437,1.5,1.9556,0.5872,0.0175,1.0,0.0221,0.8984,0.0,0.1539
1747253040000,128.3109,1.0,0.0694,2.6208,1.0,0.0137,1.0236,1.0,5.0394,1.0,1.0,0.0,0.326,0.0,22.8012,2.301,1.0,0.0168,1.0,0.0,0.0,0.0169,1.0,0.18,19.8872,0.0449,1.2857,1.6667,0.5756,0.0172,1.0,0.0132,0.9699,0.0,0.1538
1747253100000,130.2076,1.0,0.0694,2.2278,1.0,0.0068,0.9949,0.973,5.035,0.9999,1.0,0.0,0.3164,0.0,26.7834,2.5676,1.0,0.0167,1.0,1e-04,0.0,0.0169,1.0,0.1895,8.5221,0.0415,1.25,2.0,0.5928,0.0173,1.0,0.0187,0.9558,0.0,0.1615
1747253160000,109.4416,1.0,0.0694,2.6264,1.0,0.0097,1.0092,1.0,5.0348,0.9936,1.0,0.0,5.1822,0.0,23.0401,2.4706,1.0,0.0168,1.0,0.0002,0.0,0.0174,1.0,0.2022,17.3403,0.0422,1.625,1.4286,0.6022,0.0172,1.0,0.0177,1.0,0.0,0.1618
1747253220000,91.0397,1.0,0.0694,4.2003,1.0,0.0031,0.9824,1.0,5.0715,0.9997,1.0,0.0,0.3133,0.0,25.2397,3.1,1.0,0.0169,1.0,1e-04,0.0,0.0169,1.0,0.1964,7.3455,0.0426,1.2,1.4286,0.5887,0.0172,1.0,0.0153,0.8743,0.0,0.1522
1747253280000,94.3586,1.0,0.0694,3.0014,1.0,0.0176,1.0041,1.0,5.0414,0.9999,1.0,0.0,0.5128,0.0,24.4539,2.4548,0.9998,0.0168,1.0,1e-04,0.0,0.0173,1.0,0.1787,29.8272,0.0424,1.1429,2.0725,0.58,0.0171,1.0,0.0144,0.8704,0.0,0.1516
1747253340000,124.1711,1.0,0.0694,4.1228,1.0,0.0176,1.0311,1.0,5.0457,1.0,1.0,0.0,0.4131,0.0,23.7985,2.124,1.0,0.0168,1.0,1e-04,0.0,0.0169,1.0,0.1757,16.3228,0.0434,1.2857,4.7037,0.5844,0.0175,1.0,0.0136,0.9873,0.0,0.1591
1747253400000,117.5474,1.0,0.0694,2.6249,1.0,0.0182,0.9941,1.0,5.0364,0.9973,1.0,0.0,4.0437,0.0,27.4565,2.1879,0.9991,0.0167,1.0,1e-04,0.0,0.017,1.0,0.1705,33.3383,0.0454,1.25,3.7619,0.5605,0.0174,1.0,0.017,0.9701,0.0,0.1573
1747253460000,108.4791,1.0,0.0694,2.5849,1.0,0.0077,0.9852,1.0,5.0535,0.9991,1.0,0.0,0.8342,0.0,23.9163,2.2462,1.0,0.0168,1.0,0.0003,0.0,0.0173,0.9989,0.1749,16.4928,0.0445,1.3333,1.6429,0.6043,0.0173,1.0,0.019,0.9565,0.0,0.1519
1747253520000,104.6937,1.0,0.0694,1.35,1.0,0.0121,0.9977,1.0,5.06,0.9996,1.0,0.0,0.4619,0.0,25.4518,2.3318,0.9993,0.0167,1.0,1e-04,0.0,0.017,1.0,0.1729,40.6609,0.0421,1.4,1.6393,0.587,0.0173,1.0,0.0153,0.913,0.0,0.1515
1747253580000,120.7719,1.0,0.0694,1.1427,1.0,0.021,1.0266,1.0,5.052,0.9998,1.0,0.0,0.6815,0.0,29.2557,2.2148,0.9988,0.0167,1.0,0.0,0.0,0.0169,1.0,0.1947,58.4406,0.0415,3.0,1.5904,0.55,0.0175,1.0,0.013,0.958,0.0,0.1581
1747253640000,88.7483,1.0,0.0694,1.9748,1.0,0.0163,1.0426,1.0,5.0409,0.9969,1.0,0.0,3.4837,0.0,22.6064,2.3179,0.9998,0.0168,1.0,1e-04,0.0,0.0172,1.0,0.1835,26.1831,0.0426,1.4286,1.5278,0.5282,0.0173,1.0,0.018,0.9718,0.0,0.1584
1747253700000,117.0543,1.0,0.0694,2.5903,1.0,0.01,1.0098,1.0,5.0709,0.9992,1.0,0.0,1.1314,0.0,27.1951,2.3386,0.9997,0.0167,1.0,1e-04,0.0,0.0169,1.0,0.1896,17.8452,0.0417,1.4167,1.6,0.5614,0.0171,1.0,0.0167,0.9643,0.0,0.1517
1747253760000,108.6223,1.0,0.0694,1.7575,1.0,0.0079,0.9981,1.0,5.06,0.9999,1.0,0.0,0.3096,0.0,24.1519,2.4561,1.0,0.0168,1.0,0.0002,0.0,0.0171,1.0,0.1828,13.0813,0.0431,1.2917,8.6364,0.5504,0.0173,1.0,0.0167,0.8943,0.0,0.1545
1747253820000,102.8631,1.0,0.0694,1.4863,1.0,0.0241,0.9903,1.0,5.06,0.9995,1.0,0.0,0.7793,0.0,23.1589,2.2566,0.999,0.0167,1.0,0.0002,0.0,0.0173,1.0,0.1895,33.1445,0.0417,1.0476,1.7605,0.5682,0.0175,1.0,0.0164,0.9711,0.0,0.1583
1747253880000,111.5891,1.0,0.0694,1.801,1.0,0.0099,1.022,1.0,5.0473,0.9985,1.0,0.0,0.9409,0.0,24.0866,2.4262,0.9992,0.0168,1.0,0.0,0.0,0.0169,1.0,0.1801,12.2276,0.0413,2.0,1.4,0.5585,0.0173,1.0,0.0134,0.9593,0.0,0.1606
1747253940000,97.8307,1.0,0.0694,4.2772,1.0,0.0169,1.0296,1.0,5.0518,0.999,1.0,0.0,1.4471,0.0,27.2184,2.2658,1.0,0.0167,1.0,1e-04,0.0,0.0168,1.0,0.1778,23.7938,0.0416,1.2857,1.6129,0.5402,0.0172,1.0,0.0127,0.9125,0.0,0.1544
1747254000000,133.3426,1.0,0.0694,4.1521,1.0,0.0103,1.0255,1.0,5.06,0.9996,1.0,0.0,0.4096,0.0,23.7373,2.3613,0.9995,0.0169,1.0,1e-04,0.0,0.0171,1.0,0.1722,13.1977,0.0424,1.1667,3.2553,0.5588,0.0177,1.0,0.0137,0.9651,0.0,0.1521
1747254060000,100.5805,1.0,0.0694,1.0114,1.0,0.0358,1.0343,1.0,5.0455,0.9995,1.0,0.0,0.9501,0.0,24.0694,2.2069,0.9986,0.0169,1.0,0.0002,0.0,0.0173,1.0,0.1738,44.9731,0.04,1.6667,2.5349,0.5477,0.0176,1.0,0.0148,0.9686,0.0,0.1603
1747254120000,115.6726,1.0,0.0694,1.7075,1.0,0.0259,0.9858,1.0,5.0455,0.9961,1.0,0.0,10.5743,0.0,27.0007,2.3137,0.9993,0.017,1.0,1e-04,0.0,0.0169,1.0,0.1738,57.3121,0.0423,1.8,4.1596,0.5676,0.0174,1.0,0.0199,0.9745,0.0,0.161
1747254180000,112.8797,1.0,0.0694,2.0392,1.0,0.0193,0.9682,1.0,5.0484,0.9983,1.0,0.0,2.3281,0.0,25.5269,2.2459,0.9994,0.0168,1.0,0.0,0.0,0.017,1.0,0.1861,49.8079,0.0419,1.0,2.8372,0.5515,0.0175,1.0,0.0212,0.9735,0.0,0.1501
1747254240000,110.6175,1.0,0.0694,2.2261,1.0,0.0107,0.967,1.0,5.0445,0.9999,1.0,0.0,0.3178,0.0,22.9478,2.5,1.0,0.0171,1.0,1e-04,0.0,0.0169,1.0,0.1803,10.5873,0.0395,1.4286,1.4545,0.5187,0.0171,1.0,0.0211,1.0,0.0,0.1515
1747254300000,101.4257,1.0,0.0694,2.3617,1.0,0.0138,0.9432,1.0,5.0345,0.9998,1.0,0.0,0.5317,0.0,24.1895,2.3389,0.9991,0.0169,1.0,1e-04,0.0,0.0169,1.0,0.1777,35.5255,0.0388,1.5833,2.9455,0.5199,0.0172,1.0,0.0146,0.9854,0.0,0.1563
1747254360000,115.605,1.0,0.0694,2.8301,1.0,0.0143,0.9776,1.0,5.0412,0.9985,1.0,0.0,2.8591,0.0,23.4116,2.3015,1.0,0.0167,1.0,0.0002,0.0,0.0171,1.0,0.1923,30.8387,0.0422,1.3429,3.1343,0.5285,0.0172,1.0,0.0133,0.9919,0.0,0.1563
1747254420000,100.4363,1.0,0.0694,3.2587,1.0,0.0125,0.9726,1.0,5.0573,0.9991,1.0,0.0,1.8584,0.0,24.9397,2.2462,0.9995,0.0168,1.0,1e-04,0.0,0.0168,1.0,0.195,18.8548,0.0433,1.9,1.8462,0.5248,0.0173,1.0,0.0125,0.9677,0.0,0.1522
1747254480000,107.7208,1.0,0.0694,4.6553,1.0,0.0122,0.9542,1.0,5.0391,0.9999,1.0,0.0,0.4426,0.0,23.8651,2.2246,0.9994,0.0167,1.0,0.0,0.0,0.0172,1.0,0.1984,30.3261,0.0423,1.0,1.6604,0.5184,0.0172,1.0,0.0265,0.9674,0.0,0.1508
1747254540000,101.8962,0.9737,0.0694,1.0495,1.0,0.0118,0.9928,1.0,5.06,0.9999,1.0,0.0,0.4295,0.0,21.0014,2.3202,1.0,0.0168,1.0,1e-04,0.0,0.017,1.0,0.1969,13.5704,0.0409,1.0,17.2368,0.5222,0.0171,1.0,0.0178,0.9926,0.0,0.1575
1747254600000,97.8926,1.0,0.0694,2.6817,1.0,0.0109,0.9691,1.0,5.0555,0.9947,1.0,0.0,9.6726,0.0,22.1515,2.2242,1.0,0.0167,1.0,1e-04,0.0,0.0168,1.0,0.2054,26.113,0.0427,1.5,1.7353,0.5573,0.0172,1.0,0.0116,0.9652,0.0,0.1582
1747254660000,118.0102,1.0,0.0694,1.0671,1.0,0.0104,0.9865,1.0,5.0482,0.9998,1.0,0.0,2.1012,0.0,22.6068,2.3299,0.9998,0.0167,1.0,0.0002,0.0,0.0169,1.0,0.1979,18.3377,0.0439,1.4167,1.5094,0.5469,0.0177,1.0,0.0215,0.9934,0.0,0.1506
1747254720000,105.5587,1.0,0.0694,2.4229,1.0,0.023,0.9829,1.0,5.0527,0.9999,1.0,0.0,0.5506,0.0,24.0844,2.2006,0.9994,0.0167,1.0,1e-04,0.0,0.0169,1.0,0.1838,22.1923,0.0428,1.6,2.8514,0.5183,0.0172,1.0,0.016,0.9915,0.0,0.1516
1747254780000,96.2379,1.0,0.0694,2.4954,1.0,0.0133,0.9833,1.0,5.0473,0.9998,1.0,0.0,0.6338,0.0,25.2688,2.25,0.9996,0.017,1.0,0.0,0.0,0.0169,1.0,0.171,27.5743,0.0435,2.0,4.4865,0.5196,0.0172,1.0,0.0281,0.9189,0.0,0.1575
1747254840000,95.0131,1.0,0.0694,2.3363,1.0,0.0178,1.002,1.0,5.0536,0.9962,1.0,0.0,4.2569,0.0,22.7851,2.3528,0.9993,0.0171,1.0,1e-04,0.0,0.0173,1.0,0.1692,19.0898,0.0393,1.1176,1.593,0.5688,0.0174,1.0,0.012,0.8503,0.0,0.1588
1747254900000,82.0354,1.0,0.0694,1.3555,1.0,0.0439,0.9533,1.0,5.0545,0.9935,1.0,0.0,7.9958,0.0,27.7472,2.2154,0.9989,0.0167,1.0,1e-04,0.0,0.0171,1.0,0.1785,88.7288,0.0378,1.5,2.9424,0.5292,0.0172,1.0,0.0183,0.9153,0.0,0.1508
1747254960000,106.8789,1.0,0.0694,2.5551,1.0,0.0088,0.9921,1.0,5.0545,0.9999,1.0,0.0,0.4073,0.0,25.1291,2.3411,1.0,0.0167,1.0,0.0002,0.0,0.0169,1.0,0.1696,33.4821,0.0411,1.4583,1.5484,0.518,0.0173,1.0,0.0127,0.9821,0.0,0.1524
1747255020000,113.7813,1.0,0.0694,4.2102,1.0,0.0067,1.0005,1.0,5.0509,0.9999,1.0,0.0,0.2985,0.0,23.6676,2.2727,1.0,0.0168,1.0,1e-04,0.0,0.0171,1.0,0.187,11.373,0.044,1.3,1.5714,0.525,0.0174,1.0,0.0138,0.9762,0.0,0.1578
1747255080000,113.3289,1.0,0.0694,4.3397,1.0,0.0169,0.9338,1.0,5.0427,0.984,1.0,0.0,13.1942,0.0,26.1033,2.2857,0.999,0.0167,1.0,0.0,0.0,0.017,1.0,0.1933,47.2593,0.0397,1.0,1.6186,0.5491,0.0174,1.0,0.0143,0.9444,0.0,0.1558
1747255140000,128.1623,1.0,0.0694,2.7048,1.0,0.0363,0.9803,1.0,5.0457,0.9961,1.0,0.0,5.6959,0.0,33.165,2.2963,0.9989,0.0167,1.0,1e-04,0.0,0.0172,1.0,0.1829,84.7692,0.0399,1.4286,2.8904,0.5339,0.0176,1.0,0.0142,0.9408,0.0,0.151
1747255200000,105.7703,1.0,0.0694,4.0997,1.0,0.0148,0.9956,1.0,5.0645,0.9999,1.0,0.0,0.5252,0.0,26.8734,2.2316,0.9998,0.0167,1.0,1e-04,0.0,0.0168,1.0,0.1853,39.5522,0.0419,1.5,1.5254,0.5221,0.0175,1.0,0.0137,0.9776,0.0,0.1538
1747255260000,106.4313,1.0,0.0694,1.8732,1.0,0.0266,0.9623,1.0,5.0464,0.9996,1.0,0.0,0.6941,0.0,25.006,2.2026,0.9991,0.0167,1.0,0.0002,0.0,0.0171,1.0,0.182,63.6045,0.0398,1.7083,2.9076,0.5442,0.0173,1.0,0.0178,0.9774,0.0,0.1579
1747255320000,93.9388,1.0,0.0694,1.0627,1.0,0.0177,0.9846,1.0,5.0545,0.9986,1.0,0.0,3.1956,0.0,21.8889,2.1712,0.9998,0.017,1.0,1e-04,0.0,0.017,1.0,0.1788,24.7561,0.0413,1.5,2.3462,0.5371,0.0172,1.0,0.0225,0.9817,0.0,0.1629
1747255380000,96.0559,1.0,0.0694,1.158,1.0,0.0194,0.971,1.0,5.0367,0.9984,1.0,0.0,4.0723,0.0,26.1894,2.2673,0.9995,0.0167,1.0,0.0,0.0,0.017,1.0,0.1856,39.4407,0.0429,1.0,2.5556,0.5577,0.0174,1.0,0.0287,0.9619,0.0,0.1512
1747255440000,79.5435,1.0,0.0694,1.9358,1.0,0.0159,0.9518,1.0,5.0609,1.0,1.0,0.0,0.4054,0.0,24.6576,2.1692,0.9998,0.0169,1.0,1e-04,0.0,0.0169,1.0,0.1771,31.8513,0.0427,1.4286,2.2143,0.5414,0.0173,1.0,0.0161,0.9077,0.0,0.1515
1747255500000,90.1483,1.0,0.0694,2.6836,1.0,0.0079,0.992,1.0,5.0582,0.9999,1.0,0.0,0.3393,0.0,20.8784,2.2688,0.9996,0.0169,1.0,1e-04,0.0,0.017,1.0,0.1702,9.3687,0.0417,1.5,1.8108,0.5493,0.0172,1.0,0.0127,0.9553,0.0,0.1575
1747255560000,118.5923,1.0,0.0694,1.5937,1.0,0.0164,0.9499,1.0,5.0664,0.9849,1.0,0.0,22.9461,0.0,22.9874,2.2567,0.9996,0.017,1.0,0.0002,0.0,0.0173,1.0,0.1826,25.0433,0.0435,1.5,1.6762,0.5358,0.0171,1.0,0.0119,0.9928,0.0,0.1564
1747255620000,100.6481,1.0,0.0694,1.5518,1.0,0.0354,0.9519,1.0,5.0609,0.9958,1.0,0.0,5.9297,0.0,25.503,2.2865,0.9992,0.0171,1.0,1e-04,0.0,0.017,1.0,0.1815,48.1336,0.0421,1.5,2.9527,0.5356,0.0172,1.0,0.0163,0.9544,0.0,0.1525
1747255680000,92.5774,1.0,0.0694,1.6927,1.0,0.0309,0.9868,1.0,5.0691,0.9995,1.0,0.0,1.1111,0.0,28.5633,2.2483,0.9994,0.0168,1.0,0.0,0.0,0.017,1.0,0.186,62.4754,0.0385,2.0,1.7026,0.536,0.0172,1.0,0.0297,0.9718,0.0,0.1513
1747255740000,99.4339,1.0,0.0694,3.2982,1.0,0.0218,0.9753,1.0,5.0573,0.9999,1.0,0.0,0.5996,0.0,23.3494,2.28,0.9996,0.0168,1.0,1e-04,0.0,0.0172,1.0,0.187,27.1623,0.0414,2.0,4.1149,0.5438,0.0171,1.0,0.0115,0.9649,0.0,0.1602
1747255800000,92.8413,1.0,0.0694,3.3302,1.0,0.0078,0.9891,1.0,5.0573,0.9991,1.0,0.0,1.2345,0.0,23.3904,2.2656,1.0,0.0168,1.0,1e-04,0.0,0.0168,1.0,0.1918,11.0825,0.0418,1.5,1.5385,0.5361,0.0174,1.0,0.0209,0.9794,0.0,0.1564
1747255860000,127.7085,1.0,0.0694,2.4415,1.0,0.0143,1.0011,1.0,5.0691,0.9988,1.0,0.0,2.7615,0.0,27.1328,2.25,1.0,0.0167,1.0,0.0002,0.0,0.0169,1.0,0.1778,27.5536,0.046,1.4167,3.7833,0.5517,0.0172,1.0,0.0137,0.9911,0.0,0.1511
1747255920000,121.8682,1.0,0.0694,1.5894,1.0,0.0106,0.9718,1.0,5.0683,0.9995,1.0,0.0,0.6389,0.0,25.8344,2.252,1.0,0.0167,1.0,1e-04,0.0,0.017,1.0,0.1701,25.3857,0.0438,1.3571,1.398,0.5426,0.0181,1.0,0.0182,1.0,0.0,0.1518
1747255980000,90.1422,1.0,0.0694,1.7934,1.0,0.0153,0.9931,1.0,5.0564,0.9997,1.0,0.0,0.5956,0.0,18.2266,2.2238,0.9978,0.0167,1.0,0.0,0.0,0.0175,1.0,0.1795,21.3122,0.044,2.0,1.8641,0.5225,0.0172,1.0,0.0124,0.9854,0.0,0.1593
1747256040000,104.1643,1.0,0.0694,0.9923,1.0,0.0375,0.9831,1.0,5.0436,0.9914,1.0,0.0,14.482,0.0,27.3132,2.2095,0.9987,0.0167,1.0,1e-04,0.0,0.017,1.0,0.1853,37.3304,0.0393,1.5714,2.7059,0.5905,0.0173,1.0,0.0109,0.9824,0.0,0.1595
1747256100000,91.4977,1.0,0.0694,2.3264,1.0,0.0129,0.968,1.0,5.0664,0.9984,1.0,0.0,2.5137,0.0,21.5772,2.1751,0.999,0.0169,1.0,1e-04,0.0,0.0169,1.0,0.1871,28.0603,0.0427,1.5,1.4521,0.5144,0.0173,1.0,0.0186,0.9698,0.0,0.1516
1747256160000,90.0562,1.0,0.0694,3.4474,1.0,0.0095,0.9981,1.0,5.0527,0.9999,1.0,0.0,0.4689,0.0,22.8651,2.3068,1.0,0.0169,1.0,0.0002,0.0,0.017,1.0,0.1828,24.0466,0.0404,1.5833,1.8519,0.5036,0.0173,1.0,0.0106,0.9153,0.0,0.1514
1747256220000,79.6318,1.0,0.0694,2.6454,1.0,0.0197,0.9818,0.998,5.0564,0.9996,1.0,0.0,0.6544,0.0,21.9422,2.2334,0.9991,0.0172,1.0,1e-04,0.0,0.017,1.0,0.1758,25.0,0.0404,1.2,2.1429,0.517,0.0173,1.0,0.0163,0.9304,0.0,0.1581
1747256280000,98.3067,1.0,0.0694,4.516,1.0,0.0263,0.9832,1.0,5.0586,0.996,1.0,0.0,8.2016,0.0,23.0243,2.3036,0.9994,0.0168,1.0,0.0,0.0,0.0171,1.0,0.1872,32.0718,0.0413,3.5,1.6031,0.5535,0.0177,1.0,0.0126,0.959,0.0,0.1586
1747256340000,94.0373,1.0,0.0694,0.9511,1.0,0.0181,0.9783,0.9986,5.0427,0.9952,1.0,0.0,4.3606,0.0,22.4314,2.1847,0.9963,0.0168,1.0,1e-04,0.0,0.0169,1.0,0.1897,47.3883,0.0414,1.2857,1.8389,0.5457,0.0171,1.0,0.0198,0.9272,0.0,0.1516
1747256400000,97.6064,1.0,0.0694,2.3128,1.0,0.0128,0.9995,1.0,5.0558,0.9998,1.0,0.0,0.6243,0.0,21.4088,2.2752,0.9989,0.0168,1.0,1e-04,0.0,0.0176,1.0,0.196,34.8387,0.0432,1.5217,2.8224,0.5905,0.0178,1.0,0.0135,0.8831,0.0,0.1511
1747256460000,74.7776,1.0,0.0694,1.1798,1.0,0.0181,0.9714,1.0,5.0682,1.0,1.0,0.0,0.4442,0.0,21.9536,2.2385,1.0,0.0168,1.0,0.0002,0.0,0.0177,1.0,0.1978,29.5265,0.0413,1.6,5.587,0.5935,0.0173,1.0,0.0156,0.8584,0.0,0.159
1747256520000,95.534,1.0,0.0694,2.1334,1.0,0.0101,0.9492,1.0,5.0573,0.9993,1.0,0.0,0.6797,0.0,21.4738,2.2857,1.0,0.017,1.0,1e-04,0.0,0.0194,1.0,0.1933,10.3056,0.043,1.2,1.5,0.623,0.0172,1.0,0.0174,0.9826,0.0,0.1574
1747256580000,98.7704,1.0,0.0694,3.4614,1.0,0.0089,0.9749,1.0,5.0445,0.9997,1.0,0.0,0.5237,0.0,23.1123,2.1915,1.0,0.0169,1.0,0.0,0.0,0.0171,1.0,0.1907,9.62,0.0426,1.5,1.6667,0.6139,0.0173,1.0,0.017,0.98,0.0,0.1496
1747256640000,109.5057,1.0,0.0694,2.5505,1.0,0.0172,0.9683,1.0,5.0464,0.9999,1.0,0.0,0.4118,0.0,25.009,2.4977,1.0,0.0168,1.0,1e-04,0.0,0.0185,1.0,0.1884,19.2817,0.0385,1.7143,3.0488,0.6218,0.0174,1.0,0.0148,0.9953,0.0,0.1515
1747256700000,109.6363,1.0,0.0694,1.1815,1.0,0.0183,0.9964,1.0,5.0602,0.9999,1.0,0.0,0.5776,0.0,25.5032,2.2232,0.9995,0.0168,1.0,1e-04,0.0,0.0169,1.0,0.1915,31.3073,0.0434,1.4167,2.9032,0.5782,0.0173,1.0,0.0132,0.9665,0.0,0.1562
1747256760000,102.8714,1.0,0.0694,2.2861,1.0,0.0176,0.9649,1.0,5.04,0.9968,1.0,0.0,8.1437,0.0,24.8581,2.2883,0.9997,0.0167,1.0,1e-04,0.0,0.0173,1.0,0.191,24.3061,0.0437,2.25,2.3196,0.6238,0.0176,1.0,0.0214,0.9898,0.0,0.1565
1747256820000,103.8602,1.0,0.0694,2.0409,1.0,0.0104,0.9717,1.0,5.0603,0.9984,1.0,0.0,3.2222,0.0,21.9447,2.2727,0.9996,0.0169,1.0,1e-04,0.0,0.0173,1.0,0.1774,40.3053,0.0453,1.7,2.6163,0.5975,0.0172,1.0,0.0186,0.8947,0.0,0.1501
1747256880000,82.7506,1.0,0.0694,5.3908,1.0,0.0115,0.9888,1.0,5.0422,1.0,1.0,0.0,0.5173,0.0,21.9724,2.2551,1.0,0.0176,1.0,1e-04,0.0,0.0174,1.0,0.1698,19.1059,0.0405,1.7778,3.9048,0.5904,0.0173,1.0,0.013,0.8647,0.0,0.1511
1747256940000,109.0716,1.0,0.0694,1.957,1.0,0.0201,0.9517,1.0,5.0418,0.9997,1.0,0.0,0.7665,0.0,23.4163,2.1997,0.9996,0.0167,1.0,1e-04,0.0,0.0172,1.0,0.186,25.5773,0.0425,1.3636,2.1806,0.6099,0.0174,1.0,0.0089,0.9863,0.0,0.1537
1747257000000,105.1816,1.0,0.0694,3.8748,1.0,0.0236,0.9754,1.0,5.0382,0.9833,1.0,0.0,20.6342,0.0,27.0053,2.2672,0.9989,0.017,1.0,1e-04,0.0,0.0171,1.0,0.1821,40.2101,0.0423,1.25,1.7111,0.5819,0.0178,1.0,0.0223,0.9746,0.0,0.1572
1747257060000,100.4341,1.0,0.0694,1.9367,1.0,0.0213,0.9748,1.0,5.0545,0.9999,1.0,0.0,2.2444,0.0,23.2226,2.1978,1.0,0.0168,1.0,0.0002,0.0,0.0169,1.0,0.1893,37.3285,0.0409,1.7917,1.6627,0.6091,0.0173,1.0,0.0257,0.9952,0.0,0.1495
1747257120000,77.0717,1.0,0.0694,1.0158,1.0,0.0099,0.974,1.0,5.0436,0.9999,1.0,0.0,0.6143,0.0,22.9773,2.3088,0.9996,0.017,1.0,1e-04,0.0,0.017,1.0,0.1755,22.024,0.0411,1.1,4.2639,0.6082,0.0175,1.0,0.0113,0.9952,0.0,0.1504
1747257180000,106.3107,1.0,0.0694,1.6521,1.0,0.0177,0.9756,1.0,5.0466,0.9994,1.0,0.0,0.6679,0.0,23.314,2.1848,0.9964,0.0167,1.0,0.0,0.0,0.0171,1.0,0.1855,18.5556,0.0424,2.0,1.3378,0.6056,0.0173,1.0,0.0117,0.9506,0.0,0.1556
1747257240000,96.653,1.0,0.0694,1.4702,1.0,0.0182,0.977,1.0,5.04,0.9899,1.0,0.0,13.4472,0.0,23.7973,2.1818,0.9976,0.0167,1.0,0.0,0.0,0.0171,1.0,0.1832,33.2049,0.0427,1.0,2.9844,0.6036,0.0175,1.0,0.0138,0.9672,0.0,0.1575
1747257300000,95.9351,1.0,0.0694,2.2156,1.0,0.0146,0.9503,1.0,5.041,0.999,1.0,0.0,5.1266,0.0,23.0195,2.2232,0.9993,0.0168,1.0,1e-04,0.0,0.0169,1.0,0.1877,30.986,0.0423,1.5,3.3883,0.5952,0.0175,1.0,0.0092,0.9533,0.0,0.1505
1747257360000,96.9206,1.0,0.0694,1.7313,1.0,0.0129,1.0152,1.0,5.0455,0.9999,1.0,0.0,0.4328,0.0,21.9308,2.1888,0.9998,0.0168,1.0,0.0002,0.0,0.0169,1.0,0.1887,16.9515,0.0406,1.9167,1.7455,0.5898,0.0172,1.0,0.0116,0.9758,0.0,0.1503
1747257420000,97.6903,1.0,0.0694,1.4399,1.0,0.023,0.9773,1.0,5.0464,0.9996,1.0,0.0,0.7815,0.0,21.8437,2.234,0.9988,0.0167,1.0,0.0002,0.0,0.0175,1.0,0.1854,22.7204,0.0414,1.1071,4.2432,0.6079,0.0175,1.0,0.0131,0.9892,0.0,0.1561
1747257480000,102.3991,1.0,0.0694,1.6235,1.0,0.0212,0.9875,1.0,5.0591,0.9938,1.0,0.0,23.0045,0.0,25.2606,2.246,0.9994,0.0167,1.0,0.0,0.0,0.0169,1.0,0.1837,46.189,0.0426,3.0,2.4101,0.5931,0.0175,1.0,0.0185,0.9567,0.0,0.157
1747257540000,80.1596,1.0,0.0694,2.5213,1.0,0.011,1.0213,1.0,5.0518,0.9996,1.0,0.0,1.3145,0.0,19.5977,2.2753,1.0,0.0167,1.0,0.0,0.0,0.0169,1.0,0.1834,17.5,0.0407,1.5714,1.4324,0.5745,0.0174,1.0,0.0112,0.9785,0.0,0.1498
1747257600000,84.2301,1.0,0.0694,3.6591,1.0,0.0149,0.9952,1.0,5.0527,0.9998,1.0,0.0,0.6387,0.0,23.0317,2.4109,0.9995,0.0167,1.0,1e-04,0.0,0.0169,1.0,0.1794,20.7213,0.0421,1.25,1.725,0.5949,0.0174,1.0,0.0139,0.9713,0.0,0.1484
1747257660000,79.031,1.0,0.0694,2.0824,1.0,0.0156,0.9744,1.0,5.0464,0.9998,1.0,0.0,0.4898,0.0,20.968,2.3454,0.9997,0.0173,1.0,1e-04,0.0,0.0173,1.0,0.1816,24.7938,0.0453,1.3333,3.4571,0.5961,0.0174,1.0,0.0157,0.9144,0.0,0.1562
1747257720000,95.5805,1.0,0.0694,1.0734,1.0,0.0142,0.9751,1.0,5.0527,0.9956,1.0,0.0,5.9462,0.0,20.698,2.3624,0.9995,0.0168,1.0,1e-04,0.0,0.0169,1.0,0.1902,16.895,0.0484,1.4,2.04,0.6173,0.0173,1.0,0.0123,0.9874,0.0,0.1566
1747257780000,86.3181,1.0,0.0694,1.9941,1.0,0.0138,0.9833,1.0,5.0645,0.9941,1.0,0.0,5.5367,0.0,23.0334,2.1287,0.9989,0.0168,1.0,0.0,0.0,0.0174,1.0,0.1901,21.9148,0.0452,1.0,2.0298,0.5749,0.0173,1.0,0.0129,0.9842,0.0,0.1488
1747257840000,98.9856,1.0,0.0694,0.9331,1.0,0.032,0.9783,1.0,5.0564,0.9994,1.0,0.0,1.0666,0.0,24.7775,2.207,0.9989,0.017,1.0,0.0,0.0,0.0173,1.0,0.188,37.4424,0.0405,1.1429,2.1315,0.616,0.0175,1.0,0.0164,0.9782,0.0,0.1499
1747257900000,92.9926,1.0,0.0694,1.9052,1.0,0.02,0.9923,1.0,5.0591,0.9996,1.0,0.0,0.7975,0.0,22.7176,2.2236,0.9992,0.0168,1.0,1e-04,0.0,0.0173,1.0,0.1805,34.2616,0.0439,1.1579,3.1,0.6022,0.0173,1.0,0.0168,0.9702,0.0,0.1563
1747257960000,106.3799,1.0,0.0694,2.3356,1.0,0.0214,0.9931,1.0,5.0484,0.9826,1.0,0.0,21.4139,0.0,24.9667,2.2222,0.9984,0.0169,1.0,0.0002,0.0,0.0173,1.0,0.1851,31.6396,0.0423,1.6071,1.7901,0.5784,0.0175,1.0,0.0103,0.9773,0.0,0.1581
1747258020000,94.4088,1.0,0.0694,2.3746,1.0,0.029,0.9842,1.0,5.074,0.9955,1.0,0.0,9.3496,0.0,26.9447,2.2342,0.9984,0.017,1.0,1e-04,0.0,0.0176,1.0,0.1947,66.2366,0.042,1.2,1.9718,0.6072,0.0176,1.0,0.0155,0.9439,0.0,0.1513
1747258080000,74.0,1.0,0.0694,3.9052,1.0,0.014,0.9749,1.0,5.0473,0.9999,1.0,0.0,0.5605,0.0,22.4331,2.2814,0.9999,0.0171,1.0,0.0,0.0,0.0172,1.0,0.2075,38.7876,0.044,2.0,2.2478,0.591,0.0174,1.0,0.017,0.9113,0.0,0.153
1747258140000,73.2068,0.9949,0.0694,1.0597,1.0,0.0184,0.9672,1.0,5.0627,0.9997,1.0,0.0,0.8305,0.0,20.2244,2.2175,0.9994,0.017,1.0,0.0,0.0,0.0175,1.0,0.2121,20.9709,0.0449,1.4286,5.8418,0.5618,0.0174,1.0,0.0126,0.9442,0.0,0.1573
1747258200000,94.7491,1.0,0.0694,1.5894,1.0,0.0157,0.9605,1.0,5.0415,0.9974,1.0,0.0,13.5849,0.0,23.3623,2.2031,0.9999,0.0168,1.0,1e-04,0.0,0.0177,1.0,0.2035,29.6021,0.0446,1.4167,2.9357,0.5946,0.0178,1.0,0.0201,0.9897,0.0,0.1566
1747258260000,104.0675,1.0,0.0694,1.6993,1.0,0.0119,1.0311,1.0,5.0555,0.9989,1.0,0.0,2.3062,0.0,20.3716,2.2833,0.9997,0.017,1.0,1e-04,0.0,0.0173,1.0,0.2004,14.2552,0.0431,1.375,3.75,0.6229,0.0173,1.0,0.0188,0.9825,0.0,0.1519
1747258320000,101.0188,1.0,0.0694,0.9713,1.0,0.0072,0.9899,1.0,5.0564,1.0,1.0,0.0,0.331,0.0,21.5785,2.5496,1.0,0.0169,1.0,1e-04,0.0,0.018,1.0,0.1875,10.513,0.0474,1.5,2.3333,0.5838,0.0174,1.0,0.0194,0.9851,0.0,0.1512
1747258380000,100.2963,1.0,0.0694,3.7872,1.0,0.0144,1.0072,1.0,5.0745,1.0,1.0,0.0,0.4506,0.0,21.1313,2.28,1.0,0.0168,1.0,0.0,0.0,0.0182,1.0,0.1915,13.5823,0.041,1.0,1.4898,0.5934,0.0171,1.0,0.0139,0.9848,0.0,0.1569
1747258440000,80.8747,1.0,0.0694,1.5746,1.0,0.0129,1.0088,1.0,5.0292,0.9878,1.0,0.0,15.4245,0.0,21.45,2.3179,0.9995,0.0169,1.0,1e-04,0.0,0.0181,1.0,0.1924,15.8318,0.0421,1.5,2.1887,0.5959,0.0175,1.0,0.0255,0.9664,0.0,0.1572
1747258500000,80.2571,1.0,0.0694,1.4708,1.0,0.0222,0.9861,1.0,5.0518,0.9962,1.0,0.0,6.0055,0.0,21.799,2.2105,0.998,0.0174,1.0,1e-04,0.0,0.0175,1.0,0.1885,23.3571,0.0429,1.3125,2.0362,0.578,0.0176,1.0,0.0105,0.8941,0.0,0.151
1747258560000,107.4133,1.0,0.0694,2.4131,1.0,0.0153,1.0111,1.0,5.0518,0.9998,1.0,0.0,0.8503,0.0,25.3571,2.3455,0.9992,0.0168,1.0,1e-04,0.0,0.0175,1.0,0.1826,31.1449,0.0434,1.875,1.7438,0.5804,0.0176,1.0,0.0151,0.983,0.0,0.1518
1747258620000,91.6689,1.0,0.0694,1.5292,1.0,0.0239,0.9972,1.0,5.0537,0.9998,1.0,0.0,0.7171,0.0,23.0754,2.3532,0.9994,0.0167,1.0,1e-04,0.0,0.0176,1.0,0.1929,21.8597,0.0431,1.3,4.0938,0.6217,0.0175,1.0,0.0137,0.9881,0.0,0.1573
1747258680000,67.3779,1.0,0.0694,3.8678,1.0,0.0307,0.9517,1.0,5.0455,0.991,1.0,0.0,12.0217,0.0,22.9601,2.2622,0.9988,0.017,1.0,0.0,0.0,0.018,1.0,0.1894,39.1911,0.0419,1.5,2.112,0.5962,0.0176,1.0,0.0176,0.8963,0.0,0.1579
1747258740000,64.6282,1.0,0.0694,2.534,1.0,0.0151,0.9495,1.0,5.0655,0.9983,1.0,0.0,4.3061,0.0,22.9955,2.2855,0.9994,0.0176,1.0,0.0,0.0,0.0176,1.0,0.1723,22.9598,0.0457,1.4286,3.9274,0.5678,0.0178,1.0,0.019,0.8214,0.0,0.1517
1747258800000,80.1653,1.0,0.0694,4.0002,1.0,0.022,0.9674,1.0,5.0457,0.9999,1.0,0.0,0.9784,0.0,23.243,2.3015,0.9997,0.017,1.0,1e-04,0.0,0.0173,1.0,0.1786,22.3379,0.043,1.3333,4.2632,0.6059,0.0179,1.0,0.0169,0.9103,0.0,0.1506
1747258860000,86.801,1.0,0.0694,1.3176,1.0,0.0202,0.986,1.0,5.05,0.9994,1.0,0.0,0.8629,0.0,21.206,2.2655,0.999,0.0168,1.0,1e-04,0.0,0.0173,1.0,0.175,20.4439,0.0447,1.3333,1.5243,0.5818,0.0177,1.0,0.0243,0.9566,0.0,0.1568
1747258920000,86.7785,1.0,0.0694,1.4193,1.0,0.0259,0.9615,1.0,5.0473,0.9959,1.0,0.0,12.2006,0.0,26.5095,2.186,0.9993,0.0172,1.0,1e-04,0.0,0.0177,1.0,0.1665,21.771,0.0427,1.1176,2.5891,0.5783,0.0174,1.0,0.0132,0.9059,0.0,0.1586
1747258980000,89.9411,1.0,0.0694,1.4914,1.0,0.0118,0.9724,1.0,5.0736,0.9992,1.0,0.0,2.4025,0.0,19.1531,2.2807,0.9999,0.0173,1.0,0.0,0.0,0.0171,1.0,0.1586,14.3803,0.0454,3.0,2.8889,0.5934,0.0171,1.0,0.0157,0.9388,0.0,0.1509
1747259040000,73.9243,1.0,0.0694,1.2056,1.0,0.0211,0.9785,1.0,5.0482,0.9997,1.0,0.0,1.0073,0.0,21.2752,2.2382,0.9995,0.0173,1.0,1e-04,0.0,0.0176,1.0,0.1675,18.9201,0.0424,1.0,1.9497,0.5981,0.0174,1.0,0.0176,0.933,0.0,0.1513
1747259100000,86.0421,1.0,0.0694,1.8157,1.0,0.0115,0.9673,1.0,5.0518,0.9999,1.0,0.0,0.7195,0.0,23.0269,2.1684,0.9996,0.0169,1.0,1e-04,0.0,0.0172,1.0,0.1922,20.8068,0.0446,1.8333,1.9744,0.6107,0.0175,1.0,0.0153,0.9598,0.0,0.1573
1747259160000,107.7294,1.0,0.0694,2.0251,1.0,0.0116,0.9753,1.0,5.0464,0.9976,1.0,0.0,4.3555,0.0,23.9689,2.2643,0.9998,0.0168,1.0,1e-04,0.0,0.0171,1.0,0.1898,14.2674,0.0432,1.75,2.4217,0.5883,0.0174,1.0,0.0129,0.9786,0.0,0.1577
1747259220000,94.4051,1.0,0.0694,1.3838,1.0,0.0275,0.9885,1.0,5.0582,0.9967,1.0,0.0,9.1943,0.0,25.7388,2.1959,0.9992,0.0169,1.0,0.0,0.0,0.0174,1.0,0.1775,51.7125,0.0434,1.3636,1.9452,0.5989,0.0175,1.0,0.0159,0.9292,0.0,0.1507
1747259280000,101.927,1.0,0.0694,1.6058,1.0,0.0132,0.9833,1.0,5.0565,1.0,1.0,0.0,0.5837,0.0,23.8916,2.3996,1.0,0.0171,1.0,0.0,0.0,0.0173,1.0,0.182,21.4221,0.0449,1.5,1.7831,0.5901,0.0174,1.0,0.0138,0.9196,0.0,0.1535
1747259340000,111.7157,1.0,0.0694,0.8982,1.0,0.0148,1.0064,1.0,5.0649,0.9999,1.0,0.0,0.712,0.0,24.7552,2.3993,0.9999,0.017,1.0,0.0,0.0,0.0175,1.0,0.1924,22.9286,0.0441,2.1429,1.5,0.6075,0.0176,1.0,0.0187,0.9816,0.0,0.1606
1747259400000,102.5915,1.0,0.0694,3.1265,1.0,0.0165,0.9985,1.0,5.0445,0.9976,1.0,0.0,13.4075,0.0,23.3509,2.2915,0.9998,0.0169,1.0,0.0,0.0,0.0178,1.0,0.194,28.0965,0.0428,1.5,2.6563,0.6062,0.0177,1.0,0.0109,0.9754,0.0,0.1607
1747259460000,103.9689,1.0,0.0694,2.1713,1.0,0.0112,0.9977,1.0,5.0529,0.9976,1.0,0.0,4.2944,0.0,24.4884,2.2444,0.9994,0.0171,1.0,1e-04,0.0,0.0176,1.0,0.1857,26.9782,0.0445,1.3548,4.3592,0.5831,0.0174,1.0,0.0119,0.9695,0.0,0.1528
1747259520000,90.6581,1.0,0.0694,0.9332,1.0,0.009,0.9653,1.0,5.0448,0.9998,1.0,0.0,0.613,0.0,22.0124,2.2361,0.9995,0.0172,1.0,1e-04,0.0,0.0174,1.0,0.1818,25.3418,0.0471,1.5,2.5618,0.5906,0.0178,1.0,0.0125,0.9215,0.0,0.1531
1747259580000,87.965,1.0,0.0694,2.3459,1.0,0.0138,0.9646,1.0,5.0609,0.9998,1.0,0.0,0.7048,0.0,22.4318,2.2432,0.9989,0.017,1.0,0.0,0.0,0.0173,1.0,0.1894,20.1365,0.0446,1.5,1.7179,0.5656,0.018,1.0,0.0152,0.9147,0.0,0.1586
1747259640000,90.1779,1.0,0.0694,0.9214,1.0,0.0119,0.9766,1.0,5.0384,0.9985,1.0,0.0,9.7796,0.0,21.3193,2.3673,0.9997,0.017,1.0,0.0,0.0,0.0177,1.0,0.1893,20.4033,0.0465,1.0,2.3551,0.5789,0.0177,1.0,0.0182,0.9219,0.0,0.1572
1747259700000,94.8922,1.0,0.0694,1.6788,1.0,0.0128,0.9669,1.0,5.0596,0.9984,1.0,0.0,4.6328,0.0,24.1033,2.277,0.9997,0.0171,1.0,0.0,0.0,0.0177,1.0,0.1857,24.5236,0.0493,1.6154,1.9339,0.5803,0.018,1.0,0.0189,0.9225,0.0,0.1499
1747259760000,87.747,1.0,0.0694,1.4793,1.0,0.0293,0.9636,1.0,5.04,0.9993,1.0,0.0,1.5568,0.0,22.5543,2.1931,0.9991,0.0172,1.0,1e-04,0.0,0.0177,1.0,0.1931,34.0143,0.0459,1.32,2.4191,0.5681,0.0178,1.0,0.0234,0.9344,0.0,0.1523
1747259820000,92.9869,1.0,0.0694,2.4025,1.0,0.0189,0.9862,1.0,5.0773,0.9997,1.0,0.0,1.0379,0.0,23.254,2.1959,0.9997,0.0169,1.0,0.0,0.0,0.018,1.0,0.1893,31.2325,0.0437,1.3,3.5819,0.5892,0.0179,1.0,0.0313,0.9685,0.0,0.1623
1747259880000,100.4859,1.0,0.0694,2.4923,1.0,0.0114,0.9696,1.0,5.0638,0.9954,1.0,0.0,17.1939,0.0,22.4333,2.2512,0.9998,0.0171,1.0,0.0,0.0,0.0176,1.0,0.1952,21.386,0.0459,2.0,1.3306,0.5758,0.0175,1.0,0.0172,0.9739,0.0,0.1602
1747259940000,95.572,1.0,0.0694,1.9241,1.0,0.0143,0.9898,1.0,5.0509,0.999,1.0,0.0,3.2394,0.0,20.6574,2.2483,0.9999,0.0172,1.0,0.0,0.0,0.0175,1.0,0.2022,17.1229,0.0456,1.4286,2.602,0.592,0.0176,1.0,0.021,0.9795,0.0,0.154
1747260000000,89.2766,1.0,0.0694,1.3332,1.0,0.0162,0.9748,1.0,5.0382,0.9995,1.0,0.0,0.9388,0.0,20.3347,2.2415,0.9993,0.0171,1.0,1e-04,0.0,0.0181,1.0,0.191,15.9051,0.0447,1.2105,1.4689,0.5954,0.018,1.0,0.0132,0.9693,0.0,0.1536
1747260060000,86.0123,1.0,0.0694,1.3417,1.0,0.0202,1.0079,1.0,5.0649,0.9996,1.0,0.0,1.2155,0.0,20.2902,2.2156,0.9996,0.0169,1.0,1e-04,0.0,0.0182,1.0,0.187,25.5035,0.0466,1.4286,2.2694,0.6088,0.0179,1.0,0.0142,0.9501,0.0,0.1698
1747260120000,86.0534,1.0,0.0694,1.061,1.0,0.0171,1.0029,1.0,5.05,0.9949,1.0,0.0,9.0488,0.0,21.7528,2.2252,0.9995,0.0173,1.0,0.0,0.0,0.018,1.0,0.1982,24.2704,0.0485,1.5,2.0484,0.5839,0.0176,1.0,0.0103,0.9333,0.0,0.1672
1747260180000,73.9496,1.0,0.0694,2.2859,1.0,0.0205,1.0168,1.0,5.0536,0.9968,1.0,0.0,6.9344,0.0,19.9593,2.2202,0.9992,0.0172,1.0,0.0,0.0,0.0182,1.0,0.204,23.9154,0.045,1.5,1.8945,0.5797,0.0176,1.0,0.0247,0.9262,0.0,0.1549
1747260240000,88.7608,1.0,0.0694,1.2772,1.0,0.0127,0.9739,1.0,5.0369,0.9996,1.0,0.0,0.885,0.0,19.8911,2.1792,0.9993,0.0172,1.0,0.0,0.0,0.018,1.0,0.2081,19.4993,0.0471,1.0,2.0995,0.582,0.0178,1.0,0.0104,0.9281,0.0,0.1559
1747260300000,85.8381,1.0,0.0694,1.5101,1.0,0.01,1.0204,1.0,5.0645,0.9999,1.0,0.0,0.769,0.0,21.1521,2.4013,0.9999,0.0173,1.0,0.0,0.0,0.0179,1.0,0.2071,18.2007,0.0471,1.0833,4.5207,0.5969,0.0175,1.0,0.0181,0.9741,0.0,0.1626
1747260360000,99.0892,1.0,0.0694,2.0274,1.0,0.0109,1.0079,1.0,5.0394,0.9925,1.0,0.0,17.5207,0.0,21.635,2.2483,0.9996,0.0171,1.0,1e-04,0.0,0.0177,1.0,0.2013,19.6837,0.0467,1.375,2.0764,0.597,0.0177,1.0,0.0146,0.9781,0.0,0.163
1747260420000,86.6471,1.0,0.0694,1.1519,1.0,0.0238,1.0272,1.0,5.041,0.9957,1.0,0.0,8.4742,0.0,20.9083,2.2128,0.999,0.0172,1.0,0.0,0.0,0.0179,1.0,0.204,23.6645,0.046,1.1,2.058,0.7526,0.0177,1.0,0.0235,0.9676,0.0,0.1559
1747260480000,95.0603,1.0,0.0694,2.8443,1.0,0.0267,0.9893,1.0,5.0559,0.9992,1.0,0.0,1.1674,0.0,21.6766,2.2074,0.9991,0.0171,1.0,0.0,0.0,0.0179,1.0,0.2005,25.1371,0.0466,1.0,2.2308,0.5736,0.0178,1.0,0.0134,0.9682,0.0,0.1582
1747260540000,82.4128,1.0,0.0694,1.7645,1.0,0.0283,1.0364,1.0,5.0536,0.9991,1.0,0.0,1.7809,0.0,21.1589,2.2091,0.9993,0.0171,1.0,0.0,0.0,0.018,1.0,0.1975,24.4142,0.0503,1.1667,2.7427,0.6054,0.0185,1.0,0.0119,0.9849,0.0,0.1665
1747260600000,80.0096,1.0,0.0694,2.8818,1.0,0.0167,1.0215,1.0,5.0527,0.9973,1.0,0.0,20.6432,0.0,20.337,2.2361,0.9998,0.0172,1.0,0.0,0.0,0.0178,1.0,0.2022,21.8871,0.048,1.3333,1.6527,0.6062,0.0185,1.0,0.0185,0.9627,0.0,0.1694
1747260660000,80.1647,0.9977,0.0694,0.8983,1.0,0.0267,1.0711,1.0,5.0473,0.9945,1.0,0.0,12.9661,0.0,21.5879,2.188,0.9994,0.0171,1.0,1e-04,0.0,0.018,1.0,0.204,24.557,0.0474,1.375,2.2263,0.5958,0.0183,1.0,0.0179,0.9566,0.0,0.1581
1747260720000,98.5987,1.0,0.0694,1.4613,1.0,0.0137,0.9884,1.0,5.0464,0.9999,1.0,0.0,1.0924,0.0,23.4589,2.2374,0.9998,0.0172,1.0,0.0,0.0,0.0177,1.0,0.2007,24.6539,0.0488,1.3,1.7295,0.581,0.0178,1.0,0.0208,0.9716,0.0,0.1601
1747260780000,92.3476,1.0,0.0694,1.3967,1.0,0.0246,1.0087,1.0,5.05,0.9994,1.0,0.0,1.592,0.0,23.494,2.175,0.9995,0.0171,1.0,0.0,0.0,0.018,1.0,0.2,30.2377,0.0456,1.0,3.093,0.6026,0.0178,1.0,0.017,0.9649,0.0,0.1656
1747260840000,76.595,1.0,0.0694,1.0386,1.0,0.0197,0.9805,1.0,5.0518,0.9905,1.0,0.0,26.2393,0.0,20.7639,2.3196,0.9995,0.0173,1.0,0.0,0.0,0.0176,1.0,0.199,23.8958,0.047,1.6667,2.4468,0.5997,0.0178,1.0,0.0227,0.9485,0.0,0.1662
1747260900000,82.8271,1.0,0.0694,1.5828,1.0,0.0175,1.0173,1.0,5.0509,0.9903,1.0,0.0,8.798,0.0,22.2054,2.2944,0.9993,0.0173,1.0,0.0,0.0,0.018,1.0,0.1942,28.0332,0.0496,0.6667,1.9744,0.5777,0.0179,1.0,0.0173,0.9658,0.0,0.1573
1747260960000,93.0465,1.0,0.0694,1.4476,1.0,0.0253,0.9915,1.0,5.0366,0.9983,1.0,0.0,2.3985,0.0,22.8135,2.1956,0.9979,0.017,1.0,1e-04,0.0,0.0181,1.0,0.182,27.7834,0.0495,1.4194,2.1329,0.601,0.0184,1.0,0.0129,0.9562,0.0,0.1596
1747261020000,91.7478,1.0,0.0694,1.0988,1.0,0.0243,1.0222,0.9995,5.0564,0.9996,1.0,0.0,1.6248,0.0,23.0407,2.2755,0.9996,0.0172,1.0,0.0,0.0,0.0178,1.0,0.1847,32.8322,0.0479,1.1,2.1407,0.5978,0.0181,1.0,0.0144,0.9553,0.0,0.1686
1747261080000,95.1357,1.0,0.0694,1.0743,1.0,0.0162,1.0166,1.0,5.0555,0.9929,1.0,0.0,29.9007,0.0,21.4208,2.347,0.9995,0.0171,1.0,0.0,0.0,0.0183,1.0,0.1783,30.9946,0.049,1.1667,2.8681,0.6085,0.0181,1.0,0.0133,0.9625,0.0,0.1671
1747261140000,87.6504,1.0,0.0694,1.0582,1.0,0.0162,0.9952,1.0,5.0455,0.9975,1.0,0.0,11.1563,0.0,22.8869,2.2166,0.9996,0.0173,1.0,0.0,0.0,0.018,1.0,0.181,25.2595,0.0487,2.0,2.1622,0.6083,0.0179,1.0,0.0142,0.9659,0.0,0.1596
1747261200000,93.9043,1.0,0.0694,2.7254,1.0,0.0187,1.0056,1.0,5.0536,0.9998,1.0,0.0,1.3451,0.0,22.4789,2.2517,0.9997,0.0173,1.0,0.0,0.0,0.0175,1.0,0.1872,29.1171,0.047,0.6667,2.7293,0.5966,0.0182,1.0,0.0145,0.9742,0.0,0.1588
1747261260000,95.0711,1.0,0.0694,1.9918,1.0,0.014,1.0203,1.0,5.0545,0.9998,1.0,0.0,0.9097,0.0,20.3076,2.301,1.0,0.0171,1.0,1e-04,0.0,0.0182,1.0,0.198,21.3846,0.0491,0.7083,3.6424,0.632,0.0176,1.0,0.0133,0.9688,0.0,0.1658
1747261320000,96.4107,1.0,0.0694,0.9223,1.0,0.0165,0.9979,1.0,5.0364,0.9942,1.0,0.0,20.6412,0.0,21.918,2.2527,0.9995,0.0171,1.0,0.0,0.0,0.0184,1.0,0.1967,31.4948,0.0527,0.6,3.4623,0.6057,0.0181,1.0,0.011,0.9597,0.0,0.1668
1747261380000,71.0168,1.0,0.0694,1.2436,1.0,0.0218,1.0164,1.0,5.0491,0.9925,1.0,0.0,11.9195,0.0,20.5884,2.2135,0.9987,0.0174,1.0,0.0,0.0,0.0186,1.0,0.1898,26.7279,0.051,1.0,2.2693,0.5923,0.0184,1.0,0.0218,0.9372,0.0,0.16
1747261440000,82.0947,1.0,0.0694,1.2211,1.0,0.0191,1.0076,0.9994,5.0564,0.9996,1.0,0.0,1.4979,0.0,20.7945,2.2397,0.9989,0.0171,1.0,0.0,0.0,0.0185,1.0,0.2053,24.7214,0.0494,1.0,2.2435,0.6045,0.0179,1.0,0.0154,0.9659,0.0,0.1634
1747261500000,85.5908,1.0,0.0694,1.3835,1.0,0.0163,1.0358,1.0,5.0455,0.9997,1.0,0.0,1.5272,0.0,21.8727,2.1923,0.9995,0.0173,1.0,0.0,0.0,0.0187,1.0,0.192,24.1392,0.0508,1.2632,1.8158,0.6125,0.0182,1.0,0.0279,0.962,0.0,0.1657
1747261560000,86.8137,1.0,0.0694,1.3591,1.0,0.0139,1.0157,1.0,5.0555,0.9951,1.0,0.0,19.8846,0.0,20.818,2.2703,0.9997,0.0174,1.0,1e-04,0.0,0.0187,1.0,0.1945,24.0396,0.0533,1.25,2.75,0.5869,0.0183,1.0,0.0139,0.9612,0.0,0.168
1747261620000,92.8323,1.0,0.0694,1.8794,1.0,0.0137,1.0442,0.9994,5.0591,0.9973,1.0,0.0,8.793,0.0,21.3037,2.2693,0.9994,0.0174,1.0,0.0,0.0,0.019,1.0,0.1947,31.3596,0.0511,1.5455,2.7249,0.5969,0.0181,1.0,0.0199,0.9721,0.0,0.1616
1747261680000,87.3015,1.0,0.0694,1.5921,1.0,0.023,1.0181,1.0,5.0491,0.9993,1.0,0.0,1.864,0.0,19.9358,2.2116,0.9994,0.0174,1.0,0.0,0.0,0.0195,1.0,0.1895,26.9297,0.0497,1.0,2.7459,0.6304,0.0183,1.0,0.0218,0.9717,0.0,0.162
1747261740000,80.4944,1.0,0.0694,1.7874,1.0,0.0223,1.0086,1.0,5.0436,0.9994,1.0,0.0,1.9803,0.0,21.3843,2.2082,0.9994,0.0174,1.0,0.0,0.0,0.0197,1.0,0.1951,29.1655,0.0537,2.0,2.5,0.5895,0.0187,1.0,0.0158,0.9658,0.0,0.1694
1747261800000,81.1364,1.0,0.0694,0.9121,1.0,0.0194,1.0409,1.0,5.0336,0.9809,1.0,0.0,28.7796,0.0,20.7324,2.2314,0.9992,0.0174,1.0,0.0,0.0,0.02,1.0,0.2017,27.7205,0.0546,1.5,2.2714,0.6028,0.0186,1.0,0.0138,0.9718,0.0,0.1711
1747261860000,86.605,1.0,0.0694,1.3618,1.0,0.0122,1.0356,1.0,5.0504,0.9947,1.0,0.0,9.1771,0.0,19.3886,2.2476,0.9995,0.0176,1.0,1e-04,0.0,0.02,1.0,0.1985,22.2051,0.0606,1.25,1.9743,0.5853,0.0184,1.0,0.0111,0.98,0.0,0.1655
1747261920000,89.0945,1.0,0.0694,0.882,1.0,0.02,1.0314,1.0,5.0516,0.999,1.0,0.0,2.3924,0.0,20.0206,2.2455,0.9994,0.0176,1.0,0.0,0.0,0.0201,1.0,0.2097,26.5467,0.0552,1.2,2.3824,0.5905,0.0185,1.0,0.0173,0.9735,0.0,0.1683
1747261980000,85.9535,1.0,0.0694,1.6876,1.0,0.0184,1.0388,1.0,5.0582,0.9992,1.0,0.0,2.0531,0.0,19.6792,2.2189,0.9997,0.0175,1.0,0.0,0.0,0.0211,1.0,0.2123,25.224,0.0556,1.0,2.1175,0.5941,0.0184,1.0,0.0275,0.9793,0.0,0.1707
1747262040000,86.1669,1.0,0.0694,1.2014,1.0,0.0138,0.9894,1.0,5.0682,0.9966,1.0,0.0,12.3756,0.0,19.4226,2.3124,0.9995,0.0175,1.0,0.0,0.0,0.0208,1.0,0.2032,20.3235,0.0563,0.8667,1.9085,0.6193,0.0185,1.0,0.0132,0.9756,0.0,0.1719
1747262100000,83.5775,1.0,0.0694,1.3442,1.0,0.0159,1.013,0.9994,5.0455,0.9969,1.0,0.0,7.7977,0.0,19.5913,2.2748,0.9998,0.0176,1.0,0.0,0.0,0.0205,1.0,0.1955,20.1073,0.054,1.5294,2.6269,0.6061,0.0181,1.0,0.019,0.9684,0.0,0.1613
1747262160000,86.9607,1.0,0.0694,1.4223,1.0,0.0178,0.985,1.0,5.0618,0.9993,1.0,0.0,2.1799,0.0,21.1504,2.2325,0.9996,0.0177,1.0,1e-04,0.0,0.0215,1.0,0.1898,21.5275,0.0567,1.2917,2.5403,0.6231,0.0188,1.0,0.0112,0.9701,0.0,0.1625
1747262220000,87.6349,1.0,0.0694,1.1162,1.0,0.0161,1.0311,0.9986,5.0651,0.9998,1.0,0.0,1.2129,0.0,18.6585,2.2876,1.0,0.0177,1.0,0.0,0.0,0.0211,1.0,0.1994,19.4437,0.0546,1.4,1.583,0.5951,0.0183,1.0,0.0173,0.9708,0.0,0.1706
1747262280000,77.5813,1.0,0.0694,2.1428,1.0,0.0182,1.0167,1.0,5.0482,0.9958,1.0,0.0,16.906,0.0,19.4111,2.2599,0.9996,0.0177,1.0,0.0,0.0,0.0215,1.0,0.1932,22.665,0.0543,2.0,2.2057,0.6007,0.0186,1.0,0.0153,0.9576,0.0,0.1678
1747262340000,82.4561,1.0,0.0694,1.9603,1.0,0.0162,1.0197,1.0,5.0509,0.9972,1.0,0.0,8.5802,0.0,18.8762,2.269,0.9995,0.0177,1.0,0.0,0.0,0.0216,1.0,0.202,20.5105,0.0547,1.5,2.3943,0.6034,0.0183,1.0,0.0207,0.978,0.0,0.1622
1747262400000,80.753,1.0,0.0694,2.126,1.0,0.0179,0.9969,1.0,5.035,0.9992,1.0,0.0,2.2691,0.0,19.5324,2.2317,0.9995,0.0177,1.0,0.0,0.0,0.0217,1.0,0.2049,24.602,0.0563,2.1667,1.875,0.5963,0.0184,1.0,0.0172,0.9773,0.0,0.1613
1747262460000,82.6526,1.0,0.0694,1.0265,1.0,0.0164,0.9984,1.0,5.0373,0.9996,1.0,0.0,1.6215,0.0,20.0864,2.2582,0.9996,0.0176,1.0,0.0,0.0,0.0217,1.0,0.2046,23.3753,0.0554,1.9583,2.4612,0.6014,0.0188,1.0,0.0196,0.9703,0.0,0.1713
1747262520000,85.0554,1.0,0.0694,1.2599,1.0,0.015,1.0489,1.0,5.0494,0.9974,1.0,0.0,15.0736,0.0,20.7162,2.3008,0.9997,0.0178,1.0,0.0,0.0,0.0215,1.0,0.205,23.2663,0.0563,1.2353,1.4209,0.5979,0.0187,1.0,0.0144,0.9767,0.0,0.1703
1747262580000,89.3296,1.0,0.0694,1.1466,1.0,0.0214,1.0413,1.0,5.0632,0.9972,1.0,0.0,11.7021,0.0,20.1677,2.2527,0.9998,0.0178,1.0,0.0,0.0,0.0214,1.0,0.2145,24.5241,0.0533,1.0,2.1468,0.6008,0.0182,1.0,0.0243,0.9675,0.0,0.1639
1747262640000,90.8352,1.0,0.0694,0.947,1.0,0.0216,1.0295,1.0,5.0312,0.9994,1.0,0.0,2.3347,0.0,20.5076,2.2578,0.9997,0.0176,1.0,0.0,0.0,0.0209,1.0,0.2103,28.33,0.0541,1.4286,2.3377,0.6322,0.0184,1.0,0.014,0.9548,0.0,0.1646
1747262700000,85.5386,1.0,0.0694,1.0675,1.0,0.0177,1.0334,1.0,5.0539,0.9996,1.0,0.0,2.6249,0.0,21.5508,2.2671,0.9998,0.0177,1.0,0.0,0.0,0.0219,1.0,0.2038,27.8773,0.0558,1.1667,3.3077,0.6212,0.0185,1.0,0.0139,0.9609,0.0,0.1722
1747262760000,94.8371,1.0,0.0694,1.484,1.0,0.0167,0.9871,1.0,5.0293,0.9923,1.0,0.0,27.6432,0.0,20.1985,2.2871,0.9998,0.0175,1.0,0.0,0.0,0.0212,1.0,0.2209,26.7203,0.0533,1.3333,2.186,0.6144,0.0183,1.0,0.0213,0.9585,0.0,0.1746
1747262820000,87.1881,1.0,0.0694,1.0597,1.0,0.0185,1.0004,1.0,5.0475,0.9957,1.0,0.0,17.0934,0.0,19.827,2.2636,0.9999,0.0178,1.0,0.0,0.0,0.0215,1.0,0.211,25.5475,0.0579,1.2,2.2071,0.6128,0.0191,1.0,0.0235,0.9623,0.0,0.1654
1747262880000,88.7014,1.0,0.0694,0.8745,1.0,0.0228,1.0361,0.9998,5.0268,0.9988,1.0,0.0,3.8711,0.0,21.8213,2.2572,0.9995,0.0176,1.0,0.0,0.0,0.0216,1.0,0.2025,34.1868,0.0575,1.5,2.472,0.6095,0.0192,1.0,0.0116,0.9594,0.0,0.1683
1747262940000,81.8911,1.0,0.0694,1.0133,1.0,0.0223,1.0267,1.0,5.0745,0.9992,1.0,0.0,3.5035,0.0,19.9735,2.2446,0.9997,0.0177,1.0,0.0,0.0,0.0215,1.0,0.2013,33.0175,0.0588,1.4286,2.7479,0.6363,0.0187,1.0,0.0116,0.9529,0.0,0.1745
1747263000000,91.752,1.0,0.0694,1.7056,1.0,0.0202,1.0256,1.0,5.0457,0.9927,1.0,0.0,42.2336,0.0,20.7849,2.2579,0.9998,0.0176,1.0,0.0,0.0,0.0214,1.0,0.1926,33.3172,0.0588,1.4167,2.6952,0.6333,0.019,1.0,0.02,0.9447,0.0,0.1789
1747263060000,85.4558,1.0,0.0694,1.5009,1.0,0.0231,1.0083,1.0,5.0784,0.9932,1.0,0.0,20.1843,0.0,20.7333,2.2383,0.9998,0.0178,1.0,1e-04,0.0,0.0222,1.0,0.1905,34.3611,0.0593,1.5714,2.3937,0.6109,0.0192,1.0,0.0172,0.951,0.0,0.1717
1747263120000,84.263,1.0,0.0694,0.8737,1.0,0.0247,1.0443,1.0,5.0382,0.9992,1.0,0.0,3.0495,0.0,20.6703,2.237,0.9995,0.0178,1.0,0.0,0.0,0.0215,1.0,0.2009,30.4927,0.0578,1.6,2.5055,0.6187,0.0188,1.0,0.0178,0.9535,0.0,0.1728
1747263180000,85.4623,1.0,0.0694,0.9837,1.0,0.0189,1.0013,0.9993,5.0531,0.9992,1.0,0.0,2.9317,0.0,21.5288,2.2559,0.9995,0.0178,1.0,0.0,0.0,0.0214,1.0,0.2016,34.2694,0.0596,2.0,1.9134,0.6219,0.0193,1.0,0.0117,0.9539,0.0,0.1755
1747263240000,86.3565,1.0,0.0694,1.0863,1.0,0.0248,1.0337,1.0,5.0318,0.9842,1.0,0.0,53.0346,0.0,21.2128,2.282,0.9994,0.0177,1.0,0.0,0.0,0.0227,1.0,0.2086,39.316,0.0604,1.0,2.3493,0.6262,0.0195,1.0,0.0312,0.9411,0.0,0.1813
1747263300000,80.0484,1.0,0.0694,1.0804,1.0,0.0205,1.0385,0.9998,5.0627,0.992,1.0,0.0,23.579,0.0,20.3623,2.2375,0.9992,0.0177,1.0,0.0,0.0,0.0216,1.0,0.209,33.0325,0.0626,2.3333,1.9625,0.6165,0.0194,1.0,0.0141,0.9347,0.0,0.1799
1747263360000,87.3737,1.0,0.0694,1.0771,1.0,0.0236,1.0229,1.0,5.0284,0.9986,1.0,0.0,4.0651,0.0,20.8538,2.2493,0.9995,0.0177,1.0,0.0,0.0,0.0223,1.0,0.2129,34.3826,0.0596,1.64,2.0621,0.6465,0.0195,1.0,0.0202,0.9446,0.0,0.1744
1747263420000,84.6378,1.0,0.0694,1.2098,1.0,0.0323,1.0284,0.9999,5.0609,0.9976,1.0,0.0,5.9144,0.0,21.8305,2.2345,0.9991,0.0177,1.0,0.0,0.0,0.0224,1.0,0.2065,43.7356,0.0586,1.5,2.4508,0.6467,0.0209,1.0,0.0111,0.9447,0.0,0.1858
1747263480000,81.6456,1.0,0.0694,1.1907,1.0,0.0284,1.0495,1.0,5.0346,0.9798,1.0,0.0,71.8248,0.0,21.9718,2.2575,0.9994,0.0178,1.0,0.0,0.0,0.0234,1.0,0.2174,43.765,0.0605,1.0,2.2572,0.658,0.0199,1.0,0.0211,0.9418,0.0,0.1866
1747263540000,83.688,1.0,0.0694,1.2984,1.0,0.0229,1.0378,1.0,5.0671,0.9932,1.0,0.0,26.6088,0.0,21.6189,2.2595,0.9998,0.0179,1.0,0.0,0.0,0.0234,1.0,0.2193,42.0189,0.0614,1.2143,1.8345,0.6364,0.02,1.0,0.0202,0.9411,0.0,0.1795
1747263600000,80.5104,1.0,0.0694,0.8722,1.0,0.0211,1.0566,1.0,5.0273,0.9984,1.0,0.0,4.9256,0.0,21.0967,2.3009,0.9997,0.0179,1.0,0.0,0.0,0.0228,1.0,0.2101,36.9537,0.0652,1.125,2.0646,0.5272,0.02,1.0,0.0454,0.9493,0.0,0.1822
1747263660000,80.5602,1.0,0.0694,1.1129,1.0,0.0225,1.0385,1.0,5.0427,0.9989,1.0,0.0,3.8598,0.0,20.3996,2.2996,0.9997,0.0179,1.0,0.0,0.0,0.0234,1.0,0.2204,32.7986,0.066,1.5,2.1422,0.5243,0.0197,1.0,0.0183,0.9462,0.0,0.1852
1747263720000,77.9757,1.0,0.0694,1.0191,1.0,0.022,1.0629,1.0,5.032,0.9913,1.0,0.0,31.7759,0.0,19.2345,2.2718,0.9998,0.0181,1.0,0.0,0.0,0.0254,1.0,0.2235,34.3508,0.0651,1.4,2.0809,0.5385,0.0196,1.0,0.0209,0.9407,0.0,0.1871
1747263780000,81.7301,1.0,0.0694,1.073,1.0,0.0291,1.0557,1.0,5.0636,0.988,1.0,0.0,33.8329,0.0,21.5423,2.2496,0.9996,0.0179,1.0,0.0,0.0,0.0238,1.0,0.223,42.5391,0.066,0.75,2.1054,0.5272,0.0203,1.0,0.0168,0.9449,0.0,0.187
1747263840000,81.561,1.0,0.0694,1.117,1.0,0.0237,1.0805,1.0,5.0473,0.9979,1.0,0.0,5.5401,0.0,20.9602,2.2685,0.9995,0.0181,1.0,0.0,0.0,0.0245,1.0,0.2252,37.1729,0.0654,1.5714,2.0092,0.5258,0.0201,1.0,0.0104,0.9511,0.0,0.1848
1747263900000,82.8307,1.0,0.0694,1.1863,1.0,0.0276,1.0396,1.0,5.0657,0.9983,1.0,0.0,5.3991,0.0,21.5408,2.2507,0.9992,0.018,1.0,0.0,0.0,0.0239,1.0,0.231,36.1472,0.0623,1.6667,2.1786,0.5311,0.0197,1.0,0.0191,0.9518,0.0,0.1863
1747263960000,81.7652,1.0,0.0694,1.1928,1.0,0.0244,1.0219,1.0,5.0482,0.9901,1.0,0.0,40.4686,0.0,20.5412,2.267,0.9998,0.0182,1.0,0.0,0.0,0.0235,1.0,0.2319,30.3868,0.0628,1.4583,2.6549,0.5233,0.0198,1.0,0.0177,0.9523,0.0,0.1881
1747264020000,78.7563,1.0,0.0694,0.9625,1.0,0.0256,1.0459,1.0,5.06,0.9915,1.0,0.0,29.5226,0.0,19.6545,2.2445,0.9996,0.0182,1.0,0.0,0.0,0.0242,1.0,0.2394,31.2706,0.0669,1.8,2.1083,0.5149,0.0201,1.0,0.0224,0.9512,0.0,0.179
1747264080000,78.2351,1.0,0.0694,1.1589,1.0,0.0255,1.0326,1.0,5.0273,0.9984,1.0,0.0,5.1326,0.0,20.0223,2.2474,0.9996,0.0187,1.0,0.0,0.0,0.0251,1.0,0.2258,30.3886,0.0642,1.1538,2.5473,0.5141,0.0205,1.0,0.0197,0.9525,0.0,0.1829
1747264140000,76.3179,1.0,0.0694,1.7826,1.0,0.0247,1.0623,1.0,5.0564,0.9979,1.0,0.0,5.5293,0.0,20.0104,2.2353,0.9995,0.0187,1.0,0.0,0.0,0.0246,1.0,0.226,31.7556,0.0664,1.2857,2.3023,0.5294,0.0206,1.0,0.0118,0.9515,0.0,0.1888
1747264200000,77.8665,1.0,0.0694,1.3358,1.0,0.0253,1.0359,0.9998,5.0345,0.9792,1.0,0.0,61.5835,0.0,20.07,2.2578,0.9995,0.0188,1.0,0.0,0.0,0.0243,1.0,0.22,30.3787,0.0678,1.3333,2.4898,0.5269,0.0208,1.0,0.0148,0.9499,0.0,0.1904
1747264260000,80.9574,1.0,0.0694,1.134,1.0,0.0263,1.0597,0.9999,5.0447,0.9921,1.0,0.0,33.7245,0.0,20.506,2.2479,0.9996,0.019,1.0,0.0,0.0,0.0247,1.0,0.2152,34.2565,0.0696,1.4167,2.3448,0.5344,0.0211,1.0,0.0183,0.9493,0.0,0.1872
1747264320000,79.1647,1.0,0.0694,1.1154,1.0,0.0231,1.0591,1.0,5.0355,0.9989,1.0,0.0,5.419,0.0,19.4661,2.2691,0.9997,0.0194,1.0,0.0,0.0,0.0252,1.0,0.2173,29.4505,0.0703,1.4,2.4961,0.522,0.02,1.0,0.0194,0.9521,0.0,0.1884
1747264380000,77.3168,1.0,0.0694,0.9312,1.0,0.0246,1.0392,1.0,5.0537,0.9986,1.0,0.0,5.857,0.0,20.3446,2.2383,0.9998,0.0193,1.0,0.0,0.0,0.0244,1.0,0.2204,29.6592,0.0706,1.5,2.2085,0.5202,0.0204,1.0,0.0138,0.9552,0.0,0.1927
1747264440000,77.1958,1.0,0.0694,0.8716,1.0,0.0288,1.0102,1.0,5.0475,0.9735,1.0,0.0,75.8161,0.0,21.6339,2.2653,0.9994,0.0192,1.0,0.0,0.0,0.0266,1.0,0.221,31.9255,0.071,1.4286,2.2595,0.5169,0.0213,1.0,0.0145,0.9479,0.0,0.1913
1747264500000,80.2964,1.0,0.0694,0.9549,1.0,0.0263,1.0488,0.9998,5.0656,0.9898,1.0,0.0,34.6257,0.0,20.0512,2.2788,0.9996,0.0193,1.0,0.0,0.0,0.0265,1.0,0.218,34.2944,0.0717,1.3333,1.861,0.5395,0.0213,1.0,0.0163,0.9543,0.0,0.192
1747264560000,80.6037,1.0,0.0694,1.2679,1.0,0.0224,1.0661,0.9999,5.03,0.9988,1.0,0.0,6.1318,0.0,19.9185,2.2721,0.9997,0.0194,1.0,0.0,0.0,0.0273,1.0,0.229,29.25,0.0722,1.4848,2.2886,0.53,0.02,1.0,0.0169,0.9528,0.0,0.1909
1747264620000,77.4337,1.0,0.0694,0.8824,1.0,0.0256,1.0954,1.0,5.0519,0.9984,1.0,0.0,6.7142,0.0,20.2075,2.2608,0.9998,0.0193,1.0,0.0,0.0,0.0265,1.0,0.245,32.0432,0.0728,1.4375,1.8651,0.537,0.0208,1.0,0.0162,0.9491,0.0,0.1987
1747264680000,82.7016,1.0,0.0694,0.9544,1.0,0.026,1.0629,1.0,5.0636,0.9769,1.0,0.0,83.9081,0.0,21.2024,2.2676,0.9997,0.0194,1.0,0.0,0.0,0.0271,1.0,0.2471,32.9034,0.0717,1.3333,2.3701,0.5387,0.0207,1.0,0.0142,0.9486,0.0,0.1981
1747264740000,80.1161,1.0,0.0694,0.9481,1.0,0.0271,1.0697,0.9999,5.0609,0.9931,1.0,0.0,27.1773,0.0,20.3863,2.2687,0.9998,0.0194,1.0,0.0,0.0,0.0272,1.0,0.2366,32.2266,0.0736,1.4286,1.9205,0.5292,0.0206,1.0,0.0198,0.9529,0.0,0.1921
1747264800000,77.6498,1.0,0.0694,1.1467,1.0,0.0276,1.0714,0.9999,5.0409,0.9984,1.0,0.0,6.8225,0.0,20.1975,2.3218,0.9997,0.0193,1.0,0.0,0.0,0.028,1.0,0.2415,30.5162,0.072,1.6667,2.389,0.5385,0.0212,1.0,0.0258,0.9511,0.0,0.193
1747264860000,84.0103,1.0,0.0694,1.5787,1.0,0.0271,1.0636,0.9999,5.0592,0.9982,1.0,0.0,7.4009,0.0,20.6636,2.3099,0.9998,0.0195,1.0,0.0,0.0,0.0294,1.0,0.2494,33.264,0.0724,1.3333,2.1786,0.523,0.0211,1.0,0.0262,0.951,0.0,0.1994
1747264920000,76.3758,1.0,0.0694,0.8665,1.0,0.0285,1.067,1.0,5.0292,0.9975,1.0,0.0,9.7881,0.0,20.7128,2.3208,0.9997,0.0193,1.0,0.0,0.0,0.0274,1.0,0.2443,36.0211,0.0758,1.1,2.601,0.5334,0.0214,1.0,0.0134,0.9508,0.0,0.2014
1747264980000,75.1658,1.0,0.0694,0.911,1.0,0.0279,1.0459,1.0,5.064,0.9809,1.0,0.0,76.4848,0.0,20.8831,2.2822,0.9996,0.0198,1.0,0.0,0.0,0.0284,1.0,0.2474,32.1881,0.0726,1.5,2.1556,0.534,0.0212,1.0,0.0277,0.9524,0.0,0.203
1747265040000,77.6774,0.9994,0.0694,1.1576,1.0,0.0262,1.0985,0.9999,5.0364,0.9976,1.0,0.0,12.3706,0.0,20.174,2.2636,0.9998,0.0196,1.0,0.0,0.0,0.0289,1.0,0.2388,33.0597,0.0725,1.0,2.3422,0.545,0.0211,1.0,0.0139,0.9514,0.0,0.1931
1747265100000,78.6338,1.0,0.0694,0.9923,1.0,0.0277,1.056,0.9999,5.0969,0.9983,1.0,0.0,7.4873,0.0,19.5062,2.2474,0.9998,0.0195,1.0,0.0,0.0,0.0289,1.0,0.2386,32.7725,0.0747,1.75,2.3209,0.5331,0.0207,1.0,0.0225,0.947,0.0,0.2026
1747265160000,79.7636,1.0,0.0694,0.9358,1.0,0.0226,1.0645,0.9999,5.0382,0.9986,1.0,0.0,8.4301,0.0,19.562,2.2781,0.9999,0.0196,1.0,0.0,0.0,0.0301,1.0,0.2496,30.4802,0.0774,1.5417,2.5199,0.5325,0.0207,1.0,0.013,0.9459,0.0,0.2001
1747265220000,76.105,1.0,0.0694,1.2055,1.0,0.0258,1.0518,0.9999,5.0666,0.9978,1.0,0.0,12.4316,0.0,20.2738,2.2827,0.9998,0.0194,1.0,0.0,0.0,0.0303,1.0,0.2505,32.2088,0.0776,1.8,2.1054,0.532,0.0212,1.0,0.0213,0.9455,0.0,0.1976
1747265280000,72.8684,1.0,0.0694,1.1047,1.0,0.0274,1.0531,1.0,5.0377,0.9976,1.0,0.0,8.9299,0.0,19.9862,2.2781,0.9996,0.0195,1.0,0.0,0.0,0.0302,1.0,0.2615,34.2868,0.0785,0.6667,2.2115,0.5383,0.0214,1.0,0.0174,0.9403,0.0,0.198
1747265340000,80.5762,1.0,0.0694,1.2505,1.0,0.0266,1.0632,1.0,5.0467,0.99,1.0,0.0,33.9518,0.0,20.2904,2.2458,0.9996,0.0195,1.0,0.0,0.0,0.0315,1.0,0.2455,35.9011,0.0797,1.7143,2.5441,0.5385,0.022,1.0,0.0133,0.9388,0.0,0.2021
1747265400000,77.0305,1.0,0.0694,0.8475,1.0,0.0267,1.0346,1.0,5.0339,0.9942,1.0,0.0,15.7342,0.0,19.0242,2.2236,0.9995,0.0196,1.0,0.0,0.0,0.0309,1.0,0.225,31.9369,0.0843,2.0833,2.1353,0.5514,0.0222,1.0,0.0108,0.9494,0.0,0.1984
1747265460000,79.0117,1.0,0.0694,1.0298,1.0,0.0258,1.0722,1.0,5.0773,0.9978,1.0,0.0,9.2239,0.0,19.7667,2.2384,0.9997,0.0195,1.0,0.0,0.0,0.0308,1.0,0.2281,34.2345,0.0869,1.56,1.9605,0.535,0.0219,1.0,0.0202,0.9519,0.0,0.2088
1747265520000,80.222,1.0,0.0694,0.996,1.0,0.026,1.0837,1.0,5.0475,0.996,1.0,0.0,11.6839,0.0,20.9584,2.2351,0.9996,0.0196,1.0,0.0,0.0,0.0312,1.0,0.2311,32.4763,0.0829,1.6364,2.2084,0.5332,0.0217,1.0,0.0224,0.9547,0.0,0.2152
1747265580000,76.4274,1.0,0.0694,1.0189,1.0,0.0289,1.0433,1.0,5.0465,0.9957,1.0,0.0,15.9936,0.0,19.6235,2.2493,0.9997,0.0196,1.0,0.0,0.0,0.031,1.0,0.2385,33.0613,0.08,1.0769,2.4641,0.5554,0.0222,1.0,0.0113,0.9476,0.0,0.2014
1747265640000,78.8155,1.0,0.0694,1.0705,1.0,0.0253,1.0671,0.9998,5.0445,0.9975,1.0,0.0,8.9155,0.0,20.0121,2.2506,0.9996,0.0195,1.0,0.0,0.0,0.0305,1.0,0.2421,30.1585,0.0825,1.0,2.4955,0.532,0.0219,1.0,0.0197,0.9502,0.0,0.2101
1747265700000,77.7785,1.0,0.0694,1.0827,1.0,0.0273,1.1245,1.0,5.0573,0.9937,1.0,0.0,26.6412,0.0,19.5174,2.241,0.9997,0.0196,1.0,0.0,0.0,0.0313,1.0,0.2403,31.2777,0.0833,1.3333,2.4663,0.5348,0.0226,1.0,0.0152,0.9501,0.0,0.2099
1747265760000,74.3412,1.0,0.0694,1.04,1.0,0.0263,1.0715,0.9999,5.0355,0.9965,1.0,0.0,15.3168,0.0,19.2144,2.2444,0.9998,0.02,1.0,0.0,0.0,0.0319,1.0,0.2432,29.8517,0.0833,1.4167,2.0216,0.5386,0.0219,1.0,0.0104,0.9527,0.0,0.2032
1747265820000,76.6679,1.0,0.0694,1.0039,1.0,0.0291,1.0404,1.0,5.0576,0.9971,1.0,0.0,9.9941,0.0,19.8694,2.2505,0.9997,0.02,1.0,0.0,0.0,0.0325,1.0,0.2375,32.9297,0.0837,1.8,2.2723,0.5477,0.0218,1.0,0.0159,0.9488,0.0,0.2101
1747265880000,76.6884,1.0,0.0694,0.9246,1.0,0.0289,1.1317,0.9999,5.0476,0.9959,1.0,0.0,14.9748,0.0,19.3612,2.2431,0.9997,0.0201,1.0,0.0,0.0,0.0324,1.0,0.2424,30.4008,0.0829,2.0,2.2309,0.5347,0.0224,1.0,0.0175,0.9492,0.0,0.2183
1747265940000,74.1716,1.0,0.0694,1.5222,1.0,0.0298,1.0732,0.9999,5.0609,0.9956,1.0,0.0,16.1269,0.0,18.8119,2.2481,0.9997,0.0202,1.0,0.0,0.0,0.0344,1.0,0.2477,29.244,0.0808,1.75,2.0827,0.5422,0.022,1.0,0.0209,0.9507,0.0,0.2083
1747266000000,75.7824,1.0,0.0694,1.0553,1.0,0.0274,1.0414,1.0,5.0582,0.9975,1.0,0.0,9.5445,0.0,19.5887,2.2581,0.9995,0.0201,1.0,0.0,0.0,0.0335,1.0,0.2603,30.6384,0.086,1.3077,2.3487,0.5426,0.022,1.0,0.0282,0.9478,0.0,0.2112
1747266060000,74.6874,1.0,0.0694,1.2905,1.0,0.0293,1.037,0.9999,5.0648,0.9955,1.0,0.0,19.4411,0.0,18.6393,2.2427,0.9996,0.0203,1.0,0.0,0.0,0.0323,1.0,0.258,29.9204,0.082,1.4194,2.3122,0.5324,0.022,1.0,0.0142,0.948,0.0,0.2104
1747266120000,70.3532,1.0,0.0694,1.0082,1.0,0.0294,1.0745,1.0,5.0318,0.9964,1.0,0.0,15.3958,0.0,18.7849,2.2408,0.9997,0.0204,1.0,0.0,0.0,0.035,1.0,0.2547,31.0597,0.0864,1.6875,1.8802,0.5479,0.0229,1.0,0.0146,0.9459,0.0,0.2054
1747266180000,69.1607,1.0,0.0694,0.9406,1.0,0.031,1.0841,1.0,5.0629,0.9972,1.0,0.0,10.2908,0.0,19.512,2.251,0.9997,0.0202,1.0,0.0,0.0,0.034,1.0,0.2498,31.6067,0.0859,1.0,2.354,0.5515,0.0228,1.0,0.0109,0.9454,0.0,0.2139
1747266240000,75.1266,1.0,0.0694,0.9122,1.0,0.0328,1.1522,1.0,5.0347,0.993,1.0,0.0,25.1472,0.0,20.049,2.2493,0.9996,0.0202,1.0,0.0,0.0,0.0355,1.0,0.2523,37.5017,0.0895,1.5714,1.9925,0.5451,0.0241,1.0,0.0108,0.9445,0.0,0.2176
1747266300000,76.4204,1.0,0.0694,0.9055,1.0,0.0327,1.1053,1.0,5.0547,0.9938,1.0,0.0,24.1841,0.0,20.4414,2.2314,0.9996,0.0203,1.0,0.0,0.0,0.0348,1.0,0.254,36.0392,0.0889,1.3846,2.1428,0.5446,0.0238,1.0,0.0205,0.9438,0.0,0.2187
1747266360000,71.2263,1.0,0.0694,0.9666,1.0,0.0303,1.1132,1.0,5.045,0.9974,1.0,0.0,13.7526,0.0,18.798,2.238,0.9997,0.0202,1.0,0.0,0.0,0.0334,1.0,0.255,34.4587,0.0888,1.2,2.1298,0.5399,0.0229,1.0,0.0153,0.9399,0.0,0.2155
1747266420000,77.2991,1.0,0.0694,0.9577,1.0,0.0308,1.0657,1.0,5.075,0.9937,1.0,0.0,24.386,0.0,20.2487,2.2575,0.9997,0.0206,1.0,0.0,0.0,0.0346,1.0,0.2528,37.2417,0.0924,1.0833,2.5038,0.5769,0.0234,1.0,0.0138,0.9375,0.0,0.2259
1747266480000,78.9781,1.0,0.0694,0.8768,1.0,0.0315,1.1836,0.9999,5.0522,0.9949,1.0,0.0,20.0286,0.0,20.132,2.2272,0.9996,0.0205,1.0,0.0,0.0,0.0351,1.0,0.2638,35.466,0.092,1.0,1.8883,0.5416,0.0234,1.0,0.0106,0.9383,0.0,0.2331
1747266540000,74.7858,1.0,0.0694,0.9157,1.0,0.0299,1.0921,0.9999,5.0448,0.9975,1.0,0.0,12.7586,0.0,19.5587,2.2422,0.9997,0.0203,1.0,0.0,0.0,0.0344,1.0,0.2775,34.8038,0.0918,1.1,2.1626,0.5402,0.0234,1.0,0.0141,0.9398,0.0,0.2213
1747266600000,72.0563,1.0,0.0694,0.8709,1.0,0.0302,1.113,0.9998,5.0692,0.995,1.0,0.0,22.0256,0.0,19.2321,2.2516,0.9997,0.0204,1.0,0.0,0.0,0.035,1.0,0.2712,33.7759,0.0935,1.1739,2.157,0.5461,0.0238,1.0,0.0117,0.9372,0.0,0.2227
1747266660000,76.0071,1.0,0.0694,1.2763,1.0,0.0328,1.1564,1.0,5.0515,0.9939,1.0,0.0,23.5142,0.0,20.5632,2.2637,0.9996,0.0206,1.0,0.0,0.0,0.0364,1.0,0.2633,36.6684,0.0904,1.52,2.0057,0.5372,0.0241,1.0,0.0143,0.9387,0.0,0.218
1747266720000,76.5016,1.0,0.0694,1.0061,1.0,0.0328,1.1472,1.0,5.027,0.9962,1.0,0.0,14.7844,0.0,20.1649,2.2313,0.9997,0.0205,1.0,0.0,0.0,0.0365,1.0,0.2704,38.038,0.0936,1.4545,2.1774,0.5634,0.0248,1.0,0.0174,0.935,0.0,0.2249
1747266780000,70.9565,1.0,0.0694,0.876,1.0,0.0331,1.1665,1.0,5.0379,0.9933,1.0,0.0,26.9611,0.0,20.0998,2.2286,0.9997,0.0206,1.0,0.0,0.0,0.037,1.0,0.2753,34.4055,0.0904,1.5,2.3863,0.544,0.0249,1.0,0.019,0.9338,0.0,0.2374
1747266840000,73.0617,1.0,0.0694,1.0539,1.0,0.0332,1.1475,1.0,5.0402,0.995,1.0,0.0,21.3689,0.0,19.0621,2.2347,0.9998,0.0207,1.0,0.0,0.0,0.0353,1.0,0.2729,32.3777,0.0907,1.625,2.1567,0.5576,0.0241,1.0,0.0231,0.934,0.0,0.226
1747266900000,72.2033,1.0,0.0694,0.9154,1.0,0.0321,1.1251,1.0,5.0501,0.9973,1.0,0.0,14.1742,0.0,19.4934,2.2635,0.9998,0.0207,1.0,0.0,0.0,0.0354,1.0,0.2783,34.9542,0.0932,1.6154,2.1671,0.5504,0.0234,1.0,0.0218,0.9309,0.0,0.2293
1747266960000,74.8819,1.0,0.0694,0.9657,1.0,0.0324,1.1219,1.0,5.0357,0.9948,1.0,0.0,24.5556,0.0,20.7681,2.2293,0.9997,0.0208,1.0,0.0,0.0,0.0368,1.0,0.2895,36.1168,0.0917,1.3333,2.0537,0.5512,0.0248,1.0,0.0246,0.9305,0.0,0.2284
1747267020000,73.984,1.0,0.0694,1.027,1.0,0.0337,1.1776,1.0,5.0446,0.9948,1.0,0.0,25.4331,0.0,20.9704,2.2314,0.9998,0.0208,1.0,0.0,0.0,0.0372,1.0,0.2945,38.6615,0.0977,1.4,2.357,0.5506,0.0248,1.0,0.0275,0.9244,0.0,0.2229
1747267080000,76.1359,1.0,0.0694,0.9707,1.0,0.0333,1.1552,1.0,5.0689,0.9964,1.0,0.0,15.4857,0.0,22.3402,2.2574,0.9997,0.0207,1.0,0.0,0.0,0.038,1.0,0.2942,38.9459,0.1016,0.9,2.2472,0.5639,0.0254,1.0,0.0236,0.927,0.0,0.2334
1747267140000,73.7102,1.0,0.0694,1.1099,1.0,0.0353,1.1172,1.0,5.0527,0.9887,1.0,0.0,43.3877,0.0,20.8486,2.2459,0.9998,0.0209,1.0,0.0,0.0,0.0364,1.0,0.278,39.7575,0.1035,2.0833,2.2616,0.5657,0.0256,1.0,0.0163,0.9216,0.0,0.2372
1747267200000,73.0788,1.0,0.0694,0.8326,1.0,0.0336,1.1368,1.0,5.0612,0.9889,1.0,0.0,31.7685,0.0,20.6133,2.2943,0.9996,0.0206,1.0,0.0,0.0,0.0381,1.0,0.2746,39.6553,0.1041,1.7143,2.1931,0.5835,0.0252,1.0,0.0263,0.934,0.0,0.2442
1747267260000,71.3941,1.0,0.0694,0.9509,1.0,0.0327,1.2347,1.0,5.06,0.9968,1.0,0.0,13.7695,0.0,20.8677,2.2794,0.9996,0.0209,1.0,0.0,0.0,0.0362,1.0,0.2864,36.1418,0.1011,1.4444,2.1477,0.552,0.025,1.0,0.0171,0.9249,0.0,0.2581
1747267320000,72.1158,1.0,0.0694,0.9572,1.0,0.0331,1.1648,0.9999,5.0601,0.9863,1.0,0.0,68.5302,0.0,19.3602,2.2468,0.9998,0.0208,1.0,0.0,0.0,0.0353,1.0,0.2856,35.9492,0.102,1.3846,2.2709,0.57,0.025,1.0,0.0215,0.9269,0.0,0.2575
1747267380000,69.5267,1.0,0.0694,0.9736,1.0,0.0345,1.1177,1.0,5.0455,0.9925,1.0,0.0,33.9101,0.0,19.9249,2.2467,0.9997,0.0209,1.0,0.0,0.0,0.0371,1.0,0.2809,37.0453,0.1024,1.0,2.4556,0.5696,0.0248,1.0,0.0183,0.923,0.0,0.231
1747267440000,68.5368,1.0,0.0694,0.9617,1.0,0.0356,1.049,1.0,5.0574,0.9926,1.0,0.0,26.9812,0.0,20.1582,2.2633,0.9996,0.0209,1.0,0.0,0.0,0.0382,1.0,0.284,38.7852,0.107,1.7778,2.4358,0.5657,0.0255,1.0,0.0137,0.9288,0.0,0.233
1747267500000,69.0072,1.0,0.0694,0.9942,1.0,0.0357,1.0938,1.0,5.0511,0.9869,1.0,0.0,51.5547,0.0,20.1956,2.2613,0.9996,0.0208,1.0,0.0,0.0,0.0386,1.0,0.2902,39.7905,0.1058,1.2667,2.3995,0.5864,0.0263,1.0,0.0242,0.9257,0.0,0.2488
1747267560000,70.6301,1.0,0.0694,0.9334,1.0,0.034,1.1902,1.0,5.0491,0.9836,1.0,0.0,70.2969,0.0,19.9607,2.2855,0.9997,0.0211,1.0,0.0,0.0,0.0367,1.0,0.3022,38.8292,0.1081,1.6923,2.2875,0.5711,0.0258,1.0,0.0162,0.9257,0.0,0.2556
1747267620000,71.1055,1.0,0.0694,0.9604,1.0,0.0344,1.1497,1.0,5.0456,0.9817,1.0,0.0,81.8573,0.0,19.3868,2.2446,0.9997,0.021,1.0,0.0,0.0,0.0368,1.0,0.3165,37.6172,0.1057,1.0,2.174,0.5821,0.0262,1.0,0.0227,0.9248,0.0,0.2438
1747267680000,71.672,1.0,0.0694,0.9354,1.0,0.0332,1.1447,1.0,5.0515,0.9796,1.0,0.0,88.8777,0.0,19.9867,2.2807,0.9996,0.0211,1.0,0.0,0.0,0.0363,1.0,0.312,38.2424,0.1079,1.6667,2.1218,0.5654,0.0251,1.0,0.016,0.924,0.0,0.2451
1747267740000,70.8119,1.0,0.0694,1.2963,1.0,0.0322,1.0661,1.0,5.0255,0.9819,1.0,0.0,82.3861,0.0,19.6094,2.2542,0.9998,0.021,1.0,0.0,0.0,0.0358,1.0,0.3209,36.9126,0.1029,1.5714,2.2329,0.569,0.024,1.0,0.0224,0.9261,0.0,0.24
1747267800000,71.2492,1.0,0.0694,0.9431,1.0,0.0369,1.1072,0.9999,5.0348,0.9772,1.0,0.0,99.0049,0.0,19.8924,2.2589,0.9998,0.021,1.0,0.0,0.0,0.0364,1.0,0.2992,40.229,0.1064,5.1176,2.1945,0.586,0.0256,1.0,0.0149,0.9222,0.0,0.2354
1747267860000,72.2691,1.0,0.0694,1.0817,1.0,0.0349,1.1656,1.0,5.0442,0.9769,1.0,0.0,98.436,0.0,19.9697,2.2741,0.9997,0.021,1.0,0.0,0.0,0.0377,1.0,0.2899,39.9651,0.1098,1.5769,2.1588,0.5748,0.0264,1.0,0.0148,0.9226,0.0,0.2489
1747267920000,73.6124,1.0,0.0694,0.906,1.0,0.0347,1.1069,0.9999,5.0462,0.9813,1.0,0.0,96.0906,0.0,20.5505,2.2488,0.9998,0.0211,1.0,0.0,74.7091,0.0377,0.9999,0.3244,40.2132,0.1088,1.4167,2.48,0.5706,0.0258,1.0,0.0273,0.9223,0.0182,0.248
1747267980000,72.9859,1.0,0.0694,0.9658,1.0,0.0368,1.0808,0.9999,5.0527,0.9776,1.0,0.0,100.4452,0.0,19.9395,2.2473,0.9998,0.0211,1.0,0.0,0.0,0.038,1.0,0.3123,41.291,0.1116,3.3333,2.2233,0.589,0.0275,1.0,0.0135,0.9245,0.0,0.2495
1747268040000,74.3699,1.0,0.0694,0.9678,1.0,0.0345,1.1399,0.9999,5.0447,0.9743,1.0,0.0,93.3601,0.0,19.5796,2.2377,0.9997,0.0213,1.0,0.0,0.0,0.0377,1.0,0.308,39.6391,0.1117,2.25,2.2956,0.5788,0.0263,1.0,0.0374,0.9256,0.0,0.2533
1747268100000,69.5058,1.0,0.0694,0.9279,1.0,0.0351,1.2536,0.9999,5.0436,0.9781,1.0,0.0,96.9059,0.0,19.8849,2.2489,0.9997,0.0213,1.0,0.0,0.0,0.0389,1.0,0.2993,40.0872,0.1108,1.2692,2.0754,0.5843,0.0276,1.0,0.0121,0.9236,0.0,0.2486
1747268160000,70.977,1.0,0.0694,0.9477,1.0,0.0332,1.1219,0.9999,5.0364,0.9807,1.0,0.0,96.7859,0.0,20.4268,2.2543,0.9998,0.0211,1.0,0.0,0.0,0.0372,1.0,0.316,39.8365,0.1155,1.5769,2.2546,0.5722,0.0265,1.0,0.0361,0.9234,0.0,0.2609
1747268220000,68.8662,1.0,0.0694,0.9359,1.0,0.0329,1.0854,0.9999,5.071,0.9829,1.0,0.0,94.3379,0.0,19.8355,2.2612,0.9998,0.0212,1.0,0.0,0.0,0.0381,1.0,0.3238,40.2232,0.1107,1.2727,2.2234,0.5829,0.025,1.0,0.0178,0.92,0.0,0.2524
1747268280000,68.514,1.0,0.0694,0.8564,1.0,0.0362,1.1106,0.9999,5.0438,0.9794,1.0,0.0,95.6434,0.0,19.6625,2.2381,0.9998,0.0213,1.0,0.0,0.0,0.0383,1.0,0.3182,39.4605,0.1102,1.4,2.246,0.5733,0.0261,1.0,0.0277,0.9197,0.0,0.2535
1747268340000,71.2528,1.0,0.0694,0.9246,1.0,0.036,1.1479,1.0,5.0574,0.9805,1.0,0.0,100.412,0.0,19.7478,2.2606,0.9998,0.0214,1.0,0.0,0.0,0.0376,1.0,0.3339,39.4424,0.115,1.2222,2.0574,0.5835,0.0264,1.0,0.0256,0.9204,0.0,0.2509
1747268400000,71.4479,1.0,0.0694,0.8437,1.0,0.0346,1.1351,1.0,5.0291,0.9792,1.0,0.0,101.6443,0.0,20.416,2.2423,0.9997,0.0214,1.0,0.0,0.0,0.0389,1.0,0.3405,42.3819,0.118,0.9286,2.4026,0.5672,0.0268,1.0,0.0176,0.9201,0.0,0.269
1747268460000,73.7223,1.0,0.0694,1.2334,1.0,0.0347,1.182,1.0,5.0566,0.9761,1.0,0.0,105.046,0.0,20.6032,2.2568,0.9997,0.0214,1.0,0.0,0.0,0.0395,1.0,0.329,43.2699,0.1197,1.0833,2.3509,0.5703,0.027,1.0,0.0152,0.9226,0.0,0.2594
1747268520000,73.5282,1.0,0.0694,0.9786,1.0,0.0371,1.196,0.9999,5.0473,0.9731,1.0,0.0,110.2285,0.0,20.0978,2.2464,0.9997,0.0214,1.0,0.0,0.0,0.0387,1.0,0.3212,43.4927,0.1193,1.0769,2.1443,0.5976,0.0277,1.0,0.0159,0.9183,0.0,0.2682
1747268580000,72.5892,1.0,0.0694,0.8975,1.0,0.0366,1.2049,0.9999,5.0614,0.9765,1.0,0.0,101.1166,0.0,19.9269,2.2425,0.9998,0.0215,1.0,0.0,11.9455,0.039,1.0,0.3221,40.8981,0.1179,1.5,2.2294,0.5966,0.0269,1.0,0.0141,0.9252,0.0182,0.2741
1747268640000,71.4995,1.0,0.0694,0.9863,1.0,0.0386,1.2813,1.0,5.0491,0.9761,1.0,0.0,111.3881,0.0,20.1943,2.2697,0.9998,0.0215,1.0,0.0,0.0,0.0392,1.0,0.3294,41.3808,0.1195,1.1818,2.2246,0.5945,0.028,1.0,0.0131,0.9253,0.0,0.2662
1747268700000,68.7038,1.0,0.0694,0.8714,1.0,0.0356,1.1983,1.0,5.0745,0.9753,1.0,0.0,94.9225,0.0,19.1969,2.2847,0.9996,0.0213,1.0,0.0,10.1818,0.0393,1.0,0.3395,39.3089,0.1182,1.5385,2.1518,0.589,0.0267,1.0,0.0202,0.9244,0.0182,0.2719
1747268760000,69.7643,1.0,0.0694,0.9189,1.0,0.0368,1.2897,0.9999,5.0469,0.9742,1.0,0.0,105.3258,0.0,19.6732,2.2726,0.9997,0.0214,1.0,0.0,0.0,0.0397,1.0,0.3527,42.96,0.1205,1.6786,2.2708,0.5869,0.0273,1.0,0.0124,0.9177,0.0,0.2753
1747268820000,72.8552,1.0,0.0694,0.9734,1.0,0.0376,1.2444,1.0,5.069,0.9737,1.0,0.0,105.7886,0.0,20.1566,2.2768,0.9997,0.0214,1.0,0.0,0.0,0.0409,1.0,0.3544,43.5698,0.122,1.6923,2.2586,0.5935,0.0274,1.0,0.0179,0.9243,0.0,0.2702
1747268880000,70.8539,1.0,0.0694,0.9389,1.0,0.0388,1.1499,1.0,5.0337,0.9762,1.0,0.0,106.918,0.0,20.3165,2.2509,0.9997,0.0216,1.0,0.0,23.6727,0.0405,1.0,0.3329,43.8004,0.1194,1.5,2.391,0.5812,0.0285,1.0,0.0109,0.9191,0.0364,0.2815
1747268940000,71.8845,1.0,0.0694,1.0212,1.0,0.0391,1.1358,1.0,5.0736,0.9741,1.0,0.0,119.3566,0.0,21.078,2.3112,0.9998,0.0218,1.0,0.0,83.8909,0.0438,1.0,0.3261,47.2205,0.1263,1.0,2.2863,0.5992,0.03,1.0,0.0162,0.9185,0.1091,0.2691
1747269000000,73.9741,1.0,0.0694,0.8998,1.0,0.0333,1.2462,1.0,5.0509,0.9756,1.0,0.0,99.8434,0.0,20.9721,2.2662,0.9997,0.0214,1.0,0.0,27.7273,0.0387,1.0,0.3433,41.7264,0.1297,1.6923,2.4896,0.5738,0.0275,1.0,0.0195,0.9303,0.0364,0.2919
1747269060000,69.9935,1.0,0.0694,0.921,1.0,0.0355,1.437,1.0,5.0655,0.9753,1.0,0.0,98.9686,0.0,20.4631,2.2826,0.9997,0.0215,1.0,0.0,53.4364,0.0395,1.0,0.333,42.6353,0.124,2.0741,2.3927,0.5769,0.0283,1.0,0.0228,0.926,0.0727,0.271
1747269120000,72.942,1.0,0.0694,0.8942,1.0,0.039,1.4358,1.0,5.0673,0.9709,1.0,0.0,105.4784,0.0,20.3134,2.2778,0.9996,0.0214,1.0,0.0,42.3273,0.0399,1.0,0.3396,42.6076,0.1187,1.1923,2.2801,0.5849,0.0279,1.0,0.0199,0.9244,0.0545,0.2683
1747269180000,72.9479,1.0,0.0694,0.9396,1.0,0.0359,1.4398,1.0,5.06,0.9756,1.0,0.0,99.2088,0.0,20.0719,2.2798,0.9997,0.0215,1.0,0.0,51.1091,0.0391,1.0,0.3402,41.1423,0.1202,1.4,2.2041,0.5846,0.0265,1.0,0.0191,0.9232,0.0727,0.2723
1747269240000,74.3841,0.9998,0.0694,1.0401,1.0,0.0352,1.2238,1.0,5.0576,0.9761,1.0,0.0,100.6912,0.0,20.5747,2.2862,0.9995,0.0214,1.0,0.0,106.2182,0.0393,1.0,0.335,40.9596,0.123,1.1429,2.3405,0.5901,0.0274,1.0,0.0224,0.9243,0.1455,0.2665
1747269300000,72.6271,1.0,0.0694,0.8767,1.0,0.0366,2.3462,0.9999,5.0302,0.9835,1.0,0.0,99.4654,0.0,19.6621,2.2932,0.9998,0.0214,1.0,0.0,82.0545,0.0395,1.0,0.3456,41.0874,0.1222,1.4286,2.0647,0.5765,0.0274,1.0,0.0126,0.9243,0.1091,0.2765
1747269360000,73.4982,1.0,0.0694,0.9832,1.0,0.0364,1.4063,1.0,5.0693,0.9803,1.0,0.0,102.0659,0.0,20.126,2.2891,0.9997,0.0213,1.0,0.0,66.2182,0.039,1.0,0.3383,44.6583,0.1225,1.4,2.1818,0.5912,0.0288,1.0,0.0166,0.9275,0.0909,0.271
1747269420000,75.4222,0.9999,0.0694,0.9971,1.0,0.0354,1.8064,0.9999,5.0255,0.9767,1.0,0.0,105.4763,0.0,20.2166,2.3035,0.9997,0.0213,1.0,0.0,71.2364,0.0393,1.0,0.3356,44.0371,0.1288,1.2308,2.3931,0.5927,0.0277,1.0,0.0192,0.9238,0.0909,0.272
1747269480000,73.0612,1.0,0.0694,0.9035,1.0,0.0353,1.8912,1.0,5.0409,0.9717,1.0,0.0,106.7772,0.0,20.5523,2.282,0.9996,0.0215,1.0,0.0,10.9455,0.0404,1.0,0.3452,42.3814,0.1338,1.2857,2.2663,0.5933,0.0278,1.0,0.034,0.9206,0.0182,0.2774
1747269540000,75.1467,1.0,0.0694,1.186,1.0,0.0348,1.1923,1.0,5.0591,0.9718,1.0,0.0,108.4079,0.0,19.7962,2.2936,0.9997,0.0215,1.0,0.0,12.6727,0.0407,1.0,0.3679,45.1608,0.1335,2.0,2.2665,0.6021,0.0287,1.0,0.0262,0.9186,0.0182,0.2784
1747269600000,74.8211,1.0,0.0694,1.0363,1.0,0.0358,1.4727,1.0,5.0945,0.9736,1.0,0.0,109.6828,0.0,20.07,2.308,0.9997,0.0215,1.0,0.0,23.5818,0.0393,1.0,0.3535,42.8477,0.1333,1.1111,2.228,0.5975,0.0284,1.0,0.0203,0.9212,0.0364,0.2918
1747269660000,74.5702,1.0,0.0694,1.1842,1.0,0.0365,1.1275,1.0,5.0845,0.9724,1.0,0.0,112.1413,0.0,20.5816,2.3041,0.9998,0.0216,1.0,0.0,14.6727,0.038,1.0,0.3613,43.849,0.1322,1.2927,2.3888,0.5931,0.0287,1.0,0.0171,0.9233,0.0182,0.2835
1747269720000,73.4129,1.0,0.0694,0.8346,1.0,0.0372,1.3567,0.9999,5.1018,0.9715,1.0,0.0,110.9724,0.0,20.8049,2.3147,0.9997,0.0214,1.0,0.0,23.3091,0.0398,1.0,0.3696,42.8874,0.1304,1.2667,2.1741,0.5795,0.0279,1.0,0.0111,0.9258,0.0364,0.2824
1747269780000,74.7255,1.0,0.0694,1.061,1.0,0.0358,1.2189,1.0,5.0945,0.9748,1.0,0.0,110.9988,0.0,20.4088,2.3082,0.9997,0.0215,1.0,0.0,0.0,0.0424,1.0,0.3594,43.9526,0.1352,1.25,2.2157,0.5889,0.0281,1.0,0.0256,0.9179,0.0,0.2825
1747269840000,74.0604,0.9999,0.0694,0.9889,1.0,0.0352,1.1276,1.0,5.0955,0.9729,1.0,0.0,107.2556,0.0,19.9853,2.3291,0.9996,0.0216,1.0,0.0,0.0,0.0397,1.0,0.3517,42.4416,0.1323,1.2727,2.4027,0.5886,0.0283,1.0,0.0134,0.923,0.0,0.2878
1747269900000,73.6441,1.0,0.0694,0.9019,1.0,0.0362,1.1874,1.0,5.0945,0.9759,1.0,0.0,108.382,0.0,20.5973,2.3154,0.9997,0.0214,1.0,0.0,0.0,0.0401,1.0,0.3589,42.8494,0.1307,1.4375,2.2277,0.5838,0.0291,1.0,0.018,0.9219,0.0,0.2806
1747269960000,72.2079,1.0,0.0694,0.9261,1.0,0.0355,1.0873,1.0,5.0845,0.9782,1.0,0.0,101.5925,0.0,19.7659,2.3177,0.9997,0.0216,1.0,0.0,0.0,0.0408,1.0,0.3629,40.6652,0.1267,1.5556,2.2447,0.5942,0.0275,1.0,0.0127,0.9223,0.0,0.2736
1747270020000,72.8107,1.0,0.0694,0.9141,1.0,0.0362,1.2337,1.0,5.0964,0.9741,1.0,0.0,107.7408,0.0,20.3193,2.2989,0.9997,0.0217,1.0,0.0,0.0,0.0405,1.0,0.345,43.196,0.1282,1.6,2.3367,0.5875,0.0292,1.0,0.0192,0.9226,0.0,0.2771
1747270080000,71.1756,1.0,0.0694,0.9041,1.0,0.037,1.2088,1.0,5.0903,0.975,1.0,0.0,106.9235,0.0,19.6477,2.2919,0.9997,0.0215,1.0,0.0,0.0,0.0415,1.0,0.3387,42.705,0.1325,1.5,2.3673,0.5997,0.0293,1.0,0.0197,0.9221,0.0,0.2809
1747270140000,72.0272,1.0,0.0694,0.9014,1.0,0.0368,1.2234,0.9999,5.1139,0.9734,1.0,0.0,110.073,0.0,20.5336,2.2879,0.9997,0.0216,1.0,0.0,0.0,0.0397,1.0,0.3659,42.96,0.1299,1.1905,2.2979,0.5909,0.0295,1.0,0.0219,0.9243,0.0,0.2876
1747270200000,70.8264,1.0,0.0694,0.8244,1.0,0.0362,1.1758,1.0,5.1091,0.978,1.0,0.0,108.4146,0.0,20.0432,2.3003,0.9997,0.0217,1.0,0.0,0.0,0.0397,1.0,0.3657,42.5199,0.1342,1.4615,2.2039,0.5827,0.0295,1.0,0.0226,0.9228,0.0,0.2795
1747270260000,71.6984,1.0,0.0694,1.1857,1.0,0.0366,1.1379,1.0,5.1127,0.9786,1.0,0.0,109.5536,0.0,19.9288,2.3147,0.9998,0.0217,1.0,0.0,0.0,0.041,1.0,0.3623,43.3641,0.1337,1.3462,2.3602,0.5838,0.0303,1.0,0.0145,0.9225,0.0,0.2804
1747270320000,71.369,1.0,0.0694,0.9416,1.0,0.0349,1.135,1.0,5.1109,0.9738,1.0,0.0,110.4066,0.0,20.2844,2.3011,0.9997,0.0218,1.0,0.0,0.0,0.0405,1.0,0.3666,45.2537,0.1361,1.4375,2.2295,0.6103,0.029,1.0,0.0202,0.9221,0.0,0.2796
1747270380000,72.9326,1.0,0.0694,0.9008,1.0,0.0349,1.2221,1.0,5.0973,0.9764,1.0,0.0,111.5017,0.0,20.7086,2.2956,0.9998,0.0217,1.0,0.0,0.0,0.0394,1.0,0.3523,45.3409,0.1389,1.5,2.3372,0.5918,0.0289,1.0,0.0176,0.9216,0.0,0.2794
1747270440000,72.562,1.0,0.0694,0.9246,1.0,0.0365,1.1766,0.9999,5.09,0.9741,1.0,0.0,111.6759,0.0,20.2829,2.3247,0.9998,0.0219,1.0,0.0,0.0,0.0402,1.0,0.3837,44.3233,0.1364,1.2,2.3727,0.6089,0.0297,1.0,0.0222,0.9254,0.0,0.2861
1747270500000,71.9797,1.0,0.0694,0.9241,1.0,0.0359,1.191,0.9999,5.0982,0.9742,1.0,0.0,108.4796,0.0,19.8698,2.3092,0.9997,0.0216,1.0,0.0,0.0,0.0407,1.0,0.3641,44.2831,0.1357,1.5385,2.489,0.5991,0.0296,1.0,0.011,0.9234,0.0,0.2843
1747270560000,72.4058,1.0,0.0694,0.9491,1.0,0.0361,1.1543,1.0,5.1018,0.9726,1.0,0.0,113.9751,0.0,20.7684,2.318,0.9997,0.0217,1.0,0.0,0.0,0.0411,1.0,0.3643,45.1605,0.1375,1.5714,2.2984,0.5971,0.0303,1.0,0.0292,0.9184,0.0,0.2833
1747270620000,72.6279,1.0,0.0694,1.0131,1.0,0.0366,1.1674,0.9999,5.0958,0.9747,1.0,0.0,109.8955,0.0,19.9537,2.3243,0.9997,0.0216,1.0,0.0,0.0,0.0404,1.0,0.3533,42.9466,0.135,1.5455,2.3663,0.6027,0.0302,1.0,0.0154,0.9248,0.0,0.2894
1747270680000,73.7864,1.0,0.0694,0.9981,1.0,0.0404,1.1719,1.0,5.1064,0.9715,1.0,0.0,121.0922,0.0,20.3469,2.3405,0.9997,0.0216,1.0,0.0,0.0,0.0409,1.0,0.3535,49.3786,0.1323,1.3333,2.2525,0.6173,0.0312,1.0,0.0158,0.917,0.0,0.2845
1747270740000,74.5595,1.0,0.0694,1.0414,1.0,0.0387,1.2555,0.9999,5.1009,0.9717,1.0,0.0,119.5398,0.0,20.4742,2.3105,0.9996,0.0219,1.0,0.0,0.0,0.042,1.0,0.4025,46.2705,0.1409,1.5556,2.2989,0.6087,0.0301,1.0,0.0205,0.9185,0.0,0.3109
1747270800000,70.6207,0.9999,0.0694,0.9768,1.0,0.0376,1.1945,0.9998,5.1011,0.9679,1.0,0.0,104.6019,0.0,20.4866,2.3566,0.9997,0.0233,1.0,0.0,0.0,0.0417,1.0,0.3899,42.618,0.1384,1.625,2.3934,0.619,0.0305,1.0,0.0213,0.9354,0.0,0.3063
1747270860000,70.8357,1.0,0.0694,0.9383,1.0,0.0347,1.1538,1.0,5.1055,0.9725,1.0,0.0,102.887,0.0,20.1049,2.3554,0.9996,0.0216,1.0,0.0,0.0,0.0392,1.0,0.3907,41.8264,0.1386,1.5,2.3072,0.5899,0.0286,1.0,0.0313,0.9314,0.0,0.295
1747270920000,76.1265,1.0,0.0694,0.9044,1.0,0.0363,1.2066,0.9999,5.0882,0.9748,1.0,0.0,102.6858,0.0,20.0354,2.3029,0.9997,0.0218,1.0,0.0,0.0,0.0403,1.0,0.3649,40.8946,0.1349,1.375,2.4089,0.6071,0.0284,1.0,0.0196,0.9334,0.0,0.2865
1747270980000,75.4479,1.0,0.0694,0.942,1.0,0.0382,1.1857,0.9999,5.1127,0.9745,1.0,0.0,98.3082,0.0,19.9479,2.3313,0.9997,0.0217,1.0,0.0,0.0,0.0397,1.0,0.3664,40.4229,0.1291,0.9231,2.4147,0.5936,0.0277,1.0,0.0188,0.9277,0.0,0.2841
1747271040000,76.3818,1.0,0.0694,1.0699,1.0,0.0353,1.1684,1.0,5.0909,0.975,1.0,0.0,106.8267,0.0,20.4234,2.3423,0.9996,0.0218,1.0,0.0,0.0,0.0404,1.0,0.3605,42.0457,0.1383,1.4444,2.2305,0.614,0.0288,1.0,0.0337,0.9275,0.0,0.2825
1747271100000,74.1052,1.0,0.0694,0.8941,1.0,0.0354,1.2355,1.0,5.1073,0.9718,1.0,0.0,108.4602,0.0,20.3552,2.3196,0.9996,0.0217,1.0,0.0,0.0,0.0411,1.0,0.3597,41.912,0.1405,1.4706,2.542,0.6006,0.0308,1.0,0.0223,0.9287,0.0,0.2934
1747271160000,75.7188,1.0,0.0694,0.9945,1.0,0.0367,1.1458,1.0,5.0856,0.9709,1.0,0.0,107.4495,0.0,20.6251,2.3079,0.9996,0.0219,1.0,0.0,0.0,0.0402,1.0,0.3846,43.3499,0.1386,1.4054,2.3898,0.5955,0.0302,1.0,0.0146,0.928,0.0,0.2904
1747271220000,75.1915,1.0,0.0694,0.9883,1.0,0.0374,1.2203,1.0,5.0919,0.9742,1.0,0.0,105.8717,0.0,20.6452,2.3136,0.9997,0.0217,1.0,0.0,0.0,0.0397,1.0,0.3816,43.4157,0.1365,1.4444,2.4749,0.607,0.0294,1.0,0.0187,0.9281,0.0,0.2962
1747271280000,75.1336,1.0,0.0694,0.8917,1.0,0.0381,1.2086,1.0,5.0939,0.9739,1.0,0.0,108.1188,0.0,20.6902,2.3385,0.9997,0.0218,1.0,0.0,0.0,0.0388,1.0,0.3794,43.2103,0.1368,0.9,2.2662,0.6076,0.0294,1.0,0.0195,0.9288,0.0,0.2934
1747271340000,75.8511,1.0,0.0694,1.0284,1.0,0.0381,1.2296,0.9999,5.0991,0.9741,1.0,0.0,107.1644,0.0,20.1063,2.2908,0.9997,0.0219,1.0,0.0,0.0,0.0406,1.0,0.3875,42.3687,0.1374,1.4615,2.2386,0.6002,0.0293,1.0,0.0236,0.9303,0.0,0.3015
1747271400000,76.2479,1.0,0.0694,1.1582,1.0,0.0363,1.1692,1.0,5.0766,0.9728,1.0,0.0,107.5284,0.0,20.303,2.3081,0.9997,0.0217,1.0,0.0,0.0,0.0406,1.0,0.3876,42.645,0.1406,1.5294,2.3745,0.6058,0.0298,1.0,0.0286,0.9288,0.0,0.2944
1747271460000,74.6288,1.0,0.0694,1.1578,1.0,0.0346,1.211,0.9999,5.0909,0.9756,1.0,0.0,106.2563,0.0,20.0709,2.3026,0.9996,0.0219,1.0,0.0,0.0,0.0403,1.0,0.3959,40.1468,0.1414,1.2857,2.5495,0.601,0.0296,1.0,0.025,0.9291,0.0,0.2952
1747271520000,76.0165,1.0,0.0694,0.849,1.0,0.0354,1.1632,1.0,5.0736,0.9757,1.0,0.0,108.0505,0.0,20.0487,2.3167,0.9997,0.0218,1.0,0.0,0.0,0.0395,1.0,0.3755,41.5303,0.1473,1.3,2.2864,0.5982,0.029,1.0,0.024,0.9267,0.0,0.2903
1747271580000,76.5925,1.0,0.0694,1.0465,1.0,0.0372,1.1921,1.0,5.1019,0.9771,1.0,0.0,104.7774,0.0,20.2082,2.2921,0.9997,0.022,1.0,0.0,0.0,0.0382,1.0,0.3714,41.2605,0.1449,1.1667,2.1828,0.5975,0.029,1.0,0.0214,0.9259,0.0,0.2947
1747271640000,75.7837,1.0,0.0694,0.9809,1.0,0.038,1.1814,1.0,5.0841,0.9759,1.0,0.0,101.68,0.0,20.123,2.2736,0.9997,0.022,1.0,0.0,0.0,0.0393,1.0,0.3701,41.6377,0.1383,1.2857,2.426,0.6059,0.0288,1.0,0.0202,0.9273,0.0,0.2954
1747271700000,77.6392,1.0,0.0694,0.9269,1.0,0.0377,1.2688,1.0,5.0847,0.9725,1.0,0.0,112.3978,0.0,20.5103,2.3227,0.9998,0.0219,1.0,0.0,0.0,0.0405,1.0,0.3508,43.1014,0.1427,1.3,2.3821,0.6145,0.0305,1.0,0.0222,0.9309,0.0,0.3042
1747271760000,77.1614,0.9999,0.0694,0.9369,1.0,0.0373,1.2187,1.0,5.0765,0.9741,1.0,0.0,109.1324,0.0,20.9624,2.3112,0.9997,0.022,1.0,0.0,0.0,0.04,1.0,0.3665,44.2888,0.1432,1.4242,2.3034,0.6063,0.0295,1.0,0.0348,0.9283,0.0,0.307
1747271820000,74.1547,1.0,0.0694,0.9453,1.0,0.0365,1.146,0.9999,5.0877,0.9739,1.0,0.0,106.8329,0.0,19.7269,2.3194,0.9997,0.0219,1.0,0.0,0.0,0.0385,1.0,0.3685,39.945,0.1463,1.5263,2.4109,0.5989,0.0303,1.0,0.0194,0.9301,0.0,0.3018
1747271880000,74.743,1.0,0.0694,0.9201,1.0,0.0375,1.1912,1.0,5.095,0.9767,1.0,0.0,104.5889,0.0,19.8553,2.3134,0.9997,0.0222,1.0,0.0,0.0,0.0408,1.0,0.3769,40.2972,0.1428,1.1,2.3347,0.6105,0.0281,1.0,0.0251,0.9294,0.0,0.2973
1747271940000,74.0545,1.0,0.0694,0.9171,1.0,0.0362,1.2191,1.0,5.0945,0.9754,1.0,0.0,106.6185,0.0,20.1312,2.2919,0.9996,0.0222,1.0,0.0,0.0,0.0409,1.0,0.3854,41.5902,0.1425,1.6,2.4758,0.6067,0.029,1.0,0.0215,0.9276,0.0,0.2959
1747272000000,77.2233,0.9999,0.0694,0.861,1.0,0.0375,1.203,0.9999,5.0727,0.9773,1.0,0.0,104.7194,0.0,20.5924,2.3338,0.9997,0.022,1.0,0.0,0.0,0.0412,1.0,0.3986,43.0848,0.141,1.6875,2.449,0.6194,0.0296,1.0,0.0264,0.9297,0.0,0.3002
1747272060000,75.6462,1.0,0.0694,1.0437,1.0,0.0366,1.1608,0.9999,5.0927,0.9764,1.0,0.0,104.2126,0.0,19.9924,2.3145,0.9997,0.0219,1.0,0.0,0.0,0.0402,1.0,0.3999,40.1363,0.1405,2.0571,2.2723,0.6024,0.0285,1.0,0.021,0.9311,0.0,0.3003
1747272120000,75.658,1.0,0.0694,1.1943,1.0,0.0367,1.1658,1.0,5.0745,0.9726,1.0,0.0,106.0236,0.0,20.0842,2.3091,0.9996,0.0221,1.0,0.0,0.0,0.0433,1.0,0.383,42.7901,0.1442,1.25,2.6331,0.6129,0.0299,1.0,0.0219,0.9292,0.0,0.2872
1747272180000,74.6904,1.0,0.0694,0.906,1.0,0.0341,1.2839,1.0,5.0827,0.979,1.0,0.0,96.8308,0.0,19.7849,2.3147,0.9997,0.0223,1.0,0.0,0.0,0.0408,1.0,0.4059,38.0247,0.1383,1.8095,2.4274,0.599,0.0276,1.0,0.0324,0.9293,0.0,0.3025
1747272240000,75.2164,1.0,0.0694,0.9217,1.0,0.037,1.2314,1.0,5.0773,0.979,1.0,0.0,105.7946,0.0,20.0204,2.3136,0.9997,0.0221,1.0,0.0,0.0,0.0423,1.0,0.4065,43.1327,0.1417,1.3077,2.3778,0.6166,0.0294,1.0,0.0276,0.9274,0.0,0.2936
1747272300000,76.0848,1.0,0.0694,1.0709,1.0,0.0361,1.1454,0.9999,5.0896,0.9775,1.0,0.0,103.264,0.0,20.4511,2.3192,0.9997,0.0221,1.0,0.0,0.0,0.0417,1.0,0.3775,41.7646,0.1429,1.3,2.3407,0.6044,0.0295,1.0,0.0398,0.932,0.0,0.3002
1747272360000,73.9193,1.0,0.0694,0.947,1.0,0.0372,1.1911,1.0,5.0629,0.9757,1.0,0.0,103.9157,0.0,20.1257,2.3319,0.9997,0.0221,1.0,0.0,0.0,0.0416,1.0,0.3721,43.5939,0.14,1.3,2.3701,0.6129,0.03,1.0,0.0224,0.9298,0.0,0.2882
1747272420000,76.9256,1.0,0.0694,0.9722,1.0,0.038,1.1818,1.0,5.0704,0.9745,1.0,0.0,101.2714,0.0,20.1974,2.3542,0.9997,0.0219,1.0,0.0,0.0,0.0411,1.0,0.3627,43.7678,0.1403,1.4667,2.1457,0.601,0.0294,1.0,0.0316,0.9323,0.0,0.2937
1747272480000,73.5319,1.0,0.0694,1.014,1.0,0.0388,1.2502,1.0,5.0627,0.9731,1.0,0.0,105.578,0.0,20.188,2.2948,0.9997,0.0222,1.0,0.0,0.0,0.0415,1.0,0.3592,40.7478,0.1377,1.2222,2.5497,0.6115,0.0306,1.0,0.0328,0.9302,0.0,0.2935
1747272540000,72.5807,1.0,0.0694,1.0429,1.0,0.0401,1.1726,0.9999,5.0782,0.9747,1.0,0.0,115.0427,0.0,19.9279,2.3345,0.9998,0.0222,1.0,0.0,0.0,0.0445,1.0,0.3634,45.8416,0.1421,1.0667,2.247,0.6398,0.032,1.0,0.0367,0.9258,0.0,0.2951
1747272600000,74.0754,1.0,0.0694,1.018,1.0,0.0397,1.2238,0.9999,5.0812,0.9937,1.0,0.0,26.3561,0.0,20.2601,2.3563,0.9997,0.022,1.0,0.0,0.0,0.0413,1.0,0.3882,41.9849,0.136,1.7,2.447,0.6148,0.0293,1.0,0.0412,0.9359,0.0,0.3228
1747272660000,72.8592,1.0,0.0694,0.8784,1.0,0.0378,1.1428,1.0,5.0893,0.9947,1.0,0.0,22.7452,0.0,20.4217,2.3114,0.9997,0.022,1.0,0.0,0.0,0.0403,1.0,0.403,42.8101,0.1407,1.8293,2.5226,0.6102,0.0285,1.0,0.0362,0.9329,0.0,0.2988
1747272720000,74.5571,1.0,0.0694,1.0034,1.0,0.0375,1.1511,0.9998,5.0809,0.9855,1.0,0.0,50.7679,0.0,19.8483,2.3488,0.9996,0.0221,1.0,0.0,12.5818,0.0407,1.0,0.4035,40.8927,0.1397,1.4375,2.101,0.6149,0.0282,1.0,0.0287,0.9332,0.0182,0.3001
1747272780000,72.9763,1.0,0.0694,0.9344,1.0,0.0354,1.5876,0.9999,5.0613,0.9874,1.0,0.0,51.4497,0.0,20.5554,2.3377,0.9996,0.022,1.0,0.0,0.0,0.0412,1.0,0.4024,40.945,0.1407,1.6,2.3947,0.5931,0.0283,1.0,0.0239,0.9325,0.0,0.3018
1747272840000,77.2898,1.0,0.0694,1.1221,1.0,0.0354,1.1505,0.9999,5.0545,0.995,1.0,0.0,21.7943,0.0,20.0294,2.3841,0.9997,0.0221,1.0,0.0,0.0,0.0422,1.0,0.4185,40.1192,0.1413,1.2667,2.347,0.6042,0.0289,1.0,0.0242,0.9337,0.0,0.2899
1747272900000,76.2461,1.0,0.0694,0.9007,1.0,0.0365,1.1482,1.0,5.0791,0.9951,1.0,0.0,22.1144,0.0,20.3278,2.3564,0.9997,0.0219,1.0,0.0,0.0,0.0407,1.0,0.3825,41.82,0.1372,1.35,2.2544,0.6103,0.0287,1.0,0.0257,0.9338,0.0,0.2933
1747272960000,76.9358,1.0,0.0694,0.9959,1.0,0.0358,1.1476,1.0,5.0655,0.9785,1.0,0.0,102.0436,0.0,20.119,2.3257,0.9997,0.0219,1.0,0.0,0.0,0.0397,1.0,0.3784,40.4966,0.14,1.5862,2.552,0.6091,0.0291,1.0,0.0292,0.9318,0.0,0.2959
1747273020000,76.1293,1.0,0.0694,0.9782,1.0,0.035,1.2297,1.0,5.0784,0.9816,1.0,0.0,74.4495,0.0,20.3381,2.3014,0.9997,0.0217,1.0,0.0,0.0,0.0406,1.0,0.372,41.184,0.1391,1.5333,2.5221,0.6044,0.0289,1.0,0.0276,0.933,0.0,0.2896
1747273080000,77.1342,1.0,0.0694,0.8885,1.0,0.0369,1.2323,0.9999,5.0443,0.9938,1.0,0.0,24.8923,0.0,20.5317,2.327,0.9996,0.0221,1.0,0.0,0.0,0.0419,1.0,0.3547,43.1814,0.1457,1.1429,2.4842,0.6079,0.0304,1.0,0.0209,0.9321,0.0,0.2885
1747273140000,77.0501,1.0,0.0694,0.9741,1.0,0.0366,1.2067,1.0,5.0774,0.9951,1.0,0.0,22.4981,0.0,19.9745,2.3389,0.9998,0.0219,1.0,0.0,0.0,0.0414,1.0,0.3804,41.8098,0.1423,1.3333,2.5202,0.6129,0.0291,1.0,0.0251,0.9293,0.0,0.3068
1747273200000,77.6629,1.0,0.0694,1.3224,1.0,0.0356,1.1835,0.9999,5.0638,0.9799,1.0,0.0,92.6093,0.0,20.494,2.3274,0.9997,0.0221,1.0,0.0,10.7091,0.039,1.0,0.3779,39.3726,0.1431,1.3704,2.3715,0.6053,0.0282,1.0,0.0254,0.9323,0.0182,0.3059
1747273260000,75.9215,1.0,0.0694,1.0618,1.0,0.0355,1.3549,1.0,5.0791,0.9799,1.0,0.0,76.7611,0.0,20.0769,2.334,0.9996,0.0221,1.0,0.0,0.0,0.0406,1.0,0.3892,40.9553,0.1445,1.4444,2.4221,0.6103,0.0289,1.0,0.0238,0.9306,0.0,0.2951
1747273320000,76.2425,1.0,0.0694,1.0001,1.0,0.0349,1.2506,1.0,5.0482,0.992,1.0,0.0,34.4537,0.0,20.1248,2.3122,0.9996,0.022,1.0,0.0,0.0,0.0407,1.0,0.3857,40.9157,0.1452,1.5294,2.4809,0.6178,0.0301,1.0,0.0274,0.9322,0.0,0.2979
1747273380000,77.3768,0.9999,0.0694,1.0229,1.0,0.0343,1.2479,1.0,5.0883,0.9724,1.0,0.0,101.9378,0.0,20.2541,2.3115,0.9997,0.0219,1.0,0.0,10.0,0.0413,1.0,0.3912,41.016,0.1501,1.8571,2.5237,0.6002,0.0287,1.0,0.0284,0.9349,0.0182,0.3122
1747273440000,76.6815,1.0,0.0694,1.0113,1.0,0.0372,1.3286,1.0,5.0593,0.9733,1.0,0.0,105.7352,0.0,20.6563,2.3135,0.9996,0.0218,1.0,0.0,42.2545,0.0435,1.0,0.3989,43.7394,0.1416,1.6,2.3635,0.6091,0.0296,1.0,0.0218,0.93,0.0364,0.2958
1747273500000,75.3656,1.0,0.0694,0.9161,1.0,0.0342,1.2376,0.9999,5.0618,0.9942,1.0,0.0,22.9729,0.0,20.0079,2.3263,0.9997,0.022,1.0,0.0,14.4727,0.041,1.0,0.4203,41.066,0.1477,1.5294,2.6146,0.6097,0.0288,1.0,0.0193,0.9337,0.0364,0.3076
1747273560000,74.095,1.0,0.0694,0.9346,1.0,0.0365,1.1504,1.0,5.0846,0.9936,1.0,0.0,22.9515,0.0,20.272,2.3573,0.9996,0.0221,1.0,0.0,12.8909,0.0419,1.0,0.4051,41.795,0.1457,2.0645,2.3875,0.6105,0.0299,1.0,0.0226,0.9297,0.0182,0.3083
1747273620000,77.0439,1.0,0.0694,0.9494,1.0,0.0341,1.3726,0.9999,5.063,0.9838,1.0,0.0,56.8471,0.0,20.5305,2.3315,0.9996,0.022,1.0,0.0,26.1455,0.0396,1.0,0.3929,41.5446,0.1457,1.7857,2.2975,0.6043,0.0298,1.0,0.031,0.9347,0.0364,0.3032
1747273680000,76.1142,1.0,0.0694,0.9657,1.0,0.0388,1.3692,1.0,5.0555,0.9861,1.0,0.0,61.315,0.0,20.0225,2.3195,0.9996,0.0221,1.0,0.0,45.3273,0.0425,1.0,0.3999,41.7079,0.1379,0.8889,2.2238,0.6152,0.0288,1.0,0.0292,0.9358,0.0364,0.2966
1747273740000,75.7761,1.0,0.0694,0.9193,1.0,0.0361,1.1874,0.9999,5.0727,0.994,1.0,0.0,23.6965,0.0,19.7984,2.3443,0.9998,0.0221,1.0,0.0,58.4,0.0437,1.0,0.3972,41.5031,0.1452,1.4286,2.3567,0.61,0.0293,1.0,0.0263,0.9327,0.1091,0.2995
1747273800000,76.7131,1.0,0.0694,0.8709,1.0,0.0369,1.572,1.0,5.0445,0.993,1.0,0.0,26.3562,0.0,20.4622,2.3796,0.9996,0.0221,1.0,0.0,0.0,0.0422,1.0,0.3991,43.2537,0.1483,1.2778,2.5909,0.6111,0.0302,1.0,0.035,0.9328,0.0,0.3013
1747273860000,74.4962,1.0,0.0694,0.918,1.0,0.0375,1.2513,0.9999,5.0827,0.9748,1.0,0.0,100.432,0.0,20.0719,2.3377,0.9997,0.0222,1.0,0.0,10.2727,0.0413,1.0,0.3923,42.092,0.1419,1.5,2.4174,0.6175,0.028,1.0,0.0292,0.9338,0.0182,0.3153
1747273920000,77.2578,0.9999,0.0694,1.3549,1.0,0.0378,1.215,1.0,5.0973,0.9781,1.0,0.0,79.3528,0.0,20.4178,2.3395,0.9996,0.0219,1.0,0.0,65.4,0.0408,1.0,0.3941,40.9768,0.1422,1.4211,2.4553,0.6098,0.0303,1.0,0.0243,0.934,0.0909,0.3065
1747273980000,75.4728,1.0,0.0694,0.8992,1.0,0.0366,1.3651,1.0,5.0455,0.9937,1.0,0.0,25.4079,0.0,20.4287,2.3156,0.9995,0.0222,1.0,0.0,14.1455,0.0432,1.0,0.3839,42.3591,0.1434,1.2,2.3866,0.6006,0.0289,1.0,0.0315,0.9304,0.0182,0.3143
1747274040000,76.2892,1.0,0.0694,0.8915,1.0,0.0369,1.2697,1.0,5.1,0.9949,1.0,0.0,22.3665,0.0,20.4019,2.3622,0.9996,0.0223,1.0,0.0,109.1455,0.0414,1.0,0.3767,40.8747,0.143,1.2222,2.4243,0.6078,0.03,1.0,0.0195,0.9363,0.1455,0.3103
1747274100000,77.367,1.0,0.0694,1.0505,1.0,0.036,1.3702,1.0,5.0345,0.9754,1.0,0.0,99.9101,0.0,20.3996,2.2954,0.9996,0.0222,1.0,0.0,71.1636,0.0415,1.0,0.3862,44.0808,0.1494,1.2667,2.5171,0.6092,0.029,1.0,0.0311,0.9343,0.0909,0.3128
1747274160000,77.7207,0.9999,0.0694,0.9446,1.0,0.036,1.5613,1.0,5.0718,0.98,1.0,0.0,83.1782,0.0,20.2854,2.3013,0.9997,0.0221,1.0,0.0,38.0909,0.0412,1.0,0.3864,43.3937,0.1495,1.1935,2.6809,0.6113,0.0302,1.0,0.0191,0.9308,0.0545,0.3028
1747274220000,75.1844,1.0,0.0694,0.9478,1.0,0.0346,1.9159,1.0,5.0664,0.9929,1.0,0.0,33.156,0.0,19.5724,2.3066,0.9997,0.0223,1.0,0.0,59.0545,0.0433,1.0,0.3886,40.1339,0.1467,1.0833,2.4281,0.6072,0.0306,1.0,0.0462,0.9314,0.0727,0.312
1747274280000,73.9732,1.0,0.0694,1.0227,1.0,0.0392,1.8135,0.9999,5.0831,0.9782,1.0,0.0,106.86,0.0,19.6515,2.3032,0.9998,0.0221,1.0,0.0,19.0364,0.0432,1.0,0.3872,42.0112,0.1422,1.25,2.4898,0.6115,0.0302,1.0,0.025,0.9328,0.0364,0.3037
1747274340000,73.4193,1.0,0.0694,1.0113,1.0,0.0382,1.4051,1.0,5.0691,0.9754,1.0,0.0,107.8148,0.0,20.0383,2.3074,0.9997,0.0221,1.0,0.0,22.8364,0.0431,1.0,0.3899,42.2518,0.1395,1.3,2.5648,0.616,0.0289,1.0,0.0254,0.928,0.0364,0.3044
1747274400000,74.2452,1.0,0.0694,1.0556,1.0,0.0382,1.1516,1.0,5.0809,0.9919,1.0,0.0,26.6779,0.0,19.774,2.335,0.9997,0.023,1.0,0.0,9.1091,0.0411,1.0,0.3806,37.6961,0.1478,1.6667,2.8729,0.6446,0.0297,1.0,0.0302,0.9389,0.0182,0.2985
1747274460000,74.4156,1.0,0.0694,0.848,1.0,0.0392,1.1741,1.0,5.0755,0.9935,1.0,0.0,23.3312,0.0,20.0007,2.3459,0.9997,0.0223,1.0,0.0,29.2727,0.0418,1.0,0.3869,40.4985,0.1444,1.4333,2.5439,0.6198,0.0298,1.0,0.0581,0.9348,0.0364,0.3173
1747274520000,74.1812,1.0,0.0694,1.0167,1.0,0.0374,1.2189,0.9999,5.0964,0.9887,1.0,0.0,49.4074,0.0,20.3352,2.3962,0.9997,0.0225,1.0,0.0,38.4182,0.0429,1.0,0.3859,40.4743,0.1452,1.3529,2.5043,0.6059,0.0287,1.0,0.0438,0.9352,0.0545,0.3075
1747274580000,76.4549,1.0,0.0694,0.966,1.0,0.0356,1.7506,1.0,5.0573,0.9887,1.0,0.0,47.2608,0.0,19.6931,2.3681,0.9997,0.0223,1.0,0.0,0.0,0.0403,1.0,0.377,37.6041,0.1457,1.4286,2.445,0.6035,0.0287,1.0,0.0446,0.9322,0.0,0.3063
1747274640000,78.2507,1.0,0.0694,0.9742,1.0,0.0342,1.269,1.0,5.0836,0.9946,1.0,0.0,23.735,0.0,19.9737,2.3432,0.9998,0.0222,1.0,0.0,0.0,0.0422,1.0,0.3644,39.818,0.15,1.3636,2.369,0.6227,0.0285,1.0,0.0347,0.936,0.0,0.2934
1747274700000,76.9939,1.0,0.0694,0.9983,1.0,0.0356,1.1688,1.0,5.0655,0.9943,1.0,0.0,22.0158,0.0,20.5257,2.3268,0.9996,0.0222,1.0,0.0,0.0,0.0398,1.0,0.3764,38.4951,0.1446,1.4286,2.8691,0.6109,0.0277,1.0,0.0371,0.9314,0.0,0.3133
1747274760000,76.8209,1.0,0.0694,0.9981,1.0,0.0354,1.2466,0.9999,5.0784,0.9771,1.0,0.0,95.9722,0.0,20.2727,2.3314,0.9996,0.0221,1.0,0.0,0.0,0.0412,1.0,0.37,40.6655,0.1502,1.4688,2.3683,0.6143,0.0292,1.0,0.041,0.9373,0.0,0.3065
1747274820000,77.5459,1.0,0.0694,0.9601,1.0,0.0347,1.2147,1.0,5.0536,0.9822,1.0,0.0,75.8453,0.0,20.3085,2.311,0.9996,0.0223,1.0,0.0,0.0,0.0408,1.0,0.3871,41.32,0.149,1.7857,2.2604,0.6094,0.0295,1.0,0.0352,0.933,0.0,0.3043
1747274880000,74.8308,1.0,0.0694,0.8902,1.0,0.0367,1.2459,1.0,5.0891,0.9933,1.0,0.0,24.5139,0.0,19.6845,2.3258,0.9996,0.0222,1.0,0.0,0.0,0.0415,1.0,0.4018,39.7666,0.1476,1.2,2.4758,0.6227,0.0295,1.0,0.044,0.9359,0.0,0.3023
1747274940000,76.4485,1.0,0.0694,0.9136,1.0,0.0344,1.1982,0.9999,5.0666,0.9945,1.0,0.0,22.5286,0.0,20.3437,2.3406,0.9995,0.0223,1.0,0.0,0.0,0.0409,1.0,0.4085,40.536,0.1502,1.6364,2.4872,0.6056,0.0291,1.0,0.0259,0.9374,0.0,0.3079
1747275000000,76.855,1.0,0.0694,1.285,1.0,0.0364,1.2547,1.0,5.0765,0.9771,1.0,0.0,91.1188,0.0,19.8768,2.3473,0.9996,0.0221,1.0,0.0,0.0,0.0416,1.0,0.3989,39.2024,0.1505,1.3684,2.4887,0.6183,0.0289,1.0,0.0332,0.9366,0.0,0.3062
1747275060000,76.0668,1.0,0.0694,1.0106,1.0,0.0331,1.2562,1.0,5.0564,0.9848,1.0,0.0,68.4018,0.0,19.8487,2.3282,0.9998,0.0221,1.0,0.0,0.0,0.0391,1.0,0.3875,37.2083,0.1492,1.5,2.4611,0.6094,0.0284,1.0,0.029,0.9356,0.0,0.3042
1747275120000,78.1981,1.0,0.0694,1.0496,1.0,0.0337,1.1193,0.9999,5.07,0.9931,1.0,0.0,31.7713,0.0,20.0358,2.322,0.9997,0.0223,1.0,0.0,0.0,0.0397,1.0,0.3885,39.7021,0.1515,1.4167,2.4149,0.6023,0.0289,1.0,0.0181,0.9353,0.0,0.2872
1747275180000,77.7143,1.0,0.0694,1.0008,1.0,0.0348,1.2814,1.0,5.0693,0.9761,1.0,0.0,99.6598,0.0,20.0021,2.3323,0.9996,0.0222,1.0,0.0,0.0,0.0392,1.0,0.3925,39.8458,0.1457,1.25,2.5309,0.6188,0.0282,1.0,0.033,0.9342,0.0,0.2995
1747275240000,77.2001,1.0,0.0694,0.9782,1.0,0.035,1.2339,1.0,5.0655,0.9776,1.0,0.0,103.8628,0.0,20.2681,2.3317,0.9997,0.0222,1.0,0.0,0.0,0.0402,1.0,0.403,41.5504,0.1452,1.2308,2.2924,0.6106,0.0282,1.0,0.0301,0.9295,0.0,0.3009
1747275300000,77.8369,1.0,0.0694,0.9093,1.0,0.0369,1.2049,1.0,5.0573,0.9937,1.0,0.0,27.6468,0.0,20.1922,2.3647,0.9997,0.0224,1.0,0.0,0.0,0.0433,1.0,0.4044,44.4333,0.1498,1.5,2.4004,0.6247,0.0311,1.0,0.023,0.9301,0.0,0.298
1747275360000,75.1032,1.0,0.0694,0.8943,1.0,0.034,1.1751,1.0,5.0727,0.9947,1.0,0.0,23.6926,0.0,20.1927,2.3652,0.9997,0.0226,1.0,0.0,0.0,0.0411,1.0,0.3877,40.6844,0.1571,1.6207,2.6018,0.6081,0.0295,1.0,0.0179,0.9365,0.0,0.3138
1747275420000,74.0885,1.0,0.0694,1.0226,1.0,0.0336,1.2081,0.9998,5.0748,0.9873,1.0,0.0,53.3764,0.0,20.044,2.3187,0.9997,0.0222,1.0,0.0,0.0,0.0408,1.0,0.418,38.9519,0.1546,1.1875,2.4199,0.6001,0.0279,1.0,0.0394,0.9362,0.0,0.315
1747275480000,77.815,1.0,0.0694,0.9586,1.0,0.0362,1.2324,1.0,5.0818,0.9827,1.0,0.0,60.12,0.0,20.2583,2.3422,0.9997,0.0223,1.0,0.0,0.0,0.0415,1.0,0.4137,40.7125,0.1525,1.2857,2.3345,0.6147,0.029,1.0,0.0323,0.9385,0.0,0.3085
1747275540000,76.6026,1.0,0.0694,0.8613,1.0,0.0348,1.1822,1.0,5.08,0.994,1.0,0.0,24.9955,0.0,20.8511,2.3405,0.9996,0.0224,1.0,0.0,0.0,0.0406,1.0,0.395,41.5719,0.1539,1.7059,2.6626,0.6016,0.0298,1.0,0.0393,0.9352,0.0,0.3068
1747275600000,78.8434,0.9999,0.0694,0.9019,1.0,0.0357,1.2075,1.0,5.0818,0.9949,1.0,0.0,22.9721,0.0,20.9624,2.3359,0.9997,0.0225,1.0,0.0,0.0,0.0423,1.0,0.3865,41.5877,0.1529,1.0625,2.7068,0.609,0.0288,1.0,0.0482,0.9367,0.0,0.315
1747275660000,76.4567,1.0,0.0694,0.929,1.0,0.032,1.279,1.0,5.0627,0.9822,1.0,0.0,84.3769,0.0,20.7474,2.3378,0.9997,0.0225,1.0,0.0,0.0,0.042,1.0,0.3971,39.9584,0.1525,1.6071,2.406,0.5972,0.0286,1.0,0.0477,0.9349,0.0,0.314
1747275720000,77.4326,1.0,0.0694,1.2871,1.0,0.0331,1.2215,1.0,5.0874,0.9828,1.0,0.0,72.7923,0.0,19.8957,2.3539,0.9997,0.0226,1.0,0.0,0.0,0.0421,1.0,0.3793,40.0441,0.1558,1.0,2.4716,0.5973,0.0285,1.0,0.0378,0.936,0.0,0.3012
1747275780000,78.8619,1.0,0.0694,0.9021,1.0,0.0351,1.2292,1.0,5.0627,0.9942,1.0,0.0,23.4015,0.0,20.2119,2.3386,0.9997,0.0225,1.0,0.0,0.0,0.0414,1.0,0.3944,39.8907,0.1501,1.125,2.5281,0.6219,0.0291,1.0,0.0455,0.9363,0.0,0.3041
1747275840000,77.9005,1.0,0.0694,0.9261,1.0,0.0364,1.242,1.0,5.1009,0.9955,1.0,0.0,23.195,0.0,20.322,2.361,0.9998,0.0226,1.0,0.0,0.0,0.0412,1.0,0.3862,40.6153,0.1481,0.9167,2.4711,0.6173,0.0288,1.0,0.0533,0.9325,0.0,0.3221
1747275900000,79.5797,1.0,0.0694,1.0938,1.0,0.0361,1.2044,0.9999,5.0529,0.9776,1.0,0.0,92.8417,0.0,20.2807,2.3546,0.9997,0.0226,1.0,0.0,0.0,0.0425,1.0,0.4027,40.1937,0.1553,1.619,2.3669,0.6089,0.0304,1.0,0.0496,0.9358,0.0,0.3114
1747275960000,77.5962,1.0,0.0694,0.94,1.0,0.0356,1.1435,0.9999,5.0766,0.9811,1.0,0.0,82.791,0.0,20.2971,2.3479,0.9997,0.0226,1.0,0.0,0.0,0.0427,1.0,0.4106,41.6941,0.1562,1.6154,2.5732,0.6242,0.0301,1.0,0.0293,0.9306,0.0,0.3131
1747276020000,74.475,1.0,0.0694,0.9184,1.0,0.0378,1.2028,1.0,5.0666,0.9905,1.0,0.0,37.4603,0.0,20.4741,2.3172,0.9996,0.0226,1.0,0.0,0.0,0.0437,1.0,0.4018,41.6405,0.1518,1.5714,2.5046,0.6111,0.0306,1.0,0.0546,0.9334,0.0,0.3021
1747276080000,76.2739,1.0,0.0694,1.044,1.0,0.0383,1.2173,1.0,5.0756,0.9725,1.0,0.0,107.4821,0.0,19.8667,2.3475,0.9997,0.0226,1.0,0.0,0.0,0.0442,1.0,0.4036,41.4109,0.151,1.8333,2.5426,0.6136,0.0309,1.0,0.0337,0.9297,0.0,0.3219
1747276140000,76.1372,1.0,0.0694,0.9894,1.0,0.0359,1.1913,1.0,5.0402,0.9726,1.0,0.0,109.1255,0.0,20.0995,2.3741,0.9996,0.0229,1.0,0.0,0.0,0.0436,1.0,0.4144,42.3778,0.1592,1.3125,2.5525,0.6107,0.0301,1.0,0.0417,0.9347,0.0,0.3184
1747276200000,75.5406,1.0,0.0694,1.0784,1.0,0.0355,1.2364,0.9999,5.0891,0.9936,1.0,0.0,26.0708,0.0,20.4381,2.3688,0.9996,0.0226,1.0,0.0,0.0,0.0435,1.0,0.3946,42.0712,0.1495,1.931,2.5737,0.6102,0.0289,1.0,0.0365,0.9344,0.0,0.3199
1747276260000,76.0201,1.0,0.0694,0.8686,1.0,0.0349,1.1877,1.0,5.05,0.993,1.0,0.0,24.0806,0.0,20.2972,2.3746,0.9995,0.0226,1.0,0.0,0.0,0.0424,1.0,0.4002,42.2525,0.1563,1.6296,2.4199,0.622,0.0295,1.0,0.048,0.9349,0.0,0.3156
1747276320000,77.3243,1.0,0.0694,0.9668,1.0,0.0357,1.1643,1.0,5.0745,0.983,1.0,0.0,59.8203,0.0,20.358,2.373,0.9995,0.0225,1.0,0.0,0.0,0.0429,1.0,0.4065,42.6233,0.1549,1.375,2.6402,0.6217,0.0311,1.0,0.0477,0.9353,0.0,0.3166
1747276380000,76.4796,1.0,0.0694,0.9681,1.0,0.0359,1.2187,0.9999,5.0373,0.9879,1.0,0.0,61.5829,0.0,20.827,2.3848,0.9997,0.0226,1.0,0.0,0.0,0.0429,1.0,0.4019,41.9234,0.1455,1.1429,2.4912,0.6083,0.0288,1.0,0.035,0.9348,0.0,0.316
1747276440000,74.3665,1.0,0.0694,0.9411,1.0,0.0365,1.2025,1.0,5.0818,0.9945,1.0,0.0,26.3054,0.0,20.1319,2.37,0.9996,0.0225,1.0,0.0,0.0,0.0427,1.0,0.3897,41.9427,0.1508,1.375,2.6336,0.6219,0.03,1.0,0.0434,0.933,0.0,0.3002
1747276500000,76.8439,1.0,0.0694,1.012,1.0,0.0352,1.2458,0.9999,5.0603,0.9935,1.0,0.0,24.9327,0.0,19.9662,2.371,0.9996,0.0224,1.0,0.0,0.0,0.042,1.0,0.3883,43.1182,0.1559,2.3889,2.3939,0.627,0.0297,1.0,0.0542,0.9319,0.0,0.3197
1747276560000,75.8004,1.0,0.0694,1.0188,1.0,0.0363,1.2547,1.0,5.0656,0.9775,1.0,0.0,94.0817,0.0,20.5515,2.3809,0.9996,0.0225,1.0,0.0,0.0,0.0421,1.0,0.3921,42.5892,0.1542,1.4444,2.6358,0.6093,0.0308,1.0,0.0293,0.9346,0.0,0.3209
1747276620000,75.4483,1.0,0.0694,1.0586,1.0,0.0339,1.3024,0.9999,5.0536,0.9832,1.0,0.0,70.282,0.0,20.0346,2.355,0.9997,0.0225,1.0,0.0,0.0,0.0419,1.0,0.4205,39.4349,0.1541,1.0833,2.5169,0.6022,0.0295,1.0,0.0326,0.934,0.0,0.3045
1747276680000,75.9351,1.0,0.0694,0.9609,1.0,0.0346,1.1841,1.0,5.1036,0.9938,1.0,0.0,24.9678,0.0,19.8101,2.3696,0.9996,0.0224,1.0,0.0,0.0,0.041,1.0,0.3803,38.5278,0.1566,1.5,2.5313,0.6102,0.0295,1.0,0.036,0.9354,0.0,0.3099
1747276740000,77.5927,1.0,0.0694,1.0281,1.0,0.036,1.3703,1.0,5.0584,0.9945,1.0,0.0,23.1825,0.0,20.2346,2.3485,0.9996,0.0225,1.0,0.0,0.0,0.0405,1.0,0.376,40.7584,0.1507,1.2963,2.6855,0.6048,0.0292,1.0,0.0244,0.933,0.0,0.3179
1747276800000,79.1139,1.0,0.0694,1.252,1.0,0.034,1.2353,0.9999,5.0999,0.9748,1.0,0.0,92.7811,0.0,20.4276,2.4077,0.9996,0.0224,1.0,0.0,0.0,0.0414,1.0,0.3712,41.5122,0.1572,2.1765,2.509,0.6264,0.0298,1.0,0.0369,0.9342,0.0,0.3144
1747276860000,75.5516,1.0,0.0694,1.0045,1.0,0.0369,1.2779,1.0,5.0683,0.9807,1.0,0.0,81.9656,0.0,20.4246,2.3931,0.9997,0.0225,1.0,0.0,0.0,0.0412,0.9998,0.4017,41.0502,0.1535,1.6061,2.6026,0.6108,0.0302,1.0,0.031,0.9347,0.0,0.3206
1747276920000,79.0521,1.0,0.0694,1.1019,1.0,0.0353,1.1928,0.9999,5.0805,0.9922,1.0,0.0,33.4604,0.0,20.8385,2.3285,0.9996,0.0225,1.0,0.0,0.0,0.0406,1.0,0.4136,42.0368,0.1512,1.4545,2.5271,0.6113,0.0295,1.0,0.0413,0.9339,0.0,0.3159
1747276980000,78.7366,1.0,0.0694,0.9361,1.0,0.0366,1.2732,1.0,5.0531,0.9774,1.0,0.0,101.6831,0.0,20.3634,2.343,0.9997,0.0226,1.0,0.0,0.0,0.041,1.0,0.4156,40.3777,0.1536,1.3,2.5329,0.6207,0.0302,1.0,0.04,0.9335,0.0,0.3167
1747277040000,78.1282,1.0,0.0694,1.0543,1.0,0.0371,1.1917,1.0,5.0891,0.9757,1.0,0.0,106.7403,0.0,20.9235,2.3609,0.9996,0.0224,1.0,0.0,0.0,0.0416,1.0,0.4017,42.5806,0.1538,1.6667,2.4564,0.6175,0.0298,1.0,0.0414,0.9336,0.0,0.312
1747277100000,75.6147,1.0,0.0694,0.9413,1.0,0.0348,1.2609,1.0,5.0629,0.9942,1.0,0.0,25.6676,0.0,20.4105,2.3777,0.9996,0.0224,1.0,0.0,0.0,0.0427,1.0,0.3926,40.2919,0.1549,1.5,2.485,0.6155,0.0306,1.0,0.0259,0.9348,0.0,0.317
1747277160000,76.5888,1.0,0.0694,0.909,1.0,0.035,1.243,1.0,5.0965,0.9947,1.0,0.0,23.174,0.0,20.2121,2.3576,0.9998,0.0225,1.0,0.0,0.0,0.0451,1.0,0.4053,41.8557,0.1561,1.5667,2.6551,0.6178,0.0288,1.0,0.0427,0.933,0.0,0.315
1747277220000,77.0925,1.0,0.0694,1.0265,1.0,0.0358,1.2272,1.0,5.0636,0.9896,1.0,0.0,54.0761,0.0,20.278,2.332,0.9997,0.0227,1.0,0.0,0.0,0.0431,1.0,0.396,39.4525,0.1529,1.1429,2.3415,0.6087,0.0284,1.0,0.0433,0.9348,0.0,0.3144
1747277280000,76.4301,1.0,0.0694,0.8605,1.0,0.0358,1.2861,1.0,5.0864,0.9868,1.0,0.0,57.6581,0.0,20.6869,2.3552,0.9996,0.0226,1.0,0.0,0.0,0.0431,1.0,0.3835,42.2344,0.1517,1.0,2.4465,0.6106,0.0293,1.0,0.0406,0.9345,0.0,0.31
1747277340000,75.1358,1.0,0.0694,0.8964,1.0,0.0355,1.1829,0.9999,5.0655,0.9944,1.0,0.0,25.2265,0.0,20.0953,2.3332,0.9997,0.0226,1.0,0.0,0.0,0.043,1.0,0.3829,40.8235,0.1519,1.2222,2.5378,0.6076,0.0303,1.0,0.0235,0.9336,0.0,0.3071
1747277400000,73.4423,1.0,0.0694,0.9006,1.0,0.0341,1.1743,1.0,5.0982,0.9947,1.0,0.0,22.0866,0.0,19.1705,2.3585,0.9997,0.0226,1.0,0.0,15.1455,0.0418,1.0,0.3728,38.0473,0.1558,1.5333,2.6363,0.6115,0.0287,1.0,0.0319,0.937,0.0182,0.3087
1747277460000,76.9567,1.0,0.0694,0.964,1.0,0.0336,1.2645,0.9999,5.0521,0.978,1.0,0.0,93.6209,0.0,19.6186,2.3674,0.9997,0.0226,1.0,0.0,0.0,0.0417,1.0,0.3923,39.4299,0.1603,1.2069,2.7412,0.6045,0.0295,1.0,0.0499,0.933,0.0,0.3104
1747277520000,78.7677,0.9999,0.0694,1.1647,1.0,0.034,1.2283,0.9999,5.1045,0.9811,1.0,0.0,77.6227,0.0,20.4021,2.3455,0.9997,0.0226,1.0,0.0,9.0909,0.0416,1.0,0.406,41.8948,0.1595,1.5,2.5671,0.6114,0.0295,1.0,0.0475,0.9364,0.0182,0.3038
1747277580000,77.0615,1.0,0.0694,1.0598,1.0,0.0342,1.2566,0.9999,5.0565,0.9947,1.0,0.0,24.8095,0.0,20.6489,2.3322,0.9997,0.0226,1.0,0.0,0.0,0.0413,1.0,0.3971,40.7909,0.1551,1.4,2.3522,0.604,0.0284,1.0,0.0321,0.9356,0.0,0.3117
1747277640000,76.1021,1.0,0.0694,0.8753,1.0,0.0328,1.1959,1.0,5.1027,0.9954,1.0,0.0,21.6322,0.0,20.0942,2.3324,0.9997,0.0227,1.0,0.0,0.0,0.0427,1.0,0.3947,38.7598,0.1544,1.0909,2.6862,0.5995,0.0283,1.0,0.0331,0.9324,0.0,0.3083
1747277700000,77.6635,1.0,0.0694,0.9627,1.0,0.0328,1.2049,0.9999,5.0519,0.9799,1.0,0.0,83.3293,0.0,20.0015,2.3194,0.9996,0.0227,1.0,0.0,0.0,0.0415,1.0,0.3817,40.9511,0.1581,1.4286,2.4119,0.6026,0.0289,1.0,0.032,0.932,0.0,0.3085
1747277760000,78.02,1.0,0.0694,0.991,1.0,0.0345,1.209,1.0,5.1071,0.9829,1.0,0.0,73.6285,0.0,20.1344,2.3102,0.9996,0.0228,1.0,0.0,10.7455,0.0424,1.0,0.397,41.0564,0.158,1.9118,2.5617,0.5955,0.0291,1.0,0.0354,0.933,0.0182,0.3027
1747277820000,74.513,1.0,0.0694,0.885,1.0,0.0351,1.1931,1.0,5.0518,0.9925,1.0,0.0,32.5459,0.0,19.7927,2.3092,0.9997,0.0207,1.0,0.0,0.0,0.0405,1.0,0.4074,40.2906,0.1515,1.7333,2.3884,0.5991,0.0296,1.0,0.0468,0.9324,0.0,0.2964
1747277880000,77.4272,1.0,0.0694,1.0179,1.0,0.0335,1.1484,1.0,5.0927,0.9778,1.0,0.0,97.6507,0.0,20.2552,2.3455,0.9996,0.0226,1.0,0.0,14.2182,0.0415,1.0,0.3912,42.0999,0.1568,2.6667,2.5592,0.6055,0.0296,1.0,0.0382,0.932,0.0182,0.3124
1747277940000,76.6798,1.0,0.0694,0.9872,1.0,0.0349,1.1976,1.0,5.0591,0.9769,1.0,0.0,104.8727,0.0,20.3329,2.3454,0.9997,0.0228,1.0,0.0,0.0,0.043,1.0,0.3665,42.9601,0.1544,2.0,2.2998,0.6055,0.0315,1.0,0.0339,0.9299,0.0,0.3114
1747278000000,76.955,1.0,0.0694,1.0556,1.0,0.0353,1.2561,0.9999,5.0718,0.9903,1.0,0.0,28.3249,0.0,20.2419,2.4094,0.9996,0.0228,1.0,0.0,56.2364,0.0422,1.0,0.3843,41.2397,0.157,2.1176,2.664,0.629,0.0304,1.0,0.0566,0.9317,0.0545,0.3127
1747278060000,76.3707,1.0,0.0694,0.911,1.0,0.034,1.6564,1.0,5.0545,0.995,1.0,0.0,23.0746,0.0,20.0713,2.3617,0.9997,0.0225,1.0,0.0,0.0,0.0419,1.0,0.418,41.8169,0.1552,1.8077,2.4469,0.6095,0.0299,1.0,0.0455,0.9343,0.0182,0.3238
1747278120000,79.0327,1.0,0.0694,0.9914,1.0,0.0338,1.455,0.9999,5.0873,0.9885,1.0,0.0,47.2862,0.0,20.0518,2.3385,0.9996,0.0226,1.0,0.0,12.4182,0.0424,1.0,0.3942,40.4934,0.1582,1.4615,2.6001,0.6242,0.0295,1.0,0.0694,0.9346,0.0182,0.3129
1747278180000,78.6808,1.0,0.0694,0.9724,1.0,0.0355,1.2663,1.0,5.0655,0.9878,1.0,0.0,50.2873,0.0,20.6102,2.3589,0.9997,0.0226,1.0,0.0,59.6364,0.0419,1.0,0.3835,42.1556,0.1553,1.1667,2.4311,0.6205,0.0293,1.0,0.0435,0.9308,0.0909,0.3166
1747278240000,78.2049,1.0,0.0694,0.9703,1.0,0.032,1.2756,0.9999,5.0593,0.9945,1.0,0.0,24.1356,0.0,19.8971,2.3434,0.9997,0.0229,1.0,0.0,53.1091,0.042,1.0,0.3771,39.4207,0.162,1.5385,2.6002,0.6189,0.029,1.0,0.0556,0.9317,0.0727,0.3117
1747278300000,77.3103,1.0,0.0694,1.0056,1.0,0.0332,1.6081,1.0,5.0727,0.995,1.0,0.0,23.01,0.0,19.8751,2.3606,0.9997,0.0226,1.0,0.0,14.7818,0.0425,1.0,0.3909,38.5479,0.1589,2.0,2.6067,0.6207,0.0283,1.0,0.0563,0.9321,0.0182,0.3197
1747278360000,77.6487,1.0,0.0694,0.9688,1.0,0.0341,1.5501,1.0,5.0782,0.9783,1.0,0.0,94.7201,0.0,19.9451,2.3288,0.9997,0.0226,1.0,0.0,0.0,0.0408,1.0,0.4076,40.1534,0.1541,1.7037,2.6115,0.6053,0.0286,1.0,0.0419,0.9342,0.0,0.3163
1747278420000,77.2965,1.0,0.0694,1.0627,1.0,0.0357,1.2423,1.0,5.0691,0.98,1.0,0.0,78.7506,0.0,20.2867,2.3451,0.9996,0.0227,1.0,0.0,25.4,0.0435,1.0,0.38,42.4558,0.1562,1.7273,2.4902,0.617,0.0302,1.0,0.0384,0.9295,0.0364,0.306
1747278480000,79.2395,1.0,0.0694,0.9397,1.0,0.0329,1.467,0.9999,5.0991,0.9947,1.0,0.0,24.0802,0.0,20.2718,2.3588,0.9997,0.0227,1.0,0.0,30.1455,0.0401,1.0,0.3894,40.4057,0.1655,1.4,2.5425,0.6208,0.0299,1.0,0.0372,0.9317,0.0364,0.3141
1747278540000,76.1144,1.0,0.0694,0.9872,1.0,0.0356,1.7983,0.9999,5.0918,0.9947,1.0,0.0,23.3339,0.0,20.0911,2.3715,0.9997,0.0225,1.0,0.0,52.4,0.0421,1.0,0.4075,41.1441,0.1567,1.375,2.4387,0.6078,0.0317,1.0,0.0436,0.9322,0.0727,0.3202
1747278600000,77.765,1.0,0.0694,1.0217,1.0,0.0329,1.6201,1.0,5.1,0.9825,1.0,0.0,84.1537,0.0,20.3671,2.3315,0.9997,0.0227,1.0,0.0,85.4727,0.0407,1.0,0.424,40.0279,0.1563,1.3333,2.5519,0.6055,0.0291,1.0,0.0356,0.933,0.1091,0.3179
1747278660000,78.2858,0.9999,0.0694,1.1869,1.0,0.0344,1.528,0.9999,5.0776,0.983,1.0,0.0,77.7361,0.0,20.3489,2.3457,0.9996,0.0224,1.0,0.0,43.4727,0.041,1.0,0.4176,42.8183,0.1567,1.7143,2.6856,0.604,0.0309,1.0,0.0551,0.9312,0.0545,0.3016
1747278720000,78.3847,1.0,0.0694,1.065,1.0,0.0375,1.7162,0.9999,5.1064,0.9917,1.0,0.0,35.4971,0.0,20.5203,2.3291,0.9997,0.0225,1.0,0.0,59.8545,0.0421,1.0,0.4186,41.7428,0.1524,1.3462,2.2848,0.6083,0.0299,1.0,0.0395,0.9337,0.0727,0.3051
1747278780000,74.3472,1.0,0.0694,0.8748,1.0,0.0358,1.4669,1.0,5.0591,0.9745,1.0,0.0,99.0385,0.0,20.338,2.3072,0.9996,0.0224,1.0,0.0,51.4,0.0422,1.0,0.4357,41.0811,0.1566,1.5,2.6627,0.6216,0.03,1.0,0.0371,0.9312,0.0727,0.3152
1747278840000,73.6557,1.0,0.0694,1.097,1.0,0.0354,1.8791,0.9999,5.0991,0.9802,1.0,0.0,96.7693,0.0,20.0474,2.3168,0.9997,0.0226,1.0,0.0,0.3455,0.0409,1.0,0.4104,39.2894,0.1495,1.4,2.4967,0.6132,0.0286,1.0,0.0539,0.9318,0.0,0.3177
1747278900000,76.7386,1.0,0.0694,0.9093,1.0,0.0341,1.1296,0.9999,5.0918,0.9942,1.0,0.0,22.1722,0.0,20.2566,2.3274,0.9996,0.0223,1.0,0.0,24.0545,0.0402,1.0,0.3858,39.1532,0.1535,2.1111,2.4175,0.5948,0.0289,1.0,0.0357,0.9333,0.0364,0.2941
1747278960000,78.0651,1.0,0.0694,0.918,1.0,0.0359,1.3188,1.0,5.0691,0.9947,1.0,0.0,22.7571,0.0,20.3133,2.3357,0.9997,0.0224,1.0,0.0,13.4727,0.0426,1.0,0.3898,40.6888,0.1556,1.6667,2.4782,0.599,0.03,1.0,0.0514,0.9319,0.0182,0.3015
1747279020000,77.4525,1.0,0.0694,0.9657,1.0,0.0337,1.4312,0.9999,5.0545,0.9862,1.0,0.0,58.7784,0.0,20.2452,2.3334,0.9997,0.0226,1.0,0.0,45.2,0.0414,1.0,0.3833,40.8278,0.1561,1.9,2.4427,0.6071,0.0302,1.0,0.0484,0.9298,0.0545,0.3013
1747279080000,77.6257,0.9999,0.0694,0.888,1.0,0.0351,1.6016,0.9999,5.0682,0.9858,1.0,0.0,60.8182,0.0,20.3764,2.3486,0.9996,0.0223,1.0,0.0,23.3091,0.0408,1.0,0.3811,41.6594,0.1546,1.6667,2.4283,0.6075,0.0305,1.0,0.0624,0.9291,0.0364,0.3107
1747279140000,76.0782,1.0,0.0694,0.8887,1.0,0.0331,1.4892,0.9999,5.0782,0.9946,1.0,0.0,24.0481,0.0,19.9332,2.3358,0.9997,0.0224,1.0,0.0,16.0727,0.0416,1.0,0.383,41.6655,0.1547,1.7778,2.7398,0.6139,0.0299,1.0,0.0481,0.9333,0.0182,0.3132
1747279200000,74.6528,1.0,0.0694,0.9288,1.0,0.0336,1.2612,1.0,5.0681,0.9951,1.0,0.0,23.1378,0.0,19.8095,2.3378,0.9997,0.0196,1.0,0.0,14.1091,0.0403,1.0,0.401,38.9577,0.1571,1.4,2.6481,0.6013,0.0292,1.0,0.0684,0.9307,0.0182,0.316
1747279260000,75.3251,1.0,0.0694,0.9217,1.0,0.0366,1.3241,1.0,5.0691,0.9785,1.0,0.0,88.605,0.0,19.8024,2.3239,0.9997,0.0223,1.0,0.0,12.1636,0.0411,1.0,0.412,40.8179,0.1538,1.4054,2.4321,0.6034,0.0294,1.0,0.0606,0.9336,0.0182,0.3089
1747279320000,76.0373,1.0,0.0694,0.9536,1.0,0.0345,1.2888,1.0,5.0645,0.9808,1.0,0.0,80.4205,0.0,20.8102,2.3554,0.9996,0.0224,1.0,0.0,0.0,0.0411,1.0,0.4023,41.9828,0.1597,1.5294,2.4484,0.5937,0.0305,1.0,0.0489,0.93,0.0,0.3047
1747279380000,73.7682,1.0,0.0694,1.1457,1.0,0.0364,1.2065,1.0,5.0818,0.9944,1.0,0.0,23.6466,0.0,19.4579,2.3269,0.9997,0.0224,1.0,0.0,0.0,0.0408,1.0,0.3931,39.8641,0.1545,5.2857,2.4681,0.6055,0.03,1.0,0.0513,0.9318,0.0,0.3087
1747279440000,71.3009,1.0,0.0694,0.8661,1.0,0.0333,1.2838,1.0,5.0764,0.9944,1.0,0.0,21.0523,0.0,19.9021,2.3387,0.9996,0.0224,1.0,0.0,0.0,0.0426,1.0,0.3828,39.1174,0.1576,1.875,2.6127,0.5894,0.0285,1.0,0.0584,0.9343,0.0,0.3072
1747279500000,72.8105,1.0,0.0694,0.8769,1.0,0.0345,1.2165,1.0,5.0655,0.9785,1.0,0.0,88.9469,0.0,19.9765,2.3359,0.9996,0.0226,1.0,0.0,0.0,0.0421,1.0,0.3649,41.0705,0.1558,1.3684,2.5367,0.6002,0.0303,1.0,0.0489,0.9327,0.0,0.2868
1747279560000,75.2573,0.9999,0.0694,0.9686,1.0,0.0346,1.1059,1.0,5.0673,0.9807,1.0,0.0,76.5277,0.0,20.3831,2.3385,0.9997,0.0224,1.0,0.0,0.0,0.0428,1.0,0.3862,41.5733,0.1632,2.0333,2.6566,0.6059,0.0296,1.0,0.06,0.9365,0.0,0.2855
1747279620000,72.2177,1.0,0.0694,0.9121,1.0,0.036,1.1502,1.0,5.0855,0.9907,1.0,0.0,35.3137,0.0,20.2891,2.3723,0.9997,0.0224,1.0,0.0,0.0,0.0391,1.0,0.3898,39.3383,0.1576,2.1538,2.4893,0.59,0.0293,1.0,0.0428,0.9293,0.0,0.2967
1747279680000,76.9734,1.0,0.0694,1.04,1.0,0.035,1.1892,0.9999,5.0964,0.9768,1.0,0.0,104.1688,0.0,20.963,2.3541,0.9997,0.0224,1.0,0.0,0.0,0.0405,1.0,0.3576,42.2839,0.1542,1.7143,2.3048,0.6073,0.0294,1.0,0.0389,0.9332,0.0,0.2951
1747279740000,74.9974,1.0,0.0694,0.971,1.0,0.0356,1.1094,0.9999,5.06,0.9792,1.0,0.0,96.9242,0.0,19.8627,2.3242,0.9996,0.0222,1.0,0.0,0.0,0.042,1.0,0.3649,41.66,0.1528,1.8462,2.4877,0.5955,0.0304,1.0,0.0463,0.9305,0.0,0.3001
1747279800000,75.5457,1.0,0.0694,1.0268,1.0,0.0339,1.1285,0.9999,5.0927,0.9942,1.0,0.0,23.6162,0.0,20.2264,2.3201,0.9996,0.0227,1.0,0.0,0.0,0.0419,1.0,0.3662,41.2806,0.1536,1.75,2.3814,0.5957,0.0293,1.0,0.0395,0.9318,0.0,0.2965
1747279860000,74.555,1.0,0.0694,0.9843,1.0,0.0348,1.1776,1.0,5.063,0.995,1.0,0.0,21.5685,0.0,20.0235,2.3242,0.9997,0.0223,1.0,0.0,0.0,0.0394,1.0,0.3713,41.1481,0.1555,1.75,2.6089,0.5979,0.0299,1.0,0.0526,0.9335,0.0,0.3044
1747279920000,74.183,1.0,0.0694,0.9815,1.0,0.0347,1.2296,1.0,5.0794,0.9879,1.0,0.0,47.749,0.0,19.4502,2.3883,0.9997,0.0223,1.0,0.0,0.0,0.0405,1.0,0.377,38.7251,0.1537,1.4375,2.4322,0.6015,0.0293,1.0,0.0579,0.9313,0.0,0.2987
1747279980000,75.6829,1.0,0.0694,0.9169,1.0,0.0345,1.2403,0.9999,5.0445,0.9877,1.0,0.0,52.5198,0.0,20.2655,2.342,0.9997,0.0223,1.0,0.0,0.0,0.0399,1.0,0.3615,40.1419,0.156,1.4545,2.4609,0.6158,0.0297,1.0,0.0386,0.9325,0.0,0.2935
1747280040000,78.0817,1.0,0.0694,1.0654,1.0,0.0356,1.2258,0.9999,5.083,0.9953,1.0,0.0,24.2287,0.0,20.3178,2.3804,0.9997,0.0223,1.0,0.0,0.0,0.0415,1.0,0.3715,42.1671,0.1498,1.625,2.5478,0.6103,0.0291,1.0,0.0438,0.9297,0.0,0.3054
1747280100000,75.6846,1.0,0.0694,1.0,1.0,0.0362,1.1474,1.0,5.0764,0.9952,1.0,0.0,21.0779,0.0,19.9157,2.3416,0.9997,0.0227,1.0,0.0,0.0,0.0412,1.0,0.3672,39.1179,0.1517,1.1176,2.4959,0.6013,0.0286,1.0,0.0405,0.9331,0.0,0.3014
1747280160000,76.4706,1.0,0.0694,0.91,1.0,0.0342,1.2141,1.0,5.0885,0.9801,1.0,0.0,87.297,0.0,19.7998,2.3854,0.9997,0.0224,1.0,0.0,0.0,0.0386,1.0,0.375,38.2776,0.1553,1.4194,2.3932,0.6024,0.0292,1.0,0.0266,0.9347,0.0,0.3017
1747280220000,79.0756,1.0,0.0694,1.0371,1.0,0.0351,1.216,1.0,5.0757,0.9828,1.0,0.0,71.7365,0.0,19.9246,2.3534,0.9997,0.0223,1.0,0.0,0.0,0.0398,1.0,0.3567,39.386,0.1526,1.3529,2.472,0.6037,0.0292,1.0,0.0521,0.9305,0.0,0.2897
1747280280000,78.7931,1.0,0.0694,1.002,1.0,0.0353,1.1788,1.0,5.0711,0.9938,1.0,0.0,24.4291,0.0,19.6666,2.3583,0.9997,0.0223,1.0,0.0,0.0,0.0399,1.0,0.3505,40.624,0.1515,1.3333,2.5426,0.6158,0.0295,1.0,0.0369,0.9298,0.0,0.2934
1747280340000,80.5285,1.0,0.0694,0.9863,1.0,0.0364,1.2507,0.9999,5.0602,0.9949,1.0,0.0,22.2005,0.0,20.1481,2.378,0.9997,0.0223,1.0,0.0,0.0,0.0386,1.0,0.3606,41.1304,0.1517,1.2,2.6947,0.619,0.0297,1.0,0.0432,0.9309,0.0,0.3162
1747280400000,78.545,1.0,0.0694,0.944,1.0,0.0349,1.2718,0.9999,5.0691,0.9795,1.0,0.0,84.8481,0.0,20.3694,2.3469,0.9996,0.0222,1.0,0.0,0.0,0.0389,1.0,0.3888,39.8261,0.1526,1.1765,2.4673,0.6075,0.0278,1.0,0.0421,0.9308,0.0,0.3225
1747280460000,76.9067,1.0,0.0694,1.2367,1.0,0.0351,1.2261,1.0,5.0527,0.9809,1.0,0.0,75.2884,0.0,19.9825,2.3496,0.9996,0.0223,1.0,0.0,0.0,0.0404,1.0,0.3821,41.0048,0.1506,1.6071,2.579,0.6118,0.0287,1.0,0.0357,0.93,0.0,0.3147
1747280520000,78.3462,1.0,0.0694,1.0535,1.0,0.0359,1.2327,0.9999,5.0619,0.9937,1.0,0.0,31.2527,0.0,20.0487,2.3252,0.9998,0.0224,1.0,0.0,0.0,0.0397,1.0,0.3843,38.6526,0.1477,1.6667,2.4188,0.5971,0.0285,1.0,0.0429,0.9325,0.0,0.2964
1747280580000,78.8017,1.0,0.0694,0.8547,1.0,0.0359,1.2493,1.0,5.0665,0.9799,1.0,0.0,100.6744,0.0,20.6544,2.3293,0.9997,0.0225,1.0,0.0,0.0,0.0402,1.0,0.3838,40.3458,0.1503,1.625,2.3403,0.5983,0.0281,1.0,0.0355,0.9307,0.0,0.2932
1747280640000,78.7181,1.0,0.0694,1.0725,1.0,0.0347,1.2254,0.9999,5.0991,0.9821,1.0,0.0,96.1181,0.0,20.2012,2.3316,0.9997,0.0224,1.0,0.0,0.0,0.0387,1.0,0.3835,39.544,0.1525,1.0909,2.3878,0.6004,0.0281,1.0,0.0338,0.9314,0.0,0.2934
1747280700000,78.5081,1.0,0.0694,0.9923,1.0,0.0327,1.1427,0.9999,5.0705,0.9782,1.0,0.0,92.1214,0.0,20.1701,2.3313,0.9997,0.0223,1.0,0.0,0.0,0.0375,1.0,0.3735,38.0833,0.1552,1.375,2.4688,0.6025,0.0281,1.0,0.0359,0.9308,0.0,0.2919
1747280760000,79.3747,0.9998,0.0694,0.9194,1.0,0.033,1.1675,1.0,5.0914,0.9789,1.0,0.0,95.7997,0.0,20.3986,2.3617,0.9997,0.0224,1.0,0.0,0.0,0.0386,1.0,0.3775,40.0513,0.1542,1.3243,2.3353,0.6113,0.0267,1.0,0.022,0.9302,0.0,0.2938
1747280820000,83.4649,1.0,0.0694,0.947,1.0,0.0354,1.3146,1.0,5.065,0.977,1.0,0.0,102.4289,0.0,21.289,2.3421,0.9996,0.0223,1.0,0.0,0.0,0.0388,1.0,0.3736,42.9549,0.1495,1.4118,2.5363,0.595,0.0277,1.0,0.033,0.9279,0.0,0.3104
1747280880000,78.5951,1.0,0.0694,0.9087,1.0,0.0335,1.2819,1.0,5.0736,0.9823,1.0,0.0,97.3902,0.0,20.6321,2.3815,0.9997,0.0223,1.0,0.0,0.0,0.0385,1.0,0.3637,39.6342,0.1478,1.2,2.6588,0.5886,0.0274,1.0,0.0358,0.9311,0.0,0.3123
1747280940000,78.0645,1.0,0.0694,0.8822,1.0,0.0348,1.2292,1.0,5.0566,0.9813,1.0,0.0,95.8842,0.0,21.1151,2.3427,0.9997,0.0223,1.0,0.0,0.0,0.0378,1.0,0.3672,39.5642,0.1475,1.4167,2.3657,0.593,0.0284,1.0,0.0238,0.9325,0.0,0.2863
1747281000000,81.5992,1.0,0.0694,0.931,1.0,0.0339,1.3007,0.9999,5.099,0.9763,1.0,0.0,99.7751,0.0,20.7723,2.3266,0.9997,0.0224,1.0,0.0,0.0,0.0382,1.0,0.3675,39.7657,0.1536,1.4667,2.5816,0.5984,0.0279,1.0,0.0372,0.932,0.0,0.2873
1747281060000,80.7611,1.0,0.0694,0.8983,1.0,0.0333,1.2313,0.9999,5.0576,0.9764,1.0,0.0,99.8054,0.0,21.0695,2.3291,0.9997,0.0223,1.0,0.0,0.3636,0.0375,1.0,0.3669,41.0351,0.149,1.3333,2.3948,0.5937,0.0278,1.0,0.0343,0.9313,0.0,0.2962
1747281120000,78.5344,1.0,0.0694,0.9534,1.0,0.0354,1.1863,1.0,5.0785,0.9755,1.0,0.0,95.0305,0.0,20.5697,2.3296,0.9995,0.022,1.0,0.0,13.0545,0.0377,1.0,0.3773,41.9285,0.1491,1.0769,2.6161,0.5891,0.0285,1.0,0.0348,0.9332,0.0182,0.2967
1747281180000,83.0156,0.9999,0.0694,1.3119,1.0,0.0355,1.1718,1.0,5.0736,0.9762,1.0,0.0,106.7353,0.0,20.9832,2.3457,0.9995,0.0222,1.0,0.0,0.0,0.0373,1.0,0.3694,42.8083,0.1497,1.1111,2.5037,0.5919,0.0274,1.0,0.0512,0.9282,0.0,0.2877
1747281240000,79.3991,1.0,0.0694,0.9664,1.0,0.0344,1.2942,1.0,5.0765,0.9792,1.0,0.0,101.1742,0.0,20.112,2.3304,0.9997,0.0223,1.0,0.0,0.0,0.0377,1.0,0.3526,39.9109,0.1553,2.1818,2.4409,0.6016,0.0284,1.0,0.0182,0.9284,0.0,0.2955
1747281300000,74.9203,1.0,0.0694,0.8488,1.0,0.0337,1.2716,0.9999,5.09,0.9784,1.0,0.0,94.051,0.0,19.8696,2.3435,0.9997,0.0221,1.0,0.0,0.0,0.0383,1.0,0.381,39.2839,0.1503,1.4286,2.3667,0.5925,0.0283,1.0,0.0227,0.927,0.0,0.2984
1747281360000,77.4802,1.0,0.0694,1.0207,1.0,0.035,1.1782,1.0,5.0709,0.974,1.0,0.0,100.6042,0.0,20.5705,2.3077,0.9997,0.0221,1.0,0.0,0.0,0.039,1.0,0.3716,41.4132,0.1524,1.9615,2.6758,0.5919,0.0285,1.0,0.0313,0.9302,0.0,0.2891
1747281420000,80.0523,1.0,0.0694,0.8885,1.0,0.0365,1.2177,0.9999,5.0557,0.9775,1.0,0.0,100.0251,0.0,20.8092,2.3236,0.9997,0.0222,1.0,0.0,0.0,0.0395,1.0,0.3806,40.8084,0.15,1.2667,2.3793,0.5907,0.0284,1.0,0.0368,0.9319,0.0,0.296
1747281480000,78.5291,1.0,0.0694,1.0306,1.0,0.0339,1.1439,1.0,5.0631,0.9791,1.0,0.0,96.2041,0.0,19.9489,2.3288,0.9997,0.0219,1.0,0.0,13.7455,0.0384,1.0,0.3647,39.1452,0.1509,1.0,2.3521,0.5865,0.0279,1.0,0.0199,0.9304,0.0182,0.2898
1747281540000,78.8286,0.9999,0.0694,1.019,1.0,0.0336,1.1921,0.9999,5.0718,0.9747,1.0,0.0,100.839,0.0,19.8769,2.3542,0.9997,0.0222,1.0,0.0,0.0,0.041,1.0,0.3617,41.2735,0.1544,1.625,2.4371,0.6021,0.0284,1.0,0.0219,0.9366,0.0,0.2891
1747281600000,80.4395,1.0,0.0694,1.0755,1.0,0.0346,1.1792,0.9999,5.0764,0.9669,1.0,0.0,106.4037,0.0,21.0335,2.3558,0.9996,0.0218,1.0,0.0,0.0,0.0405,1.0,0.4039,43.1654,0.1561,1.25,2.6022,0.6123,0.0284,1.0,0.0322,0.9338,0.0,0.3001
1747281660000,77.9743,1.0,0.0694,0.9418,1.0,0.0334,1.2053,0.9999,5.073,0.978,1.0,0.0,95.9568,0.0,20.4307,2.3608,0.9998,0.0221,1.0,0.0,0.0,0.0385,1.0,0.4027,39.1002,0.1515,1.56,2.4953,0.5892,0.0283,1.0,0.0647,0.9351,0.0,0.3073
1747281720000,77.7956,1.0,0.0694,0.9382,1.0,0.034,1.1315,1.0,5.073,0.9789,1.0,0.0,100.1085,0.0,20.1669,2.3359,0.9997,0.0221,1.0,0.0,14.9818,0.0422,1.0,0.3854,39.4907,0.1542,1.1667,2.4083,0.5921,0.0281,1.0,0.0436,0.931,0.0182,0.283
1747281780000,77.1424,1.0,0.0694,0.8885,1.0,0.0342,1.2253,0.9999,5.0673,0.9748,1.0,0.0,93.7944,0.0,19.9127,2.3908,0.9997,0.0222,1.0,0.0,10.3273,0.038,1.0,0.394,38.6122,0.1492,1.2857,2.3802,0.5912,0.0278,1.0,0.0435,0.937,0.0182,0.3021
1747281840000,79.2274,1.0,0.0694,0.9492,1.0,0.032,1.1887,1.0,5.0665,0.9815,1.0,0.0,92.8491,0.0,19.9626,2.3412,0.9997,0.0222,1.0,0.0,13.7455,0.0369,1.0,0.3843,37.4482,0.154,1.2857,2.4363,0.5858,0.0274,1.0,0.0372,0.9362,0.0182,0.2858
1747281900000,80.0378,1.0,0.0694,1.0809,1.0,0.0359,1.1538,0.9999,5.044,0.9736,1.0,0.0,97.2845,0.0,20.3337,2.3294,0.9996,0.022,1.0,0.0,18.0,0.0384,1.0,0.3757,39.3202,0.1465,1.25,2.3998,0.5926,0.028,1.0,0.0403,0.9328,0.0182,0.2825
1747281960000,78.9024,1.0,0.0694,0.9111,1.0,0.035,1.6719,1.0,5.0709,0.9717,1.0,0.0,103.1152,0.0,20.4711,2.3404,0.9995,0.022,1.0,0.0,47.8545,0.0379,1.0,0.3681,41.1211,0.1507,1.4167,2.5609,0.5958,0.0293,1.0,0.0348,0.9353,0.0545,0.292
1747282020000,79.4401,1.0,0.0694,1.0384,1.0,0.031,1.5014,0.9999,5.0436,0.983,1.0,0.0,84.6483,0.0,19.8434,2.3588,0.9997,0.0222,1.0,0.0,14.4909,0.0351,1.0,0.3499,36.3958,0.152,0.9286,2.7413,0.5758,0.0267,1.0,0.0469,0.9324,0.0182,0.3007
1747282080000,80.6758,1.0,0.0694,0.9922,1.0,0.0328,1.1349,1.0,5.0436,0.97,1.0,0.0,97.4619,0.0,20.8683,2.3314,0.9996,0.0222,1.0,0.0,15.9273,0.0372,1.0,0.3428,38.8812,0.151,1.0,2.5485,0.5888,0.0281,1.0,0.0439,0.9372,0.0182,0.2725
1747282140000,82.7542,1.0,0.0694,0.9613,1.0,0.032,1.2777,1.0,5.0327,0.978,1.0,0.0,95.4876,0.0,21.277,2.3341,0.9996,0.0222,1.0,0.0,37.7091,0.0365,1.0,0.3498,38.355,0.1522,1.4444,2.2431,0.5838,0.0271,1.0,0.0378,0.9355,0.0545,0.2927
1747282200000,82.038,1.0,0.0694,0.979,1.0,0.0319,1.415,0.9999,5.0711,0.979,1.0,0.0,91.5729,0.0,20.6836,2.3324,0.9996,0.0222,1.0,0.0,67.6545,0.0358,1.0,0.383,38.0709,0.1509,1.6154,2.2537,0.581,0.0278,1.0,0.0317,0.9359,0.0727,0.2856
1747282260000,83.7828,1.0,0.0694,1.3004,1.0,0.0313,1.4231,1.0,5.0593,0.9769,1.0,0.0,85.775,0.0,20.3299,2.3194,0.9997,0.0223,1.0,0.0,0.0,0.0363,1.0,0.3805,35.6299,0.1527,1.6176,2.5436,0.5861,0.0278,1.0,0.0308,0.9378,0.0182,0.2833
1747282320000,81.9522,1.0,0.0694,0.9889,1.0,0.0341,1.1775,1.0,5.0773,0.9795,1.0,0.0,92.8974,0.0,21.1052,2.3629,0.9997,0.0222,1.0,0.0,9.4182,0.0358,1.0,0.3746,38.626,0.1486,1.5882,2.2095,0.5862,0.028,1.0,0.028,0.9371,0.0182,0.282
1747282380000,83.8684,1.0,0.0694,0.9288,1.0,0.0347,1.1444,0.9999,5.0849,0.9763,1.0,0.0,97.3132,0.0,20.464,2.3245,0.9997,0.022,1.0,0.0,25.8,0.036,1.0,0.3694,38.3477,0.1505,1.2,2.4647,0.5885,0.0281,1.0,0.0379,0.9367,0.0364,0.2827
1747282440000,83.0528,1.0,0.0694,1.0533,1.0,0.0323,1.2083,0.9998,5.0727,0.9793,1.0,0.0,91.4471,0.0,20.9067,2.3525,0.9996,0.0223,1.0,0.0,15.0727,0.037,1.0,0.3797,37.1174,0.1527,1.5,2.3219,0.591,0.0282,1.0,0.0351,0.9354,0.0182,0.2896
1747282500000,86.0569,1.0,0.0694,1.0167,1.0,0.0306,1.1945,0.9999,5.0827,0.978,1.0,0.0,94.7216,0.0,21.2379,2.3139,0.9996,0.0223,1.0,0.0,112.2,0.0355,1.0,0.364,38.227,0.1554,1.8235,2.4107,0.5823,0.0277,1.0,0.0303,0.9365,0.1455,0.2794
1747282560000,83.5365,1.0,0.0694,0.9191,1.0,0.0313,1.5851,1.0,5.0373,0.9786,1.0,0.0,90.6717,0.0,20.5425,2.3299,0.9996,0.0223,1.0,0.0,43.3455,0.0357,1.0,0.3658,37.4831,0.1532,1.7917,2.3224,0.5816,0.0272,1.0,0.0351,0.9372,0.0545,0.2938
1747282620000,80.6061,1.0,0.0694,0.9347,1.0,0.0317,1.387,1.0,5.1091,0.9784,1.0,0.0,93.0957,0.0,20.6448,2.3141,0.9996,0.0226,1.0,0.0,68.9091,0.0354,1.0,0.3534,36.9688,0.1529,1.4545,2.5365,0.5771,0.0265,1.0,0.0171,0.9386,0.0909,0.286
1747282680000,83.0563,1.0,0.0694,0.8868,1.0,0.0321,1.5083,1.0,5.1009,0.9802,1.0,0.0,90.1936,0.0,20.4324,2.332,0.9997,0.0221,1.0,0.0,13.1273,0.0358,1.0,0.3676,37.4117,0.1543,1.5,2.2554,0.5724,0.0271,1.0,0.026,0.9376,0.0182,0.2853
1747282740000,83.1541,1.0,0.0694,0.8882,1.0,0.0323,1.3252,0.9999,5.1018,0.9786,1.0,0.0,95.5959,0.0,20.8793,2.3417,0.9996,0.0221,1.0,0.0,59.2727,0.0369,1.0,0.3468,38.0519,0.1524,1.2857,2.3471,0.5895,0.0275,1.0,0.0234,0.9371,0.0727,0.2816
1747282800000,81.921,1.0,0.0694,0.9624,1.0,0.0341,2.2605,0.9999,5.0927,0.977,1.0,0.0,96.7825,0.0,20.6578,2.339,0.9997,0.0222,1.0,0.0,0.3455,0.0369,1.0,0.3534,39.1725,0.1461,1.1364,2.3544,0.602,0.0278,1.0,0.0313,0.9358,0.0,0.2872
1747282860000,83.4694,1.0,0.0694,0.8671,1.0,0.0308,1.1939,1.0,5.12,0.9779,1.0,0.0,97.6745,0.0,21.5125,2.3709,0.9997,0.0221,1.0,0.0,11.3091,0.0364,1.0,0.3421,38.4872,0.1551,1.4286,2.2357,0.5963,0.0281,1.0,0.0294,0.9343,0.0182,0.2844
1747282920000,83.7359,1.0,0.0694,0.9736,1.0,0.0314,1.2548,0.9999,5.1173,0.9745,1.0,0.0,93.8863,0.0,21.2751,2.3529,0.9996,0.022,1.0,0.0,39.8909,0.0363,1.0,0.3351,38.3783,0.1517,1.5455,2.471,0.5867,0.0267,1.0,0.0378,0.9362,0.0545,0.2954
1747282980000,86.8877,1.0,0.0694,1.3371,1.0,0.0321,1.233,0.9999,5.0587,0.9778,1.0,0.0,97.2207,0.0,21.4778,2.3366,0.9996,0.022,1.0,0.0,38.5273,0.0369,1.0,0.346,39.715,0.1572,1.5,2.4625,0.587,0.0277,1.0,0.0282,0.9368,0.0545,0.2836
1747283040000,83.743,1.0,0.0694,1.0474,1.0,0.0315,1.3334,0.9999,5.1427,0.9808,1.0,0.0,92.1882,0.0,21.0858,2.3661,0.9996,0.0221,1.0,0.0,0.0,0.0352,1.0,0.3571,39.5329,0.148,1.2727,2.3493,0.5794,0.0273,1.0,0.0224,0.9353,0.0,0.2859
1747283100000,83.1332,1.0,0.0694,0.8466,1.0,0.0335,1.1306,0.9999,5.102,0.9764,1.0,0.0,101.2844,0.0,20.829,2.3425,0.9996,0.0221,1.0,0.0,0.0,0.0365,1.0,0.3746,38.8663,0.1559,1.8333,2.2013,0.5811,0.0283,1.0,0.0466,0.9379,0.0,0.2872
1747283160000,84.3698,1.0,0.0694,1.0673,1.0,0.0319,1.1622,0.9999,5.1527,0.9756,1.0,0.0,96.0362,0.0,20.5854,2.3312,0.9997,0.022,1.0,0.0,11.7273,0.0371,1.0,0.3745,37.6861,0.1562,2.0,2.3508,0.5883,0.0278,1.0,0.0345,0.9388,0.0182,0.2897
1747283220000,82.779,1.0,0.0694,0.9268,1.0,0.0304,1.1745,1.0,5.1073,0.9778,1.0,0.0,92.0417,0.0,20.9854,2.3207,0.9996,0.022,1.0,0.0,0.0,0.0353,1.0,0.3659,37.5858,0.1525,1.3636,2.3366,0.5845,0.0268,1.0,0.0401,0.9389,0.0,0.2887
1747283280000,84.6098,0.9998,0.0694,1.0449,1.0,0.0311,1.1687,0.9999,5.1641,0.9759,1.0,0.0,93.8795,0.0,21.5789,2.3252,0.9996,0.022,1.0,0.0,0.0,0.0352,1.0,0.3665,38.4736,0.1541,1.4,2.4497,0.5761,0.0276,1.0,0.0299,0.9401,0.0,0.2818
1747283340000,84.7224,0.9998,0.0694,1.005,1.0,0.0307,1.1985,1.0,5.0967,0.9781,1.0,0.0,97.4707,0.0,21.0711,2.3296,0.9996,0.0219,1.0,0.0,11.9818,0.0353,1.0,0.367,40.5914,0.1555,2.1,2.4979,0.5866,0.0272,1.0,0.0296,0.933,0.0182,0.2786
1747283400000,85.2015,1.0,0.0694,1.0257,1.0,0.0292,1.5251,0.9999,5.1375,0.9824,1.0,0.0,88.5993,0.0,20.6366,2.3288,0.9996,0.0219,1.0,0.0,0.0,0.0345,1.0,0.3694,36.7778,0.1532,1.6,2.4992,0.5738,0.0264,1.0,0.0219,0.9401,0.0,0.2887
1747283460000,84.8593,1.0,0.0694,0.9979,1.0,0.0305,1.2047,0.9999,5.0882,0.9773,1.0,0.0,91.5788,0.0,21.0773,2.3348,0.9996,0.0218,1.0,0.0,24.8727,0.0357,1.0,0.3418,38.3069,0.1523,1.4815,2.6073,0.5722,0.0268,1.0,0.0367,0.936,0.0364,0.2706
1747283520000,87.0339,1.0,0.0694,0.9287,1.0,0.0317,1.2507,1.0,5.128,0.9782,1.0,0.0,94.4603,0.0,21.1092,2.3318,0.9996,0.0219,1.0,0.0,0.0,0.0356,1.0,0.3531,39.0224,0.1476,1.1538,2.506,0.5943,0.028,1.0,0.0326,0.9401,0.0,0.283
1747283580000,85.8042,1.0,0.0694,0.9087,1.0,0.0308,1.257,0.9999,5.0767,0.9753,1.0,0.0,96.8778,0.0,21.1995,2.3296,0.9996,0.0216,1.0,0.0,0.0,0.0359,1.0,0.3466,39.9867,0.1577,1.25,2.4249,0.5826,0.0281,1.0,0.0341,0.9375,0.0,0.2819
1747283640000,85.079,1.0,0.0694,0.9642,1.0,0.0288,1.2123,0.9999,5.1346,0.9841,1.0,0.0,84.5354,0.0,21.3171,2.3422,0.9997,0.0218,1.0,0.0,0.0,0.0339,1.0,0.357,36.9273,0.1548,1.875,2.6372,0.5768,0.0266,1.0,0.0177,0.9386,0.0,0.2892
1747283700000,85.5858,1.0,0.0694,1.1105,1.0,0.0319,1.1388,0.9999,5.093,0.9809,1.0,0.0,92.8233,0.0,20.9965,2.3278,0.9997,0.0221,1.0,0.0,0.0,0.0352,1.0,0.3564,37.8719,0.1483,1.5385,2.5482,0.5781,0.0268,1.0,0.0332,0.9441,0.0,0.2709
1747283760000,85.7396,1.0,0.0694,0.9034,1.0,0.0309,1.2561,1.0,5.1364,0.9828,1.0,0.0,84.6646,0.0,20.3368,2.3281,0.9997,0.0218,1.0,0.0,0.0,0.0357,1.0,0.3481,39.1843,0.1524,1.3871,2.2828,0.5703,0.0267,1.0,0.0264,0.9391,0.0,0.2786
1747283820000,83.6714,1.0,0.0694,0.9705,1.0,0.0284,1.1772,0.9999,5.0977,0.9795,1.0,0.0,89.9832,0.0,20.9361,2.3191,0.9996,0.0221,1.0,0.0,0.0,0.0361,1.0,0.3624,36.3263,0.1567,1.1111,2.5019,0.5763,0.0263,1.0,0.0208,0.9411,0.0,0.2804
1747283880000,84.9655,1.0,0.0694,0.9802,1.0,0.0294,1.1062,1.0,5.1218,0.976,1.0,0.0,89.7145,0.0,20.7906,2.3319,0.9996,0.0218,1.0,0.0,0.0,0.0357,1.0,0.3766,35.7516,0.1561,1.0,2.3667,0.5713,0.0272,1.0,0.0327,0.9414,0.0,0.2767
1747283940000,86.9583,1.0,0.0694,0.884,1.0,0.0285,1.2161,0.9999,5.1,0.9776,1.0,0.0,87.9113,0.0,20.6649,2.3078,0.9996,0.0217,1.0,0.0,0.0,0.0366,1.0,0.354,37.3988,0.1584,1.25,2.5201,0.5701,0.0266,1.0,0.0343,0.9389,0.0,0.2739
1747284000000,88.6042,1.0,0.0694,1.0554,1.0,0.029,1.1864,0.9999,5.1364,0.9765,1.0,0.0,90.6153,0.0,21.1272,2.325,0.9996,0.0217,1.0,0.0,0.0,0.0356,1.0,0.336,37.9026,0.1544,1.3846,2.64,0.5853,0.0265,1.0,0.0195,0.9381,0.0,0.2765
1747284060000,88.988,0.9998,0.0694,1.2835,1.0,0.0297,1.2339,0.9999,5.0864,0.9773,1.0,0.0,90.146,0.0,20.904,2.3401,0.9997,0.0217,1.0,0.0,0.0,0.035,1.0,0.3263,38.5831,0.1531,1.6786,2.6714,0.5874,0.0257,1.0,0.0282,0.9447,0.0,0.2773
1747284120000,85.1945,1.0,0.0694,1.0652,1.0,0.0303,1.1526,1.0,5.1245,0.9793,1.0,0.0,89.1543,0.0,20.3742,2.2936,0.9996,0.0218,1.0,0.0,0.0,0.0334,1.0,0.3602,37.0015,0.1488,1.6667,2.5193,0.5779,0.0274,1.0,0.0267,0.9393,0.0,0.2803
1747284180000,85.8368,0.9998,0.0694,0.9913,1.0,0.0304,1.1834,0.9998,5.0973,0.9797,1.0,0.0,91.6713,0.0,20.9318,2.3229,0.9997,0.0218,1.0,0.0,0.0,0.0352,1.0,0.3415,35.9778,0.149,1.5,2.6865,0.5812,0.0269,1.0,0.0197,0.9422,0.0,0.2746
1747284240000,87.2225,1.0,0.0694,1.011,1.0,0.0298,1.1288,0.9999,5.1424,0.9753,1.0,0.0,92.1795,0.0,21.1357,2.3385,0.9996,0.0217,1.0,0.0,0.0,0.0348,1.0,0.3339,38.5065,0.1492,1.375,2.4338,0.5822,0.0268,1.0,0.0192,0.9395,0.0,0.2735
1747284300000,86.0741,1.0,0.0694,1.0447,1.0,0.0302,1.1984,1.0,5.0773,0.9813,1.0,0.0,90.3258,0.0,20.8233,2.3107,0.9997,0.0219,1.0,0.0,0.0,0.0357,1.0,0.3409,37.6847,0.1535,1.1304,2.3415,0.5764,0.0273,1.0,0.0229,0.9411,0.0,0.282
1747284360000,84.5235,1.0,0.0694,0.9331,1.0,0.0302,1.1707,0.9999,5.1329,0.9872,1.0,0.0,78.5256,0.0,20.3171,2.2926,0.9997,0.0217,1.0,0.0,0.0,0.0343,1.0,0.3432,36.4884,0.1473,1.3448,2.3984,0.5712,0.027,1.0,0.0233,0.9397,0.0,0.2696
1747284420000,83.1588,1.0,0.0694,0.936,1.0,0.0293,1.1648,0.9999,5.0839,0.9822,1.0,0.0,86.0049,0.0,20.7346,2.3115,0.9997,0.0216,1.0,0.0,0.0,0.0352,1.0,0.3459,37.0352,0.1509,2.3333,2.281,0.5765,0.0266,1.0,0.0225,0.9414,0.0,0.2682
1747284480000,86.2369,1.0,0.0694,0.8928,1.0,0.0284,1.146,1.0,5.1291,0.9815,1.0,0.0,90.0683,0.0,20.8353,2.3596,0.9996,0.0217,1.0,0.0,0.0,0.0335,1.0,0.368,35.5333,0.1532,1.75,2.6325,0.5704,0.026,1.0,0.0182,0.9417,0.0,0.2781
1747284540000,84.7785,1.0,0.0694,0.8908,1.0,0.0303,1.157,1.0,5.1018,0.9848,1.0,0.0,81.4418,0.0,20.8019,2.2908,0.9997,0.0216,1.0,0.0,0.0,0.0341,1.0,0.3567,35.8127,0.1471,1.1667,2.4421,0.5683,0.0262,1.0,0.0256,0.9414,0.0,0.2702
1747284600000,86.6375,0.9998,0.0694,0.9414,1.0,0.0305,1.1707,0.9999,5.1073,0.9801,1.0,0.0,89.3045,0.0,21.0393,2.2819,0.9997,0.0218,1.0,0.0,0.0,0.0348,1.0,0.3505,35.0942,0.1476,1.0714,2.7584,0.5706,0.0263,1.0,0.0158,0.9389,0.0,0.2634
1747284660000,88.8978,1.0,0.0694,0.8275,1.0,0.03,1.1993,0.9999,5.0846,0.9829,1.0,0.0,88.6623,0.0,21.1141,2.2907,0.9997,0.0213,1.0,0.0,0.0,0.0333,1.0,0.3272,36.0729,0.1504,1.5385,2.4904,0.5802,0.0259,1.0,0.0234,0.9409,0.0,0.2686
1747284720000,87.4692,1.0,0.0694,0.9548,1.0,0.0298,1.1881,1.0,5.0973,0.9782,1.0,0.0,87.1295,0.0,21.1464,2.3011,0.9997,0.0216,1.0,0.0,0.0,0.035,1.0,0.3375,36.902,0.1466,1.0769,2.2029,0.5726,0.027,1.0,0.0219,0.943,0.0,0.2706
1747284780000,89.4571,1.0,0.0694,1.1755,1.0,0.0307,1.1475,1.0,5.0982,0.9781,1.0,0.0,92.5712,0.0,21.3822,2.3363,0.9996,0.0213,1.0,0.0,0.0,0.0355,1.0,0.3385,37.4735,0.1545,1.25,2.4422,0.5682,0.0276,1.0,0.0333,0.9427,0.0,0.2735
1747284840000,85.2353,1.0,0.0694,1.001,1.0,0.0294,1.1761,1.0,5.1127,0.9794,1.0,0.0,91.551,0.0,21.0558,2.2803,0.9996,0.0214,1.0,0.0,0.0,0.0346,1.0,0.3566,37.2359,0.1512,1.25,2.1463,0.5731,0.0266,1.0,0.0194,0.9404,0.0,0.2782
1747284900000,83.5779,1.0,0.0694,0.8714,1.0,0.0299,1.1813,0.9999,5.0791,0.9829,1.0,0.0,83.7045,0.0,20.1195,2.2959,0.9997,0.0216,1.0,0.0,0.0,0.0342,1.0,0.3555,33.563,0.1488,1.4706,2.3929,0.5652,0.0259,1.0,0.0159,0.9393,0.0,0.2709
1747284960000,86.5105,1.0,0.0694,1.0076,1.0,0.0302,1.0911,0.9998,5.1264,0.9804,1.0,0.0,88.6456,0.0,21.0696,2.2731,0.9996,0.0214,1.0,0.0,0.0,0.0342,1.0,0.3417,37.8655,0.1509,1.32,2.4069,0.5779,0.026,1.0,0.0244,0.9392,0.0,0.2648
1747285020000,87.1941,1.0,0.0694,0.9736,1.0,0.032,1.1887,0.9999,5.1004,0.9773,1.0,0.0,94.2648,0.0,20.0546,2.2754,0.9997,0.0214,1.0,0.0,0.0,0.0348,1.0,0.3251,38.9472,0.1514,1.3333,2.4574,0.6049,0.0266,1.0,0.0221,0.9396,0.0,0.269
1747285080000,84.8103,1.0,0.0694,0.9861,1.0,0.0326,1.1616,0.9999,5.1218,0.9775,1.0,0.0,90.5948,0.0,20.722,2.2883,0.9997,0.0215,1.0,0.0,0.0,0.0347,1.0,0.3345,37.5701,0.1464,1.4,2.4393,0.5789,0.0272,1.0,0.022,0.9414,0.0,0.2798
1747285140000,85.0302,1.0,0.0694,0.994,1.0,0.0309,1.1887,0.9999,5.0791,0.9809,1.0,0.0,93.8025,0.0,21.1159,2.2695,0.9997,0.0215,1.0,0.0,0.0,0.0356,1.0,0.3411,37.7486,0.1525,1.5556,2.1962,0.5848,0.0266,1.0,0.0203,0.9399,0.0,0.2788
1747285200000,85.1433,1.0,0.0694,1.0383,1.0,0.0294,1.1975,1.0,5.1167,0.9766,1.0,0.0,87.6846,0.0,20.5055,2.3125,0.9997,0.0214,1.0,0.0,0.0,0.0333,1.0,0.3507,36.0794,0.1489,1.3846,2.7539,0.5981,0.0254,1.0,0.029,0.9441,0.0,0.2834
1747285260000,88.0201,1.0,0.0694,1.0021,1.0,0.033,1.1957,1.0,5.0764,0.9724,1.0,0.0,92.5374,0.0,20.7688,2.2948,0.9995,0.0215,1.0,0.0,0.0,0.035,1.0,0.3474,37.8243,0.147,1.4483,2.3941,0.5799,0.0264,1.0,0.0318,0.9411,0.0,0.267
1747285320000,86.322,1.0,0.0694,0.8418,1.0,0.0306,1.1958,0.9998,5.1182,0.9747,1.0,0.0,88.4986,0.0,21.1665,2.3378,0.9995,0.0211,1.0,0.0,0.0,0.034,1.0,0.3573,37.6653,0.1498,1.2593,2.4402,0.5671,0.0263,1.0,0.0478,0.941,0.0,0.2779
1747285380000,86.9776,1.0,0.0694,0.9776,1.0,0.0304,1.2217,1.0,5.0818,0.978,1.0,0.0,90.4207,0.0,21.2606,2.3125,0.9997,0.0212,1.0,0.0,0.0,0.0347,1.0,0.3451,38.4132,0.1443,1.3333,2.336,0.5854,0.0254,1.0,0.015,0.9425,0.0,0.2681
1747285440000,89.6312,0.9998,0.0694,0.9723,1.0,0.033,1.1711,0.9999,5.1027,0.9787,1.0,0.0,93.1377,0.0,20.7152,2.2899,0.9997,0.0212,1.0,0.0,0.0,0.0333,1.0,0.3451,38.1219,0.142,1.2,2.5864,0.5887,0.026,1.0,0.0247,0.9385,0.0,0.281
1747285500000,87.7654,1.0,0.0694,0.96,1.0,0.0322,1.148,1.0,5.0745,0.977,1.0,0.0,84.4389,0.0,20.8211,2.2961,0.9996,0.0211,1.0,0.0,15.4545,0.0344,1.0,0.3305,34.5995,0.1439,1.5294,2.6505,0.5758,0.0261,1.0,0.0284,0.9456,0.0182,0.2734
1747285560000,82.2242,1.0,0.0694,1.0401,1.0,0.0294,1.1525,1.0,5.1064,0.983,1.0,0.0,81.7199,0.0,20.2868,2.2943,0.9997,0.0209,1.0,0.0,0.0,0.0346,1.0,0.319,36.1523,0.1479,1.5,2.3816,0.5733,0.0255,1.0,0.0354,0.9389,0.0,0.2661
1747285620000,86.1456,1.0,0.0694,1.0387,1.0,0.0322,1.1516,1.0,5.0855,0.9815,1.0,0.0,82.1122,0.0,20.1332,2.2956,0.9997,0.0211,1.0,0.0,0.0,0.0336,1.0,0.3094,33.9725,0.1419,1.2857,2.3847,0.5637,0.0252,1.0,0.0285,0.9418,0.0,0.2688
1747285680000,83.7149,1.0,0.0694,1.0303,1.0,0.0314,1.1089,0.9999,5.1062,0.9807,1.0,0.0,86.9661,0.0,20.2098,2.2972,0.9997,0.021,1.0,0.0,0.0,0.0331,1.0,0.3145,35.1811,0.1456,1.6,2.4327,0.5741,0.0258,1.0,0.031,0.942,0.0,0.2611
1747285740000,88.0937,1.0,0.0694,0.914,1.0,0.0316,1.1275,1.0,5.0801,0.978,1.0,0.0,87.8115,0.0,20.5342,2.2778,0.9997,0.0213,1.0,0.0,0.0,0.0339,1.0,0.3156,36.4663,0.1461,1.1538,2.3232,0.58,0.026,1.0,0.0256,0.9418,0.0,0.2654
1747285800000,89.0836,1.0,0.0694,1.0201,1.0,0.0314,1.1375,0.9997,5.1013,0.9772,1.0,0.0,93.4981,0.0,20.7887,2.2707,0.9997,0.021,1.0,0.0,0.0,0.0346,1.0,0.3216,38.3107,0.1499,1.5,2.51,0.5839,0.0265,1.0,0.0252,0.9416,0.0,0.2717
1747285860000,88.1272,1.0,0.0694,1.1168,1.0,0.031,1.2062,0.9999,5.0855,0.9768,1.0,0.0,88.1555,0.0,20.7836,2.2654,0.9996,0.0211,1.0,0.0,0.0,0.0329,1.0,0.336,37.0784,0.1434,1.3421,2.2971,0.5791,0.0263,1.0,0.0295,0.9446,0.0,0.2767
1747285920000,87.2561,1.0,0.0694,1.3189,1.0,0.03,1.1869,1.0,5.0869,0.9793,1.0,0.0,86.8194,0.0,20.6339,2.258,0.9996,0.0209,1.0,0.0,0.0,0.0334,1.0,0.3402,36.5526,0.145,1.25,2.3929,0.5774,0.0255,1.0,0.0328,0.9422,0.0,0.2663
1747285980000,86.6326,1.0,0.0694,0.9935,1.0,0.033,1.1661,0.9999,5.0573,0.9749,1.0,0.0,92.8566,0.0,20.969,2.2631,0.9996,0.0208,1.0,0.0,0.0,0.0334,1.0,0.3541,38.6118,0.1399,1.6,2.7237,0.5669,0.0262,1.0,0.022,0.9392,0.0,0.2692
1747286040000,86.1784,1.0,0.0694,0.9382,1.0,0.0297,1.2007,1.0,5.0882,0.9845,1.0,0.0,79.2093,0.0,20.0078,2.2891,0.9997,0.0211,1.0,0.0,12.2727,0.0336,1.0,0.3497,37.9742,0.1452,1.3846,2.2651,0.5688,0.026,1.0,0.0243,0.9442,0.0182,0.2662
1747286100000,85.6106,1.0,0.0694,1.1071,1.0,0.0338,1.1565,0.9999,5.1182,0.9791,1.0,0.0,88.979,0.0,20.3449,2.2767,0.9997,0.021,1.0,0.0,0.0,0.0338,1.0,0.3469,36.7231,0.1372,1.6875,2.3394,0.5828,0.0261,1.0,0.0219,0.943,0.0,0.2649
1747286160000,85.9214,1.0,0.0694,0.8782,1.0,0.0322,1.1835,0.9999,5.1182,0.9778,1.0,0.0,93.6854,0.0,20.8764,2.2779,0.9996,0.0209,1.0,0.0,0.0,0.0341,1.0,0.3487,37.6087,0.143,1.4231,2.3452,0.5677,0.0256,1.0,0.0282,0.9438,0.0,0.2681
1747286220000,86.1865,1.0,0.0694,0.9554,1.0,0.0325,1.1135,0.9999,5.09,0.9809,1.0,0.0,89.1829,0.0,20.539,2.2806,0.9997,0.0208,1.0,0.0,12.2364,0.034,1.0,0.3449,37.5137,0.1397,1.25,2.3177,0.5751,0.026,1.0,0.0159,0.9421,0.0182,0.2639
1747286280000,84.3021,1.0,0.0694,0.9333,1.0,0.0332,1.1336,1.0,5.1091,0.9813,1.0,0.0,87.4374,0.0,20.7642,2.3065,0.9996,0.0209,1.0,0.0,0.0,0.0343,1.0,0.3449,37.4602,0.1394,1.4,2.4362,0.5653,0.0257,1.0,0.021,0.9421,0.0,0.2697
1747286340000,85.2254,1.0,0.0694,0.8965,1.0,0.0301,1.1091,1.0,5.1055,0.9782,1.0,0.0,82.3604,0.0,20.8077,2.2954,0.9996,0.0209,1.0,0.0,0.0,0.0327,1.0,0.337,34.4676,0.1375,1.2632,2.2602,0.5606,0.0251,1.0,0.0238,0.9403,0.0,0.2627
1747286400000,86.1276,1.0,0.0694,0.9224,1.0,0.0323,1.1627,1.0,5.1109,0.9757,1.0,0.0,89.2171,0.0,20.6657,2.2988,0.9996,0.0209,1.0,0.0,14.0,0.0349,1.0,0.3109,38.0598,0.1407,1.5333,2.5465,0.5771,0.0263,1.0,0.0179,0.9427,0.0182,0.2525
1747286460000,85.3138,1.0,0.0694,0.8324,1.0,0.0319,1.1848,1.0,5.0836,0.9765,1.0,0.0,91.5009,0.0,21.3427,2.2996,0.9996,0.0208,1.0,0.0,13.8182,0.033,1.0,0.3096,36.6483,0.1423,1.6552,2.4105,0.5555,0.0261,1.0,0.0229,0.9434,0.0,0.2609
1747286520000,83.9503,0.9998,0.0694,0.9155,1.0,0.0326,1.1216,1.0,5.1273,0.9776,1.0,0.0,89.3794,0.0,20.6582,2.2815,0.9996,0.0208,1.0,0.0,27.6727,0.032,1.0,0.308,36.3964,0.1389,1.8235,2.3527,0.5698,0.0259,1.0,0.0191,0.9415,0.0545,0.2634
1747286580000,88.2613,1.0,0.0694,1.09,1.0,0.0328,1.5605,0.9999,5.1023,0.9774,1.0,0.0,90.2796,0.0,20.4779,2.2736,0.9997,0.0209,1.0,0.0,0.0,0.0333,1.0,0.318,37.4453,0.139,1.125,2.354,0.5762,0.0258,1.0,0.0216,0.9463,0.0,0.265
1747286640000,87.4293,1.0,0.0694,1.2511,1.0,0.0311,1.1567,0.9998,5.1191,0.9763,1.0,0.0,86.2908,0.0,21.0359,2.2884,0.9996,0.021,1.0,0.0,40.4545,0.0329,1.0,0.3159,37.9566,0.1365,1.8462,2.1786,0.5656,0.0263,1.0,0.0206,0.9428,0.0545,0.2692
1747286700000,87.0302,1.0,0.0694,0.9288,1.0,0.0307,1.6029,0.9999,5.0564,0.9779,1.0,0.0,89.5274,0.0,20.7773,2.283,0.9996,0.0208,1.0,0.0,56.8727,0.0333,1.0,0.3329,37.7833,0.1433,1.2222,2.3652,0.5709,0.0264,1.0,0.0239,0.9434,0.0727,0.2613
1747286760000,86.1579,1.0,0.0694,1.0154,1.0,0.0297,1.5365,1.0,5.1145,0.9812,1.0,0.0,85.79,0.0,20.5758,2.3018,0.9997,0.0208,1.0,0.0,41.3818,0.0338,1.0,0.3427,36.5316,0.1405,1.5862,2.3998,0.5715,0.0262,1.0,0.0177,0.9449,0.0545,0.2746
1747286820000,87.8598,1.0,0.0694,0.9661,1.0,0.0304,1.5085,1.0,5.0774,0.9768,1.0,0.0,89.6818,0.0,21.437,2.2934,0.9996,0.0209,1.0,0.0,13.7455,0.0339,1.0,0.3482,38.4771,0.1393,1.3684,2.2529,0.5804,0.0263,1.0,0.0306,0.9386,0.0182,0.2648
1747286880000,86.8927,1.0,0.0694,0.9577,1.0,0.0319,1.5413,1.0,5.0609,0.9711,1.0,0.0,88.7777,0.0,20.5497,2.2853,0.9996,0.0209,1.0,0.0,0.0,0.0332,1.0,0.3473,37.4797,0.1358,1.0909,2.2658,0.5829,0.0255,1.0,0.0259,0.9398,0.0,0.2695
1747286940000,84.5677,1.0,0.0694,1.0918,1.0,0.0323,1.1603,1.0,5.0709,0.9719,1.0,0.0,97.8091,0.0,20.9436,2.3029,0.9995,0.0209,1.0,0.0,27.4727,0.0347,1.0,0.3401,41.1732,0.1341,1.0,2.3531,0.5734,0.0265,1.0,0.0217,0.9414,0.0364,0.2721
1747287000000,84.2987,1.0,0.0694,1.0321,1.0,0.032,1.1862,0.9999,5.0609,0.9755,1.0,0.0,83.6547,0.0,20.4697,2.2927,0.9996,0.0209,1.0,0.0,42.9455,0.033,1.0,0.331,36.7595,0.1344,1.3529,2.4642,0.5754,0.0255,1.0,0.0236,0.9418,0.0545,0.273
1747287060000,86.2952,1.0,0.0694,1.0553,1.0,0.0328,1.1525,1.0,5.0582,0.9725,1.0,0.0,93.3702,0.0,20.7117,2.298,0.9995,0.0209,1.0,0.0,70.3091,0.0339,1.0,0.3422,40.2211,0.1405,1.3214,2.2911,0.5799,0.0259,1.0,0.0166,0.9457,0.0909,0.2592
1747287120000,80.3229,1.0,0.0694,0.8389,1.0,0.0333,2.0209,0.9998,5.0529,0.9774,1.0,0.0,88.2975,0.0,20.2225,2.3367,0.9997,0.0207,1.0,0.0,10.6182,0.0342,1.0,0.3471,36.0549,0.1342,1.1667,2.3848,0.5731,0.0254,1.0,0.0194,0.9437,0.0182,0.2827
1747287180000,87.069,1.0,0.0694,1.0234,1.0,0.0334,1.3419,1.0,5.0473,0.9817,1.0,0.0,90.1767,0.0,20.5742,2.3231,0.9997,0.0209,1.0,0.0,36.8545,0.0339,1.0,0.3674,39.236,0.1367,1.3333,1.972,0.5784,0.0259,1.0,0.0183,0.9447,0.0545,0.2628
1747287240000,87.2871,1.0,0.0694,0.9366,1.0,0.0305,1.1357,0.9999,5.0673,0.9818,1.0,0.0,87.5211,0.0,20.8339,2.3093,0.9997,0.0208,1.0,0.0,31.5273,0.0332,1.0,0.3762,38.0746,0.1396,1.625,2.5309,0.5747,0.0247,1.0,0.0217,0.9442,0.0364,0.2757
1747287300000,85.7699,1.0,0.0694,0.9652,1.0,0.0302,1.2474,1.0,5.07,0.9833,1.0,0.0,84.739,0.0,21.3589,2.2848,0.9998,0.0208,1.0,0.0,49.2182,0.0321,1.0,0.3507,36.6188,0.1408,1.2,2.1764,0.5632,0.0252,1.0,0.0113,0.9404,0.0545,0.2643
1747287360000,87.2821,1.0,0.0694,1.0661,1.0,0.0299,1.1113,0.9999,5.0602,0.9772,1.0,0.0,89.531,0.0,21.5438,2.2932,0.9996,0.0206,1.0,0.0,26.9455,0.033,1.0,0.3651,38.3744,0.1381,1.6667,2.5735,0.5614,0.0253,1.0,0.0231,0.9402,0.0545,0.2585
1747287420000,84.3739,1.0,0.0694,0.9835,1.0,0.0308,1.1718,1.0,5.0573,0.9825,1.0,0.0,84.9531,0.0,20.2445,2.2949,0.9997,0.0209,1.0,0.0,12.5818,0.0342,1.0,0.3492,34.5235,0.1396,1.8333,2.6221,0.5712,0.0249,1.0,0.0206,0.9403,0.0182,0.2618
1747287480000,89.957,1.0,0.0694,1.1734,1.0,0.0322,1.2788,0.9999,5.0683,0.9794,1.0,0.0,86.3762,0.0,21.6576,2.2925,0.9997,0.0208,1.0,0.0,0.4182,0.0334,1.0,0.3322,38.388,0.1354,1.0,2.4589,0.576,0.0253,1.0,0.0211,0.9421,0.0,0.2626
1747287540000,86.8273,1.0,0.0694,0.9045,1.0,0.0324,1.1969,1.0,5.0673,0.9795,1.0,0.0,84.6717,0.0,20.9528,2.3019,0.9996,0.0207,1.0,0.0,27.4727,0.0317,1.0,0.3237,35.7811,0.1323,1.1667,2.3535,0.5841,0.0251,1.0,0.0177,0.9436,0.0364,0.2593
1747287600000,87.74,1.0,0.0694,1.0148,1.0,0.0283,1.5154,0.9999,5.0833,0.9815,1.0,0.0,78.3752,0.0,20.5281,2.2862,0.9997,0.0206,1.0,0.0,15.0182,0.0322,1.0,0.3148,34.0215,0.1413,1.4118,2.3727,0.5607,0.0249,1.0,0.0349,0.9457,0.0182,0.2542
1747287660000,89.2775,1.0,0.0694,1.0746,1.0,0.0307,1.1489,0.9999,5.0309,0.9771,1.0,0.0,89.5999,0.0,19.8777,2.2704,0.9996,0.0206,1.0,0.0,0.0,0.0336,1.0,0.3144,37.2426,0.1448,1.6154,2.2188,0.58,0.0263,1.0,0.0305,0.942,0.0,0.2535
1747287720000,93.4713,0.9998,0.0694,1.2787,1.0,0.0323,1.1434,0.9999,5.0818,0.981,1.0,0.0,89.2407,0.0,20.8509,2.2981,0.9996,0.0208,1.0,0.0,41.2545,0.0337,1.0,0.3252,37.6166,0.1403,1.5,2.6635,0.5815,0.0257,1.0,0.0244,0.9417,0.0545,0.2661
1747287780000,89.4682,1.0,0.0694,1.0714,1.0,0.0311,1.5349,1.0,5.0491,0.9808,1.0,0.0,92.6095,0.0,21.1037,2.2967,0.9996,0.0208,1.0,0.0,37.0364,0.0335,1.0,0.3155,39.827,0.1427,1.5,2.5042,0.5708,0.0264,1.0,0.0169,0.9437,0.0545,0.2659
1747287840000,86.6582,1.0,0.0694,0.8853,1.0,0.0313,1.6782,0.9999,5.0582,0.9802,1.0,0.0,86.7133,0.0,20.4896,2.267,0.9997,0.0208,1.0,0.0,10.8727,0.0331,1.0,0.3261,36.5188,0.1379,1.0588,2.3592,0.5665,0.0252,1.0,0.0274,0.9428,0.0182,0.2742
1747287900000,91.1606,1.0,0.0694,1.1643,1.0,0.0309,1.1327,0.9999,5.0609,0.9769,1.0,0.0,90.5528,0.0,21.025,2.276,0.9996,0.0207,1.0,0.0,0.0,0.0339,1.0,0.3177,38.6391,0.1469,1.2917,2.2099,0.5749,0.0254,1.0,0.0217,0.9454,0.0,0.2611
1747287960000,86.4118,1.0,0.0694,0.9141,1.0,0.0299,1.1368,0.9999,5.0969,0.9788,1.0,0.0,86.9604,0.0,20.3138,2.2802,0.9996,0.0208,1.0,0.0,0.0,0.0338,1.0,0.3342,37.4632,0.1458,1.4615,2.714,0.5759,0.0259,1.0,0.0173,0.9414,0.0,0.2696
1747288020000,84.5813,1.0,0.0694,0.8792,1.0,0.0307,1.1713,1.0,5.0709,0.9779,1.0,0.0,85.1952,0.0,20.0623,2.3002,0.9996,0.0207,1.0,0.0,12.4909,0.0324,1.0,0.335,36.0486,0.1418,1.2222,2.3603,0.5744,0.0254,1.0,0.0143,0.9442,0.0182,0.2722
1747288080000,83.8151,1.0,0.0694,0.9827,1.0,0.0302,1.1377,1.0,5.0791,0.9769,1.0,0.0,89.1564,0.0,20.6746,2.3065,0.9996,0.0209,1.0,0.0,0.0,0.0338,1.0,0.3537,37.2061,0.1451,1.4,2.4976,0.5632,0.0263,1.0,0.0218,0.9441,0.0,0.2608
1747288140000,83.3561,1.0,0.0694,0.9173,1.0,0.0285,1.1785,1.0,5.0775,0.982,1.0,0.0,80.3468,0.0,19.9339,2.3138,0.9996,0.0209,1.0,0.0,0.0,0.0329,1.0,0.3293,34.3373,0.1433,2.1,2.6731,0.5754,0.0255,1.0,0.0231,0.9428,0.0,0.2677
1747288200000,86.8962,1.0,0.0694,0.8771,1.0,0.0277,1.1466,0.9999,5.08,0.9812,1.0,0.0,80.1034,0.0,20.404,2.3241,0.9997,0.0208,1.0,0.0,0.0,0.034,1.0,0.3233,35.8229,0.1516,0.8571,2.3092,0.5704,0.0257,1.0,0.0185,0.9438,0.0,0.262
1747288260000,85.9977,1.0,0.0694,0.8833,1.0,0.0301,1.186,0.9999,5.0738,0.9733,1.0,0.0,94.8938,0.0,20.4705,2.288,0.9996,0.0208,1.0,0.0,0.0,0.0327,1.0,0.3167,38.5261,0.145,0.9259,3.0229,0.5682,0.0267,1.0,0.0314,0.9439,0.0,0.2647
1747288320000,86.2277,1.0,0.0694,0.9739,1.0,0.0311,1.1944,0.9998,5.0891,0.9761,1.0,0.0,88.1442,0.0,20.0275,2.2981,0.9995,0.0208,1.0,0.0,0.0,0.0336,1.0,0.31,36.6538,0.1425,0.8824,2.5853,0.5799,0.0253,1.0,0.023,0.9401,0.0,0.2737
1747288380000,83.4476,1.0,0.0694,1.0402,1.0,0.0302,1.1934,1.0,5.0682,0.9829,1.0,0.0,81.1971,0.0,20.0957,2.2985,0.9997,0.0194,1.0,0.0,0.0,0.0343,1.0,0.3192,36.1641,0.1422,0.9091,2.4188,0.5753,0.0256,1.0,0.0163,0.944,0.0,0.2663
1747288440000,88.0538,1.0,0.0694,1.3391,1.0,0.0319,1.1954,0.9998,5.0836,0.9844,1.0,0.0,77.9624,0.0,20.4506,2.2765,0.9997,0.0209,1.0,0.0,0.0,0.033,1.0,0.3144,36.9262,0.1377,0.8,2.4476,0.5716,0.0261,1.0,0.0161,0.9412,0.0,0.2659
1747288500000,87.1904,1.0,0.0694,0.8946,1.0,0.0314,1.2218,1.0,5.0664,0.9798,1.0,0.0,91.393,0.0,20.7697,2.2694,0.9996,0.0207,1.0,0.0,11.6545,0.0333,1.0,0.3112,37.1557,0.1407,1.5385,2.2774,0.5738,0.0263,1.0,0.0245,0.9396,0.0182,0.2639
1747288560000,88.5987,1.0,0.0694,0.9841,1.0,0.0307,1.3167,1.0,5.0745,0.9748,1.0,0.0,87.1367,0.0,20.3482,2.2711,0.9996,0.0208,1.0,0.0,16.0,0.0333,1.0,0.3352,36.6049,0.146,1.4615,2.3822,0.5676,0.0267,1.0,0.0231,0.9385,0.0182,0.2693
1747288620000,86.6237,1.0,0.0694,1.027,1.0,0.0326,1.1837,0.9999,5.0655,0.9781,1.0,0.0,91.2736,0.0,20.3901,2.2864,0.9996,0.0207,1.0,0.0,11.8182,0.0333,1.0,0.3235,37.7117,0.1394,1.6154,2.3671,0.5736,0.0263,1.0,0.0154,0.9379,0.0182,0.267
1747288680000,85.6454,1.0,0.0694,0.9596,1.0,0.0307,1.2601,1.0,5.0727,0.9811,1.0,0.0,84.224,0.0,20.5393,2.3026,0.9997,0.0209,1.0,0.0,0.0,0.034,1.0,0.3236,35.2411,0.1416,1.6667,2.4177,0.566,0.0251,1.0,0.0174,0.939,0.0,0.2681
1747288740000,83.2901,1.0,0.0694,1.0215,1.0,0.0314,1.1363,0.9999,5.0582,0.9814,1.0,0.0,82.5909,0.0,20.0821,2.2822,0.9996,0.0208,1.0,0.0,0.0,0.0343,1.0,0.3247,35.8417,0.1385,1.125,2.4893,0.5664,0.0268,1.0,0.029,0.9393,0.0,0.2638
1747288800000,84.2992,1.0,0.0694,1.0764,1.0,0.0332,1.1245,0.9999,5.0718,0.9713,1.0,0.0,86.3199,0.0,20.9211,2.3016,0.9996,0.0206,1.0,0.0,0.0,0.034,1.0,0.3305,36.4862,0.1381,1.6875,2.1432,0.5763,0.0262,1.0,0.025,0.941,0.0,0.2626
1747288860000,84.0075,1.0,0.0694,0.9923,1.0,0.0325,1.179,1.0,5.0573,0.9793,1.0,0.0,82.4091,0.0,20.3478,2.3144,0.9996,0.0208,1.0,0.0,0.0,0.0345,1.0,0.3263,34.8976,0.1364,1.8065,2.6797,0.5743,0.0257,1.0,0.0382,0.9396,0.0,0.2702
1747288920000,85.2003,1.0,0.0694,0.9138,1.0,0.0338,1.2118,0.9999,5.0691,0.9812,1.0,0.0,86.0399,0.0,20.6032,2.3112,0.9996,0.0207,1.0,0.0,0.0,0.0347,1.0,0.3288,36.9804,0.1357,1.5,2.5364,0.569,0.0255,1.0,0.0257,0.9404,0.0,0.2617
1747288980000,85.3131,1.0,0.0694,1.064,1.0,0.0327,1.1163,0.9999,5.0491,0.9804,1.0,0.0,84.251,0.0,20.4394,2.3367,0.9997,0.0208,1.0,0.0,0.0,0.0341,1.0,0.3182,34.985,0.1379,1.125,2.3687,0.5736,0.0264,1.0,0.0369,0.9446,0.0,0.26
1747289040000,85.5761,1.0,0.0694,0.9311,1.0,0.0311,1.1716,0.9998,5.0691,0.9806,1.0,0.0,79.3892,0.0,20.231,2.3192,0.9996,0.0208,1.0,0.0,0.0,0.0334,1.0,0.3426,33.5379,0.1398,1.4,2.3385,0.5756,0.0256,1.0,0.0319,0.9439,0.0,0.2628
1747289100000,82.4391,1.0,0.0694,1.0206,1.0,0.0306,1.2121,1.0,5.0673,0.9796,1.0,0.0,79.665,0.0,19.2575,2.3038,0.9997,0.0209,1.0,0.0,0.0,0.0348,1.0,0.3496,34.1004,0.1403,1.625,2.7215,0.5792,0.0259,1.0,0.0287,0.9423,0.0,0.2869
1747289160000,82.5183,1.0,0.0694,1.0238,1.0,0.0317,1.2387,1.0,5.0927,0.9768,1.0,0.0,84.1898,0.0,19.9905,2.3187,0.9996,0.0207,1.0,0.0,0.0,0.0339,1.0,0.3456,35.9591,0.1407,1.4074,2.334,0.5813,0.0267,1.0,0.0248,0.944,0.0,0.2628
1747289220000,84.9243,1.0,0.0694,0.92,1.0,0.0317,1.2114,1.0,5.0855,0.9803,1.0,0.0,82.8754,0.0,19.6949,2.3077,0.9997,0.0211,1.0,0.0,0.0,0.0329,1.0,0.3403,34.1935,0.1447,1.0833,2.4126,0.5852,0.0255,1.0,0.0293,0.9424,0.0,0.2694
1747289280000,81.3977,1.0,0.0694,1.1321,1.0,0.0307,1.156,1.0,5.0909,0.9882,1.0,0.0,67.0509,0.0,18.8241,2.2918,0.9996,0.021,1.0,0.0,0.0,0.034,1.0,0.3305,31.3304,0.1362,1.25,2.4846,0.5688,0.0252,1.0,0.0167,0.9478,0.0,0.2699
1747289340000,83.7205,1.0,0.0694,0.9027,1.0,0.0289,1.1342,0.9999,5.0745,0.9812,1.0,0.0,75.5714,0.0,19.6142,2.2956,0.9996,0.0208,1.0,0.0,0.0,0.0335,1.0,0.3331,34.5926,0.1421,1.6,2.1757,0.5763,0.0257,1.0,0.0166,0.9408,0.0,0.2592
1747289400000,86.0177,1.0,0.0694,0.937,1.0,0.031,1.1788,1.0,5.0836,0.9769,1.0,0.0,86.9453,0.0,20.3769,2.2811,0.9995,0.0209,1.0,0.0,0.0,0.0333,1.0,0.3285,34.8831,0.1465,1.1154,2.7393,0.585,0.0256,1.0,0.0178,0.9427,0.0,0.2652
1747289460000,88.5733,1.0,0.0694,1.0582,1.0,0.03,1.2427,1.0,5.0785,0.9794,1.0,0.0,83.7834,0.0,20.5566,2.3055,0.9996,0.0209,1.0,0.0,0.0,0.0337,1.0,0.319,35.2165,0.1417,1.5,2.3659,0.5755,0.0256,1.0,0.0257,0.9406,0.0,0.2754
1747289520000,86.9514,1.0,0.0694,1.2055,1.0,0.0327,1.2451,0.9999,5.082,0.973,1.0,0.0,92.2007,0.0,20.9008,2.3026,0.9996,0.021,1.0,0.0,0.0,0.0339,1.0,0.3475,38.4663,0.1405,1.8333,2.4958,0.5743,0.0259,1.0,0.0172,0.9421,0.0,0.2739
1747289580000,82.7136,1.0,0.0694,1.0935,1.0,0.0327,1.283,0.9997,5.0766,0.9765,1.0,0.0,85.2122,0.0,20.5232,2.3099,0.9997,0.021,1.0,0.0,0.0,0.0333,1.0,0.3454,35.2478,0.1399,1.2,2.534,0.5814,0.0265,1.0,0.0299,0.9427,0.0,0.2771
1747289640000,82.8251,1.0,0.0694,0.9038,1.0,0.031,1.175,0.9998,5.0756,0.9817,1.0,0.0,83.4923,0.0,20.4752,2.3,0.9996,0.021,1.0,0.0,0.0,0.0337,1.0,0.3386,35.7248,0.1409,1.5455,2.5398,0.5779,0.0258,1.0,0.0171,0.9426,0.0,0.2642
1747289700000,81.8255,1.0,0.0694,1.0615,1.0,0.0339,1.1746,0.9999,5.0558,0.9775,1.0,0.0,85.0222,0.0,19.7762,2.2849,0.9996,0.0209,1.0,0.0,0.0,0.0333,1.0,0.3315,35.2149,0.1384,1.375,2.4903,0.5778,0.0256,1.0,0.0257,0.9453,0.0,0.266
1747289760000,82.053,1.0,0.0694,0.9303,1.0,0.0292,1.1696,0.9998,5.0895,0.9797,1.0,0.0,78.7292,0.0,19.83,2.2972,0.9995,0.0209,1.0,0.0,0.0,0.0338,1.0,0.3482,35.27,0.1415,1.4333,2.2683,0.5715,0.0251,1.0,0.0197,0.9431,0.0,0.2603
1747289820000,81.407,1.0,0.0694,0.8924,1.0,0.0313,1.1728,0.9999,5.065,0.9831,1.0,0.0,78.5882,0.0,19.6475,2.2976,0.9996,0.021,1.0,0.0,12.7091,0.0344,1.0,0.3309,32.8532,0.1427,1.8462,2.4895,0.569,0.0251,1.0,0.0199,0.9435,0.0182,0.2613
1747289880000,85.2743,1.0,0.0694,1.0125,1.0,0.0305,1.213,1.0,5.0904,0.9824,1.0,0.0,84.2184,0.0,19.9437,2.3051,0.9997,0.0211,1.0,0.0,0.0,0.0355,1.0,0.3275,35.8193,0.1457,1.2353,2.4762,0.5703,0.0255,1.0,0.0212,0.9408,0.0,0.2649
1747289940000,83.7934,1.0,0.0694,0.8812,1.0,0.0311,1.2351,1.0,5.0701,0.9789,1.0,0.0,85.9299,0.0,20.386,2.2973,0.9996,0.0211,1.0,0.0,0.0,0.033,1.0,0.3389,34.6626,0.1461,1.3,2.4487,0.5715,0.0255,1.0,0.0302,0.9447,0.0,0.2719
1747290000000,84.2201,1.0,0.0694,0.9329,1.0,0.0319,1.1942,1.0,5.0891,0.9761,1.0,0.0,88.5309,0.0,20.48,2.2737,0.9995,0.0212,1.0,0.0,0.0,0.0354,1.0,0.333,37.8626,0.1436,1.4375,2.4571,0.5806,0.0259,1.0,0.0167,0.9401,0.0,0.2704
1747290060000,83.9812,1.0,0.0694,0.8904,1.0,0.033,1.243,0.9999,5.0523,0.9769,1.0,0.0,89.2939,0.0,20.2701,2.2757,0.9995,0.0213,1.0,0.0,0.0,0.0361,1.0,0.3335,37.5729,0.1441,1.4,2.4304,0.5853,0.027,1.0,0.0209,0.9398,0.0,0.283
1747290120000,85.6392,1.0,0.0694,0.9614,1.0,0.0305,1.2882,1.0,5.0829,0.9807,1.0,0.0,83.2786,0.0,21.1534,2.2828,0.9996,0.0211,1.0,0.0,0.0,0.0336,1.0,0.3458,36.7159,0.1458,1.0833,2.4458,0.5709,0.0255,1.0,0.0268,0.9426,0.0,0.2775
1747290180000,83.9982,1.0,0.0694,0.9763,1.0,0.0325,1.2384,0.9999,5.0592,0.977,1.0,0.0,83.081,0.0,20.5383,2.2704,0.9995,0.0213,1.0,0.0,0.0,0.035,1.0,0.341,35.1282,0.142,1.2,2.4304,0.5753,0.0248,1.0,0.0268,0.9408,0.0,0.2708
1747290240000,85.8002,1.0,0.0694,1.3127,1.0,0.0321,1.1695,0.9999,5.092,0.9795,1.0,0.0,86.0152,0.0,20.1688,2.2961,0.9996,0.0213,1.0,0.0,0.0,0.0348,1.0,0.3399,35.1476,0.1417,1.3333,2.584,0.5696,0.0265,1.0,0.0286,0.9437,0.0,0.265
1747290300000,81.1643,1.0,0.0694,0.8972,1.0,0.0312,1.1911,0.9999,5.0592,0.9785,1.0,0.0,82.0583,0.0,19.5547,2.3221,0.9996,0.0213,1.0,0.0,28.3455,0.0351,1.0,0.3272,35.1841,0.142,1.6111,2.4006,0.5752,0.026,1.0,0.0195,0.9379,0.0182,0.2617
1747290360000,85.0149,1.0,0.0694,0.9369,1.0,0.0318,1.447,0.9999,5.0737,0.9755,1.0,0.0,83.4782,0.0,20.4963,2.2941,0.9996,0.0212,1.0,0.0,0.0,0.0348,1.0,0.3296,36.9133,0.1408,1.5,2.6962,0.5706,0.0261,1.0,0.0298,0.9422,0.0182,0.2798
1747290420000,85.9601,1.0,0.0694,1.0474,1.0,0.03,1.201,0.9999,5.0465,0.9806,1.0,0.0,80.4944,0.0,19.8248,2.279,0.9997,0.0212,1.0,0.0,32.0727,0.0349,1.0,0.3362,34.2105,0.1457,1.5263,2.4805,0.5819,0.0261,1.0,0.0214,0.9404,0.0364,0.2702
1747290480000,82.8237,1.0,0.0694,0.9826,1.0,0.0326,1.3689,1.0,5.0685,0.9786,1.0,0.0,85.3679,0.0,20.1679,2.2757,0.9996,0.0212,1.0,0.0,13.4182,0.0368,1.0,0.3503,36.9631,0.1397,1.25,2.3658,0.5936,0.0263,1.0,0.0247,0.9424,0.0182,0.2764
1747290540000,85.2798,1.0,0.0694,1.0896,1.0,0.0335,1.4431,1.0,5.0655,0.9769,1.0,0.0,85.2149,0.0,20.5079,2.2613,0.9996,0.0212,1.0,0.0,39.6727,0.0358,1.0,0.3462,37.1745,0.1362,1.2857,2.3773,0.586,0.026,1.0,0.0208,0.9399,0.0545,0.2825
1747290600000,86.1963,1.0,0.0694,1.0419,1.0,0.0313,1.467,1.0,5.0855,0.9744,1.0,0.0,87.9558,0.0,21.0293,2.2655,0.9995,0.0212,1.0,0.0,15.0909,0.0353,1.0,0.3604,38.1214,0.1462,1.2941,2.467,0.5773,0.0257,1.0,0.0253,0.9392,0.0182,0.2796
1747290660000,83.3281,1.0,0.0694,0.9975,1.0,0.0299,1.1608,1.0,5.0621,0.9835,1.0,0.0,78.2399,0.0,20.603,2.2695,0.9997,0.0213,1.0,0.0,39.4,0.0363,1.0,0.3812,35.1323,0.1449,1.75,2.5953,0.5683,0.0262,1.0,0.0283,0.9432,0.0545,0.2837
1747290720000,81.5301,1.0,0.0694,1.0075,1.0,0.0276,1.5228,1.0,5.082,0.9845,1.0,0.0,78.0607,0.0,20.5661,2.2802,0.9997,0.0215,1.0,0.0,56.7455,0.0355,1.0,0.3494,33.1759,0.1445,1.2727,2.4192,0.5766,0.0261,1.0,0.0346,0.9462,0.0727,0.2688
1747290780000,83.3718,1.0,0.0694,0.9471,1.0,0.0317,1.8901,1.0,5.0391,0.9807,1.0,0.0,82.2684,0.0,20.2712,2.259,0.9996,0.0215,1.0,0.0,14.1818,0.0348,1.0,0.3423,37.1027,0.1403,1.625,2.542,0.5782,0.0264,1.0,0.0241,0.9395,0.0182,0.2685
1747290840000,84.1215,1.0,0.0694,0.8762,1.0,0.0333,1.1353,1.0,5.0555,0.9818,1.0,0.0,82.3145,0.0,20.0348,2.255,0.9997,0.0213,1.0,0.0,38.2727,0.0351,1.0,0.3427,34.9342,0.1421,1.2727,2.3263,0.5914,0.0263,1.0,0.0287,0.9401,0.0545,0.2749
1747290900000,80.4589,1.0,0.0694,1.0932,1.0,0.0343,1.5079,1.0,5.0518,0.9836,1.0,0.0,85.065,0.0,19.3938,2.2623,0.9997,0.0214,1.0,0.0,31.1455,0.0362,1.0,0.3599,35.8678,0.1406,1.3929,2.3698,0.5952,0.0264,1.0,0.0174,0.9396,0.0364,0.2735
1747290960000,80.4844,1.0,0.0694,0.999,1.0,0.0312,1.5241,0.9999,5.0436,0.9808,1.0,0.0,84.6554,0.0,19.5644,2.2803,0.9998,0.0213,1.0,0.0,105.4909,0.0352,1.0,0.3502,35.5813,0.1495,1.3214,2.779,0.5776,0.0262,1.0,0.0298,0.9399,0.1273,0.2718
1747291020000,80.2551,1.0,0.0694,0.9247,1.0,0.0318,1.387,1.0,5.0482,0.9805,1.0,0.0,85.2432,0.0,20.1919,2.2528,0.9997,0.0213,1.0,0.0,91.9818,0.0361,1.0,0.3414,35.0601,0.1435,1.2308,2.1569,0.5791,0.0264,1.0,0.0139,0.9408,0.1455,0.276
1747291080000,80.042,1.0,0.0694,1.1015,1.0,0.0327,1.6411,0.9999,5.0509,0.9814,1.0,0.0,86.2229,0.0,19.5397,2.2638,0.9997,0.0213,1.0,0.0,26.5818,0.0358,1.0,0.3312,35.6708,0.1439,1.7778,2.46,0.5777,0.0268,1.0,0.033,0.9409,0.0364,0.2598
1747291140000,83.9067,1.0,0.0694,0.9446,1.0,0.0318,1.1633,0.9999,5.0645,0.9737,1.0,0.0,91.4365,0.0,20.3917,2.2908,0.9997,0.0214,1.0,0.0,13.0182,0.0362,1.0,0.3257,37.4843,0.1481,1.2143,2.4263,0.5836,0.0266,1.0,0.019,0.9419,0.0182,0.2619
1747291200000,84.4792,1.0,0.0694,0.9674,1.0,0.0331,1.4176,1.0,5.0691,0.9814,1.0,0.0,82.2094,0.0,20.6575,2.2711,0.9996,0.0211,1.0,0.0,40.6727,0.0351,1.0,0.3435,38.297,0.1433,1.625,2.5328,0.5932,0.0272,1.0,0.0213,0.94,0.0545,0.2836
1747291260000,85.3151,1.0,0.0694,0.9358,1.0,0.0335,1.4877,0.9999,5.0736,0.9797,1.0,0.0,85.2112,0.0,20.7307,2.3015,0.9996,0.0214,1.0,0.0,0.0,0.0386,1.0,0.3594,39.138,0.1494,1.76,2.5547,0.5876,0.0281,1.0,0.0145,0.9418,0.0,0.2875
1747291320000,83.5244,1.0,0.0694,1.2269,1.0,0.0327,1.3105,0.9999,5.08,0.98,1.0,0.0,93.3673,0.0,20.7654,2.2908,0.9996,0.0212,1.0,0.0,9.6909,0.0373,1.0,0.3662,37.2903,0.141,1.4167,2.5409,0.5819,0.0273,1.0,0.0192,0.9424,0.0182,0.2877
1747291380000,83.1632,1.0,0.0694,1.1272,1.0,0.0338,1.3136,0.9999,5.0727,0.9844,1.0,0.0,81.8271,0.0,19.8605,2.2778,0.9996,0.0215,1.0,0.0,39.3273,0.0356,1.0,0.3785,35.1486,0.1411,1.1538,2.7595,0.592,0.027,1.0,0.0318,0.9401,0.0545,0.2832
1747291440000,83.6224,1.0,0.0694,0.8623,1.0,0.0342,1.3571,0.9998,5.0536,0.9778,1.0,0.0,90.4774,0.0,21.1081,2.3103,0.9997,0.0215,1.0,0.0,41.4364,0.0388,1.0,0.3734,39.5977,0.1424,1.1579,2.4199,0.5873,0.0278,1.0,0.0268,0.9452,0.0545,0.2811
1747291500000,86.1938,1.0,0.0694,1.0851,1.0,0.0321,1.2278,0.9999,5.0591,0.9775,1.0,0.0,81.8611,0.0,19.9242,2.2778,0.9996,0.0215,1.0,0.0,0.0,0.0352,1.0,0.3703,36.0112,0.1459,1.1429,2.5019,0.5794,0.0275,1.0,0.035,0.9444,0.0,0.2804
1747291560000,81.7778,1.0,0.0694,0.9123,1.0,0.0321,1.2318,0.9999,5.0836,0.9747,1.0,0.0,88.1778,0.0,20.5476,2.2522,0.9995,0.0217,1.0,0.0,0.4545,0.0372,1.0,0.3748,35.4069,0.1475,1.8148,2.4702,0.5721,0.0266,1.0,0.0136,0.9441,0.0,0.2794
1747291620000,83.9021,1.0,0.0694,0.9375,1.0,0.0322,1.1705,0.9999,5.0682,0.9841,1.0,0.0,74.8676,0.0,19.6809,2.2774,0.9997,0.0214,1.0,0.0,11.9636,0.0349,1.0,0.374,37.5899,0.141,1.4286,2.6566,0.5953,0.0268,1.0,0.0235,0.9397,0.0182,0.2744
1747291680000,84.581,1.0,0.0694,1.0219,1.0,0.032,1.2979,1.0,5.0891,0.9771,1.0,0.0,92.1463,0.0,20.5708,2.2784,0.9997,0.0216,1.0,0.0,0.0,0.0372,1.0,0.377,37.1736,0.1467,2.0,2.4846,0.594,0.0274,1.0,0.0279,0.9418,0.0,0.2889
1747291740000,83.3718,1.0,0.0694,0.8674,1.0,0.0293,1.3276,0.9999,5.08,0.9792,1.0,0.0,87.5317,0.0,21.1764,2.2845,0.9996,0.0215,1.0,0.0,0.0,0.0369,1.0,0.3494,36.1557,0.1479,1.4167,2.4239,0.5806,0.0264,1.0,0.0208,0.9407,0.0,0.2856
1747291800000,82.5234,1.0,0.0694,0.8734,1.0,0.0303,1.2891,0.9999,5.0591,0.9802,1.0,0.0,80.7104,0.0,19.845,2.2551,0.9996,0.0216,1.0,0.0,11.3455,0.0371,1.0,0.3401,34.0942,0.1455,1.4286,2.7955,0.5832,0.0265,1.0,0.0274,0.9424,0.0182,0.273
1747291860000,84.248,1.0,0.0694,0.9169,1.0,0.0335,1.3667,0.9998,5.0864,0.9786,1.0,0.0,93.931,0.0,20.6911,2.2871,0.9997,0.0216,1.0,0.0,14.7455,0.0373,1.0,0.3486,37.5566,0.1475,1.3793,2.4104,0.589,0.0273,1.0,0.0212,0.9413,0.0182,0.2762
1747291920000,84.0146,1.0,0.0694,0.9402,1.0,0.0316,1.1875,0.9999,5.0882,0.982,1.0,0.0,84.0655,0.0,20.2327,2.2907,0.9997,0.0217,1.0,0.0,13.2364,0.0386,1.0,0.3426,36.7208,0.1483,1.4118,2.5525,0.5803,0.0258,1.0,0.0187,0.9383,0.0182,0.287
1747291980000,82.4888,1.0,0.0694,0.9865,1.0,0.0314,1.2088,1.0,5.0664,0.9826,1.0,0.0,80.6643,0.0,20.555,2.2673,0.9997,0.0216,1.0,0.0,0.0,0.0355,1.0,0.3559,35.0028,0.1502,1.6667,2.74,0.5743,0.0257,1.0,0.0215,0.9445,0.0,0.2846
1747292040000,84.0522,1.0,0.0694,1.2375,1.0,0.0323,1.1698,0.9999,5.0682,0.9808,1.0,0.0,85.5401,0.0,20.1414,2.2941,0.9997,0.0217,1.0,0.0,0.0,0.0377,1.0,0.3503,36.0237,0.1469,1.0,2.3455,0.5822,0.026,1.0,0.0192,0.9395,0.0,0.2798
1747292100000,80.973,1.0,0.0694,0.969,1.0,0.0333,1.1555,1.0,5.0691,0.9783,1.0,0.0,82.2243,0.0,20.1208,2.279,0.9996,0.0219,1.0,0.0,0.0,0.0381,1.0,0.3566,35.2998,0.1452,1.4286,2.4998,0.5819,0.0256,1.0,0.0157,0.9416,0.0,0.2848
1747292160000,80.8217,1.0,0.0694,0.944,1.0,0.0342,1.2322,0.9999,5.0791,0.9806,1.0,0.0,89.5352,0.0,20.3576,2.2678,0.9996,0.0217,1.0,0.0,0.0,0.0377,1.0,0.3857,36.6684,0.1457,1.4615,2.4148,0.594,0.0265,1.0,0.0155,0.9398,0.0,0.2812
1747292220000,87.453,1.0,0.0694,1.0747,1.0,0.0314,1.3276,1.0,5.0491,0.9844,1.0,0.0,81.0611,0.0,20.2956,2.2517,0.9997,0.0217,1.0,0.0,0.0,0.0376,1.0,0.3704,37.3183,0.1496,1.2143,2.5732,0.5858,0.0272,1.0,0.0164,0.9414,0.0,0.2881
1747292280000,82.7797,1.0,0.0694,0.9173,1.0,0.0313,1.1936,1.0,5.0609,0.9802,1.0,0.0,86.2715,0.0,19.8808,2.265,0.9997,0.0219,1.0,0.0,0.0,0.0368,1.0,0.3865,36.7336,0.1519,1.6,2.572,0.5848,0.0269,1.0,0.0266,0.9423,0.0,0.3114
1747292340000,83.3237,1.0,0.0694,1.0244,1.0,0.033,1.2873,1.0,5.0558,0.9774,1.0,0.0,91.3019,0.0,20.1692,2.2662,0.9996,0.0218,1.0,0.0,0.0,0.0378,1.0,0.3883,36.3208,0.1531,1.2857,2.5736,0.5803,0.0271,1.0,0.0179,0.9427,0.0,0.2843
1747292400000,86.3824,1.0,0.0694,1.039,1.0,0.03,1.2312,1.0,5.0687,0.9698,1.0,0.0,90.4279,0.0,20.1908,2.2908,0.9997,0.0217,1.0,0.0,0.0,0.0366,1.0,0.3596,36.6048,0.1626,1.5263,2.6245,0.5969,0.0276,1.0,0.0236,0.9453,0.0,0.2758
1747292460000,85.0748,1.0,0.0694,0.9965,1.0,0.0323,1.25,1.0,5.05,0.9798,1.0,0.0,86.1871,0.0,20.1328,2.2698,0.9996,0.0217,1.0,0.0,0.0,0.0378,1.0,0.3632,36.5483,0.1555,1.4286,2.6611,0.5776,0.0274,1.0,0.029,0.9421,0.0,0.2897
1747292520000,82.4266,1.0,0.0694,0.9773,1.0,0.0315,1.1815,1.0,5.062,0.9823,1.0,0.0,87.6849,0.0,19.7508,2.3605,0.9996,0.0218,1.0,0.0,14.8364,0.0386,1.0,0.377,37.277,0.1571,1.5385,2.6449,0.5921,0.026,1.0,0.0239,0.9419,0.0182,0.2843
1747292580000,85.4617,1.0,0.0694,0.9545,1.0,0.0278,1.2536,1.0,5.0664,0.9837,1.0,0.0,79.2115,0.0,19.757,2.286,0.9997,0.0219,1.0,0.0,0.0,0.0377,1.0,0.3695,33.9484,0.1577,1.25,2.7063,0.5868,0.0259,1.0,0.0249,0.9434,0.0,0.2947
1747292640000,83.8417,1.0,0.0694,0.8837,1.0,0.0326,1.1722,0.9999,5.0582,0.9797,1.0,0.0,82.0344,0.0,20.4712,2.2949,0.9996,0.0218,1.0,0.0,0.0,0.0362,1.0,0.3699,36.0217,0.1511,1.4615,2.7517,0.5808,0.0274,1.0,0.0273,0.9412,0.0,0.2879
1747292700000,81.6404,0.9998,0.0694,0.9533,1.0,0.0326,1.2427,0.9999,5.0591,0.9783,1.0,0.0,92.9627,0.0,20.1579,2.298,0.9996,0.0217,1.0,0.0,0.0,0.0367,1.0,0.3683,37.936,0.157,1.4667,2.6976,0.584,0.0275,1.0,0.0273,0.9382,0.0,0.2913
1747292760000,85.8182,1.0,0.0694,1.0765,1.0,0.0317,1.196,0.9999,5.0611,0.9774,1.0,0.0,90.4216,0.0,20.1292,2.3084,0.9997,0.022,1.0,0.0,0.0,0.0373,1.0,0.3711,36.5807,0.1624,1.3448,2.7392,0.5819,0.0277,1.0,0.0365,0.9444,0.0,0.2953
1747292820000,83.9737,1.0,0.0694,0.9065,1.0,0.0298,1.3316,1.0,5.0718,0.9817,1.0,0.0,86.5339,0.0,20.2671,2.2698,0.9997,0.0219,1.0,0.0,0.0,0.0381,1.0,0.3654,34.9734,0.1606,1.3636,2.487,0.5739,0.0269,1.0,0.0284,0.94,0.0,0.2881
1747292880000,84.3427,1.0,0.0694,1.1199,1.0,0.0311,1.2104,0.9998,5.0693,0.9812,1.0,0.0,86.2211,0.0,20.3988,2.3192,0.9997,0.0219,1.0,0.0,0.0,0.0389,1.0,0.3522,36.4227,0.1582,1.1111,2.4231,0.5726,0.0273,1.0,0.0309,0.9398,0.0,0.2786
1747292940000,84.94,1.0,0.0694,0.9763,1.0,0.0315,1.1307,1.0,5.0694,0.9814,1.0,0.0,88.6698,0.0,20.3861,2.299,0.9996,0.0219,1.0,0.0,0.0,0.0372,1.0,0.3671,37.4762,0.1551,1.1667,2.7173,0.5895,0.0276,1.0,0.02,0.9423,0.0,0.2868
1747293000000,83.5212,1.0,0.0694,0.9004,1.0,0.0319,1.2541,0.9999,5.0706,0.9849,1.0,0.0,85.2848,0.0,20.4693,2.277,0.9997,0.0221,1.0,0.0,0.0,0.0371,1.0,0.387,35.6311,0.153,1.3333,2.5532,0.592,0.0274,1.0,0.0244,0.9429,0.0,0.321
1747293060000,83.4139,1.0,0.0694,0.9663,1.0,0.031,1.2551,1.0,5.0639,0.9773,1.0,0.0,85.4014,0.0,20.3386,2.2752,0.9995,0.0221,1.0,0.0,27.5818,0.0396,1.0,0.3661,36.3537,0.1587,1.5357,2.8775,0.577,0.0267,1.0,0.0275,0.9438,0.0364,0.2828
1747293120000,82.9828,1.0,0.0694,1.1979,1.0,0.033,1.4333,1.0,5.0477,0.9785,1.0,0.0,88.4541,0.0,20.0477,2.2851,0.9996,0.022,1.0,0.0,47.1091,0.039,1.0,0.371,36.5897,0.1545,1.4615,2.5513,0.5934,0.0281,1.0,0.0184,0.9402,0.0545,0.2894
1747293180000,81.8149,1.0,0.0694,1.0407,1.0,0.0326,1.2838,1.0,5.0282,0.9783,1.0,0.0,85.9111,0.0,20.7134,2.265,0.9996,0.0221,1.0,0.0,0.0,0.0385,1.0,0.3846,35.507,0.1582,1.5,2.5464,0.5837,0.0282,1.0,0.0237,0.9406,0.0,0.2957
1747293240000,82.3087,1.0,0.0694,0.9825,1.0,0.033,1.1755,1.0,5.0871,0.9775,1.0,0.0,91.9386,0.0,20.8743,2.2607,0.9997,0.0223,1.0,0.0,42.2727,0.0399,1.0,0.3756,38.8853,0.1525,1.3636,2.5093,0.5775,0.0287,1.0,0.0188,0.9401,0.0364,0.2847
1747293300000,82.0498,1.0,0.0694,1.0972,1.0,0.0312,1.3535,0.9999,5.0805,0.9877,1.0,0.0,73.7722,0.0,19.4481,2.2691,0.9997,0.0222,1.0,0.0,26.2545,0.0397,1.0,0.3738,36.1926,0.1528,1.2941,2.3862,0.592,0.0271,1.0,0.0219,0.9421,0.0545,0.2912
1747293360000,82.5795,1.0,0.0694,0.9795,1.0,0.0336,1.4337,1.0,5.0889,0.9851,1.0,0.0,84.2111,0.0,20.4333,2.2836,0.9998,0.0223,1.0,0.0,28.2,0.0385,1.0,0.4003,36.3233,0.1529,1.1379,2.5293,0.5828,0.0266,1.0,0.0123,0.9446,0.0364,0.2899
1747293420000,81.9122,1.0,0.0694,0.8945,1.0,0.0332,1.6262,1.0,5.0367,0.9824,1.0,0.0,85.8252,0.0,20.4284,2.2944,0.9997,0.0227,1.0,0.0,54.3818,0.0392,1.0,0.3946,35.4682,0.1545,1.1111,2.3812,0.5796,0.0269,1.0,0.0182,0.9415,0.0727,0.2847
1747293480000,82.3714,1.0,0.0694,0.9564,1.0,0.0334,1.7303,0.9999,5.0412,0.9795,1.0,0.0,89.3612,0.0,20.2997,2.3042,0.9997,0.0224,1.0,0.0,16.5455,0.0396,1.0,0.3781,37.0644,0.1518,1.0,2.4134,0.5848,0.0282,1.0,0.0142,0.9375,0.0182,0.2937
1747293540000,79.8699,1.0,0.0694,0.8777,1.0,0.0347,1.2361,1.0,5.0949,0.9739,1.0,0.0,89.5373,0.0,20.6002,2.2883,0.9995,0.0223,1.0,0.0,26.0364,0.0386,1.0,0.3789,37.6183,0.1517,1.25,2.5389,0.5813,0.0276,1.0,0.019,0.9404,0.0364,0.2947
1747293600000,80.1814,1.0,0.0694,0.8996,1.0,0.0354,1.2218,0.9999,5.0773,0.9775,1.0,0.0,90.8791,0.0,20.5368,2.3431,0.9996,0.0223,1.0,0.0,42.8727,0.0376,1.0,0.3929,36.6223,0.151,1.4444,2.4898,0.5799,0.0284,1.0,0.0224,0.9398,0.0545,0.2944
1747293660000,81.7567,1.0,0.0694,0.929,1.0,0.0337,1.2609,1.0,5.0991,0.9777,1.0,0.0,90.184,0.0,20.6853,2.3252,0.9995,0.0222,1.0,0.0,134.7818,0.0401,1.0,0.3822,37.6174,0.1532,1.6071,2.5588,0.5784,0.0283,1.0,0.0175,0.9377,0.1636,0.2838
1747293720000,80.6798,0.9998,0.0694,0.8941,1.0,0.0345,1.9922,0.9999,5.0088,0.984,1.0,0.0,87.2752,0.0,20.405,2.355,0.9997,0.0224,1.0,0.0,42.9455,0.0389,1.0,0.3809,35.8699,0.1528,1.1429,2.5382,0.5879,0.0275,1.0,0.0131,0.9422,0.0545,0.3015
1747293780000,80.5557,1.0,0.0694,1.0135,1.0,0.0322,1.3894,0.9999,5.1083,0.9811,1.0,0.0,87.162,0.0,19.9914,2.3486,0.9997,0.0226,1.0,0.0,45.3818,0.0393,1.0,0.4035,34.9638,0.1543,0.75,2.7204,0.5793,0.0279,1.0,0.0223,0.9425,0.0545,0.3007
1747293840000,78.4559,1.0,0.0694,1.1023,1.0,0.0324,1.2685,0.9999,5.117,0.9798,1.0,0.0,88.0212,0.0,19.6289,2.3469,0.9996,0.0227,1.0,0.0,26.1273,0.0414,1.0,0.3853,35.9211,0.1543,1.625,2.3842,0.5874,0.0281,1.0,0.018,0.943,0.0364,0.2898
1747293900000,81.9345,1.0,0.0694,1.1052,1.0,0.0324,1.6191,1.0,5.1109,0.9794,1.0,0.0,89.3626,0.0,19.9316,2.3469,0.9996,0.0224,1.0,0.0,50.3455,0.0406,1.0,0.3734,36.7343,0.1564,1.4286,2.4134,0.5806,0.0281,1.0,0.0147,0.9384,0.0727,0.2886
1747293960000,78.8804,1.0,0.0694,0.8491,1.0,0.0342,1.6469,1.0,5.1118,0.9797,1.0,0.0,89.5565,0.0,20.5668,2.3306,0.9997,0.0225,1.0,0.0,0.0,0.0391,1.0,0.3757,38.5351,0.1491,1.5152,2.4191,0.5735,0.0282,1.0,0.0227,0.9416,0.0,0.2897
1747294020000,79.9391,1.0,0.0694,1.0433,1.0,0.0331,1.1698,0.9999,5.1111,0.9865,1.0,0.0,74.3931,0.0,19.6497,2.3309,0.9997,0.0226,1.0,0.0,0.0,0.0382,1.0,0.3672,36.2353,0.1529,1.3077,2.4906,0.5748,0.0281,1.0,0.0216,0.9416,0.0,0.2821
1747294080000,75.5905,1.0,0.0694,0.8958,1.0,0.0352,1.2282,1.0,5.1118,0.9789,1.0,0.0,86.5476,0.0,19.6287,2.3398,0.9996,0.0228,1.0,0.0,0.0,0.04,1.0,0.3565,34.6852,0.1457,1.1667,2.554,0.5881,0.0279,1.0,0.0166,0.9374,0.0,0.2838
1747294140000,80.7411,1.0,0.0694,1.0268,1.0,0.0351,1.2202,0.9999,5.1091,0.9829,1.0,0.0,89.1867,0.0,20.3681,2.3494,0.9997,0.0228,1.0,0.0,37.0727,0.0417,1.0,0.3684,38.9875,0.1534,1.2,2.5005,0.5931,0.0282,1.0,0.017,0.9418,0.0545,0.2869
1747294200000,82.5279,1.0,0.0694,1.0773,1.0,0.0347,1.2248,1.0,5.1045,0.978,1.0,0.0,95.2694,0.0,20.7414,2.339,0.9996,0.0226,1.0,0.0,60.2545,0.0409,1.0,0.3631,39.0986,0.1533,1.3846,2.5964,0.6074,0.0284,1.0,0.0205,0.9393,0.0727,0.3029
1747294260000,81.368,1.0,0.0694,1.0901,1.0,0.0316,1.5678,1.0,5.1036,0.9808,1.0,0.0,91.6179,0.0,20.6793,2.3392,0.9997,0.0228,1.0,0.0,0.0,0.0411,1.0,0.3913,39.6086,0.1619,1.4815,2.3609,0.5891,0.0283,1.0,0.0198,0.9415,0.0,0.3096
1747294320000,79.9132,1.0,0.0694,1.02,1.0,0.0359,1.3445,0.9999,5.0991,0.9779,1.0,0.0,84.8589,0.0,19.4536,2.3169,0.9997,0.0228,1.0,0.0,0.0,0.0414,1.0,0.3893,36.2292,0.1526,1.625,2.5335,0.5853,0.0267,1.0,0.0176,0.9377,0.0,0.3091
1747294380000,80.0355,1.0,0.0694,0.9953,1.0,0.0351,1.209,0.9999,5.1209,0.9795,1.0,0.0,93.9705,0.0,20.3108,2.3323,0.9997,0.0229,1.0,0.0,0.0,0.0433,1.0,0.3964,38.2908,0.1579,1.1429,2.224,0.5895,0.0279,1.0,0.0162,0.941,0.0,0.2842
1747294440000,80.3915,1.0,0.0694,0.9057,1.0,0.033,1.2625,1.0,5.1127,0.9819,1.0,0.0,89.4464,0.0,20.0097,2.3342,0.9997,0.0229,1.0,0.0,12.5091,0.0404,1.0,0.3992,37.137,0.1585,1.2857,2.402,0.5817,0.0276,1.0,0.0163,0.9431,0.0182,0.296
1747294500000,79.8259,1.0,0.0694,1.0749,1.0,0.032,1.2586,1.0,5.0991,0.9842,1.0,0.0,85.8976,0.0,20.0187,2.3296,0.9997,0.0228,1.0,0.0,0.0,0.0426,1.0,0.3825,35.7853,0.1571,1.4,2.6329,0.5853,0.0282,1.0,0.0255,0.9407,0.0,0.2912
1747294560000,79.0615,1.0,0.0694,1.0572,1.0,0.032,1.2178,0.9999,5.1155,0.9814,1.0,0.0,86.0935,0.0,19.8961,2.3289,0.9996,0.0229,1.0,0.0,0.0,0.0421,1.0,0.3529,35.2518,0.1596,1.2222,2.555,0.585,0.0283,1.0,0.0208,0.9413,0.0,0.2835
1747294620000,80.12,1.0,0.0694,0.9592,1.0,0.0326,1.2264,1.0,5.1128,0.9804,1.0,0.0,85.6758,0.0,20.2225,2.3315,0.9996,0.0227,1.0,0.0,0.0,0.0423,1.0,0.3611,36.2258,0.1568,1.2143,2.2914,0.58,0.0279,1.0,0.027,0.9436,0.0,0.2905
1747294680000,81.0962,1.0,0.0694,0.9917,1.0,0.0352,1.2297,0.9999,5.0991,0.9733,1.0,0.0,93.9002,0.0,20.6277,2.3137,0.9996,0.0228,1.0,0.0,14.4,0.0411,1.0,0.3814,39.2279,0.1588,1.2,2.4997,0.5952,0.0292,1.0,0.0377,0.9398,0.0182,0.2914
1747294740000,82.5272,1.0,0.0694,0.9646,1.0,0.0389,1.2318,1.0,5.1127,0.9747,1.0,0.0,99.9666,0.0,20.5669,2.3197,0.9996,0.0227,1.0,0.0,0.0,0.0433,1.0,0.3773,39.5714,0.1612,1.2143,2.4017,0.586,0.03,1.0,0.0283,0.9386,0.0,0.3088
1747294800000,80.6416,1.0,0.0694,0.9215,1.0,0.0366,1.3739,1.0,5.082,0.9786,1.0,0.0,89.3182,0.0,20.6121,2.3615,0.9996,0.0231,1.0,0.0,14.0364,0.0415,1.0,0.3946,37.4972,0.1577,1.3125,2.5288,0.589,0.029,1.0,0.0184,0.9417,0.0182,0.3105
1747294860000,79.2244,1.0,0.0694,0.9518,1.0,0.0338,1.2102,1.0,5.0382,0.9817,1.0,0.0,82.677,0.0,19.9715,2.3149,0.9996,0.0229,1.0,0.0,12.2909,0.0424,1.0,0.396,38.9535,0.1637,1.8889,2.673,0.5878,0.029,1.0,0.0347,0.9417,0.0182,0.2967
1747294920000,82.3587,1.0,0.0694,1.1499,1.0,0.0345,1.2226,1.0,5.1028,0.9786,1.0,0.0,89.9156,0.0,20.5516,2.3013,0.9996,0.023,1.0,0.0,0.0,0.0421,1.0,0.3977,37.3418,0.1611,1.381,2.508,0.5743,0.029,1.0,0.0229,0.9429,0.0,0.3071
1747294980000,78.9019,1.0,0.0694,1.0674,1.0,0.0348,1.2054,1.0,5.0745,0.9778,1.0,0.0,92.7246,0.0,19.96,2.3174,0.9996,0.0231,1.0,0.0,0.0,0.0406,1.0,0.3954,36.409,0.1631,1.0769,2.558,0.5833,0.0292,1.0,0.0283,0.9382,0.0,0.3005
1747295040000,79.6696,1.0,0.0694,0.9581,1.0,0.0338,1.1797,1.0,5.1127,0.98,1.0,0.0,95.3858,0.0,20.2133,2.2954,0.9997,0.0231,1.0,0.0,0.0,0.0418,1.0,0.372,38.5376,0.164,1.7778,2.4177,0.58,0.0294,1.0,0.0162,0.9364,0.0,0.2996
1747295100000,81.2663,1.0,0.0694,0.9573,1.0,0.0329,1.1468,0.9998,5.0782,0.9797,1.0,0.0,90.0007,0.0,20.4668,2.3095,0.9996,0.0229,1.0,0.0,0.0,0.0401,1.0,0.3826,37.4343,0.1626,1.6,2.4811,0.5918,0.0294,1.0,0.0233,0.9376,0.0,0.3107
1747295160000,79.6952,1.0,0.0694,1.0625,1.0,0.0335,1.2571,1.0,5.1,0.9804,1.0,0.0,88.9967,0.0,20.4115,2.2775,0.9996,0.0231,1.0,0.0,10.0364,0.0432,1.0,0.3997,38.4703,0.1599,2.0345,2.6071,0.5823,0.029,1.0,0.0309,0.94,0.0,0.3309
1747295220000,79.1393,1.0,0.0694,0.9033,1.0,0.0346,1.2544,1.0,5.0855,0.9727,1.0,0.0,91.3036,0.0,20.2671,2.3141,0.9994,0.0231,1.0,0.0,0.0,0.042,1.0,0.3865,37.2807,0.1544,1.5833,2.5528,0.5811,0.0294,1.0,0.0209,0.9394,0.0182,0.2962
1747295280000,78.0484,1.0,0.0694,0.9016,1.0,0.032,1.2833,0.9999,5.1127,0.9803,1.0,0.0,90.3383,0.0,20.2492,2.272,0.9996,0.0233,1.0,0.0,0.0,0.042,1.0,0.3576,36.3277,0.1612,1.3333,2.3819,0.5771,0.0291,1.0,0.0169,0.9419,0.0,0.2926
1747295340000,76.9991,0.9999,0.0694,0.8815,1.0,0.0326,1.2126,0.9999,5.0818,0.9819,1.0,0.0,86.2776,0.0,19.8291,2.282,0.9997,0.0233,1.0,0.0,0.0,0.0408,1.0,0.3773,35.7769,0.1602,1.9167,2.6056,0.5793,0.0289,1.0,0.0125,0.9398,0.0,0.2916
1747295400000,78.1777,1.0,0.0694,0.8672,1.0,0.0334,1.2045,0.9999,5.1045,0.9826,1.0,0.0,88.4311,0.0,19.6435,2.3012,0.9997,0.0238,1.0,0.0,0.0,0.0425,1.0,0.3574,36.0746,0.1653,1.4444,2.6607,0.5872,0.0289,1.0,0.0251,0.9414,0.0,0.2933
1747295460000,80.1082,1.0,0.0694,0.9179,1.0,0.0333,1.167,1.0,5.0791,0.9813,1.0,0.0,90.4424,0.0,19.815,2.2989,0.9997,0.0235,1.0,0.0,0.0,0.0431,1.0,0.4,36.4905,0.1708,1.9189,2.5307,0.5983,0.028,1.0,0.0231,0.9391,0.0,0.2997
1747295520000,79.6721,1.0,0.0694,0.8459,1.0,0.0352,1.2332,1.0,5.1255,0.9767,1.0,0.0,96.6066,0.0,20.3785,2.3339,0.9996,0.0236,1.0,0.0,0.0,0.0444,1.0,0.3951,38.4507,0.167,1.7857,2.3833,0.5927,0.0293,1.0,0.0262,0.9397,0.0,0.3135
1747295580000,80.9352,1.0,0.0694,0.962,1.0,0.034,1.3084,1.0,5.0845,0.9804,1.0,0.0,93.4902,0.0,20.1436,2.2922,0.9996,0.0232,1.0,0.0,0.0,0.0433,1.0,0.3934,38.9146,0.167,1.6667,2.3617,0.5917,0.0295,1.0,0.0235,0.9388,0.0,0.3165
1747295640000,79.7267,1.0,0.0694,1.0183,1.0,0.0332,1.2847,0.9999,5.0982,0.979,1.0,0.0,90.2828,0.0,19.9647,2.3012,0.9996,0.0236,1.0,0.0,0.0,0.0427,1.0,0.3947,37.1681,0.1663,1.6429,2.5907,0.5875,0.0294,1.0,0.0168,0.938,0.0,0.3067
1747295700000,81.2092,1.0,0.0694,1.0998,1.0,0.0348,1.3237,0.9999,5.0573,0.9809,1.0,0.0,89.4161,0.0,19.7903,2.2772,0.9997,0.0235,1.0,0.0,0.6182,0.0435,1.0,0.3858,37.6434,0.1656,1.4375,2.5634,0.5918,0.0295,1.0,0.0193,0.94,0.0,0.3004
1747295760000,77.7466,1.0,0.0694,0.8448,1.0,0.0368,1.2339,1.0,5.0964,0.9764,1.0,0.0,97.6186,0.0,20.0974,2.3345,0.9996,0.0235,1.0,0.0,26.8,0.044,1.0,0.3743,39.8183,0.1636,2.2,2.4261,0.5968,0.0306,1.0,0.0238,0.9375,0.0364,0.3039
1747295820000,80.2783,1.0,0.0694,1.0302,1.0,0.0338,1.1963,1.0,5.0727,0.9779,1.0,0.0,93.5581,0.0,20.6669,2.3098,0.9997,0.0237,1.0,0.0,35.1636,0.0428,1.0,0.396,38.4639,0.1676,1.5,2.4656,0.5936,0.0303,1.0,0.0313,0.9393,0.0545,0.3064
1747295880000,78.3205,1.0,0.0694,0.9743,1.0,0.0356,1.7733,1.0,5.0573,0.9797,1.0,0.0,94.2601,0.0,20.183,2.3132,0.9996,0.0238,1.0,0.0,16.4182,0.0469,1.0,0.4201,37.8846,0.1671,2.0,2.4103,0.5859,0.0302,1.0,0.0147,0.9374,0.0182,0.3263
1747295940000,78.7168,1.0,0.0694,1.0097,1.0,0.0352,1.3507,1.0,5.0845,0.9819,1.0,0.0,92.6719,0.0,19.9362,2.3083,0.9997,0.0237,1.0,0.0,33.3455,0.0446,1.0,0.4335,38.0965,0.1668,1.4706,2.3748,0.5934,0.0314,1.0,0.0297,0.9378,0.0364,0.3103
1747296000000,79.4166,1.0,0.0694,0.9972,1.0,0.035,1.2336,1.0,5.1264,0.993,1.0,0.0,23.9552,0.0,20.0355,2.3491,0.9996,0.0235,1.0,0.0,38.1091,0.0643,1.0,0.4198,36.0047,0.1687,2.0714,2.5561,0.5915,0.0295,1.0,0.0214,0.9391,0.0545,0.301
1747296060000,77.6767,1.0,0.0694,1.0613,1.0,0.0356,1.4266,0.9999,5.0864,0.9951,1.0,0.0,22.3667,0.0,19.9286,2.386,0.9996,0.0236,1.0,0.0,40.5091,0.0436,1.0,0.4204,37.2663,0.165,1.6774,2.5264,0.5836,0.0289,1.0,0.0451,0.941,0.0545,0.314
1747296120000,78.7198,1.0,0.0694,1.0063,1.0,0.0363,1.1848,1.0,5.0973,0.9881,1.0,0.0,50.9504,0.0,19.9378,2.3627,0.9996,0.0235,1.0,0.0,38.6909,0.0449,1.0,0.4169,38.9494,0.1639,1.3571,2.562,0.5867,0.0308,1.0,0.0238,0.9389,0.0545,0.3105
1747296180000,76.3954,1.0,0.0694,0.8655,1.0,0.0346,1.4711,1.0,5.0836,0.989,1.0,0.0,52.1367,0.0,19.9451,2.352,0.9996,0.0239,1.0,0.0,15.3091,0.045,1.0,0.4257,37.9789,0.1682,1.25,2.7011,0.5795,0.0321,1.0,0.0364,0.9391,0.0182,0.3113
1747296240000,76.2426,1.0,0.0694,0.9608,1.0,0.035,1.2185,1.0,5.0983,0.994,1.0,0.0,25.3028,0.0,20.3694,2.3347,0.9996,0.0239,1.0,0.0,30.6364,0.0447,1.0,0.4037,38.4434,0.1664,1.2857,2.4934,0.5935,0.0314,1.0,0.0173,0.9395,0.0364,0.3078
1747296300000,79.0285,1.0,0.0694,1.0491,1.0,0.0367,1.1487,1.0,5.1145,0.9951,1.0,0.0,25.3479,0.0,19.8573,2.3642,0.9997,0.0239,1.0,0.0,29.8727,0.0447,1.0,0.3906,38.7443,0.164,1.625,2.6606,0.6037,0.0311,1.0,0.0221,0.9379,0.0364,0.3282
1747296360000,78.8023,1.0,0.0694,0.976,1.0,0.0345,1.5347,1.0,5.1067,0.9822,1.0,0.0,82.583,0.0,19.8972,2.3577,0.9996,0.0238,1.0,0.0,128.5636,0.0442,1.0,0.4155,37.4101,0.171,1.7586,2.3934,0.5984,0.0297,1.0,0.0179,0.9374,0.1818,0.328
1747296420000,80.875,1.0,0.0694,1.0566,1.0,0.0354,1.5891,1.0,5.0855,0.9878,1.0,0.0,65.426,0.0,20.1912,2.3338,0.9997,0.0241,1.0,0.0,17.0,0.0445,1.0,0.3967,37.9771,0.17,2.0,2.4102,0.5908,0.0299,1.0,0.0302,0.9383,0.0182,0.3216
1747296480000,75.8144,1.0,0.0694,0.9733,1.0,0.0358,1.3971,1.0,5.1031,0.994,1.0,0.0,25.6567,0.0,19.9897,2.342,0.9996,0.024,1.0,0.0,73.3091,0.0469,1.0,0.3901,37.282,0.1696,1.25,2.4399,0.5823,0.0309,1.0,0.0294,0.9377,0.0909,0.3163
1747296540000,76.3789,1.0,0.0694,0.9901,1.0,0.0358,1.4574,0.9999,5.0955,0.9909,1.0,0.0,38.5467,0.0,20.0313,2.3418,0.9996,0.0237,1.0,0.0,15.5273,0.0459,1.0,0.389,39.5287,0.1747,1.8,2.3916,0.589,0.0301,1.0,0.0389,0.9361,0.0182,0.3282
1747296600000,76.0961,1.0,0.0694,0.8768,1.0,0.0337,1.2314,0.9999,5.1182,0.9827,1.0,0.0,77.6992,0.0,20.0633,2.325,0.9997,0.0239,1.0,0.0,19.9091,0.0447,1.0,0.4076,37.1995,0.1759,1.9375,2.3559,0.589,0.0298,1.0,0.0249,0.9371,0.0364,0.3268
1747296660000,77.8159,1.0,0.0694,0.9881,1.0,0.0334,1.2274,1.0,5.0978,0.9818,1.0,0.0,89.0226,0.0,20.2804,2.3332,0.9996,0.0241,1.0,0.0,14.0727,0.045,1.0,0.4192,37.0309,0.1715,2.3,2.5517,0.5787,0.0288,1.0,0.0221,0.9408,0.0182,0.3058
1747296720000,77.8068,1.0,0.0694,1.058,1.0,0.0355,1.1366,1.0,5.1001,0.9793,1.0,0.0,87.3201,0.0,19.669,2.3247,0.9996,0.0244,1.0,0.0,0.0,0.046,1.0,0.4314,36.0334,0.1649,1.5,2.5905,0.5837,0.029,1.0,0.0293,0.9383,0.0,0.3052
1747296780000,77.8494,1.0,0.0694,1.0925,1.0,0.037,1.2498,0.9999,5.0892,0.974,1.0,0.0,97.5441,0.0,20.6309,2.3397,0.9995,0.0241,1.0,0.0,0.0,0.0495,1.0,0.4067,40.029,0.173,1.1111,2.4962,0.5842,0.0318,1.0,0.0396,0.9372,0.0,0.3025
1747296840000,76.7397,1.0,0.0694,0.993,1.0,0.0353,1.2581,1.0,5.1227,0.9758,1.0,0.0,97.6774,0.0,20.0229,2.3431,0.9995,0.0244,1.0,0.0,11.8909,0.0679,1.0,0.407,38.5541,0.1767,1.3636,2.5807,0.5964,0.0314,1.0,0.0223,0.939,0.0182,0.3243
1747296900000,75.6438,1.0,0.0694,0.9077,1.0,0.0335,1.4295,0.9999,5.0982,0.9818,1.0,0.0,81.5853,0.0,19.8724,2.3354,0.9996,0.0242,1.0,0.0,0.0,0.0457,1.0,0.4232,36.518,0.1744,1.625,2.3655,0.5883,0.0296,1.0,0.022,0.9385,0.0,0.3272
1747296960000,78.4211,1.0,0.0694,1.0958,1.0,0.0343,1.1665,1.0,5.1027,0.9858,1.0,0.0,82.8909,0.0,19.5804,2.3155,0.9997,0.0243,1.0,0.0,0.2909,0.0465,1.0,0.4244,37.6257,0.1744,1.4839,2.5098,0.5871,0.0293,1.0,0.0376,0.9378,0.0,0.3111
1747297020000,76.476,1.0,0.0694,0.9069,1.0,0.0341,1.1751,0.9999,5.0847,0.9811,1.0,0.0,87.5215,0.0,20.0225,2.325,0.9996,0.0244,1.0,0.0,17.9273,0.0447,1.0,0.3983,36.6548,0.171,1.2105,2.5658,0.5823,0.0296,1.0,0.0203,0.9407,0.0364,0.3192
1747297080000,74.4695,1.0,0.0694,0.9555,1.0,0.0344,1.4191,0.9999,5.1255,0.9794,1.0,0.0,93.5384,0.0,19.812,2.3274,0.9998,0.0243,1.0,0.0,12.6182,0.0463,1.0,0.3928,37.2924,0.1772,1.1667,2.4694,0.5872,0.0306,1.0,0.0178,0.9374,0.0182,0.3128
1747297140000,75.0938,1.0,0.0694,0.8877,1.0,0.0345,1.2029,1.0,5.1145,0.98,1.0,0.0,90.1159,0.0,19.6184,2.3411,0.9997,0.0245,1.0,0.0,32.6909,0.0473,1.0,0.3981,36.1285,0.1753,1.5,2.5607,0.5824,0.0298,1.0,0.0193,0.9371,0.0364,0.3246
1747297200000,75.7193,1.0,0.0694,0.893,1.0,0.0329,1.7747,1.0,5.1209,0.9943,1.0,0.0,26.063,0.0,20.4066,2.3393,0.9996,0.0245,1.0,0.0,0.0,0.0474,1.0,0.3878,36.9906,0.1793,1.9375,2.5721,0.5883,0.0311,1.0,0.0211,0.9349,0.0,0.3084
1747297260000,75.6186,1.0,0.0694,0.9562,1.0,0.0324,1.2057,1.0,5.1164,0.9951,1.0,0.0,22.8268,0.0,20.1621,2.348,0.9997,0.0244,1.0,0.0,13.4545,0.0483,1.0,0.409,36.3973,0.1769,1.3333,2.3969,0.5885,0.0308,1.0,0.0228,0.9385,0.0182,0.3204
1747297320000,79.2317,1.0,0.0694,0.8465,1.0,0.0331,1.3058,0.9999,5.0909,0.9896,1.0,0.0,50.4709,0.0,20.0492,2.3555,0.9997,0.0245,1.0,0.0,0.0,0.0455,1.0,0.4225,37.5036,0.1849,1.1818,2.6457,0.5866,0.0311,1.0,0.0305,0.9384,0.0,0.3208
1747297380000,78.6981,1.0,0.0694,0.9557,1.0,0.0356,1.248,1.0,5.0709,0.9853,1.0,0.0,58.054,0.0,20.3776,2.3822,0.9996,0.0245,1.0,0.0,9.4909,0.048,1.0,0.4355,39.3352,0.1787,1.1111,2.3015,0.5855,0.032,1.0,0.0349,0.9356,0.0182,0.3164
1747297440000,79.897,1.0,0.0694,0.9702,1.0,0.0353,1.3976,1.0,5.0745,0.9931,1.0,0.0,30.0275,0.0,20.4484,2.3477,0.9995,0.0246,1.0,0.0,0.0,0.0486,0.9999,0.4094,40.1535,0.1831,1.05,2.3845,0.5964,0.0322,1.0,0.0322,0.9374,0.0,0.3267
1747297500000,78.7247,1.0,0.0694,1.1024,1.0,0.0327,1.1961,1.0,5.0564,0.994,1.0,0.0,27.0268,0.0,20.5239,2.3429,0.9996,0.0248,1.0,0.0,0.0,0.0478,1.0,0.4165,38.588,0.186,1.2609,2.4924,0.5971,0.0321,1.0,0.043,0.9357,0.0,0.3307
1747297560000,76.8198,1.0,0.0694,0.8823,1.0,0.0339,1.2537,1.0,5.0787,0.9818,1.0,0.0,77.0114,0.0,20.0667,2.3712,0.9996,0.0246,1.0,0.0,14.9818,0.0506,1.0,0.4038,37.2381,0.1851,1.5385,2.4555,0.5849,0.0315,1.0,0.017,0.9351,0.0182,0.3309
1747297620000,79.4012,1.0,0.0694,0.9916,1.0,0.0326,1.2654,1.0,5.04,0.9846,1.0,0.0,71.3004,0.0,20.3417,2.3925,0.9996,0.0247,1.0,0.0,0.0,0.0485,1.0,0.4254,38.5791,0.1876,2.0,2.6307,0.5813,0.0329,1.0,0.0259,0.9339,0.0,0.3241
1747297680000,78.6003,1.0,0.0694,1.0321,1.0,0.0337,1.2055,1.0,5.0827,0.9935,1.0,0.0,27.6642,0.0,20.2853,2.3753,0.9996,0.0249,1.0,0.0,0.0,0.0508,1.0,0.4177,38.3543,0.1836,1.0,2.3701,0.5877,0.033,1.0,0.027,0.9357,0.0,0.3235
1747297740000,78.0067,1.0,0.0694,0.9816,1.0,0.0335,1.1847,1.0,5.0403,0.9917,1.0,0.0,36.4106,0.0,19.6668,2.3455,0.9997,0.0248,1.0,0.0,0.0,0.048,1.0,0.4389,37.2098,0.186,2.0833,2.4094,0.5908,0.0319,1.0,0.0258,0.9343,0.0,0.333
1747297800000,78.8859,1.0,0.0694,0.9899,1.0,0.0333,1.2539,1.0,5.0827,0.9806,1.0,0.0,81.7357,0.0,20.2655,2.3667,0.9995,0.0247,1.0,0.0,0.0,0.0492,1.0,0.4285,39.0684,0.1884,1.3571,2.3759,0.5903,0.0314,1.0,0.0325,0.9365,0.0,0.3388
1747297860000,79.7912,1.0,0.0694,1.0321,1.0,0.0311,1.1851,1.0,5.0491,0.9808,1.0,0.0,85.4077,0.0,19.8879,2.3394,0.9997,0.0249,1.0,0.0,0.0,0.0471,1.0,0.4047,36.0096,0.1871,1.56,2.4019,0.5865,0.0299,1.0,0.0312,0.9367,0.0,0.3242
1747297920000,76.9703,1.0,0.0694,0.9193,1.0,0.0332,1.2142,1.0,5.0973,0.98,1.0,0.0,91.8075,0.0,20.0375,2.3525,0.9997,0.0248,1.0,0.0,0.0,0.0501,1.0,0.3875,37.1968,0.1827,1.2353,2.473,0.5888,0.0306,1.0,0.0296,0.9379,0.0,0.3137
1747297980000,79.2566,1.0,0.0694,0.8776,1.0,0.0323,1.2639,1.0,5.0691,0.9788,1.0,0.0,89.1068,0.0,20.0973,2.3624,0.9996,0.0249,1.0,0.0,0.0,0.049,1.0,0.3941,37.0227,0.1874,1.0,2.4398,0.586,0.0304,1.0,0.024,0.9382,0.0,0.3272
1747298040000,79.1581,1.0,0.0694,0.9744,1.0,0.0332,1.1922,1.0,5.0936,0.9809,1.0,0.0,91.4395,0.0,20.1807,2.368,0.9997,0.0248,1.0,0.0,14.8727,0.0498,1.0,0.4239,37.6754,0.1886,1.2,2.5565,0.5832,0.0315,1.0,0.032,0.9355,0.0182,0.3228
1747298100000,78.214,1.0,0.0694,0.8778,1.0,0.0337,1.1796,0.9999,5.0427,0.9794,1.0,0.0,90.9173,0.0,19.9274,2.3878,0.9996,0.0249,1.0,0.0,0.0,0.0478,1.0,0.4354,37.6523,0.1902,1.6471,2.5054,0.5946,0.032,1.0,0.0231,0.9362,0.0,0.3262
1747298160000,77.7152,0.9999,0.0694,1.0576,1.0,0.0347,1.1764,1.0,5.0673,0.9818,1.0,0.0,85.7036,0.0,19.7874,2.3686,0.9996,0.0246,1.0,0.0,0.0,0.0485,1.0,0.4368,38.1305,0.1867,1.3103,2.6022,0.5902,0.0328,1.0,0.0357,0.9324,0.0,0.3249
1747298220000,76.0943,1.0,0.0694,1.016,1.0,0.035,1.1526,1.0,5.044,0.9791,1.0,0.0,95.5187,0.0,19.8572,2.3877,0.9996,0.0251,1.0,0.0,0.0,0.05,1.0,0.4459,39.099,0.1863,1.4118,2.5177,0.5878,0.0318,1.0,0.0357,0.9347,0.0,0.3388
1747298280000,76.572,1.0,0.0694,0.8977,1.0,0.0336,1.1909,1.0,5.0864,0.9793,1.0,0.0,93.2071,0.0,20.0708,2.3632,0.9995,0.0249,1.0,0.0,42.2909,0.0472,1.0,0.4367,37.2123,0.1907,1.4,2.4159,0.5861,0.0321,1.0,0.0273,0.9327,0.0545,0.3294
1747298340000,77.2999,1.0,0.0694,1.0495,1.0,0.0333,1.9339,0.9999,5.0109,0.9797,1.0,0.0,89.6588,0.0,19.5709,2.3822,0.9997,0.0252,1.0,0.0,0.0,0.0491,1.0,0.4245,38.0937,0.1823,1.2,2.4175,0.5977,0.0318,1.0,0.0299,0.934,0.0,0.3286
1747298400000,77.6336,1.0,0.0694,0.8877,1.0,0.0338,1.2869,1.0,5.0793,0.993,1.0,0.0,29.6458,0.0,20.5142,2.3887,0.9996,0.0251,1.0,0.0,0.0,0.0486,1.0,0.4256,38.8155,0.1888,1.4706,2.2901,0.5911,0.032,1.0,0.021,0.9365,0.0,0.3287
1747298460000,76.7858,1.0,0.0694,0.986,1.0,0.034,1.1734,1.0,5.0638,0.9943,1.0,0.0,26.954,0.0,20.0972,2.4135,0.9998,0.0251,1.0,0.0,0.0,0.0491,1.0,0.4263,37.7868,0.1872,1.4667,2.2983,0.5898,0.0317,1.0,0.0325,0.9338,0.0,0.3314
1747298520000,77.3952,1.0,0.0694,0.997,1.0,0.0343,1.2488,0.9999,5.0922,0.9894,1.0,0.0,49.2449,0.0,20.0988,2.3853,0.9996,0.0252,1.0,0.0,0.0,0.0492,1.0,0.419,37.0501,0.1854,1.4737,2.3784,0.5914,0.0317,1.0,0.0281,0.9343,0.0,0.3367
1747298580000,75.4604,1.0,0.0694,1.123,1.0,0.0357,1.2516,1.0,5.0447,0.9871,1.0,0.0,52.2245,0.0,20.2463,2.4591,0.9996,0.0251,1.0,0.0,0.0,0.0501,1.0,0.4267,38.7218,0.1775,1.25,2.4163,0.5863,0.0313,1.0,0.0294,0.9335,0.0,0.3251
1747298640000,74.969,1.0,0.0694,0.9808,1.0,0.0351,1.1684,1.0,5.0773,0.994,1.0,0.0,29.4844,0.0,19.9799,2.4027,0.9997,0.0253,1.0,0.0,0.0,0.0512,1.0,0.4239,39.5308,0.1789,1.2727,2.4415,0.598,0.0316,1.0,0.0257,0.9295,0.0,0.3301
1747298700000,75.7191,1.0,0.0694,0.8848,1.0,0.0331,1.1214,1.0,5.0438,0.9935,1.0,0.0,26.8359,0.0,19.7357,2.477,0.9996,0.0252,1.0,0.0,0.0,0.0512,1.0,0.4313,37.6251,0.1885,2.0,2.6393,0.5958,0.0313,1.0,0.0495,0.932,0.0,0.3383
1747298760000,79.3038,1.0,0.0694,1.1305,1.0,0.0334,1.2661,0.9999,5.0845,0.9809,1.0,0.0,97.726,0.0,20.6736,2.4119,0.9996,0.0254,1.0,0.0,0.0,0.0509,0.9999,0.4186,40.0999,0.1903,1.4828,2.6279,0.6017,0.0338,1.0,0.0341,0.933,0.0,0.3383
1747298820000,77.1721,1.0,0.0694,0.8992,1.0,0.0338,1.2435,1.0,5.0465,0.9837,1.0,0.0,73.713,0.0,20.1377,2.3976,0.9996,0.0254,1.0,0.0,0.0,0.0499,1.0,0.4188,37.4103,0.184,1.6429,2.5669,0.5888,0.0322,1.0,0.0264,0.9325,0.0,0.345
1747298880000,76.7743,1.0,0.0694,0.9201,1.0,0.0335,1.2124,0.9999,5.071,0.9936,1.0,0.0,28.3436,0.0,20.4408,2.3994,0.9997,0.025,1.0,0.0,0.0,0.0505,1.0,0.4163,37.9598,0.1937,1.5,2.3975,0.585,0.0323,1.0,0.0206,0.9337,0.0,0.3325
1747298940000,75.6303,1.0,0.0694,0.9286,1.0,0.0335,1.308,1.0,5.0527,0.9936,1.0,0.0,33.6157,0.0,19.8766,2.3765,0.9997,0.0255,1.0,0.0,0.0,0.0498,1.0,0.4063,37.5771,0.1875,1.5833,2.6097,0.5921,0.031,1.0,0.0168,0.9341,0.0,0.3397
1747299000000,74.4431,1.0,0.0694,0.8864,1.0,0.0343,1.1848,1.0,5.0936,0.9847,1.0,0.0,73.3818,0.0,19.7267,2.3969,0.9997,0.0254,1.0,0.0,10.2727,0.0504,1.0,0.4181,38.2,0.1854,1.28,2.4888,0.6025,0.0332,1.0,0.0277,0.9337,0.0182,0.3345
1747299060000,76.9902,1.0,0.0694,0.9183,1.0,0.0318,1.2437,1.0,5.0584,0.9804,1.0,0.0,88.8881,0.0,19.8682,2.4004,0.9997,0.0257,1.0,0.0,11.7636,0.0494,1.0,0.4363,36.8469,0.1893,1.5357,2.544,0.5874,0.0325,1.0,0.0247,0.9332,0.0182,0.3344
1747299120000,74.322,1.0,0.0694,0.8424,1.0,0.0356,1.2623,0.9999,5.0821,0.9791,1.0,0.0,98.4359,0.0,19.9166,2.3993,0.9997,0.0255,1.0,0.0,34.9273,0.0517,1.0,0.45,39.0267,0.1871,1.3889,2.3626,0.5878,0.0326,1.0,0.0389,0.9289,0.0545,0.3306
1747299180000,75.5538,1.0,0.0694,0.9092,1.0,0.0342,1.535,0.9998,5.042,0.9817,1.0,0.0,90.9544,0.0,20.1915,2.4228,0.9997,0.0254,1.0,0.0,0.0,0.0504,1.0,0.4442,38.0224,0.1839,1.1667,2.818,0.5878,0.0328,1.0,0.031,0.9305,0.0,0.3392
1747299240000,74.595,0.9999,0.0694,0.9441,1.0,0.0332,1.275,1.0,5.0782,0.983,1.0,0.0,84.1747,0.0,19.4202,2.4047,0.9997,0.0258,1.0,0.0,0.0,0.0491,1.0,0.4144,36.2109,0.1871,1.125,2.5974,0.5783,0.0318,1.0,0.0214,0.9307,0.0,0.3271
1747299300000,77.9488,1.0,0.0694,1.0989,1.0,0.0318,1.2391,0.9999,5.0436,0.9826,1.0,0.0,89.0478,0.0,19.967,2.3862,0.9997,0.0259,1.0,0.0,0.0,0.0513,1.0,0.4017,36.9716,0.193,1.2,2.6412,0.5906,0.0325,1.0,0.0269,0.9339,0.0,0.3254
1747299360000,76.9981,1.0,0.0694,0.8769,1.0,0.033,1.2167,0.9999,5.0945,0.983,1.0,0.0,92.2102,0.0,20.3324,2.3836,0.9997,0.0255,1.0,0.0,0.0,0.0516,1.0,0.3875,38.8509,0.1906,1.5,2.5964,0.5937,0.0331,1.0,0.0204,0.9329,0.0,0.3245
1747299420000,78.4201,1.0,0.0694,0.9371,1.0,0.0341,1.1523,1.0,5.0664,0.9786,1.0,0.0,94.7531,0.0,20.5684,2.3889,0.9996,0.0255,1.0,0.0,0.0,0.0497,1.0,0.4033,39.9973,0.1889,1.3636,2.2778,0.595,0.0329,1.0,0.0254,0.93,0.0,0.3277
1747299480000,77.4942,1.0,0.0694,1.0086,1.0,0.0345,1.2664,1.0,5.0864,0.9808,1.0,0.0,97.5519,0.0,20.4636,2.4012,0.9997,0.0256,1.0,0.0,12.8727,0.0503,1.0,0.4273,40.89,0.1896,0.8889,2.5138,0.5906,0.0323,1.0,0.0231,0.9293,0.0182,0.3424
1747299540000,75.4737,1.0,0.0694,0.9379,1.0,0.0353,1.2865,0.9999,5.0655,0.9794,1.0,0.0,97.6811,0.0,19.8786,2.4104,0.9997,0.0259,1.0,0.0,20.0545,0.0516,1.0,0.4283,38.8897,0.1883,1.2105,2.3683,0.5958,0.0326,1.0,0.0345,0.9285,0.0364,0.335
1747299600000,75.626,1.0,0.0694,1.0067,1.0,0.0333,1.1865,1.0,5.0849,0.9753,1.0,0.0,93.1026,0.0,20.0699,2.4067,0.9997,0.0256,1.0,0.0,55.7818,0.0516,1.0,0.4239,38.5139,0.1949,1.3571,2.5221,0.6014,0.0331,1.0,0.037,0.932,0.0909,0.3382
1747299660000,76.9088,1.0,0.0694,0.9992,1.0,0.0323,1.7098,0.9999,5.0336,0.9793,1.0,0.0,90.2964,0.0,20.1979,2.4216,0.9997,0.0255,1.0,0.0,28.9091,0.0503,1.0,0.4198,38.6102,0.197,1.7143,2.3812,0.5963,0.0329,1.0,0.0311,0.9322,0.0364,0.3335
1747299720000,75.6392,1.0,0.0694,0.899,1.0,0.0349,1.2749,0.9999,5.0709,0.9798,1.0,0.0,95.2567,0.0,20.5319,2.4294,0.9997,0.0256,1.0,0.0,29.2909,0.0511,1.0,0.4468,40.2814,0.1837,1.4615,2.453,0.6002,0.0325,1.0,0.0327,0.9319,0.0364,0.338
1747299780000,74.6508,1.0,0.0694,0.9302,1.0,0.0357,1.4173,0.9999,5.0527,0.9788,1.0,0.0,94.5459,0.0,19.8021,2.433,0.9997,0.0256,1.0,0.0,11.5273,0.0518,1.0,0.4248,38.0413,0.1867,1.4286,2.4474,0.5882,0.034,1.0,0.0386,0.9277,0.0182,0.3297
1747299840000,76.1837,1.0,0.0694,0.9956,1.0,0.0329,1.2889,0.9999,5.0655,0.9835,1.0,0.0,88.2469,0.0,20.107,2.4368,0.9997,0.0256,1.0,0.0,33.7091,0.0513,1.0,0.4499,37.9247,0.1915,1.2,2.3508,0.5814,0.0333,1.0,0.035,0.9353,0.0364,0.3384
1747299900000,76.4192,1.0,0.0694,0.8599,1.0,0.0341,1.2254,1.0,5.0536,0.9796,1.0,0.0,96.4176,0.0,20.1639,2.4687,0.9996,0.0256,1.0,0.0,0.0,0.0529,1.0,0.4229,38.7079,0.1919,1.6471,2.4533,0.5933,0.0333,1.0,0.024,0.931,0.0,0.3254
1747299960000,81.1246,1.0,0.0694,1.1481,1.0,0.0337,1.2368,0.9999,5.0858,0.9795,1.0,0.0,94.4416,0.0,20.6582,2.4752,0.9997,0.0256,1.0,0.0,0.3818,0.0506,1.0,0.4423,40.1878,0.1918,1.6333,2.4808,0.5971,0.0333,1.0,0.0268,0.9323,0.0,0.3372
1747300020000,74.7113,1.0,0.0694,1.0396,1.0,0.0328,1.1801,0.9998,5.0721,0.9808,1.0,0.0,93.0465,0.0,19.9546,2.4533,0.9996,0.0253,1.0,0.0,24.7273,0.0491,1.0,0.4462,37.9458,0.1928,1.08,2.4012,0.5859,0.034,1.0,0.0413,0.9291,0.0364,0.3431
1747300080000,76.0927,1.0,0.0694,0.8885,1.0,0.0325,1.2071,1.0,5.0773,0.9811,1.0,0.0,89.9219,0.0,19.768,2.443,0.9997,0.0257,1.0,0.0,30.6,0.0494,1.0,0.4356,36.6807,0.1924,1.4286,2.2702,0.5932,0.0326,1.0,0.033,0.9314,0.0364,0.3297
1747300140000,77.0472,1.0,0.0694,1.0507,1.0,0.0344,1.6318,1.0,5.0466,0.9819,1.0,0.0,95.5904,0.0,20.0438,2.4399,0.9997,0.0256,1.0,0.0,1.9273,0.051,1.0,0.434,39.2291,0.1942,1.6667,2.4634,0.5891,0.0337,1.0,0.0241,0.9308,0.0,0.3277
1747300200000,78.0584,1.0,0.0694,0.889,1.0,0.0347,1.2656,0.9999,5.0911,0.9827,1.0,0.0,86.3168,0.0,20.0326,2.4442,0.9996,0.0256,1.0,0.0,40.1455,0.0497,1.0,0.4172,40.6732,0.1921,1.2857,2.7036,0.6026,0.0331,1.0,0.0319,0.9316,0.0545,0.3327
1747300260000,76.6855,1.0,0.0694,0.9219,1.0,0.0341,1.3394,1.0,5.0645,0.9842,1.0,0.0,80.3458,0.0,19.6316,2.4051,0.9996,0.0255,1.0,0.0,64.5818,0.0515,1.0,0.4196,38.3164,0.1901,1.5769,2.4983,0.5927,0.0334,1.0,0.0262,0.93,0.0909,0.3439
1747300320000,76.2948,1.0,0.0694,1.0333,1.0,0.0337,1.412,0.9999,5.0611,0.9816,1.0,0.0,90.7363,0.0,19.7933,2.425,0.9997,0.0256,1.0,0.0,21.7636,0.05,1.0,0.438,37.4423,0.1921,1.4375,2.383,0.5925,0.0331,1.0,0.034,0.9313,0.0364,0.3372
1747300380000,76.6447,1.0,0.0694,1.0578,1.0,0.0338,1.5963,0.9999,5.0422,0.9809,1.0,0.0,93.7972,0.0,19.7534,2.4199,0.9996,0.0258,1.0,0.0,53.6364,0.0507,1.0,0.4285,39.0479,0.1919,1.5,2.2512,0.5996,0.0335,1.0,0.0266,0.932,0.0727,0.3353
1747300440000,75.6311,1.0,0.0694,1.0663,1.0,0.037,1.2576,0.9999,5.0611,0.9783,1.0,0.0,99.6877,0.0,20.3557,2.4725,0.9996,0.0258,1.0,0.0,13.7636,0.0518,1.0,0.4491,40.0186,0.1906,1.5789,2.5236,0.594,0.035,1.0,0.0402,0.927,0.0,0.3498
1747300500000,74.9895,1.0,0.0694,0.8884,1.0,0.0341,1.1888,0.9999,5.0876,0.9806,1.0,0.0,89.2319,0.0,20.1526,2.4092,0.9997,0.0256,1.0,0.0,29.4,0.0522,1.0,0.4432,37.1425,0.1915,1.2941,2.356,0.5934,0.0328,1.0,0.0219,0.9316,0.0727,0.3453
1747300560000,74.7311,1.0,0.0694,1.027,1.0,0.0332,1.2153,1.0,5.0694,0.983,1.0,0.0,89.7366,0.0,20.1158,2.4058,0.9997,0.0255,1.0,0.0,0.0,0.0489,1.0,0.4519,37.0962,0.1901,1.6,2.2076,0.5891,0.0321,1.0,0.0286,0.9344,0.0,0.3324
1747300620000,74.2857,1.0,0.0694,0.8853,1.0,0.034,1.2195,0.9999,5.0909,0.9814,1.0,0.0,89.42,0.0,20.24,2.4164,0.9997,0.026,1.0,0.0,0.0,0.0501,1.0,0.439,37.6564,0.1887,1.5714,2.4881,0.574,0.0337,1.0,0.0218,0.9297,0.0,0.3264
1747300680000,74.1831,1.0,0.0694,0.8606,1.0,0.0346,1.2873,1.0,5.0864,0.9789,1.0,0.0,92.3872,0.0,20.335,2.4369,0.9996,0.0258,1.0,0.0,0.0,0.0509,1.0,0.41,37.9871,0.1931,1.4545,2.5198,0.5651,0.0328,1.0,0.025,0.9299,0.0,0.3249
1747300740000,74.5917,1.0,0.0694,0.9039,1.0,0.0347,1.1853,1.0,5.0736,0.9781,1.0,0.0,96.6245,0.0,20.4501,2.4496,0.9997,0.0261,1.0,0.0,13.5818,0.0527,1.0,0.4025,39.6994,0.1944,1.6667,2.7304,0.5829,0.0328,1.0,0.0367,0.9292,0.0182,0.3087
1747300800000,75.4509,1.0,0.0694,0.857,1.0,0.0347,1.2096,0.9999,5.0747,0.9816,1.0,0.0,87.0115,0.0,19.6258,2.4638,0.9995,0.0258,1.0,0.0,0.0,0.0518,1.0,0.3943,40.4073,0.1922,1.4444,2.3605,0.5871,0.0332,1.0,0.0406,0.9298,0.0,0.3257
1747300860000,79.0092,1.0,0.0694,0.8626,1.0,0.0342,1.2198,0.9999,5.0764,0.9795,1.0,0.0,91.1627,0.0,19.9587,2.4614,0.9997,0.0261,1.0,0.0,0.3636,0.0539,1.0,0.3827,39.5656,0.1934,1.5484,2.5736,0.5846,0.032,1.0,0.0309,0.9305,0.0,0.3436
1747300920000,79.3,1.0,0.0694,0.8261,1.0,0.035,1.2459,0.9999,5.0691,0.9797,1.0,0.0,94.4434,0.0,19.7836,2.4515,0.9997,0.0257,1.0,0.0,14.8727,0.0523,1.0,0.4151,38.5381,0.1928,1.2308,2.6065,0.5849,0.0336,1.0,0.0432,0.9306,0.0182,0.3365
1747300980000,328.4224,1.0,0.0716,17.0957,0.9789,0.0342,1.1785,0.9999,5.0876,0.978,1.0,0.0,99.7464,0.0,21.5065,2.4345,0.9996,0.0259,1.0,0.0,29.8,0.0499,0.9827,0.4108,39.1387,0.1679,1.6364,2.5134,0.6094,0.0315,1.0,0.039,0.9325,0.0182,0.3516
1747301040000,1541.5184,1.0,0.0999,46.8034,0.9572,0.0413,1.8558,0.9997,5.0382,0.9841,1.0,0.0,106.7774,0.0,25.0858,2.4239,0.9997,0.026,1.0,0.0,34.2,0.0468,0.939,0.4191,39.4418,0.1164,1.2941,2.6337,0.6051,0.0287,1.0,0.0286,0.933,0.0545,0.3418
1747301100000,1910.4327,0.9999,0.1147,50.4834,0.9646,0.0468,1.3629,0.9995,5.0691,0.9831,1.0,0.0,105.2874,0.0,27.1871,2.4529,0.9996,0.0262,1.0,0.0,0.0,0.0478,0.9363,0.4059,38.1134,0.0973,1.5333,2.5635,0.6055,0.0278,1.0,0.0169,0.9295,0.0,0.315
1747301160000,2736.5398,1.0,0.1344,50.4555,0.9595,0.0475,1.3713,0.9993,5.0601,0.979,1.0,0.0,110.0954,0.0,27.5728,2.4486,0.9996,0.0261,1.0,0.0,0.0,0.0495,0.919,0.3834,38.0719,0.1013,1.3929,2.3882,0.6088,0.0285,1.0,0.0402,0.9302,0.0,0.297
1747301220000,3587.5518,1.0,0.1556,50.2375,0.9561,0.0486,1.312,0.9994,5.0436,0.982,1.0,0.0,110.214,0.0,28.6445,2.4395,0.9996,0.0259,1.0,0.0,0.0,0.0494,0.9035,0.3842,40.1201,0.1039,2.4615,2.6093,0.6144,0.0281,1.0,0.0238,0.9286,0.0,0.3021
1747301280000,4492.4507,1.0,0.1656,48.2599,0.9514,0.0505,1.4875,0.9993,5.0582,0.9822,1.0,0.0,108.5925,0.0,29.7609,2.4248,0.9997,0.0261,1.0,0.0,13.7818,0.0499,0.8953,0.3892,40.6162,0.1064,1.875,2.3355,0.6364,0.0295,1.0,0.0226,0.9287,0.0182,0.304
1747301340000,3933.8066,1.0,0.2089,47.3455,0.9646,0.0456,1.6112,0.9993,5.0658,0.9781,1.0,0.0,114.094,0.0,28.5735,2.4429,0.9997,0.0263,1.0,0.0,13.0727,0.0508,0.9111,0.3839,39.309,0.1155,1.9091,2.5705,0.5997,0.0287,1.0,0.0385,0.9262,0.0182,0.312
1747301400000,4099.565,1.0,0.2688,45.1845,0.9679,0.0442,1.6226,0.9989,5.08,0.9791,1.0,0.0,121.4609,0.0,27.4927,2.4417,0.9997,0.0262,1.0,0.0,15.8,0.0492,0.9161,0.3842,38.0996,0.1205,1.5625,2.767,0.61,0.0292,1.0,0.0249,0.9324,0.0182,0.3133
1747301460000,5646.073,1.0,0.3114,40.618,0.9701,0.0413,1.8682,0.9987,5.0536,0.9748,1.0,0.0,152.9494,0.0,25.5976,2.4569,0.9996,0.0259,1.0,0.0,9.0,0.0489,0.9036,0.383,38.6477,0.1414,1.7429,2.6096,0.611,0.0305,1.0,0.0401,0.9326,0.0182,0.3194
1747301520000,5530.1577,1.0,0.3561,41.3602,0.9706,0.0372,1.7192,0.9991,5.0782,0.9786,1.0,0.0,136.2395,0.0,22.8252,2.4518,0.9994,0.0258,1.0,0.0,135.6545,0.0516,0.9129,0.3858,38.7066,0.1736,1.4286,2.6711,0.6292,0.0319,1.0,0.0355,0.9324,0.1636,0.329
1747301580000,5315.2104,1.0,0.3584,37.6187,0.974,0.0412,2.4686,0.9991,5.0436,0.9805,1.0,0.0,142.3979,0.0,21.9202,2.5166,0.9995,0.026,1.0,0.0,181.0545,0.0605,0.9254,0.4116,42.0333,0.2126,1.375,2.6346,0.8564,0.04,0.9997,0.0399,0.928,0.1636,0.3594
1747301640000,2781.1304,1.0,0.3657,38.1832,0.9701,0.0407,1.9256,0.9992,5.0509,0.9816,1.0,0.0,129.3264,0.0,20.7406,2.5043,0.9991,0.0257,1.0,0.0,44.8364,0.0576,0.9548,0.4735,39.9997,0.1911,1.6667,2.4989,0.6347,0.0378,1.0,0.0616,0.9299,0.0727,0.3998
1747301700000,2892.678,1.0,0.4216,43.0432,0.9629,0.0347,1.9869,0.9994,5.0773,0.9801,1.0,0.0,137.1873,0.0,22.3996,2.4742,0.9989,0.0258,1.0,0.0,157.8,0.0507,0.9492,0.4715,37.3689,0.1665,1.6471,2.5222,0.5893,0.0335,1.0,0.0327,0.9314,0.0545,0.3831
1747301760000,3660.5684,1.0,0.442,41.3447,0.9664,0.0346,1.766,0.9995,5.0718,0.9799,1.0,0.0,142.9729,0.0,24.0282,2.5708,0.9995,0.026,1.0,0.0,245.6545,0.0502,0.9393,0.4629,39.6546,0.1482,1.1935,2.6509,0.6447,0.0315,1.0,0.0295,0.9293,0.1818,0.3476
1747301820000,5707.822,1.0,0.4491,30.5816,0.9767,0.0347,4.9283,0.9995,4.8196,0.9772,1.0,0.0,145.0068,0.0,23.9903,2.5124,0.9976,0.0258,1.0,0.0,144.1273,0.0503,0.9191,0.4519,39.8312,0.146,1.6364,2.731,0.6506,0.0295,1.0,0.0328,0.9313,0.2364,0.3331
1747301880000,7426.0713,1.0,0.3926,40.4914,0.9514,0.0414,2.1426,0.9992,5.0582,0.9776,1.0,0.0,131.9393,0.0,24.7387,2.5167,0.996,0.0259,1.0,0.0,138.4909,0.048,0.8906,0.4465,40.0999,0.1284,1.0,2.6595,0.7113,0.0283,0.9999,0.0228,0.9297,0.1818,0.3403
1747301940000,10526.406,1.0,0.3826,47.1499,0.9591,0.0509,2.737,0.9994,5.1055,0.9787,1.0,0.0,132.9873,0.0,26.0156,2.4941,0.9969,0.0261,1.0,0.0,89.7636,0.0504,0.8696,0.4536,38.6826,0.107,1.125,2.2999,0.7106,0.0274,0.9999,0.0428,0.9283,0.1273,0.3416
1747302000000,10587.514,1.0,0.3733,15.3537,0.9976,0.0486,2.6904,0.9994,5.0702,0.9769,1.0,0.0,112.3839,0.0,23.6339,2.4884,0.9985,0.0259,1.0,0.0,120.5273,0.0492,0.8572,0.4309,39.5813,0.1325,1.5714,2.3837,0.581,0.0293,1.0,0.0273,0.9299,0.1455,0.3334
1747302060000,7455.5005,1.0,0.3589,12.3815,1.0,0.0413,2.6207,0.9995,5.0236,0.9759,1.0,0.0,101.8851,0.0,22.8887,2.4491,0.9991,0.0261,1.0,0.0,33.5273,0.0497,0.9102,0.4666,40.3346,0.1404,1.1944,2.4653,0.5622,0.0307,1.0,0.0251,0.9303,0.0727,0.3892
1747302120000,3663.9702,1.0,0.3459,12.5924,1.0,0.0391,1.6696,0.9997,5.0764,0.9789,1.0,0.0,102.3645,0.0,22.3176,2.4523,0.9993,0.0261,1.0,0.0,149.7273,0.0524,0.9412,0.4743,41.0163,0.1426,1.2727,2.5101,0.5887,0.0308,0.9999,0.0374,0.9298,0.0545,0.3793
1747302180000,1652.0771,1.0,0.3131,12.9452,1.0,0.0392,4.4724,0.9999,4.9573,0.9802,1.0,0.0,94.9806,0.0,21.813,2.4514,0.9995,0.0261,1.0,0.0,273.4909,0.0515,0.953,0.462,40.5993,0.1446,1.1429,2.5751,0.5716,0.031,1.0,0.0282,0.9282,0.1636,0.3849
1747302240000,1593.8477,1.0,0.2533,12.2512,1.0,0.0393,4.1088,1.0,4.96,0.9806,1.0,0.0,92.8495,0.0,21.428,2.4677,0.9996,0.0261,1.0,0.0,8.3636,0.0517,0.9479,0.4711,39.9146,0.1441,1.3333,2.5943,0.5639,0.032,1.0,0.0488,0.9278,0.0182,0.387
1747302300000,942.9024,1.0,0.1625,11.5393,1.0,0.0361,1.1944,0.9999,5.0574,0.9929,1.0,0.0,30.5732,0.0,21.1433,2.4304,0.9995,0.0259,1.0,0.0,22.3091,0.0509,0.9584,0.4626,38.9291,0.1634,1.4,2.5222,0.5697,0.0319,1.0,0.0215,0.9318,0.0364,0.3779
1747302360000,788.2093,1.0,0.1102,9.355,1.0,0.034,1.4738,0.9999,5.0504,0.9933,1.0,0.0,29.1266,0.0,20.5238,2.4476,0.9996,0.0258,1.0,0.0,98.6727,0.0547,0.965,0.4812,39.8831,0.196,1.52,2.6206,0.6036,0.0351,1.0,0.0252,0.9311,0.0364,0.3964
1747302420000,535.9308,1.0,0.098,6.1026,1.0,0.0368,1.9937,0.9999,5.0849,0.9865,1.0,0.0,68.2882,0.0,19.1794,2.4883,0.9997,0.0256,1.0,0.0,245.0364,0.0607,0.9758,0.4976,40.7521,0.2386,1.0,2.5527,0.7072,0.0413,0.9999,0.0275,0.9312,0.0727,0.4147
